# 4106 of 560318 watched properties have moved since start (t=446.4s, scan 3223 ms)

Part               Part ~(-11.4, 285.9, 100.2).CFrame = -11.4082031, 285.871094, 100.155273, 0.99999994, -0.000270376506, 0.000268186996, 0.000270388613, 0.99999994, -4.51394735e-05, -0.000268174772, 4.52119857e-05, 0.99999994   [was -11.4082031, 285.876953, 100.155273, 0.99999994, -0.000260142784, 0.000262473826, 0.000260115892, 0.99999994, 0.000102512466, -0.000262500485, -0.000102444181, 0.99999994, 2 change(s)]
Part               Part ~(254.3, 0.5, 14.8).CFrame = 254.27832, 0.490234375, 14.8164062, -0.970479727, -0.00022326177, 0.241182506, -0.000222614908, -0.999998331, -0.00182146148, 0.241182506, -0.00182138232, 0.970478058   [was 254.278412, 0.492190152, 14.8163157, -0.970560193, -0.000284672598, 0.240858495, -0.000113303999, -0.999998689, -0.00163847476, 0.240858644, -0.00161752861, 0.970558882, 1 change(s)]
Part               Part ~(-42.4, 1.0, -45.4).CFrame = -42.434082, 1.01660156, -45.357666, 0.720135331, -0.0750185102, 0.689766169, -0.342120051, -0.903272986, 0.258943617, 0.603621602, -0.422457278, -0.676144123   [was -42.4339981, 1.01762462, -45.3576012, 0.719656587, -0.076267913, 0.690128803, -0.343867779, -0.902642965, 0.258827239, 0.603199363, -0.423579723, -0.675819159, 1 change(s)]
Wedge              Wedge.CFrame = 1.51660156, 286.49707, -103.59082, 0.00214951113, -0.000647375709, 0.999997497, -0.00290642539, 0.999995649, 0.000653621857, -0.999993503, -0.00290782331, 0.00214762008   [was 1.51367188, 286.498047, -103.594727, 0.00214774325, 0.00065220095, 0.999997497, -0.00290797953, 0.999995649, -0.000645954045, -0.999993503, -0.00290658511, 0.00214963034, 8 change(s)]
Wedge              Wedge ~(-104.7, 286.5, -42.2).CFrame = -104.738281, 286.494141, -42.2373047, 0.867238224, -0.00208235579, -0.497889102, 0.00279337075, 0.999995887, 0.000683225458, 0.497885644, -0.001983308, 0.867240489   [was -104.740234, 286.496094, -42.2431641, 0.86723727, -0.0027933612, -0.497887254, 0.00269180094, 0.999995947, -0.000921734143, 0.49788779, -0.00054085115, 0.867241263, 1 change(s)]
Part               Part ~(230.5, 435.9, 1369.1).CFrame = 230.488281, 435.863281, 1369.13281, -0.000383539998, 1.67652559e-11, 0.99999994, 8.74395312e-08, 0.99999994, 1.67713031e-11, -0.99999994, 8.74395312e-08, -0.000383539969   [was 230.488281, 435.863281, 1369.13281, 0.000354810094, -6.27972768e-05, 1, -0.000490523991, 0.99999994, 6.29713177e-05, -0.999999881, -0.000490546285, 0.000354779244, 1 change(s)]
Part               Part ~(230.5, 435.9, 1371.1).CFrame = 230.488281, 435.863281, 1371.13281, -0.000383539998, 1.67652559e-11, 0.99999994, 8.74395312e-08, 0.99999994, 1.67713031e-11, -0.99999994, 8.74395312e-08, -0.000383539969   [was 230.488281, 435.863281, 1371.13281, 0.000354810094, -6.27972768e-05, 1, -0.000490523991, 0.99999994, 6.29713177e-05, -0.999999881, -0.000490546285, 0.000354779244, 1 change(s)]
Part               Part ~(230.5, 435.9, 1367.1).CFrame = 230.488281, 435.863281, 1367.13281, -0.000383539998, 1.67652559e-11, 0.99999994, 8.74395312e-08, 0.99999994, 1.67713031e-11, -0.99999994, 8.74395312e-08, -0.000383539969   [was 230.488281, 435.863281, 1367.13281, 0.000354810094, -6.27972768e-05, 1, -0.000490523991, 0.99999994, 6.29713177e-05, -0.999999881, -0.000490546285, 0.000354779244, 1 change(s)]
Part               Part ~(163.1, 277.0, 0.4).CFrame = 163.073242, 277.00116, 0.369143784, -0.999999523, 0.000916217454, -0.00031066974, 0.000310458505, -0.000230674646, -0.99999994, -0.000916289049, -0.999999583, 0.000230390084   [was 163.073242, 277.007812, 0.369140625, -0.999999881, -0.000325854518, 0.000378349709, -0.000379046891, 0.00214225054, -0.999997675, 0.00032504322, -0.999997675, -0.00214237394, 9 change(s)]
SpeakerPart        SpeakerPart.Cut Your Jacobs Off.Playing = false   [was false, 2 change(s)]
SpeakerPart        SpeakerPart.Hydraulic Mess.Playing = false   [was true, 1 change(s)]
SpeakerPart        SpeakerPart.Crystal Cave.Playing = true   [was false, 1 change(s)]
SpeakerPart        SpeakerPart.Funky Beats.Playing = false   [was false, 2 change(s)]
Part               Part.ShieldFormation.Playing = false   [was false, 6 change(s)]
ChamberCoolantPipe1 ChamberCoolantPipe1.CoolantBlock.CoolantBlockUnion.CoolantVentSFX.Pitch = 1.25   [was 0, 1 change(s)]
ChamberCoolantPipe2 ChamberCoolantPipe2.CoolantBlock.CoolantBlockUnion.CoolantVentSFX.Pitch = 1.25   [was 0, 1 change(s)]
ChamberCoolantPipe3 ChamberCoolantPipe3.CoolantBlock.CoolantBlockUnion.CoolantVentSFX.Pitch = 1.25   [was 0, 1 change(s)]
Stats              Stats.Core.TemperatureVal.Value = 3545   [was 0, 3 change(s)]
Stats              Stats.Core.OutputVal.Value = 144   [was 0, 1 change(s)]
Stats              Stats.Core.RadiationVal.Value = 557   [was 0, 24 change(s)]
Stats              Stats.Core.PressureVal.Value = -334   [was 20, 3 change(s)]
Stats              Stats.CBL1.TempVal.Value = 925   [was 140, 1 change(s)]
Stats              Stats.CBL1.Active.Value = false   [was false, 2 change(s)]
Stats              Stats.CBL2.TempVal.Value = 925   [was 140, 1 change(s)]
Stats              Stats.CBL2.Active.Value = false   [was false, 2 change(s)]
Stats              Stats.CBL3.TempVal.Value = 925   [was 140, 1 change(s)]
Stats              Stats.CBL3.Active.Value = false   [was false, 2 change(s)]
Stats              Stats.HDEF.IntegrityVal.Value = 99   [was 12, 2 change(s)]
Stats              Stats.GameActive.Value = false   [was false, 2 change(s)]
Stats              Stats.ISEBreach.Value = true   [was false, 1 change(s)]
Stats              Stats.ActiveQPUs.Value = 4   [was 6, 1 change(s)]
Stats              Stats.ChamberGravity.Value = false   [was false, 2 change(s)]
Stats              Stats.Fans.Fan1.Value = false   [was true, 1 change(s)]
Stats              Stats.Fans.Fan2.Value = false   [was true, 1 change(s)]
Stats              Stats.Fans.Fan3.Value = false   [was true, 1 change(s)]
Stats              Stats.Fans.Fan4.Value = false   [was true, 3 change(s)]
Stats              Stats.Fans.Fan5.Value = false   [was true, 3 change(s)]
Stats              Stats.Fans.Fan6.Value = false   [was true, 1 change(s)]
LoungeTowerMonitor LoungeTowerMonitor.Monitor.Screen.SurfaceGui.ImageLabel.ImageTransparency = 0.9853423833847046   [was 0, 12 change(s)]
LoungeTowerMonitor LoungeTowerMonitor.Monitor.Screen.SurfaceGui.EvacFrame.ContainerBody.CautionFrame.ImageLabel.Position = {0, 0}, {-1.16017914, 0}   [was {0, 0}, {-6.77968359, 0}, 30 change(s)]
LoungeTowerMonitor LoungeTowerMonitor.Monitor.Screen.SurfaceGui.EvacFrame.ContainerBody.ArrowFrame.Arrow.Position = {4.42131948, 0}, {0.5, 0}   [was {3.13321209, 0}, {0.5, 0}, 30 change(s)]
Rig                Rig.NeonGoggles.Handle.CFrame = 203.842773, 5.72998619, -388.738434, -4.37113847e-08, 8.74227766e-08, -1, 0, 0.99999994, 8.74227766e-08, 1, 0, -4.37113812e-08   [was 203.842682, 5.72998619, -388.738464, 0, 0, -1, 0, 1, 0, 1, 0, 0, 1 change(s)]
Rig                Rig.MeshPartAccessory.Handle.CFrame = 203.652359, 5.7361846, -388.738647, 4.37113847e-08, 8.74227766e-08, 1, 0, 0.99999994, -8.74227766e-08, -1, 0, 4.37113812e-08   [was 203.652267, 5.7361846, -388.738678, 0, 0, 1, 0, 1, 0, -1, 0, 0, 1 change(s)]
Rig                Rig.Tophat_black.Handle.CFrame = 203.762909, 6.37886, -388.738281, -4.37113847e-08, 8.74227766e-08, -1, 0, 0.99999994, 8.74227766e-08, 1, 0, -4.37113812e-08   [was 203.762817, 6.37886, -388.738312, 0, 0, -1, 0, 1, 0, 1, 0, 0, 1 change(s)]
Rig                Rig.Tie 1.0.Handle.CFrame = 203.788986, 4.21464539, -388.736969, -1, 8.74227766e-08, 4.37113847e-08, 8.74227766e-08, 0.99999994, 0, -4.37113812e-08, 0, -1   [was 203.788895, 4.21464539, -388.737, -1, 0, 0, 0, 1, 0, 0, 0, -1, 1 change(s)]
Rig                Rig.Head.CFrame = 203.762695, 5.5, -388.738281, -4.37113847e-08, 8.74227766e-08, -1, 0, 0.99999994, 8.74227766e-08, 1, 0, -4.37113812e-08   [was 203.762604, 5.5, -388.738312, 0, 0, -1, 0, 1, 0, 1, 0, 0, 1 change(s)]
Rig                Rig.Torso.CFrame = 203.762695, 4, -388.738281, -4.37113847e-08, 8.74227766e-08, -1, 0, 0.99999994, 8.74227766e-08, 1, 0, -4.37113812e-08   [was 203.762604, 4, -388.738312, 0, 0, -1, 0, 1, 0, 1, 0, 0, 1 change(s)]
Rig                Rig.Gun.CFrame = 202.887695, 3.75001526, -387.238312, 4.37113847e-08, 8.74227766e-08, 1, 0, 0.99999994, -8.74227766e-08, -1, 0, 4.37113812e-08   [was 202.887604, 3.75001526, -387.238342, 0, 0, 1, 0, 1, 0, -1, 0, 0, 1 change(s)]
Rig                Rig.Left Leg.CFrame = 203.762695, 2, -389.238281, -4.37113847e-08, 8.74227766e-08, -1, 0, 0.99999994, 8.74227766e-08, 1, 0, -4.37113812e-08   [was 203.762604, 2, -389.238312, 0, 0, -1, 0, 1, 0, 1, 0, 0, 1 change(s)]
Rig                Rig.Right Leg.CFrame = 203.762695, 2, -388.238281, -4.37113847e-08, 8.74227766e-08, -1, 0, 0.99999994, 8.74227766e-08, 1, 0, -4.37113812e-08   [was 203.762604, 2, -388.238312, 0, 0, -1, 0, 1, 0, 1, 0, 0, 1 change(s)]
Rig                Rig.Left Arm.CFrame = 203.762695, 4, -390.238281, -4.37113847e-08, 8.74227766e-08, -1, 0, 0.99999994, 8.74227766e-08, 1, 0, -4.37113812e-08   [was 203.762604, 4, -390.238312, 0, 0, -1, 0, 1, 0, 1, 0, 0, 1 change(s)]
Rig                Rig.Right Arm.CFrame = 203.762695, 4, -387.238281, -4.37113847e-08, 8.74227766e-08, -1, 0, 0.99999994, 8.74227766e-08, 1, 0, -4.37113812e-08   [was 203.762604, 4, -387.238312, 0, 0, -1, 0, 1, 0, 1, 0, 0, 1 change(s)]
Rig                Rig.HumanoidRootPart.CFrame = 203.762695, 4, -388.738281, -4.37113847e-08, 8.74227766e-08, -1, 0, 0.99999994, 8.74227766e-08, 1, 0, -4.37113812e-08   [was 203.762604, 4, -388.738312, 0, 0, -1, 0, 1, 0, 1, 0, 0, 1 change(s)]
123434567963       123434567963.MicrogravityValue.Value = false   [was false, 2 change(s)]
123434567963       123434567963.Torso.CFrame = 124.905785, 282.658264, -7.70190191, 0.258058846, 2.9402365e-08, 0.966129243, -7.90900216e-08, 1, -9.30774835e-09, -0.966129243, -7.40092361e-08, 0.258058846   [was 120.108047, 279.831451, 22.8862724, 0.929774642, 1.07323274e-07, -0.368129253, -1.020993e-07, 1, 3.36673658e-08, 0.368129253, 6.28267349e-09, 0.929774642, 30 change(s)]
123434567963       123434567963.HumanoidRootPart.CFrame = 124.905785, 282.658508, -7.70190191, 0.255443543, 2.9402365e-08, 0.966823995, -7.90645416e-08, 1, -9.52173185e-09, -0.966823995, -7.40092361e-08, 0.255443543   [was 120.108047, 279.861481, 22.8862724, 0.929774642, 1.07323274e-07, -0.368129253, -1.020993e-07, 1, 3.36673658e-08, 0.368129253, 6.28267349e-09, 0.929774642, 30 change(s)]
123434567963       123434567963.HumanoidRootPart.Running.Playing = false   [was false, 8 change(s)]
123434567963       123434567963.HumanoidRootPart.Running.SoundId = rbxassetid://944075408   [was rbxassetid://944075408, 6 change(s)]
123434567963       123434567963.Right Arm.CFrame = 125.757874, 282.827942, -9.04174805, 0.303560555, -0.53860569, 0.785973907, 0.0518173166, 0.833010375, 0.550825417, -0.951402128, -0.126481816, 0.280778199   [was 121.505905, 279.836334, 23.439539, 0.929480195, -0.00668610539, -0.36881128, 0.00675412081, 0.999976575, -0.00110660295, 0.368810028, -0.00146243651, 0.92950362, 30 change(s)]
123434567963       123434567963.Left Leg.CFrame = 125.63063, 281.092468, -7.00578165, 0.258854091, -0.880618513, 0.396869987, 0.000634580909, 0.411028981, 0.911622107, -0.965916336, -0.235725269, 0.106955357   [was 119.643158, 277.859253, 22.7022076, 0.929774642, 1.07323274e-07, -0.368129253, -1.020993e-07, 1, 3.36673658e-08, 0.368129253, 6.28267349e-09, 0.929774642, 30 change(s)]
123434567963       123434567963.Left Arm.CFrame = 123.919411, 282.799408, -6.36100149, 0.206062183, 0.754588783, 0.623004317, -0.0359974355, 0.642082512, -0.765790045, -0.977876604, 0.135373801, 0.159472167   [was 118.710846, 279.83902, 22.3327599, 0.928831518, 0.00602120999, -0.370453477, -0.00570686767, 0.999981821, 0.00194459653, 0.370458454, 0.000307940994, 0.928849041, 30 change(s)]
123434567963       123434567963.Right Leg.CFrame = 124.43367, 280.677124, -8.31101227, 0.219728142, 0.612151861, 0.759598315, 0.00288126501, 0.778216481, -0.627989471, -0.97555691, 0.140175566, 0.169232279   [was 120.572937, 277.853882, 23.0703373, 0.929774642, 1.07323274e-07, -0.368129253, -1.020993e-07, 1, 3.36673658e-08, 0.368129253, 6.28267349e-09, 0.929774642, 30 change(s)]
123434567963       123434567963.Head.CFrame = 124.891121, 284.158051, -7.70535135, 0.225409091, -0.0293234866, 0.973822832, -0.000111077337, 0.99954617, 0.0301237721, -0.974264264, -0.0068983566, 0.225303546   [was 120.10685, 281.331451, 22.889307, 0.929378092, -0.00240296219, -0.369121462, -7.20399476e-06, 0.999978721, -0.0065279589, 0.36912927, 0.00606960198, 0.929358304, 30 change(s)]
123434567963       123434567963.PlaidWrapHat.Handle.CFrame = 124.774384, 284.754761, -7.72319078, 0.225409091, -0.0293234866, 0.973822832, -0.000111077337, 0.99954617, 0.0301237721, -0.974264264, -0.0068983566, 0.225303546   [was 120.133858, 281.932098, 22.7969437, 0.929378092, -0.00240296219, -0.369121462, -7.20399476e-06, 0.999978721, -0.0065279589, 0.36912927, 0.00606960198, 0.929358304, 30 change(s)]
123434567963       123434567963.VarietyShades02.Handle.CFrame = 124.741211, 284.293488, -7.74005127, 0.225409091, -0.0293234866, 0.973822832, -0.000111077337, 0.99954617, 0.0301237721, -0.974264264, -0.0068983566, 0.225303546   [was 120.161781, 281.472412, 22.7510052, 0.929378092, -0.00240296219, -0.369121462, -7.20399476e-06, 0.999978721, -0.0065279589, 0.36912927, 0.00606960198, 0.929358304, 30 change(s)]
Model              Model.DoorControlThing.Lever.Union.CFrame = 130.872635, 303.519958, 6.68735838, -6.59172006e-09, -2.71847375e-06, -1, -5.172295e-06, 1, -2.71847375e-06, 1, 5.172295e-06, -6.60578081e-09   [was 130.873047, 303.519531, 6.6875, -4.37113847e-08, -8.74227766e-08, -1, 0, 0.99999994, -8.74227766e-08, 1, 0, -4.37113812e-08, 4 change(s)]
Model              Model.DoorControlThing.Lever.Caution.CFrame = 130.872635, 303.68869, 6.68735838, -6.59172006e-09, -2.71847375e-06, -1, -5.172295e-06, 1, -2.71847375e-06, 1, 5.172295e-06, -6.60578081e-09   [was 130.873047, 303.688263, 6.68749905, -4.37113847e-08, -8.74227766e-08, -1, 0, 0.99999994, -8.74227766e-08, 1, 0, -4.37113812e-08, 4 change(s)]
Rig                Rig.GoldenCrown.Handle.CFrame = 221.384201, 5.71782303, -397.533722, 0.714940369, 0.216916263, 0.664686084, -0.0705733374, 0.968190908, -0.240054041, -0.695614576, 0.124715224, 0.707507193   [was 221.598618, 5.71596909, -399.859192, -0.777236938, -0.204288796, -0.595120907, -0.0703086406, 0.968099892, -0.24049817, 0.625267565, -0.145081922, -0.766806185, 30 change(s)]
Rig                Rig.ShortSantaBeard.Handle.CFrame = 220.958023, 4.94027853, -397.892761, -0.714940369, 0.216916263, -0.664686084, 0.0705733374, 0.968190908, 0.240054041, 0.695614576, 0.124715224, -0.707507193   [was 221.989166, 4.93866158, -399.461212, 0.777236938, -0.204288796, 0.595120907, 0.0703086406, 0.968099892, 0.24049817, -0.625267565, -0.145081922, 0.766806185, 30 change(s)]
Rig                Rig.Royal Cape.Handle.CFrame = 221.482056, 3.64466429, -397.222809, 0.714940369, 0.216916263, 0.664686084, -0.0705733374, 0.968190908, -0.240054041, -0.695614576, 0.124715224, 0.707507193   [was 221.530609, 3.64264011, -400.17688, -0.777236938, -0.204288796, -0.595120907, -0.0703086406, 0.968099892, -0.24049817, 0.625267565, -0.145081922, -0.766806185, 30 change(s)]
Rig                Rig.QPU.Handle.Fabric.CFrame = 221.675751, 4.44845533, -399.261658, 0.714940369, 0.216916263, 0.664686084, -0.0705733374, 0.968190908, -0.240054041, -0.695614576, 0.124715224, 0.707507193   [was 221.145782, 4.44744587, -398.165741, -0.777236938, -0.204288796, -0.595120907, -0.0703086406, 0.968099892, -0.24049817, 0.625267565, -0.145081922, -0.766806185, 30 change(s)]
Rig                Rig.QPU.Handle.Fabric ~(220.6, 4.5, -398.8).CFrame = 222.252136, 4.47576571, -398.671997, 0.714940369, 0.216916263, 0.664686084, -0.0705733374, 0.968190908, -0.240054041, -0.695614576, 0.124715224, 0.707507193   [was 220.627457, 4.47438335, -398.807037, -0.777236938, -0.204288796, -0.595120907, -0.0703086406, 0.968099892, -0.24049817, 0.625267565, -0.145081922, -0.766806185, 30 change(s)]
Rig                Rig.QPU.Handle.Fabric ~(220.2, 4.1, -399.4).CFrame = 222.730911, 4.06737804, -398.138489, 0.714940369, 0.216916263, 0.664686084, -0.0705733374, 0.968190908, -0.240054041, -0.695614576, 0.124715224, 0.707507193   [was 220.20105, 4.06566381, -399.383026, -0.777236938, -0.204288796, -0.595120907, -0.0703086406, 0.968099892, -0.24049817, 0.625267565, -0.145081922, -0.766806185, 30 change(s)]
Rig                Rig.QPU.DataSpikes.BigSpike.CFrame = 221.927826, 1.65826201, -399.033081, -0.975544572, -0.216916263, -0.0354972184, 0.219642058, -0.968190908, -0.119849488, -0.00837078691, -0.124715224, 0.992157221   [was 220.916565, 1.65710521, -398.415558, 0.970408559, 0.204288796, 0.128737748, 0.219768927, -0.968099892, -0.120350711, 0.100044638, 0.145081922, -0.984348655, 30 change(s)]
Rig                Rig.QPU.DataSpikes.BigSpike ~(221.3, 1.5, -398.4).CFrame = 221.588974, 1.52960014, -399.048645, 0.664686084, -0.216916263, 0.714940369, -0.240054041, -0.968190908, -0.0705733374, 0.707507193, -0.124715224, -0.695614576   [was 221.252457, 1.5284934, -398.368103, -0.595120907, 0.204288796, -0.777236938, -0.24049817, -0.968099892, -0.0703086406, -0.766806185, 0.145081922, 0.625267565, 30 change(s)]
Rig                Rig.QPU.DataSpikes.BigSpike ~(221.2, 1.8, -398.1).CFrame = 221.641479, 1.7605505, -399.329163, -0.0355730951, -0.216916263, 0.97554183, -0.119832411, -0.968190908, -0.219651386, 0.992156625, -0.124715224, 0.00844788551   [was 221.173752, 1.75958014, -398.093903, 0.128813177, 0.204288796, -0.970398486, -0.120333627, -0.968099892, -0.21977827, -0.984340906, 0.145081922, -0.10012114, 30 change(s)]
Rig                Rig.QPU.DataSpikes.SmallSpikes.CFrame = 221.713715, 2.0863142, -398.976898, 0.21688427, -0.97554791, -0.0356021225, 0.968196392, 0.219623312, -0.119839489, 0.124728225, -0.0084785223, 0.992154717   [was 221.134964, 2.08515525, -398.451569, -0.20425573, 0.970401645, 0.128841937, 0.968105376, 0.219750226, -0.12034069, -0.145091861, 0.100152224, -0.984336257, 30 change(s)]
Rig                Rig.QPU.DataSpikes.BigSpike ~(221.3, 1.7, -398.7).CFrame = 221.620178, 1.68864012, -398.733856, -0.0355730951, -0.216916263, 0.97554183, -0.119832411, -0.968190908, -0.219651386, 0.992156625, -0.124715224, 0.00844788551   [was 221.250992, 1.68736911, -398.68454, 0.128813177, 0.204288796, -0.970398486, -0.120333627, -0.968099892, -0.21977827, -0.984340906, 0.145081922, -0.10012114, 30 change(s)]
Rig                Rig.QPU.DataSpikes.BigSpike ~(221.5, 1.8, -398.4).CFrame = 221.342468, 1.79005194, -399.038086, -0.975544572, -0.216916263, -0.0354972184, 0.219642058, -0.968190908, -0.119849488, -0.00837078691, -0.124715224, 0.992157221   [was 221.49884, 1.78897095, -398.35556, 0.970408559, 0.204288796, 0.128737748, 0.219768927, -0.968099892, -0.120350711, 0.100044638, 0.145081922, -0.984348655, 30 change(s)]
Rig                Rig.QPU.Processor.InnerFrame.CFrame = 221.94046, 3.0780654, -398.852051, -0.216916263, -0.714940369, -0.664686084, -0.968190908, 0.0705733374, 0.240054041, -0.124715224, 0.695614576, -0.707507193   [was 220.920914, 3.07681441, -398.597748, 0.204288796, 0.777236938, 0.595120907, -0.968099892, 0.0703086406, 0.24049817, 0.145081922, -0.625267565, 0.766806185, 30 change(s)]
Rig                Rig.QPU.Processor.InnerFrame ~(220.8, 3.5, -398.7).CFrame = 222.034027, 3.50194907, -398.797485, -0.664686084, 0.216916263, 0.714940369, 0.240054041, 0.968190908, -0.0705733374, -0.707507193, 0.124715224, -0.695614576   [was 220.83287, 3.50065827, -398.661072, 0.595120907, -0.204288796, -0.777236938, 0.24049817, 0.968099892, -0.0703086406, 0.766806185, -0.145081922, 0.625267565, 30 change(s)]
Rig                Rig.QPU.Processor.DecalFrame.CFrame = 221.939911, 3.07878971, -398.852631, -0.714940369, 0.664686084, 0.216916263, 0.0705733374, -0.240054041, 0.968190908, 0.695614576, 0.707507193, 0.124715224   [was 220.921402, 3.07753897, -398.597076, 0.777236938, -0.595120907, -0.204288796, 0.0703086406, -0.24049817, 0.968099892, -0.625267565, -0.766806185, -0.145081922, 30 change(s)]
Rig                Rig.QPU.Processor.TextPart.CFrame = 222.182983, 3.05479503, -399.089142, -0.216916263, 0.714940369, 0.664686084, -0.968190908, -0.0705733374, -0.240054041, -0.124715224, -0.695614576, 0.707507193   [was 220.65715, 3.05363417, -398.384491, 0.204288796, -0.777236938, -0.595120907, -0.968099892, -0.0703086406, -0.24049817, 0.145081922, 0.625267565, -0.766806185, 30 change(s)]
Rig                Rig.QPU.Processor.QPUWires.CFrame = 221.370087, 3.28438759, -399.457794, 0.714940369, -0.664686084, 0.216916263, -0.0705733374, 0.240054041, 0.968190908, -0.695614576, -0.707507193, 0.124715224   [was 221.431717, 3.28351665, -397.941101, -0.777236938, 0.595120907, -0.204288796, -0.0703086406, 0.24049817, 0.968099892, 0.625267565, 0.766806185, -0.145081922, 30 change(s)]
Rig                Rig.QPU.Processor.QPUWires ~(220.7, 3.9, -398.7).CFrame = 222.124969, 3.90786362, -398.745178, 0.714940369, 0.216916263, 0.664686084, -0.0705733374, 0.968190908, -0.240054041, -0.695614576, 0.124715224, 0.707507193   [was 220.747223, 3.90653467, -398.721924, -0.777236938, -0.204288796, -0.595120907, -0.0703086406, 0.968099892, -0.24049817, 0.625267565, -0.145081922, -0.766806185, 30 change(s)]
Rig                Rig.QPU.Processor.Neon.CFrame = 221.939133, 3.07837057, -398.852081, -0.664686084, 0.216916263, 0.714940369, 0.240054041, 0.968190908, -0.0705733374, -0.707507193, 0.124715224, -0.695614576   [was 220.922241, 3.07711983, -398.597565, 0.595120907, -0.204288796, -0.777236938, 0.24049817, 0.968099892, -0.0703086406, 0.766806185, -0.145081922, 0.625267565, 30 change(s)]
Rig                Rig.QPU.Processor.TextPart ~(220.9, 3.4, -398.6).CFrame = 222.013138, 3.40556097, -398.810577, 0.714940369, 0.216916263, 0.664686084, -0.0705733374, 0.968190908, -0.240054041, -0.695614576, 0.124715224, 0.707507193   [was 220.852432, 3.40427923, -398.646027, -0.777236938, -0.204288796, -0.595120907, -0.0703086406, 0.968099892, -0.24049817, 0.625267565, -0.145081922, -0.766806185, 30 change(s)]
Rig                Rig.QPU.Processor.Part.CFrame = 221.937744, 3.06911325, -398.853882, 0.714940369, 0.216916263, 0.664686084, -0.0705733374, 0.968190908, -0.240054041, -0.695614576, 0.124715224, 0.707507193   [was 220.923447, 3.06786323, -398.595642, -0.777236938, -0.204288796, -0.595120907, -0.0703086406, 0.968099892, -0.24049817, 0.625267565, -0.145081922, -0.766806185, 30 change(s)]
Rig                Rig.QPU.Processor.QPUWires ~(220.4, 2.9, -399.3).CFrame = 222.508362, 2.87329626, -398.246185, 0.714940369, -0.664686084, 0.216916263, -0.0705733374, 0.240054041, 0.968190908, -0.695614576, -0.707507193, 0.124715224   [was 220.412582, 2.871665, -399.254242, -0.777236938, 0.595120907, -0.204288796, -0.0703086406, 0.24049817, 0.968099892, 0.625267565, 0.766806185, -0.145081922, 30 change(s)]
Rig                Rig.QPU.Processor.QPUWires ~(220.7, 3.9, -398.7) #2.CFrame = 222.124664, 3.90689707, -398.745239, -0.714940369, -0.216916263, 0.664686084, 0.0705733374, -0.968190908, -0.240054041, 0.695614576, -0.124715224, 0.707507193   [was 220.747513, 3.90556812, -398.721832, 0.777236938, 0.204288796, -0.595120907, 0.0703086406, -0.968099892, -0.24049817, -0.625267565, 0.145081922, -0.766806185, 30 change(s)]
Rig                Rig.QPU.Processor.TextPart ~(221.2, 3.1, -398.8).CFrame = 221.696823, 3.10278416, -398.61615, 0.216916263, -0.714940369, 0.664686084, 0.968190908, 0.0705733374, -0.240054041, 0.124715224, 0.695614576, 0.707507193   [was 221.185669, 3.10144353, -398.809662, -0.204288796, 0.777236938, -0.595120907, 0.968099892, 0.0703086406, -0.24049817, -0.145081922, -0.625267565, -0.766806185, 30 change(s)]
Rig                Rig.QPU.Processor.OuterFrame.CFrame = 221.939102, 3.07837296, -398.852051, -0.714940369, 0.664686084, 0.216916263, 0.0705733374, -0.240054041, 0.968190908, 0.695614576, 0.707507193, 0.124715224   [was 220.922256, 3.07712173, -398.597595, 0.777236938, -0.595120907, -0.204288796, 0.0703086406, -0.24049817, 0.968099892, -0.625267565, -0.766806185, -0.145081922, 30 change(s)]
Rig                Rig.QPU.Processor.CoreFrame.CFrame = 221.939209, 3.0788455, -398.85199, 0.714940369, 0.216916263, 0.664686084, -0.0705733374, 0.968190908, -0.240054041, -0.695614576, 0.124715224, 0.707507193   [was 220.922165, 3.07759452, -398.597656, -0.777236938, -0.204288796, -0.595120907, -0.0703086406, 0.968099892, -0.24049817, 0.625267565, -0.145081922, -0.766806185, 30 change(s)]
Rig                Rig.QPU.Processor.QPUWires ~(220.3, 3.0, -398.1).CFrame = 222.551392, 3.0184164, -399.447632, -0.664686084, -0.714940369, 0.216916263, 0.240054041, 0.0705733374, 0.968190908, -0.707507193, 0.695614576, 0.124715224   [was 220.256638, 3.01739192, -398.062256, 0.595120907, 0.777236938, -0.204288796, 0.24049817, 0.0703086406, 0.968099892, 0.766806185, -0.625267565, -0.145081922, 30 change(s)]
Rig                Rig.QPU.Processor.QPUWires ~(221.6, 3.1, -399.1).CFrame = 221.327072, 3.13927054, -398.256409, -0.664686084, -0.714940369, 0.216916263, 0.240054041, 0.0705733374, 0.968190908, -0.707507193, 0.695614576, 0.124715224   [was 221.587631, 3.13779283, -399.133026, 0.595120907, 0.777236938, -0.204288796, 0.24049817, 0.0703086406, 0.968099892, 0.766806185, -0.625267565, -0.145081922, 30 change(s)]
Rig                Rig.QPU.Processor.DecalFrame ~(221.0, 2.7, -398.5).CFrame = 221.844162, 2.6548233, -398.906586, -0.664686084, 0.216916263, 0.714940369, 0.240054041, 0.968190908, -0.0705733374, -0.707507193, 0.124715224, -0.695614576   [was 221.011673, 2.65361214, -398.534149, 0.595120907, -0.204288796, -0.777236938, 0.24049817, 0.968099892, -0.0703086406, 0.766806185, -0.145081922, 0.625267565, 30 change(s)]
Rig                Rig.QPU.Processor.TextPart ~(221.0, 2.7, -398.5).CFrame = 221.863983, 2.73993158, -398.896301, 0.714940369, 0.216916263, 0.664686084, -0.0705733374, 0.968190908, -0.240054041, -0.695614576, 0.124715224, 0.707507193   [was 220.992905, 2.73871279, -398.546295, -0.777236938, -0.204288796, -0.595120907, -0.0703086406, 0.968099892, -0.24049817, 0.625267565, -0.145081922, -0.766806185, 30 change(s)]
Rig                Rig.QPU.BodyAttach.CFrame = 222.188416, 4.1913476, -398.708649, 0.714940369, 0.216916263, 0.664686084, -0.0705733374, 0.968190908, -0.240054041, -0.695614576, 0.124715224, 0.707507193   [was 220.687469, 4.18999195, -398.764404, -0.777236938, -0.204288796, -0.595120907, -0.0703086406, 0.968099892, -0.24049817, 0.625267565, -0.145081922, -0.766806185, 30 change(s)]
Rig                Rig.Right Arm ~(220.7, 4.2, -398.8).CFrame = 222.188416, 4.1913476, -398.708649, 0.714940369, 0.216916263, 0.664686084, -0.0705733374, 0.968190908, -0.240054041, -0.695614576, 0.124715224, 0.707507193   [was 220.687469, 4.18999195, -398.764404, -0.777236938, -0.204288796, -0.595120907, -0.0703086406, 0.968099892, -0.24049817, 0.625267565, -0.145081922, -0.766806185, 30 change(s)]
Rig                Rig.Left Leg ~(222.7, 2.4, -399.7).CFrame = 220.324707, 2.39611268, -397.566833, 0.714940369, 0.216916263, 0.664686084, -0.0705733374, 0.968190908, -0.240054041, -0.695614576, 0.124715224, 0.707507193   [was 222.650528, 2.39440966, -399.724762, -0.777236938, -0.204288796, -0.595120907, -0.0703086406, 0.968099892, -0.24049817, 0.625267565, -0.145081922, -0.766806185, 30 change(s)]
Rig                Rig.Torso ~(221.9, 4.3, -399.7).CFrame = 221.116013, 4.29720783, -397.665222, 0.714940369, 0.216916263, 0.664686084, -0.0705733374, 0.968190908, -0.240054041, -0.695614576, 0.124715224, 0.707507193   [was 221.853333, 4.29545498, -399.702301, -0.777236938, -0.204288796, -0.595120907, -0.0703086406, 0.968099892, -0.24049817, 0.625267565, -0.145081922, -0.766806185, 30 change(s)]
Rig                Rig.Left Arm ~(223.0, 4.4, -400.6).CFrame = 220.04361, 4.40306807, -396.621796, 0.714940369, 0.216916263, 0.664686084, -0.0705733374, 0.968190908, -0.240054041, -0.695614576, 0.124715224, 0.707507193   [was 223.019196, 4.40091801, -400.640198, -0.777236938, -0.204288796, -0.595120907, -0.0703086406, 0.968099892, -0.24049817, 0.625267565, -0.145081922, -0.766806185, 30 change(s)]
Rig                Rig.Head ~(221.5, 5.7, -399.9).CFrame = 221.441391, 5.74949408, -397.478149, 0.714940369, 0.216916263, 0.664686084, -0.0705733374, 0.968190908, -0.240054041, -0.695614576, 0.124715224, 0.707507193   [was 221.546906, 5.74760485, -399.919922, -0.777236938, -0.204288796, -0.595120907, -0.0703086406, 0.968099892, -0.24049817, 0.625267565, -0.145081922, -0.766806185, 30 change(s)]
Rig                Rig.Right Leg ~(221.9, 2.3, -399.1).CFrame = 221.039658, 2.32553935, -398.262451, 0.714940369, 0.216916263, 0.664686084, -0.0705733374, 0.968190908, -0.240054041, -0.695614576, 0.124715224, 0.707507193   [was 221.873291, 2.32410097, -399.099518, -0.777236938, -0.204288796, -0.595120907, -0.0703086406, 0.968099892, -0.24049817, 0.625267565, -0.145081922, -0.766806185, 30 change(s)]
Rig                Rig.HumanoidRootPart ~(221.9, 4.3, -399.7).CFrame = 221.116013, 4.29720783, -397.665222, 0.714940369, 0.216916263, 0.664686084, -0.0705733374, 0.968190908, -0.240054041, -0.695614576, 0.124715224, 0.707507193   [was 221.853333, 4.29545498, -399.702301, -0.777236938, -0.204288796, -0.595120907, -0.0703086406, 0.968099892, -0.24049817, 0.625267565, -0.145081922, -0.766806185, 30 change(s)]
Rig                Rig.NeonGoggles.Handle ~(203.8, 5.7, -400.7).CFrame = 203.842773, 5.72998619, -400.738434, -4.37113847e-08, 8.74227766e-08, -1, 0, 0.99999994, 8.74227766e-08, 1, 0, -4.37113812e-08   [was 203.842682, 5.72998619, -400.738495, 0, 0, -1, 0, 1, 0, 1, 0, 0, 1 change(s)]
Rig                Rig.MeshPartAccessory.Handle ~(203.7, 5.7, -400.7).CFrame = 203.652359, 5.7361846, -400.738647, 4.37113847e-08, 8.74227766e-08, 1, 0, 0.99999994, -8.74227766e-08, -1, 0, 4.37113812e-08   [was 203.652267, 5.7361846, -400.738708, 0, 0, 1, 0, 1, 0, -1, 0, 0, 1 change(s)]
Rig                Rig.Tophat_black.Handle ~(203.8, 6.4, -400.7).CFrame = 203.762909, 6.37886, -400.738281, -4.37113847e-08, 8.74227766e-08, -1, 0, 0.99999994, 8.74227766e-08, 1, 0, -4.37113812e-08   [was 203.762817, 6.37886, -400.738342, 0, 0, -1, 0, 1, 0, 1, 0, 0, 1 change(s)]
Rig                Rig.Tie 1.0.Handle ~(203.8, 4.2, -400.7).CFrame = 203.788986, 4.21464539, -400.736969, -1, 8.74227766e-08, 4.37113847e-08, 8.74227766e-08, 0.99999994, 0, -4.37113812e-08, 0, -1   [was 203.788895, 4.21464539, -400.73703, -1, 0, 0, 0, 1, 0, 0, 0, -1, 1 change(s)]
Rig                Rig.Gravitation Cell.Frame.BottomDecals.TextPart.CFrame = 203.527405, 2.84168434, -399.374146, 0.499755651, -0.866166413, -4.25298967e-05, 1.13705983e-05, -4.24819918e-05, 0.999999881, -0.866166353, -0.499755651, -1.14142913e-05   [was 203.527313, 2.84168434, -399.374207, 0.499755621, -0.866166413, -4.2617321e-05, 1.14142895e-05, -4.25577164e-05, 0.99999994, -0.866166353, -0.499755621, -1.14142895e-05, 1 change(s)]
Rig                Rig.Gravitation Cell.Frame.BottomDecals.TextPart ~(204.0, 2.8, -399.4).CFrame = 203.998337, 2.84168434, -399.374207, 0.499755591, 0.866166413, -4.25299004e-05, 1.13705983e-05, 4.25415965e-05, 0.999999881, 0.866166472, -0.499755591, 1.14142877e-05   [was 203.998245, 2.84168434, -399.374268, 0.499755621, 0.866166413, -4.2617321e-05, 1.14142895e-05, 4.2617321e-05, 0.99999994, 0.866166472, -0.499755621, 1.14142895e-05, 1 change(s)]
Rig                Rig.Gravitation Cell.Frame.BottomDecals.TextPart ~(203.8, 2.9, -399.2).CFrame = 203.762756, 2.86943436, -399.23822, -1, -4.37113847e-08, 8.74227766e-08, 8.74227766e-08, 0, 0.99999994, -4.37113812e-08, 1, 0   [was 203.762665, 2.86943436, -399.238281, -1, 0, 0, 0, 0, 1, 0, 1, 0, 1 change(s)]
Rig                Rig.Gravitation Cell.Frame.BottomDecals.TextPart ~(203.8, 2.8, -399.0).CFrame = 203.762802, 2.84168458, -398.961853, -1, -4.37113847e-08, 8.74227766e-08, 8.74227766e-08, 0, 0.99999994, -4.37113812e-08, 1, 0   [was 203.762711, 2.84168434, -398.961914, -1, 0, 0, 0, 0, 1, 0, 1, 0, 1 change(s)]
Rig                Rig.Gravitation Cell.Frame.Ball.CFrame = 203.831192, 4.38181734, -399.963928, -8.74227766e-08, 1, -4.37113847e-08, -0.99999994, -8.74227766e-08, 0, 0, 4.37113812e-08, 1   [was 203.8311, 4.38181782, -399.963989, 0, 1, 0, -1, 0, 0, 0, 0, 1, 1 change(s)]
Rig                Rig.Gravitation Cell.Frame.Part.CFrame = 203.762711, 4.78155947, -399.238403, 0.500031471, -8.74227979e-08, -0.866007268, -4.37141345e-08, -1.00000012, 7.57087619e-08, -0.866007447, -0, -0.500031471   [was 203.762619, 4.78155947, -399.238464, 0.500031412, -0, -0.866007268, 0, -1.00000024, 0, -0.866007447, 0, -0.500031412, 1 change(s)]
Rig                Rig.Gravitation Cell.Frame.UnionFrame.CFrame = 203.763824, 3.89093924, -399.240112, 0.500031471, -8.74227979e-08, -0.866007268, -4.37141345e-08, -1.00000012, 7.57087619e-08, -0.866007447, -0, -0.500031471   [was 203.763733, 3.89093924, -399.240173, 0.500031412, -0, -0.866007268, 0, -1.00000024, 0, -0.866007447, 0, -0.500031412, 1 change(s)]
Rig                Rig.Gravitation Cell.Frame.Ball ~(203.5, 4.9, -399.8).CFrame = 203.459732, 4.88468409, -399.763184, 8.74227766e-08, -1, -4.37113847e-08, 0.99999994, 8.74227766e-08, 0, 0, -4.37113812e-08, 1   [was 203.459641, 4.88468456, -399.763245, 0, -1, 0, 1, 0, 0, 0, 0, 1, 1 change(s)]
Rig                Rig.Gravitation Cell.Frame.Part ~(203.8, 4.8, -399.2).CFrame = 203.762695, 4.78155947, -399.238403, -0.500031352, -8.74227979e-08, -0.866007268, 4.37141345e-08, -1.00000012, 7.57087619e-08, -0.866007447, 0, 0.500031352   [was 203.762604, 4.78155947, -399.238464, -0.500031412, 0, -0.866007268, 0, -1.00000024, 0, -0.866007447, 0, 0.500031412, 1 change(s)]
Rig                Rig.Gravitation Cell.Frame.Neon.CFrame = 203.762772, 3.88155937, -399.23822, -4.37113847e-08, 8.74227766e-08, -1, 0, 0.99999994, 8.74227766e-08, 1, 0, -4.37113812e-08   [was 203.76268, 3.88155937, -399.238281, 0, 0, -1, 0, 1, 0, 1, 0, 0, 1 change(s)]
Rig                Rig.Gravitation Cell.Frame.Ball ~(203.8, 3.5, -400.0).CFrame = 203.831192, 3.4553256, -399.963928, -8.74227766e-08, 1, -4.37113847e-08, -0.99999994, -8.74227766e-08, 0, 0, 4.37113812e-08, 1   [was 203.8311, 3.4553256, -399.963989, 0, 1, 0, -1, 0, 0, 0, 0, 1, 1 change(s)]
Rig                Rig.Gravitation Cell.Frame.BottomNeon.CFrame = 203.762772, 2.90655947, -399.238281, -1, -8.74227766e-08, -4.37113847e-08, 8.74227766e-08, -0.99999994, 0, -4.37113812e-08, 0, 1   [was 203.76268, 2.90655947, -399.238342, -1, 0, 0, 0, -1, 0, 0, 0, 1, 1 change(s)]
Rig                Rig.Gravitation Cell.Frame.Ball ~(203.7, 4.4, -400.0).CFrame = 203.694321, 4.38181734, -399.963928, -8.74227766e-08, 1, -4.37113847e-08, -0.99999994, -8.74227766e-08, 0, 0, 4.37113812e-08, 1   [was 203.694229, 4.38181734, -399.963989, 0, 1, 0, -1, 0, 0, 0, 0, 1, 1 change(s)]
Rig                Rig.Gravitation Cell.Frame.Part ~(203.8, 4.5, -399.8).CFrame = 203.762756, 4.52843428, -399.800781, 8.74227766e-08, -1, -4.37113847e-08, 0.99999994, 8.74227766e-08, 0, 0, -4.37113812e-08, 1   [was 203.762665, 4.52843428, -399.800842, 0, -1, 0, 1, 0, 0, 0, 0, 1, 1 change(s)]
Rig                Rig.Gravitation Cell.Frame.TextPart.CFrame = 203.762756, 3.37530947, -399.238281, -1, 8.74227766e-08, 4.37113847e-08, 8.74227766e-08, 0.99999994, 0, -4.37113812e-08, 0, -1   [was 203.762665, 3.37530947, -399.238342, -1, 0, 0, 0, 1, 0, 0, 0, -1, 1 change(s)]
Rig                Rig.Gravitation Cell.Frame.Ball ~(203.7, 3.5, -400.0).CFrame = 203.694321, 3.4553256, -399.963928, -8.74227766e-08, 1, -4.37113847e-08, -0.99999994, -8.74227766e-08, 0, 0, 4.37113812e-08, 1   [was 203.694229, 3.4553256, -399.963989, 0, 1, 0, -1, 0, 0, 0, 0, 1, 1 change(s)]
Rig                Rig.Gravitation Cell.Frame.TextPart ~(203.8, 3.3, -399.2).CFrame = 203.762756, 3.28155947, -399.238281, -1, 8.74227766e-08, 4.37113847e-08, 8.74227766e-08, 0.99999994, 0, -4.37113812e-08, 0, -1   [was 203.762665, 3.28155947, -399.238342, -1, 0, 0, 0, 1, 0, 0, 0, -1, 1 change(s)]
Rig                Rig.Gravitation Cell.Frame.BottomDetail.CFrame = 203.762772, 2.86905956, -399.23822, 1, -8.74227766e-08, 4.37113847e-08, -8.74227766e-08, -0.99999994, 0, 4.37113812e-08, 0, -1   [was 203.76268, 2.86905932, -399.238281, 1, 0, 0, 0, -1, 0, 0, 0, -1, 1 change(s)]
Rig                Rig.Gravitation Cell.Frame.Ball ~(203.7, 3.5, -398.5).CFrame = 203.694321, 3.4553256, -398.517456, -8.74227766e-08, -1, 4.37113847e-08, -0.99999994, 8.74227766e-08, 0, 0, -4.37113812e-08, -1   [was 203.694229, 3.4553256, -398.517517, 0, -1, 0, -1, 0, 0, 0, 0, -1, 1 change(s)]
Rig                Rig.Gravitation Cell.Frame.Ball ~(203.2, 4.9, -399.2).CFrame = 203.156616, 4.88468456, -399.238159, 5.61575462e-06, -0.499974638, 0.866040349, 1, 2.05477045e-05, 5.45261855e-06, -2.07424164e-05, 0.86604023, 0.499974638   [was 203.156525, 4.88468456, -399.23822, 5.5283308e-06, -0.499974608, 0.866040349, 1.00000012, 2.05039978e-05, 5.5283308e-06, -2.07424164e-05, 0.86604023, 0.499974608, 1 change(s)]
Rig                Rig.Gravitation Cell.Frame.BigSpike.CFrame = 204.006332, 5.15029812, -399.238525, 4.37113847e-08, 8.74227766e-08, 1, 0, 0.99999994, -8.74227766e-08, -1, 0, 4.37113812e-08   [was 204.006241, 5.15029812, -399.238586, 0, 0, 1, 0, 1, 0, -1, 0, 0, 1 change(s)]
Rig                Rig.Gravitation Cell.Frame.Ball ~(203.8, 3.5, -398.5).CFrame = 203.831192, 3.4553256, -398.517456, -8.74227766e-08, -1, 4.37113847e-08, -0.99999994, 8.74227766e-08, 0, 0, -4.37113812e-08, -1   [was 203.8311, 3.4553256, -398.517517, 0, -1, 0, -1, 0, 0, 0, 0, -1, 1 change(s)]
Rig                Rig.Gravitation Cell.Frame.Ball ~(204.1, 4.9, -398.7).CFrame = 204.065903, 4.88468409, -398.713196, 8.74227766e-08, 1, 4.37113847e-08, 0.99999994, -8.74227766e-08, 0, 0, 4.37113812e-08, -1   [was 204.065811, 4.88468456, -398.713257, 0, 1, 0, 1, 0, 0, 0, 0, -1, 1 change(s)]
Rig                Rig.Gravitation Cell.Frame.Ball ~(203.7, 4.4, -398.5).CFrame = 203.694321, 4.38181734, -398.517456, -8.74227766e-08, -1, 4.37113847e-08, -0.99999994, 8.74227766e-08, 0, 0, -4.37113812e-08, -1   [was 203.694229, 4.38181734, -398.517517, 0, -1, 0, -1, 0, 0, 0, 0, -1, 1 change(s)]
Rig                Rig.Gravitation Cell.Frame.Ball ~(203.5, 4.9, -398.8).CFrame = 203.48143, 4.88468409, -398.750732, -8.11497448e-05, -1, 8.11060236e-05, -0.99999994, 8.11497302e-05, -8.10623169e-05, 8.10623169e-05, -8.11060308e-05, -1   [was 203.481339, 4.88468456, -398.750793, -8.10623169e-05, -1, 8.10623169e-05, -1, 8.10623169e-05, -8.10623169e-05, 8.10623169e-05, -8.10623169e-05, -1, 1 change(s)]
Rig                Rig.Gravitation Cell.Frame.BigSpike ~(203.6, 5.2, -399.0).CFrame = 203.640671, 5.1503067, -399.027344, -0.866048813, 8.74227766e-08, 0.499959499, 7.57123928e-08, 0.99999994, -4.37078462e-08, -0.499959499, 0, -0.866048813   [was 203.640579, 5.1503067, -399.027405, -0.866048813, 0, 0.499959469, 0, 1, 0, -0.499959469, 0, -0.866048813, 1 change(s)]
Rig                Rig.Gravitation Cell.Frame.Part ~(203.8, 4.5, -398.7).CFrame = 203.762756, 4.52843428, -398.675781, 8.74227766e-08, 1, 4.37113847e-08, 0.99999994, -8.74227766e-08, 0, 0, 4.37113812e-08, -1   [was 203.762665, 4.52843428, -398.675842, 0, 1, 0, 1, 0, 0, 0, 0, -1, 1 change(s)]
Rig                Rig.Gravitation Cell.Frame.Ball ~(204.1, 4.9, -399.8).CFrame = 204.065903, 4.88468409, -399.763184, -5.41110467e-06, -0.499974519, -0.866040111, 1, -2.05794968e-05, 5.57423982e-06, -2.06232071e-05, -0.86604017, 0.499974519   [was 204.065811, 4.88468456, -399.763245, -5.49852848e-06, -0.499974549, -0.866040111, 1.00000012, -2.06232071e-05, 5.49852848e-06, -2.06232071e-05, -0.86604017, 0.499974549, 1 change(s)]
Rig                Rig.Gravitation Cell.Frame.Union.CFrame = 203.762619, 4.96280575, -399.238525, -8.74227766e-08, -4.37113847e-08, -1, -0.99999994, 0, 8.74227766e-08, 0, 1, -4.37113812e-08   [was 203.762527, 4.96280575, -399.238586, 0, 0, -1, -1, 0, 0, 0, 1, 0, 1 change(s)]
Rig                Rig.Gravitation Cell.Frame.Ball ~(203.8, 4.4, -398.5).CFrame = 203.831192, 4.38181734, -398.517456, -8.74227766e-08, -1, 4.37113847e-08, -0.99999994, 8.74227766e-08, 0, 0, -4.37113812e-08, -1   [was 203.8311, 4.38181782, -398.517517, 0, -1, 0, -1, 0, 0, 0, 0, -1, 1 change(s)]
Rig                Rig.Gravitation Cell.Frame.BigSpike ~(203.6, 5.2, -399.4).CFrame = 203.640732, 5.15031385, -399.449707, 0.865998983, 8.74227766e-08, 0.500045717, -7.57080372e-08, 0.99999994, -4.37153886e-08, -0.500045717, 0, 0.865998983   [was 203.64064, 5.15031385, -399.449768, 0.865998983, 0, 0.500045776, 0, 1, 0, -0.500045776, 0, 0.865998983, 1 change(s)]
Rig                Rig.Gravitation Cell.Frame.Ball ~(204.3, 4.9, -399.2).CFrame = 204.32576, 4.88468409, -399.238281, -5.58595048e-06, 0.499974519, -0.866040111, -1, -2.06669138e-05, -5.42281623e-06, -2.06232071e-05, 0.86604017, 0.499974519   [was 204.325668, 4.88468456, -399.238342, -5.49852848e-06, 0.499974549, -0.866040111, -1.00000012, -2.06232071e-05, -5.49852848e-06, -2.06232071e-05, 0.86604017, 0.499974549, 1 change(s)]
Rig                Rig.Gravitation Cell.Frame.Part ~(203.8, 4.7, -399.2).CFrame = 203.762695, 4.70655918, -399.238403, -0.500031352, -8.74227979e-08, -0.866007268, 4.37141345e-08, -1.00000012, 7.57087619e-08, -0.866007447, 0, 0.500031352   [was 203.762604, 4.70655918, -399.238464, -0.500031412, 0, -0.866007268, 0, -1.00000024, 0, -0.866007447, 0, 0.500031412, 1 change(s)]
Rig                Rig.Gravitation Cell.Frame.Ball ~(204.0, 4.9, -399.7).CFrame = 204.044342, 4.88468409, -399.725708, -8.11497448e-05, 1, -8.11060236e-05, -0.99999994, -8.11497302e-05, 8.10623169e-05, 8.10623169e-05, 8.11060308e-05, 1   [was 204.04425, 4.88468456, -399.725769, -8.10623169e-05, 1, -8.10623169e-05, -1, -8.10623169e-05, 8.10623169e-05, 8.10623169e-05, 8.10623169e-05, 1, 1 change(s)]
Rig                Rig.Gravitation Cell.Frame.Rubber.CFrame = 203.762863, 4.93155909, -399.238464, -1, -8.74227766e-08, -4.37113847e-08, 8.74227766e-08, -0.99999994, 0, -4.37113812e-08, 0, 1   [was 203.762772, 4.93155909, -399.238525, -1, 0, 0, 0, -1, 0, 0, 0, 1, 1 change(s)]
Rig                Rig.Gravitation Cell.Frame.Part ~(203.8, 4.7, -399.2) #2.CFrame = 203.762711, 4.70655918, -399.238403, 1, -8.74227766e-08, 4.37113847e-08, -8.74227766e-08, -0.99999994, 0, 4.37113812e-08, 0, -1   [was 203.762619, 4.70655918, -399.238464, 1, 0, 0, 0, -1, 0, 0, 0, -1, 1 change(s)]
Rig                Rig.Gravitation Cell.Frame.BigSpike ~(203.9, 5.2, -399.0).CFrame = 203.884476, 5.15029812, -399.027466, 0.865998983, 8.74227766e-08, 0.500045717, -7.57080372e-08, 0.99999994, -4.37153886e-08, -0.500045717, 0, 0.865998983   [was 203.884384, 5.15029812, -399.027527, 0.865998983, 0, 0.500045776, 0, 1, 0, -0.500045776, 0, 0.865998983, 1 change(s)]
Rig                Rig.Gravitation Cell.Frame.Ball ~(204.0, 4.9, -398.8).CFrame = 204.044235, 4.88468409, -398.750732, 5.41110649e-06, -0.499974579, -0.866040111, -1, -2.05794968e-05, 5.57423982e-06, -2.06232071e-05, 0.86604017, -0.499974579   [was 204.044144, 4.88468456, -398.750793, 5.49852848e-06, -0.499974549, -0.866040111, -1.00000012, -2.06232071e-05, 5.49852848e-06, -2.06232071e-05, 0.86604017, -0.499974549, 1 change(s)]
Rig                Rig.Gravitation Cell.Frame.Part ~(203.8, 3.1, -398.7).CFrame = 203.762756, 3.11243439, -398.675781, 1, -8.74227766e-08, 4.37113847e-08, -8.74227766e-08, -0.99999994, 0, 4.37113812e-08, 0, -1   [was 203.762665, 3.11243439, -398.675842, 1, 0, 0, 0, -1, 0, 0, 0, -1, 1 change(s)]
Rig                Rig.Gravitation Cell.Frame.Ball ~(203.2, 4.9, -399.2) #2.CFrame = 203.199936, 4.88468456, -399.238342, -5.6157528e-06, -0.499974579, 0.866040349, -1, 2.05477045e-05, 5.45261855e-06, -2.07424164e-05, -0.86604023, -0.499974579   [was 203.199844, 4.88468456, -399.238403, -5.5283308e-06, -0.499974608, 0.866040349, -1.00000012, 2.05039978e-05, 5.5283308e-06, -2.07424164e-05, -0.86604023, -0.499974608, 1 change(s)]
Rig                Rig.Gravitation Cell.Frame.Plating.CFrame = 203.762772, 2.86905956, -399.238281, -1, -8.74227766e-08, -4.37113847e-08, 8.74227766e-08, -0.99999994, 0, -4.37113812e-08, 0, 1   [was 203.76268, 2.86905932, -399.238342, -1, 0, 0, 0, -1, 0, 0, 0, 1, 1 change(s)]
Rig                Rig.Gravitation Cell.Frame.Part ~(203.8, 3.1, -399.8).CFrame = 203.762756, 3.11243439, -399.800781, 1, 8.74227766e-08, -4.37113847e-08, -8.74227766e-08, 0.99999994, 0, 4.37113812e-08, 0, 1   [was 203.762665, 3.11243439, -399.800842, 1, 0, 0, 0, 1, 0, 0, 0, 1, 1 change(s)]
Rig                Rig.Gravitation Cell.Frame.BigSpike ~(203.5, 5.2, -399.2).CFrame = 203.518799, 5.15031433, -399.238525, 4.37113847e-08, 8.74227766e-08, 1, 0, 0.99999994, -8.74227766e-08, -1, 0, 4.37113812e-08   [was 203.518707, 5.15031433, -399.238586, 0, 0, 1, 0, 1, 0, -1, 0, 0, 1 change(s)]
Rig                Rig.Gravitation Cell.Frame.Ball ~(203.5, 4.9, -398.7).CFrame = 203.459747, 4.88468409, -398.713196, 5.6157528e-06, 0.499974579, 0.866040349, 1, -2.07861231e-05, 5.45261855e-06, 2.05039978e-05, 0.86604023, -0.499974579   [was 203.459656, 4.88468456, -398.713257, 5.5283308e-06, 0.499974608, 0.866040349, 1.00000012, -2.07424164e-05, 5.5283308e-06, 2.05039978e-05, 0.86604023, -0.499974608, 1 change(s)]
Rig                Rig.Gravitation Cell.Frame.Part ~(203.8, 4.7, -399.2) #3.CFrame = 203.762711, 4.70655918, -399.238403, 0.500031471, -8.74227979e-08, -0.866007268, -4.37141345e-08, -1.00000012, 7.57087619e-08, -0.866007447, -0, -0.500031471   [was 203.762619, 4.70655918, -399.238464, 0.500031412, -0, -0.866007268, 0, -1.00000024, 0, -0.866007447, 0, -0.500031412, 1 change(s)]
Rig                Rig.Gravitation Cell.Frame.Ball ~(204.4, 4.9, -399.2).CFrame = 204.369034, 4.88468409, -399.238159, 5.58595229e-06, 0.499974579, -0.866040111, 1, -2.06669138e-05, -5.42281623e-06, -2.06232071e-05, -0.86604017, -0.499974579   [was 204.368942, 4.88468456, -399.23822, 5.49852848e-06, 0.499974549, -0.866040111, 1.00000012, -2.06232071e-05, -5.49852848e-06, -2.06232071e-05, -0.86604017, -0.499974549, 1 change(s)]
Rig                Rig.Gravitation Cell.Frame.Pipes.CFrame = 203.762772, 4.95968437, -399.238342, -1, -8.74227766e-08, -4.37113847e-08, 8.74227766e-08, -0.99999994, 0, -4.37113812e-08, 0, 1   [was 203.76268, 4.95968437, -399.238403, -1, 0, 0, 0, -1, 0, 0, 0, 1, 1 change(s)]
Rig                Rig.Gravitation Cell.Frame.Part ~(203.8, 4.8, -399.2) #2.CFrame = 203.762711, 4.78155947, -399.238403, 1, -8.74227766e-08, 4.37113847e-08, -8.74227766e-08, -0.99999994, 0, 4.37113812e-08, 0, -1   [was 203.762619, 4.78155947, -399.238464, 1, 0, 0, 0, -1, 0, 0, 0, -1, 1 change(s)]
Rig                Rig.Gravitation Cell.Frame.BigSpike ~(203.9, 5.2, -399.4).CFrame = 203.88446, 5.15030718, -399.449646, -0.866048813, 8.74227766e-08, 0.499959499, 7.57123928e-08, 0.99999994, -4.37078462e-08, -0.499959499, 0, -0.866048813   [was 203.884369, 5.15030718, -399.449707, -0.866048813, 0, 0.499959469, 0, 1, 0, -0.499959469, 0, -0.866048813, 1 change(s)]
Rig                Rig.Gravitation Cell.Frame.Ball ~(203.5, 4.9, -399.7).CFrame = 203.481369, 4.88468409, -399.725708, -5.61575462e-06, 0.499974638, 0.866040349, -1, -2.07861231e-05, 5.45261855e-06, 2.05039978e-05, -0.86604023, 0.499974638   [was 203.481277, 4.88468456, -399.725769, -5.5283308e-06, 0.499974608, 0.866040349, -1.00000012, -2.07424164e-05, 5.5283308e-06, 2.05039978e-05, -0.86604023, 0.499974608, 1 change(s)]
Rig                Rig.Gravitation Cell.ClickPart.CFrame = 203.762695, 3.99250317, -399.238281, -8.74227766e-08, 1, -4.37113847e-08, -0.99999994, -8.74227766e-08, 0, 0, 4.37113812e-08, 1   [was 203.762604, 3.99250317, -399.238342, 0, 1, 0, -1, 0, 0, 0, 0, 1, 1 change(s)]
Rig                Rig.Gravitation Cell.BodyAttach.CFrame = 203.762695, 4, -399.238281, -4.37113847e-08, 8.74227766e-08, -1, 0, 0.99999994, 8.74227766e-08, 1, 0, -4.37113812e-08   [was 203.762604, 4, -399.238342, 0, 0, -1, 0, 1, 0, 1, 0, 0, 1 change(s)]
Rig                Rig.Head ~(203.8, 5.5, -400.7).CFrame = 203.762695, 5.5, -400.738281, -4.37113847e-08, 8.74227766e-08, -1, 0, 0.99999994, 8.74227766e-08, 1, 0, -4.37113812e-08   [was 203.762604, 5.5, -400.738342, 0, 0, -1, 0, 1, 0, 1, 0, 0, 1 change(s)]
Rig                Rig.Torso ~(203.8, 4.0, -400.7).CFrame = 203.762695, 4, -400.738281, -4.37113847e-08, 8.74227766e-08, -1, 0, 0.99999994, 8.74227766e-08, 1, 0, -4.37113812e-08   [was 203.762604, 4, -400.738342, 0, 0, -1, 0, 1, 0, 1, 0, 0, 1 change(s)]
Rig                Rig.Left Arm ~(203.8, 4.0, -402.2).CFrame = 203.762695, 4, -402.238281, -4.37113847e-08, 8.74227766e-08, -1, 0, 0.99999994, 8.74227766e-08, 1, 0, -4.37113812e-08   [was 203.762604, 4, -402.238342, 0, 0, -1, 0, 1, 0, 1, 0, 0, 1 change(s)]
Rig                Rig.Right Arm ~(203.8, 4.0, -399.2).CFrame = 203.762695, 4, -399.238281, -4.37113847e-08, 8.74227766e-08, -1, 0, 0.99999994, 8.74227766e-08, 1, 0, -4.37113812e-08   [was 203.762604, 4, -399.238342, 0, 0, -1, 0, 1, 0, 1, 0, 0, 1 change(s)]
Rig                Rig.Left Leg ~(203.8, 2.0, -401.2).CFrame = 203.762695, 2, -401.238281, -4.37113847e-08, 8.74227766e-08, -1, 0, 0.99999994, 8.74227766e-08, 1, 0, -4.37113812e-08   [was 203.762604, 2, -401.238342, 0, 0, -1, 0, 1, 0, 1, 0, 0, 1 change(s)]
Rig                Rig.Right Leg ~(203.8, 2.0, -400.2).CFrame = 203.762695, 2, -400.238281, -4.37113847e-08, 8.74227766e-08, -1, 0, 0.99999994, 8.74227766e-08, 1, 0, -4.37113812e-08   [was 203.762604, 2, -400.238342, 0, 0, -1, 0, 1, 0, 1, 0, 0, 1 change(s)]
Rig                Rig.HumanoidRootPart ~(203.8, 4.0, -400.7).CFrame = 203.762695, 4, -400.738281, -4.37113847e-08, 8.74227766e-08, -1, 0, 0.99999994, 8.74227766e-08, 1, 0, -4.37113812e-08   [was 203.762604, 4, -400.738342, 0, 0, -1, 0, 1, 0, 1, 0, 0, 1 change(s)]
Sounds             Sounds.Effects.Destruction.FacilityGroaning1.Playing = false   [was false, 2 change(s)]
Sounds             Sounds.Effects.Destruction.FacilityGroaning2.Playing = false   [was false, 2 change(s)]
Sounds             Sounds.Effects.Environment.Rumbling.Playing = false   [was false, 2 change(s)]
Sounds             Sounds.Effects.Environment.Rumbling.Volume = 0   [was 0.10000000149011612, 3 change(s)]
Sounds             Sounds.Effects.External.Shake1.Playing = false   [was false, 2 change(s)]
SoundBlocks        SoundBlocks.MainframeSoundBlock.MainframeAmbience.Pitch = 1   [was 0.5, 1 change(s)]
SoundBlocks        SoundBlocks.CRC2SoundBlock.CoolantPipeSFX.Playing = true   [was true, 2 change(s)]
SoundBlocks        SoundBlocks.CRC2SoundBlock.CoolantPipeSFX.Pitch = 1   [was 0, 5 change(s)]
SoundBlocks        SoundBlocks.CRC1SoundBlock.ISEFissureSpawn.Playing = false   [was false, 6 change(s)]
SoundBlocks        SoundBlocks.CRC1SoundBlock.BackgroundMalfunction.Playing = false   [was false, 2 change(s)]
SoundBlocks        SoundBlocks.CRC1SoundBlock.CoolantPipeSFX.Playing = true   [was true, 2 change(s)]
SoundBlocks        SoundBlocks.CRC1SoundBlock.CoolantPipeSFX.Pitch = 1   [was 0, 5 change(s)]
SoundBlocks        SoundBlocks.ControlRoomSound.EFEAlarm.Playing = false   [was false, 2 change(s)]
SoundBlocks        SoundBlocks.ControlRoomSound.UpdateSound.Playing = false   [was false, 8 change(s)]
SoundBlocks        SoundBlocks.ControlRoomSound.Glitching.Volume = 0   [was 1, 1 change(s)]
SoundBlocks        SoundBlocks.CRC3SoundBlock.CoolantPipeSFX.Playing = true   [was true, 2 change(s)]
SoundBlocks        SoundBlocks.CRC3SoundBlock.CoolantPipeSFX.Pitch = 1   [was 0, 5 change(s)]
SoundBlocks        SoundBlocks.CRC3SoundBlock.ISEFissureSpawn.Playing = false   [was false, 6 change(s)]
Core               Core.EFEParticlePart.GravquakeParticle.Enabled = false   [was false, 2 change(s)]
Core               Core.EFEParticlePart.AmbientParticles.Enabled = false   [was false, 2 change(s)]
Core               Core.EFEParticlePart.RingBottom.BeamA.Enabled = false   [was false, 2 change(s)]
Core               Core.EFEParticlePart.RingBottom.BeamA2.Enabled = false   [was false, 2 change(s)]
Core               Core.EFEParticlePart.RingBottom.Beam.Enabled = false   [was false, 2 change(s)]
Core               Core.EFEParticlePart.RingBottom.Beam2.Enabled = false   [was false, 2 change(s)]
Core               Core.EFEParticlePart.RingTop.BeamA.Enabled = false   [was false, 2 change(s)]
Core               Core.EFEParticlePart.RingTop.BeamA2.Enabled = false   [was false, 2 change(s)]
Core               Core.EFEParticlePart.RingTop.Beam.Enabled = false   [was false, 2 change(s)]
Core               Core.EFEParticlePart.RingTop.Beam2.Enabled = false   [was false, 2 change(s)]
Core               Core.CORE.Transparency = 0.6793004870414734   [was 1, 2 change(s)]
Core               Core.CORE.WindAmbience.Playing = false   [was false, 2 change(s)]
Core               Core.CORE.CBLStartUpSound.Playing = false   [was false, 2 change(s)]
Core               Core.CORE.EFESoundStart.Playing = false   [was false, 2 change(s)]
Core               Core.CORE.EFESoundEnd.Playing = false   [was false, 2 change(s)]
Core               Core.CORE.Effects.ExplosionParticle6.Enabled = false   [was false, 2 change(s)]
Core               Core.CORE.Effects.ExplosionParticle7.Enabled = false   [was false, 2 change(s)]
Core               Core.CORE.Effects.EFEParticle5.Enabled = false   [was false, 2 change(s)]
Core               Core.CORE.Effects.CoreParticle.Enabled = false   [was false, 2 change(s)]
Core               Core.CORE.Effects.CoreParticle.Color = 0 0.541176 0.92549 1 0 1 0.541176 0.92549 1 0    [was 0 0.541176 0.92549 1 0 1 0.541176 0.92549 1 0 , 1 change(s)]
Core               Core.CORE.Effects.EFEParticle6.Enabled = false   [was false, 2 change(s)]
Core               Core.CORE.Effects.ExplosionSmoke.Enabled = false   [was false, 2 change(s)]
Core               Core.CORE.Effects.CoreParticle2.Enabled = false   [was false, 2 change(s)]
Core               Core.CORE.Effects.InstabilityParticle1.Enabled = false   [was false, 2 change(s)]
Core               Core.CORE.Effects.ExplosionParticle2.Enabled = false   [was false, 2 change(s)]
Core               Core.CORE.Effects.ExplosionParticle4.Enabled = false   [was false, 2 change(s)]
Core               Core.CORE.Effects.EFEParticle4.Enabled = false   [was false, 2 change(s)]
Core               Core.CORE.Effects.ExplosionParticle3.Enabled = false   [was false, 2 change(s)]
Core               Core.CORE.Effects.EFEParticle1.Enabled = false   [was false, 2 change(s)]
Core               Core.CORE.Effects.ExplosionParticle5.Enabled = false   [was false, 2 change(s)]
Core               Core.CORE.Effects.EFEParticle2.Enabled = false   [was false, 2 change(s)]
Core               Core.CORE.ExplosionLightning2.Enabled = false   [was false, 2 change(s)]
Core               Core.CORE.IgnitonExplosion.Playing = false   [was false, 2 change(s)]
Core               Core.CORE.IgnitonExplosion.Volume = 0   [was 1, 2 change(s)]
Core               Core.CORE.ProtoCoreLoop.Playing = true   [was false, 1 change(s)]
Core               Core.CORE.ProtoCoreLoop.Pitch = 0   [was 0.75, 1 change(s)]
Core               Core.CORE.EquinoxExplosion.Playing = false   [was false, 2 change(s)]
Core               Core.CORE.CBLFireSound.Playing = false   [was false, 2 change(s)]
Core               Core.CORE.ChamberVentSound.Playing = true   [was false, 1 change(s)]
Core               Core.CORE.ChamberVentSound.Pitch = 0   [was 0, 2 change(s)]
Core               Core.CORE.PointLight.Enabled = true   [was false, 1 change(s)]
Core               Core.CORE.PointLight.Brightness = 9.62098503112793   [was 30, 1 change(s)]
Core               Core.CORE.PointLight.Color = 0, 0.588235, 1   [was 0, 0.588235, 1, 4 change(s)]
Core               Core.CORE.Modified_Energy_Sound.Volume = 1.5   [was 1.600000023841858, 2 change(s)]
Core               Core.CORE.Modified_Energy_Sound.Pitch = 0.9620985984802246   [was 0, 3 change(s)]
Core               Core.CORE.CoolantFailiureSound.Playing = false   [was false, 2 change(s)]
Core               Core.ExplosiveCoreEffect.Size = 80, 80, 80   [was 4, 4, 4, 4 change(s)]
Core               Core.ForcefieldShockwave.Size = 150, 150, 150   [was 4, 4, 4, 3 change(s)]
Core               Core.ForcefieldShockwave.Transparency = 1   [was 1, 2 change(s)]
AscendingShaft     AscendingShaft.BottomInterface.Neon1.Color = 0.0352941, 0.462745, 0.0352941   [was 0.00392157, 0.937255, 0.00392157, 30 change(s)]
AscendingShaft     AscendingShaft.BottomInterface.Neon2.Color = 0.0352941, 0.462745, 0.0352941   [was 0.00392157, 0.937255, 0.00392157, 30 change(s)]
AscendingShaft     AscendingShaft.TopInterface.Neon2.Color = 0.462745, 0.0352941, 0.0352941   [was 0.937255, 0.00392157, 0.00392157, 30 change(s)]
AscendingShaft     AscendingShaft.TopInterface.Neon1.Color = 0.462745, 0.0352941, 0.0352941   [was 0.937255, 0.00392157, 0.00392157, 30 change(s)]
AscendingShaft     AscendingShaft.BottomInterface.Neon1 ~(440.5, 280.6, 115.1).Color = 0.0352941, 0.462745, 0.0352941   [was 0.00392157, 0.937255, 0.00392157, 30 change(s)]
AscendingShaft     AscendingShaft.BottomInterface.Neon2 ~(436.2, 280.6, 115.1).Color = 0.0352941, 0.462745, 0.0352941   [was 0.00392157, 0.937255, 0.00392157, 30 change(s)]
AscendingShaft     AscendingShaft.TopInterface.Neon2 ~(436.2, 309.7, 115.1).Color = 0.462745, 0.0352941, 0.0352941   [was 0.937255, 0.00392157, 0.00392157, 30 change(s)]
AscendingShaft     AscendingShaft.TopInterface.Neon1 ~(440.5, 309.7, 115.1).Color = 0.462745, 0.0352941, 0.0352941   [was 0.937255, 0.00392157, 0.00392157, 30 change(s)]
DescendingShaft    DescendingShaft.BottomInterface.Neon2.Color = 0.462745, 0.0352941, 0.0352941   [was 0.937255, 0.00392157, 0.00392157, 30 change(s)]
DescendingShaft    DescendingShaft.BottomInterface.Neon1.Color = 0.462745, 0.0352941, 0.0352941   [was 0.937255, 0.00392157, 0.00392157, 30 change(s)]
DescendingShaft    DescendingShaft.TopInterface.Neon2.Color = 0.0352941, 0.462745, 0.0352941   [was 0.00392157, 0.937255, 0.00392157, 30 change(s)]
DescendingShaft    DescendingShaft.TopInterface.Neon1.Color = 0.0352941, 0.462745, 0.0352941   [was 0.00392157, 0.937255, 0.00392157, 30 change(s)]
DescendingShaft    DescendingShaft.BottomInterface.Neon1 ~(436.2, 280.6, 6.7).Color = 0.462745, 0.0352941, 0.0352941   [was 0.780392, 0.0117647, 0.0117647, 30 change(s)]
DescendingShaft    DescendingShaft.BottomInterface.Neon2 ~(440.4, 280.6, 6.7).Color = 0.462745, 0.0352941, 0.0352941   [was 0.780392, 0.0117647, 0.0117647, 30 change(s)]
DescendingShaft    DescendingShaft.TopInterface.Neon1 ~(436.2, 309.7, 6.7).Color = 0.0352941, 0.462745, 0.0352941   [was 0.0117647, 0.780392, 0.0117647, 30 change(s)]
DescendingShaft    DescendingShaft.TopInterface.Neon2 ~(440.4, 309.7, 6.7).Color = 0.0352941, 0.462745, 0.0352941   [was 0.0117647, 0.780392, 0.0117647, 30 change(s)]
CRC1_AscendingShaft CRC1_AscendingShaft.BottomInterface.Neon1.Color = 0.0352941, 0.462745, 0.0352941   [was 0.0117647, 0.780392, 0.0117647, 30 change(s)]
CRC1_AscendingShaft CRC1_AscendingShaft.BottomInterface.Neon2.Color = 0.0352941, 0.462745, 0.0352941   [was 0.0117647, 0.780392, 0.0117647, 30 change(s)]
CRC1_AscendingShaft CRC1_AscendingShaft.TopInterface.Neon1.Color = 0.34902, 0.0431373, 0.0431373   [was 0.780392, 0.0117647, 0.0117647, 30 change(s)]
CRC1_AscendingShaft CRC1_AscendingShaft.TopInterface.Neon2.Color = 0.34902, 0.0431373, 0.0431373   [was 0.780392, 0.0117647, 0.0117647, 30 change(s)]
CRC1_DescendingShaft CRC1_DescendingShaft.BottomInterface.Neon2.Color = 0.34902, 0.0431373, 0.0431373   [was 0.780392, 0.0117647, 0.0117647, 30 change(s)]
CRC1_DescendingShaft CRC1_DescendingShaft.BottomInterface.Neon1.Color = 0.34902, 0.0431373, 0.0431373   [was 0.780392, 0.0117647, 0.0117647, 30 change(s)]
CRC1_DescendingShaft CRC1_DescendingShaft.TopInterface.Neon1.Color = 0.0431373, 0.34902, 0.0431373   [was 0.0117647, 0.780392, 0.0117647, 30 change(s)]
CRC1_DescendingShaft CRC1_DescendingShaft.TopInterface.Neon2.Color = 0.0431373, 0.34902, 0.0431373   [was 0.0117647, 0.780392, 0.0117647, 30 change(s)]
CRC2_AscendingShaft CRC2_AscendingShaft.BottomInterface.Neon2.Color = 0.0431373, 0.34902, 0.0431373   [was 0.0117647, 0.780392, 0.0117647, 30 change(s)]
CRC2_AscendingShaft CRC2_AscendingShaft.BottomInterface.Neon1.Color = 0.0431373, 0.34902, 0.0431373   [was 0.0117647, 0.780392, 0.0117647, 30 change(s)]
CRC2_AscendingShaft CRC2_AscendingShaft.TopInterface.Neon2.Color = 0.34902, 0.0431373, 0.0431373   [was 0.780392, 0.0117647, 0.0117647, 30 change(s)]
CRC2_AscendingShaft CRC2_AscendingShaft.TopInterface.Neon1.Color = 0.34902, 0.0431373, 0.0431373   [was 0.780392, 0.0117647, 0.0117647, 30 change(s)]
CRC2_DescendingShaft CRC2_DescendingShaft.BottomInterface.Neon2.Color = 0.34902, 0.0431373, 0.0431373   [was 0.780392, 0.0117647, 0.0117647, 30 change(s)]
CRC2_DescendingShaft CRC2_DescendingShaft.BottomInterface.Neon1.Color = 0.34902, 0.0431373, 0.0431373   [was 0.780392, 0.0117647, 0.0117647, 30 change(s)]
CRC2_DescendingShaft CRC2_DescendingShaft.TopInterface.Neon1.Color = 0.0431373, 0.34902, 0.0431373   [was 0.0117647, 0.780392, 0.0117647, 30 change(s)]
CRC2_DescendingShaft CRC2_DescendingShaft.TopInterface.Neon2.Color = 0.0431373, 0.34902, 0.0431373   [was 0.0117647, 0.780392, 0.0117647, 30 change(s)]
CRC3_AscendingShaft CRC3_AscendingShaft.BottomInterface.Neon1.Color = 0.0431373, 0.34902, 0.0431373   [was 0.0117647, 0.780392, 0.0117647, 30 change(s)]
CRC3_AscendingShaft CRC3_AscendingShaft.BottomInterface.Neon2.Color = 0.0431373, 0.34902, 0.0431373   [was 0.0117647, 0.780392, 0.0117647, 30 change(s)]
CRC3_AscendingShaft CRC3_AscendingShaft.TopInterface.Neon1.Color = 0.34902, 0.0431373, 0.0431373   [was 0.780392, 0.0117647, 0.0117647, 30 change(s)]
CRC3_AscendingShaft CRC3_AscendingShaft.TopInterface.Neon2.Color = 0.34902, 0.0431373, 0.0431373   [was 0.780392, 0.0117647, 0.0117647, 30 change(s)]
CRC3_DescendingShaft CRC3_DescendingShaft.BottomInterface.Neon2.Color = 0.34902, 0.0431373, 0.0431373   [was 0.780392, 0.0117647, 0.0117647, 30 change(s)]
CRC3_DescendingShaft CRC3_DescendingShaft.BottomInterface.Neon1.Color = 0.34902, 0.0431373, 0.0431373   [was 0.780392, 0.0117647, 0.0117647, 30 change(s)]
CRC3_DescendingShaft CRC3_DescendingShaft.TopInterface.Neon2.Color = 0.0431373, 0.34902, 0.0431373   [was 0.0117647, 0.780392, 0.0117647, 30 change(s)]
CRC3_DescendingShaft CRC3_DescendingShaft.TopInterface.Neon1.Color = 0.0431373, 0.34902, 0.0431373   [was 0.0117647, 0.780392, 0.0117647, 30 change(s)]
Rig                Rig.NeonGoggles.Handle ~(203.8, 5.7, -375.7).CFrame = 203.842773, 5.72998619, -375.738434, -4.37113847e-08, 8.74227766e-08, -1, 0, 0.99999994, 8.74227766e-08, 1, 0, -4.37113812e-08   [was 203.842682, 5.72998619, -375.738495, 0, 0, -1, 0, 1, 0, 1, 0, 0, 1 change(s)]
Rig                Rig.MeshPartAccessory.Handle ~(203.7, 5.7, -375.7).CFrame = 203.652359, 5.7361846, -375.738647, 4.37113847e-08, 8.74227766e-08, 1, 0, 0.99999994, -8.74227766e-08, -1, 0, 4.37113812e-08   [was 203.652267, 5.7361846, -375.738708, 0, 0, 1, 0, 1, 0, -1, 0, 0, 1 change(s)]
Rig                Rig.Tophat_black.Handle ~(203.8, 6.4, -375.7).CFrame = 203.762909, 6.37886, -375.738281, -4.37113847e-08, 8.74227766e-08, -1, 0, 0.99999994, 8.74227766e-08, 1, 0, -4.37113812e-08   [was 203.762817, 6.37886, -375.738342, 0, 0, -1, 0, 1, 0, 1, 0, 0, 1 change(s)]
Rig                Rig.Tie 1.0.Handle ~(203.8, 4.2, -375.7).CFrame = 203.788986, 4.21464539, -375.736969, -1, 8.74227766e-08, 4.37113847e-08, 8.74227766e-08, 0.99999994, 0, -4.37113812e-08, 0, -1   [was 203.788895, 4.21464539, -375.73703, -1, 0, 0, 0, 1, 0, 0, 0, -1, 1 change(s)]
Rig                Rig.Fire Extinguisher.BackDecals.Title.LetterPart.CFrame = 204.225067, 3.37608337, -374.236023, 0.642757416, -0.766066492, 0.00224633631, 0.766061783, 0.64276123, 0.00266393973, -0.00348469778, 8.57938539e-06, 0.99999398   [was 204.224976, 3.37608337, -374.236084, 0.642757356, -0.766066551, 0.00224637985, 0.766061902, 0.64276123, 0.00266394019, -0.00348472595, 8.61287117e-06, 0.99999398, 1 change(s)]
Rig                Rig.Fire Extinguisher.BackDecals.Title.LetterPart ~(204.2, 3.4, -374.2).CFrame = 204.226639, 3.37791443, -374.188477, 0.639487982, -0.766052783, 0.0649486408, 0.762135506, 0.642777622, 0.0773706883, -0.101017565, 2.20202328e-05, 0.99488467   [was 204.226547, 3.37791443, -374.188538, 0.639487922, -0.766052842, 0.064948678, 0.762135625, 0.642777622, 0.0773707032, -0.101017594, 2.20537186e-05, 0.99488467, 1 change(s)]
Rig                Rig.Fire Extinguisher.BackDecals.Title.LetterPart ~(204.2, 3.4, -374.1).CFrame = 204.231277, 3.38342285, -374.141479, 0.630109549, -0.76604116, 0.127054423, 0.750932097, 0.64279145, 0.151393145, -0.197642893, 1.50166879e-05, 0.980274022   [was 204.231186, 3.38342285, -374.141541, 0.630109489, -0.766041219, 0.127054453, 0.750932217, 0.64279145, 0.151393175, -0.197642922, 1.50501728e-05, 0.980274022, 1 change(s)]
Rig                Rig.Fire Extinguisher.BackDecals.Title.LetterPart ~(204.2, 3.4, -374.1) #2.CFrame = 204.238754, 3.3923645, -374.095398, 0.614711583, -0.766028285, 0.187963709, 0.732547641, 0.642806768, 0.223993808, -0.292409867, 7.41376198e-07, 0.956293106   [was 204.238663, 3.3923645, -374.095459, 0.614711523, -0.766028345, 0.187963724, 0.73254776, 0.642806768, 0.223993838, -0.292409897, 7.74860382e-07, 0.956293106, 1 change(s)]
Rig                Rig.Fire Extinguisher.BackDecals.Title.LetterPart ~(204.2, 3.4, -374.4).CFrame = 204.238083, 3.39152527, -374.37674, 0.615971148, -0.766067326, -0.183631241, 0.734140277, 0.642760277, -0.218854159, 0.285687834, -3.25213659e-06, 0.958322763   [was 204.237991, 3.39152527, -374.376801, 0.615971088, -0.766067386, -0.183631182, 0.734140396, 0.642760277, -0.218854189, 0.285687804, -3.21865082e-06, 0.958322763, 1 change(s)]
Rig                Rig.Fire Extinguisher.BackDecals.Title.LetterPart ~(204.2, 3.4, -374.3).CFrame = 204.230774, 3.38290405, -374.330627, 0.631021798, -0.766010761, -0.122633807, 0.751940966, 0.64282769, -0.146140724, 0.190777808, 4.58587647e-06, 0.981633306   [was 204.230682, 3.38290405, -374.330688, 0.631021738, -0.766010821, -0.122633755, 0.751941085, 0.64282769, -0.146140754, 0.190777779, 4.61935997e-06, 0.981633306, 1 change(s)]
Rig                Rig.Fire Extinguisher.BackDecals.Title.LetterPart ~(204.2, 3.4, -374.3) #2.CFrame = 204.226501, 3.37771606, -374.283569, 0.63994056, -0.766037822, -0.0605163462, 0.762638927, 0.642795444, -0.0720814914, 0.0941167772, -2.42329697e-05, 0.995561242   [was 204.22641, 3.37771606, -374.28363, 0.6399405, -0.766037881, -0.0605162978, 0.762639046, 0.642795444, -0.0720815063, 0.0941167474, -2.41994858e-05, 0.995561242, 1 change(s)]
Rig                Rig.Fire Extinguisher.BackDecals.Title.LetterPart ~(204.3, 3.5, -373.9).CFrame = 204.316254, 3.48471069, -373.894775, 0.454550773, -0.766023636, 0.454523355, 0.541668296, 0.642812371, 0.541652501, -0.707091928, -7.66287849e-06, 0.70712167   [was 204.316162, 3.48471069, -373.894836, 0.454550683, -0.766023695, 0.454523325, 0.541668415, 0.642812371, 0.54165262, -0.707091928, -7.62939453e-06, 0.70712167, 1 change(s)]
Rig                Rig.Fire Extinguisher.BackDecals.Title.LetterPart ~(204.3, 3.4, -374.5).CFrame = 204.260986, 3.41885376, -374.464111, 0.568582952, -0.766038299, -0.299831331, 0.677629948, 0.642794847, -0.357256532, 0.466402262, -4.47965722e-05, 0.884572744   [was 204.260895, 3.41885376, -374.464172, 0.568582892, -0.766038358, -0.299831271, 0.677630067, 0.642794847, -0.357256591, 0.466402233, -4.47630882e-05, 0.884572744, 1 change(s)]
Rig                Rig.Fire Extinguisher.BackDecals.Title.LetterPart ~(204.3, 3.4, -374.5) #2.CFrame = 204.276367, 3.43721008, -374.504578, 0.53664422, -0.766022682, -0.35386771, 0.639512062, 0.642813563, -0.421681046, 0.550488234, -1.0017262e-05, 0.83484298   [was 204.276276, 3.43721008, -374.504639, 0.536644161, -0.766022742, -0.35386765, 0.639512181, 0.642813563, -0.421681106, 0.550488234, -9.983778e-06, 0.83484298, 1 change(s)]
Rig                Rig.Fire Extinguisher.BackDecals.Title.LetterPart ~(204.3, 3.5, -374.5).CFrame = 204.294266, 3.45854187, -374.542664, 0.499551028, -0.766043484, -0.404507428, 0.595304728, 0.642788768, -0.482114881, 0.629333735, 3.57889076e-05, 0.777135193   [was 204.294174, 3.45854187, -374.542725, 0.499550998, -0.766043544, -0.404507339, 0.595304847, 0.642788768, -0.482114941, 0.629333735, 3.58223915e-05, 0.777135193, 1 change(s)]
Rig                Rig.Fire Extinguisher.BackDecals.Title.LetterPart ~(204.3, 3.5, -374.6).CFrame = 204.314575, 3.48268127, -374.57782, 0.457651466, -0.766041756, -0.451370329, 0.545452118, 0.642790675, -0.537867844, 0.702165961, -4.48859792e-05, 0.712013304   [was 204.314484, 3.48268127, -374.577881, 0.457651436, -0.766041815, -0.451370239, 0.545452237, 0.642790675, -0.537867963, 0.702165961, -4.48524952e-05, 0.712013304, 1 change(s)]
Rig                Rig.Fire Extinguisher.BackDecals.Title.LetterPart ~(204.2, 3.4, -374.1) #3.CFrame = 204.249115, 3.40463257, -374.050903, 0.593438089, -0.766038239, 0.247015446, 0.707224607, 0.642794967, 0.294360042, -0.384271324, 1.09315588e-05, 0.923220217   [was 204.249023, 3.40463257, -374.050964, 0.593438029, -0.766038299, 0.247015461, 0.707224727, 0.642794967, 0.294360101, -0.384271353, 1.09650437e-05, 0.923220217, 1 change(s)]
Rig                Rig.Fire Extinguisher.BackDecals.Title.LetterPart ~(204.3, 3.4, -374.0).CFrame = 204.262192, 3.42025757, -374.008026, 0.566483498, -0.766036928, 0.303782463, 0.67508471, 0.642796457, 0.362040281, -0.47260657, -1.09660377e-05, 0.881273508   [was 204.2621, 3.42025757, -374.008087, 0.566483438, -0.766036987, 0.303782463, 0.675084829, 0.642796457, 0.362040341, -0.472606599, -1.09325529e-05, 0.881273508, 1 change(s)]
Rig                Rig.Fire Extinguisher.BackDecals.Title.LetterPart ~(204.3, 3.4, -374.0) #2.CFrame = 204.277771, 3.43884277, -373.967651, 0.534141004, -0.766017973, 0.357644796, 0.63654685, 0.642819047, 0.42613548, -0.556328416, 4.11831279e-05, 0.830962539   [was 204.277679, 3.43884277, -373.967712, 0.534140944, -0.766018033, 0.357644796, 0.636546969, 0.642819047, 0.42613554, -0.556328416, 4.12166119e-05, 0.830962539, 1 change(s)]
Rig                Rig.Fire Extinguisher.BackDecals.Title.LetterPart ~(204.3, 3.5, -373.9) #2.CFrame = 204.295715, 3.46026611, -373.92981, 0.496711761, -0.766029835, 0.408014178, 0.591971576, 0.642804921, 0.486180305, -0.634702206, 4.13917442e-05, 0.772756755   [was 204.295624, 3.46026611, -373.929871, 0.496711671, -0.766029894, 0.408014178, 0.591971695, 0.642804921, 0.486180365, -0.634702206, 4.14252281e-05, 0.772756755, 1 change(s)]
Rig                Rig.Fire Extinguisher.BackDecals.Title.LetterPart ~(204.2, 3.6, -373.9).CFrame = 204.232071, 3.5546875, -373.892212, 0.485907525, -0.766009033, 0.420861125, 0.578995943, 0.642829776, 0.501531005, -0.654719472, -2.08653073e-05, 0.755872011   [was 204.231979, 3.5546875, -373.892273, 0.485907435, -0.766009092, 0.420861125, 0.578996062, 0.642829776, 0.501531124, -0.654719472, -2.08318233e-05, 0.755872011, 1 change(s)]
Rig                Rig.Fire Extinguisher.BackDecals.Title.LetterPart ~(204.2, 3.6, -374.6).CFrame = 204.232361, 3.55499268, -374.562714, 0.484349102, -0.766073883, -0.422536224, 0.577285171, 0.642752469, -0.503597975, 0.657379389, -6.70920645e-06, 0.753559768   [was 204.232269, 3.55499268, -374.562775, 0.484349072, -0.766073942, -0.422536135, 0.57728529, 0.642752469, -0.503598094, 0.657379389, -6.67572021e-06, 0.753559768, 1 change(s)]
Rig                Rig.Fire Extinguisher.BackDecals.Title.LetterPart ~(204.2, 3.5, -374.2).CFrame = 204.154739, 3.46257019, -374.155609, 0.636415482, -0.766004145, 0.0906252488, 0.758358419, 0.642835498, 0.107957557, -0.140953034, 2.05301185e-05, 0.990016282   [was 204.154648, 3.46257019, -374.15567, 0.636415422, -0.766004205, 0.0906252861, 0.758358538, 0.642835498, 0.107957572, -0.140953064, 2.05636024e-05, 0.990016282, 1 change(s)]
Rig                Rig.Fire Extinguisher.BackDecals.Title.LetterPart ~(204.2, 3.5, -374.2) #2.CFrame = 204.151489, 3.45866394, -374.228302, 0.64276123, -0.766065896, -0.00111971702, 0.766064763, 0.642762005, -0.00133034564, 0.00173881475, -2.80510176e-06, 0.999998629   [was 204.151398, 3.45866394, -374.228363, 0.642761171, -0.766065955, -0.00111967325, 0.766064882, 0.642762005, -0.00133034587, 0.0017387867, -2.77161598e-06, 0.999998629, 1 change(s)]
Rig                Rig.Fire Extinguisher.BackDecals.Title.LetterPart ~(204.2, 3.5, -374.1).CFrame = 204.164688, 3.47439575, -374.084259, 0.616976261, -0.766015828, 0.180444807, 0.735222459, 0.64282167, 0.215007186, -0.280692786, 1.26027007e-05, 0.9597978   [was 204.164597, 3.47439575, -374.08432, 0.616976202, -0.766015887, 0.180444837, 0.735222578, 0.64282167, 0.215007216, -0.280692816, 1.26361847e-05, 0.9597978, 1 change(s)]
Rig                Rig.Fire Extinguisher.BackDecals.Title.LetterPart ~(204.2, 3.5, -374.0).CFrame = 204.181122, 3.49394226, -374.015503, 0.584938228, -0.766034007, 0.266531944, 0.697070539, 0.642800033, 0.317648649, -0.414656371, -1.33253197e-05, 0.909978032   [was 204.18103, 3.49394226, -374.015564, 0.584938169, -0.766034067, 0.266531944, 0.697070658, 0.642800033, 0.317648709, -0.414656401, -1.32918358e-05, 0.909978032, 1 change(s)]
Rig                Rig.Fire Extinguisher.BackDecals.Title.LetterPart ~(204.2, 3.5, -374.0) #2.CFrame = 204.203659, 3.52084351, -373.951141, 0.540903509, -0.766062796, 0.347233653, 0.64466393, 0.642765641, 0.41383642, -0.540214539, 3.42358362e-06, 0.841527343   [was 204.203568, 3.52084351, -373.951202, 0.540903449, -0.766062856, 0.347233653, 0.644664049, 0.642765641, 0.413836479, -0.540214539, 3.4570694e-06, 0.841527343, 1 change(s)]
Rig                Rig.Fire Extinguisher.BackDecals.Title.LetterPart ~(204.2, 3.5, -374.5).CFrame = 204.204132, 3.52139282, -374.504517, 0.539702713, -0.766053259, -0.349118054, 0.643214464, 0.642777085, -0.416068137, 0.543135405, -4.65284529e-06, 0.839645147   [was 204.204041, 3.52139282, -374.504578, 0.539702654, -0.766053319, -0.349117994, 0.643214583, 0.642777085, -0.416068196, 0.543135405, -4.61935997e-06, 0.839645147, 1 change(s)]
Rig                Rig.Fire Extinguisher.BackDecals.Title.LetterPart ~(204.2, 3.5, -374.4).CFrame = 204.181595, 3.49453735, -374.44043, 0.583990693, -0.766034544, -0.268599927, 0.695969701, 0.642799377, -0.320054621, 0.417828828, -2.85245042e-05, 0.908525765   [was 204.181503, 3.49453735, -374.440491, 0.583990633, -0.766034603, -0.268599868, 0.69596982, 0.642799377, -0.32005468, 0.417828798, -2.84910202e-05, 0.908525765, 1 change(s)]
Rig                Rig.Fire Extinguisher.BackDecals.Title.LetterPart ~(204.2, 3.5, -374.3).CFrame = 204.154984, 3.46282959, -374.300781, 0.636022866, -0.766078532, -0.0927295014, 0.7580598, 0.642746985, -0.110551015, 0.144292384, 1.84439541e-05, 0.989535093   [was 204.154892, 3.46282959, -374.300842, 0.636022806, -0.766078591, -0.0927294493, 0.758059919, 0.642746985, -0.110551029, 0.144292355, 1.84774399e-05, 0.989535093, 1 change(s)]
Rig                Rig.Fire Extinguisher.BackDecals.Union.CFrame = 204.333374, 3.59764099, -374.178864, 0.766065538, 3.74118281e-06, -0.642762363, -0.642762303, -8.10623078e-06, -0.766065478, -8.07274591e-06, 1, -3.81299105e-06   [was 204.333282, 3.59764099, -374.178925, 0.766065598, 3.78489494e-06, -0.642762303, -0.642762303, -8.10623169e-06, -0.766065598, -8.10623169e-06, 1, -3.78489494e-06, 1 change(s)]
Rig                Rig.Fire Extinguisher.BackDecals.Union ~(204.5, 3.5, -374.2).CFrame = 204.467377, 3.4850769, -374.178864, 0.766065538, 3.74118281e-06, -0.642762363, -0.642762303, -8.10623078e-06, -0.766065478, -8.07274591e-06, 1, -3.81299105e-06   [was 204.467285, 3.4850769, -374.178925, 0.766065598, 3.78489494e-06, -0.642762303, -0.642762303, -8.10623169e-06, -0.766065598, -8.10623169e-06, 1, -3.78489494e-06, 1 change(s)]
Rig                Rig.Fire Extinguisher.BackDecals.Part.CFrame = 204.67952, 3.03781128, -374.238647, 4.37113847e-08, -0.766064882, 0.642763317, 0, 0.642763317, 0.766064763, -1, -3.34857582e-08, 2.80960695e-08   [was 204.679428, 3.03781128, -374.238708, 0, -0.766064942, 0.642763257, 0, 0.642763317, 0.766064882, -1, 0, 0, 1 change(s)]
Rig                Rig.Fire Extinguisher.FrontDecals.Title.Part.CFrame = 204.764221, 4.18888855, -374.306824, 0.636415482, -0.766004145, 0.0906252488, 0.758358419, 0.642835498, 0.107957557, -0.140953034, 2.05301185e-05, 0.990016282   [was 204.76413, 4.18888855, -374.306885, 0.636415422, -0.766004205, 0.0906252861, 0.758358538, 0.642835498, 0.107957572, -0.140953064, 2.05636024e-05, 0.990016282, 1 change(s)]
Rig                Rig.Fire Extinguisher.FrontDecals.Title.Part ~(204.7, 4.1, -374.0).CFrame = 204.714813, 4.1300354, -373.957886, 0.539702713, -0.766053259, -0.349118054, 0.643214464, 0.642777085, -0.416068137, 0.543135405, -4.65284529e-06, 0.839645147   [was 204.714722, 4.1300354, -373.957947, 0.539702654, -0.766053319, -0.349117994, 0.643214583, 0.642777085, -0.416068196, 0.543135405, -4.61935997e-06, 0.839645147, 1 change(s)]
Rig                Rig.Fire Extinguisher.FrontDecals.Title.Part ~(204.8, 4.2, -374.4).CFrame = 204.754272, 4.17703247, -374.378113, 0.616976261, -0.766015828, 0.180444807, 0.735222459, 0.64282167, 0.215007186, -0.280692786, 1.26027007e-05, 0.9597978   [was 204.754181, 4.17703247, -374.378174, 0.616976202, -0.766015887, 0.180444837, 0.735222578, 0.64282167, 0.215007216, -0.280692816, 1.26361847e-05, 0.9597978, 1 change(s)]
Rig                Rig.Fire Extinguisher.FrontDecals.Title.Part ~(204.8, 4.2, -374.2).CFrame = 204.767426, 4.19273376, -374.2341, 0.64276123, -0.766065896, -0.00111971702, 0.766064763, 0.642762005, -0.00133034564, 0.00173881475, -2.80510176e-06, 0.999998629   [was 204.767334, 4.19273376, -374.234161, 0.642761171, -0.766065955, -0.00111967325, 0.766064882, 0.642762005, -0.00133034587, 0.0017387867, -2.77161598e-06, 0.999998629, 1 change(s)]
Rig                Rig.Fire Extinguisher.FrontDecals.Title.Part ~(204.8, 4.2, -374.2) #2.CFrame = 204.763977, 4.18861389, -374.161469, 0.636022866, -0.766078532, -0.0927295014, 0.7580598, 0.642746985, -0.110551015, 0.144292384, 1.84439541e-05, 0.989535093   [was 204.763885, 4.18861389, -374.16153, 0.636022806, -0.766078591, -0.0927294493, 0.758059919, 0.642746985, -0.110551029, 0.144292355, 1.84774399e-05, 0.989535093, 1 change(s)]
Rig                Rig.Fire Extinguisher.FrontDecals.Title.Part ~(204.7, 4.2, -374.0).CFrame = 204.737396, 4.15693665, -374.02179, 0.583990693, -0.766034544, -0.268599927, 0.695969701, 0.642799377, -0.320054621, 0.417828828, -2.85245042e-05, 0.908525765   [was 204.737305, 4.15693665, -374.021851, 0.583990633, -0.766034603, -0.268599868, 0.69596982, 0.642799377, -0.32005468, 0.417828798, -2.84910202e-05, 0.908525765, 1 change(s)]
Rig                Rig.Fire Extinguisher.FrontDecals.Title.Part ~(204.7, 4.1, -373.9).CFrame = 204.686539, 4.09634399, -373.899689, 0.484349102, -0.766073883, -0.422536224, 0.577285171, 0.642752469, -0.503597975, 0.657379389, -6.70920645e-06, 0.753559768   [was 204.686447, 4.09634399, -373.89975, 0.484349072, -0.766073942, -0.422536135, 0.57728529, 0.642752469, -0.503598094, 0.657379389, -6.67572021e-06, 0.753559768, 1 change(s)]
Rig                Rig.Fire Extinguisher.FrontDecals.Title.Part ~(204.7, 4.1, -374.6).CFrame = 204.68692, 4.09675598, -374.570129, 0.485907525, -0.766009033, 0.420861125, 0.578995943, 0.642829776, 0.501531005, -0.654719472, -2.08653073e-05, 0.755872011   [was 204.686829, 4.09675598, -374.57019, 0.485907435, -0.766009092, 0.420861125, 0.578996062, 0.642829776, 0.501531124, -0.654719472, -2.08318233e-05, 0.755872011, 1 change(s)]
Rig                Rig.Fire Extinguisher.FrontDecals.Title.Part ~(204.7, 4.1, -374.5).CFrame = 204.715256, 4.13052368, -374.51123, 0.540903509, -0.766062796, 0.347233653, 0.64466393, 0.642765641, 0.41383642, -0.540214539, 3.42358362e-06, 0.841527343   [was 204.715164, 4.13052368, -374.511292, 0.540903449, -0.766062856, 0.347233653, 0.644664049, 0.642765641, 0.413836479, -0.540214539, 3.4570694e-06, 0.841527343, 1 change(s)]
Rig                Rig.Fire Extinguisher.FrontDecals.Title.Part ~(204.7, 4.2, -374.4).CFrame = 204.737747, 4.15737915, -374.446777, 0.584938228, -0.766034007, 0.266531944, 0.697070539, 0.642800033, 0.317648649, -0.414656371, -1.33253197e-05, 0.909978032   [was 204.737656, 4.15737915, -374.446838, 0.584938169, -0.766034067, 0.266531944, 0.697070658, 0.642800033, 0.317648709, -0.414656401, -1.32918358e-05, 0.909978032, 1 change(s)]
Rig                Rig.Fire Extinguisher.FrontDecals.Title.Part ~(204.8, 4.1, -374.4).CFrame = 204.837616, 4.10603333, -374.420349, 0.593438089, -0.766038239, 0.247015446, 0.707224607, 0.642794967, 0.294360042, -0.384271324, 1.09315588e-05, 0.923220217   [was 204.837524, 4.10603333, -374.42041, 0.593438029, -0.766038299, 0.247015461, 0.707224727, 0.642794967, 0.294360101, -0.384271353, 1.09650437e-05, 0.923220217, 1 change(s)]
Rig                Rig.Fire Extinguisher.FrontDecals.Title.Part ~(204.8, 4.1, -374.5).CFrame = 204.824539, 4.0904541, -374.463196, 0.566483498, -0.766036928, 0.303782463, 0.67508471, 0.642796457, 0.362040281, -0.47260657, -1.09660377e-05, 0.881273508   [was 204.824448, 4.0904541, -374.463257, 0.566483438, -0.766036987, 0.303782463, 0.675084829, 0.642796457, 0.362040341, -0.472606599, -1.09325529e-05, 0.881273508, 1 change(s)]
Rig                Rig.Fire Extinguisher.FrontDecals.Title.Part ~(204.9, 4.1, -374.3).CFrame = 204.855423, 4.1272583, -374.329834, 0.630109549, -0.76604116, 0.127054423, 0.750932097, 0.64279145, 0.151393145, -0.197642893, 1.50166879e-05, 0.980274022   [was 204.855331, 4.1272583, -374.329895, 0.630109489, -0.766041219, 0.127054453, 0.750932217, 0.64279145, 0.151393175, -0.197642922, 1.50501728e-05, 0.980274022, 1 change(s)]
Rig                Rig.Fire Extinguisher.FrontDecals.Title.Part ~(204.8, 4.1, -374.4) #2.CFrame = 204.847931, 4.11831665, -374.375824, 0.614711583, -0.766028285, 0.187963709, 0.732547641, 0.642806768, 0.223993808, -0.292409867, 7.41376198e-07, 0.956293106   [was 204.847839, 4.11831665, -374.375885, 0.614711523, -0.766028345, 0.187963724, 0.73254776, 0.642806768, 0.223993838, -0.292409897, 7.74860382e-07, 0.956293106, 1 change(s)]
Rig                Rig.Fire Extinguisher.FrontDecals.Title.Part ~(204.8, 4.0, -374.6).CFrame = 204.770447, 4.02600098, -374.576447, 0.454550773, -0.766023636, 0.454523355, 0.541668296, 0.642812371, 0.541652501, -0.707091928, -7.66287849e-06, 0.70712167   [was 204.770355, 4.02600098, -374.576508, 0.454550683, -0.766023695, 0.454523325, 0.541668415, 0.642812371, 0.54165262, -0.707091928, -7.62939453e-06, 0.70712167, 1 change(s)]
Rig                Rig.Fire Extinguisher.FrontDecals.Title.Part ~(204.8, 4.0, -373.9).CFrame = 204.772156, 4.02801514, -373.893402, 0.457651466, -0.766041756, -0.451370329, 0.545452118, 0.642790675, -0.537867844, 0.702165961, -4.48859792e-05, 0.712013304   [was 204.772064, 4.02801514, -373.893463, 0.457651436, -0.766041815, -0.451370239, 0.545452237, 0.642790675, -0.537867963, 0.702165961, -4.48524952e-05, 0.712013304, 1 change(s)]
Rig                Rig.Fire Extinguisher.FrontDecals.Title.Part ~(204.8, 4.1, -374.5) #2.CFrame = 204.808929, 4.07182312, -374.503662, 0.534106672, -0.766072035, 0.357580543, 0.636575699, 0.642754674, 0.426189542, -0.556328535, -3.63956701e-06, 0.830962539   [was 204.808838, 4.07182312, -374.503723, 0.534106612, -0.766072094, 0.357580543, 0.636575818, 0.642754674, 0.426189601, -0.556328535, -3.60608101e-06, 0.830962539, 1 change(s)]
Rig                Rig.Fire Extinguisher.FrontDecals.Title.Part ~(204.8, 4.1, -374.5) #3.CFrame = 204.790802, 4.05026245, -374.541443, 0.496711761, -0.766029835, 0.408014178, 0.591971576, 0.642804921, 0.486180305, -0.634702206, 4.13917442e-05, 0.772756755   [was 204.79071, 4.05026245, -374.541504, 0.496711671, -0.766029894, 0.408014178, 0.591971695, 0.642804921, 0.486180365, -0.634702206, 4.14252281e-05, 0.772756755, 1 change(s)]
Rig                Rig.Fire Extinguisher.FrontDecals.Title.Part ~(204.8, 4.1, -374.0).CFrame = 204.825714, 4.09187317, -374.007202, 0.568582952, -0.766038299, -0.299831331, 0.677629948, 0.642794847, -0.357256532, 0.466402262, -4.47965722e-05, 0.884572744   [was 204.825623, 4.09187317, -374.007263, 0.568582892, -0.766038358, -0.299831271, 0.677630067, 0.642794847, -0.357256591, 0.466402233, -4.47630882e-05, 0.884572744, 1 change(s)]
Rig                Rig.Fire Extinguisher.FrontDecals.Title.Part ~(204.8, 4.1, -374.1).CFrame = 204.848572, 4.11906433, -374.094421, 0.615971148, -0.766067326, -0.183631241, 0.734140277, 0.642760277, -0.218854159, 0.285687834, -3.25213659e-06, 0.958322763   [was 204.84848, 4.11906433, -374.094482, 0.615971088, -0.766067386, -0.183631182, 0.734140396, 0.642760277, -0.218854189, 0.285687804, -3.21865082e-06, 0.958322763, 1 change(s)]
Rig                Rig.Fire Extinguisher.FrontDecals.Title.Part ~(204.8, 4.1, -373.9).CFrame = 204.792374, 4.05212402, -373.928558, 0.499551028, -0.766043484, -0.404507428, 0.595304728, 0.642788768, -0.482114881, 0.629333735, 3.57889076e-05, 0.777135193   [was 204.792282, 4.05212402, -373.928619, 0.499550998, -0.766043544, -0.404507339, 0.595304847, 0.642788768, -0.482114941, 0.629333735, 3.58223915e-05, 0.777135193, 1 change(s)]
Rig                Rig.Fire Extinguisher.FrontDecals.Title.Part ~(204.8, 4.1, -374.0) #2.CFrame = 204.810272, 4.07344055, -373.966583, 0.53664422, -0.766022682, -0.35386771, 0.639512062, 0.642813563, -0.421681046, 0.550488234, -1.0017262e-05, 0.83484298   [was 204.810181, 4.07344055, -373.966644, 0.536644161, -0.766022742, -0.35386765, 0.639512181, 0.642813563, -0.421681106, 0.550488234, -9.983778e-06, 0.83484298, 1 change(s)]
Rig                Rig.Fire Extinguisher.FrontDecals.Title.Part ~(204.9, 4.1, -374.2).CFrame = 204.861664, 4.13468933, -374.235138, 0.642757416, -0.766066492, 0.00224633631, 0.766061783, 0.64276123, 0.00266393973, -0.00348469778, 8.57938539e-06, 0.99999398   [was 204.861572, 4.13468933, -374.235199, 0.642757356, -0.766066551, 0.00224637985, 0.766061902, 0.64276123, 0.00266394019, -0.00348472595, 8.61287117e-06, 0.99999398, 1 change(s)]
Rig                Rig.Fire Extinguisher.FrontDecals.Title.Part ~(204.9, 4.1, -374.3) #2.CFrame = 204.859924, 4.13264465, -374.282715, 0.639487982, -0.766052783, 0.0649486408, 0.762135506, 0.642777622, 0.0773706883, -0.101017565, 2.20202328e-05, 0.99488467   [was 204.859833, 4.13264465, -374.282776, 0.639487922, -0.766052842, 0.064948678, 0.762135625, 0.642777622, 0.0773707032, -0.101017594, 2.20537186e-05, 0.99488467, 1 change(s)]
Rig                Rig.Fire Extinguisher.FrontDecals.Title.Part ~(204.9, 4.1, -374.1).CFrame = 204.855896, 4.12780762, -374.140686, 0.631021798, -0.766010761, -0.122633807, 0.751940966, 0.64282769, -0.146140724, 0.190777808, 4.58587647e-06, 0.981633306   [was 204.855804, 4.12780762, -374.140747, 0.631021738, -0.766010821, -0.122633755, 0.751941085, 0.64282769, -0.146140754, 0.190777779, 4.61935997e-06, 0.981633306, 1 change(s)]
Rig                Rig.Fire Extinguisher.FrontDecals.Title.Part ~(204.9, 4.1, -374.2) #2.CFrame = 204.860229, 4.13298035, -374.187683, 0.63994056, -0.766037822, -0.0605163462, 0.762638927, 0.642795444, -0.0720814914, 0.0941167772, -2.42329697e-05, 0.995561242   [was 204.860138, 4.13298035, -374.187744, 0.6399405, -0.766037881, -0.0605162978, 0.762639046, 0.642795444, -0.0720815063, 0.0941167474, -2.41994858e-05, 0.995561242, 1 change(s)]
Rig                Rig.Fire Extinguisher.FrontDecals.Union.CFrame = 204.796249, 3.87701416, -374.178864, -0.766065538, -3.82860571e-06, 0.642762363, 0.642762303, 8.10623078e-06, 0.766065478, -8.13971747e-06, 1, -3.75679883e-06   [was 204.796158, 3.87701416, -374.178925, -0.766065598, -3.78489494e-06, 0.642762303, 0.642762303, 8.10623169e-06, 0.766065598, -8.10623169e-06, 1, -3.78489494e-06, 1 change(s)]
Rig                Rig.Fire Extinguisher.FrontDecals.Part.CFrame = 205.216156, 3.79400635, -374.238617, -4.37113847e-08, -0.766064882, -0.642763376, 0, 0.642763317, -0.766064823, 1, -3.34857582e-08, -2.8096073e-08   [was 205.216064, 3.79400635, -374.238678, 0, -0.766064942, -0.642763317, 0, 0.642763317, -0.766064942, 1, 0, 0, 1 change(s)]
Rig                Rig.Fire Extinguisher.FrontDecals.Union ~(204.7, 4.0, -374.2).CFrame = 204.662216, 3.98959351, -374.178833, -0.766065538, -3.82860571e-06, 0.642762363, 0.642762303, 8.10623078e-06, 0.766065478, -8.13971747e-06, 1, -3.75679883e-06   [was 204.662125, 3.98959351, -374.178894, -0.766065598, -3.78489494e-06, 0.642762303, 0.642762303, 8.10623169e-06, 0.766065598, -8.10623169e-06, 1, -3.78489494e-06, 1 change(s)]
Rig                Rig.Fire Extinguisher.DecalPart.CFrame = 204.706436, 3.34213257, -373.785461, -0.271668255, -0.766066253, -0.582527995, -0.323731601, 0.642761528, -0.694301963, 0.906307995, -3.70926755e-05, -0.422617823   [was 204.706345, 3.34213257, -373.785522, -0.271668196, -0.766066313, -0.582527936, -0.323731661, 0.642761528, -0.694302082, 0.906307995, -3.70591879e-05, -0.422617793, 1 change(s)]
Rig                Rig.Fire Extinguisher.DecalPart ~(205.4, 3.0, -374.2).CFrame = 205.39772, 3.03808594, -374.238617, -0.766065538, -3.82860571e-06, 0.642762363, 0.642762303, 8.10623078e-06, 0.766065478, -8.13971747e-06, 1, -3.75679883e-06   [was 205.397629, 3.03808594, -374.238678, -0.766065598, -3.78489494e-06, 0.642762303, 0.642762303, 8.10623169e-06, 0.766065598, -8.10623169e-06, 1, -3.78489494e-06, 1 change(s)]
Rig                Rig.Fire Extinguisher.TextPart.CFrame = 204.73233, 3.3730011, -373.768799, -0.219832942, -0.766046524, -0.604025006, -0.261969149, 0.642785072, -0.719860613, 0.939705074, -1.31614079e-05, -0.341985941   [was 204.732239, 3.3730011, -373.76886, -0.219832882, -0.766046584, -0.604024947, -0.261969209, 0.642785072, -0.719860733, 0.939705074, -1.3127923e-05, -0.341985911, 1 change(s)]
Rig                Rig.Fire Extinguisher.DecalPart ~(204.9, 3.6, -374.7).CFrame = 204.925415, 3.60317993, -374.721558, 0.166380361, -0.766050041, 0.620874286, 0.198268384, 0.64278084, 0.739947498, -0.965922952, -1.29959699e-05, 0.258829653   [was 204.925323, 3.60317993, -374.721619, 0.166380301, -0.7660501, 0.620874226, 0.198268414, 0.64278084, 0.739947617, -0.965922952, -1.2962485e-05, 0.258829623, 1 change(s)]
Rig                Rig.Fire Extinguisher.Frame.CFrame = 204.76474, 3.53720093, -374.238434, -0.766065538, -3.82860571e-06, 0.642762363, 0.642762303, 8.10623078e-06, 0.766065478, -8.13971747e-06, 1, -3.75679883e-06   [was 204.764648, 3.53720093, -374.238495, -0.766065598, -3.78489494e-06, 0.642762303, 0.642762303, 8.10623169e-06, 0.766065598, -8.10623169e-06, 1, -3.78489494e-06, 1 change(s)]
Rig                Rig.Fire Extinguisher.DecalPart ~(204.7, 3.3, -374.7).CFrame = 204.706482, 3.34217834, -374.691772, -0.271668196, -0.766066253, 0.582527936, -0.323731601, 0.642761528, 0.694301963, -0.906307936, 3.70257003e-05, -0.422617763   [was 204.70639, 3.34217834, -374.691833, -0.271668196, -0.766066313, 0.582527876, -0.323731661, 0.642761528, 0.694302082, -0.906307936, 3.70591879e-05, -0.422617793, 1 change(s)]
Rig                Rig.Fire Extinguisher.TextPart ~(204.7, 3.4, -374.7).CFrame = 204.732346, 3.37301636, -374.708496, -0.219832867, -0.766046524, 0.604025066, -0.261969149, 0.642785072, 0.719860613, -0.939705133, 1.30944381e-05, -0.341985881   [was 204.732254, 3.37301636, -374.708557, -0.219832882, -0.766046584, 0.604025006, -0.261969209, 0.642785072, 0.719860733, -0.939705133, 1.3127923e-05, -0.341985911, 1 change(s)]
Rig                Rig.Fire Extinguisher.TextPart ~(205.0, 3.6, -374.7).CFrame = 204.952209, 3.63504028, -374.708466, 0.219832942, -0.766046524, 0.604025066, 0.261969149, 0.642785072, 0.719860613, -0.939705133, -1.31614079e-05, 0.341985941   [was 204.952118, 3.63504028, -374.708527, 0.219832882, -0.766046584, 0.604025006, 0.261969209, 0.642785072, 0.719860733, -0.939705133, -1.3127923e-05, 0.341985911, 1 change(s)]
Rig                Rig.Fire Extinguisher.NozzleNeon.CFrame = 204.383636, 4.59100342, -374.238281, 0.642756164, 4.0988125e-06, 0.766070783, 0.766070724, 1.13844862e-05, -0.642756104, -1.12967864e-05, 1, 4.17600904e-06   [was 204.383545, 4.59100342, -374.238342, 0.642756104, 4.14252281e-06, 0.766070843, 0.766070843, 1.13844872e-05, -0.642756104, -1.13248825e-05, 1, 4.14252281e-06, 1 change(s)]
Rig                Rig.Fire Extinguisher.DecalPart ~(205.0, 3.7, -374.7).CFrame = 204.978073, 3.6658783, -374.691742, 0.271668255, -0.766066253, 0.582527936, 0.323731601, 0.642761528, 0.694301963, -0.906307936, -3.70926755e-05, 0.422617823   [was 204.977982, 3.6658783, -374.691803, 0.271668196, -0.766066313, 0.582527876, 0.323731661, 0.642761528, 0.694302082, -0.906307936, -3.70591879e-05, 0.422617793, 1 change(s)]
Rig                Rig.Fire Extinguisher.TextPart ~(205.0, 3.6, -373.8).CFrame = 204.952179, 3.63500977, -373.768799, 0.219832867, -0.766046524, -0.604025006, 0.261969149, 0.642785072, -0.719860613, 0.939705074, 1.30944381e-05, 0.341985881   [was 204.952087, 3.63500977, -373.76886, 0.219832882, -0.766046584, -0.604024947, 0.261969209, 0.642785072, -0.719860733, 0.939705074, 1.3127923e-05, 0.341985911, 1 change(s)]
Rig                Rig.Fire Extinguisher.DecalPart ~(205.0, 3.7, -373.8).CFrame = 204.978043, 3.66583252, -373.785492, 0.271668196, -0.766066253, -0.582527995, 0.323731601, 0.642761528, -0.694301963, 0.906307995, 3.70257003e-05, 0.422617763   [was 204.977951, 3.66583252, -373.785553, 0.271668196, -0.766066313, -0.582527936, 0.323731661, 0.642761528, -0.694302082, 0.906307995, 3.70591879e-05, 0.422617793, 1 change(s)]
Rig                Rig.Fire Extinguisher.DecalPart ~(205.7, 2.8, -374.2).CFrame = 205.665726, 2.81300354, -374.238556, -0.766065538, -3.82860571e-06, 0.642762363, 0.642762303, 8.10623078e-06, 0.766065478, -8.13971747e-06, 1, -3.75679883e-06   [was 205.665634, 2.81300354, -374.238617, -0.766065598, -3.78489494e-06, 0.642762303, 0.642762303, 8.10623169e-06, 0.766065598, -8.10623169e-06, 1, -3.78489494e-06, 1 change(s)]
Rig                Rig.Fire Extinguisher.DecalPart ~(204.8, 3.4, -374.7).CFrame = 204.759109, 3.404953, -374.721558, -0.166380271, -0.766050041, 0.620874286, -0.198268384, 0.64278084, 0.739947498, -0.965922952, 1.29290001e-05, -0.258829594   [was 204.759018, 3.404953, -374.721619, -0.166380301, -0.7660501, 0.620874226, -0.198268414, 0.64278084, 0.739947617, -0.965922952, 1.2962485e-05, -0.258829623, 1 change(s)]
Rig                Rig.Fire Extinguisher.Neon.CFrame = 204.84227, 3.50401306, -374.238647, -0.766065538, -3.82860571e-06, 0.642762363, 0.642762303, 8.10623078e-06, 0.766065478, -8.13971747e-06, 1, -3.75679883e-06   [was 204.842178, 3.50401306, -374.238708, -0.766065598, -3.78489494e-06, 0.642762303, 0.642762303, 8.10623169e-06, 0.766065598, -8.10623169e-06, 1, -3.78489494e-06, 1 change(s)]
Rig                Rig.Fire Extinguisher.InnerNeon.CFrame = 205.235123, 3.17488098, -374.238281, -0.766065538, -3.82860571e-06, 0.642762363, 0.642762303, 8.10623078e-06, 0.766065478, -8.13971747e-06, 1, -3.75679883e-06   [was 205.235031, 3.17488098, -374.238342, -0.766065598, -3.78489494e-06, 0.642762303, 0.642762303, 8.10623169e-06, 0.766065598, -8.10623169e-06, 1, -3.78489494e-06, 1 change(s)]
Rig                Rig.Fire Extinguisher.Meshes/Halfcone.CFrame = 204.13382, 4.09880066, -374.238281, 0.642762363, -0.766065538, -8.14994382e-06, 0.766065478, 0.642762303, -3.78489403e-06, 8.1343278e-06, -3.81838072e-06, 1   [was 204.133728, 4.09880066, -374.238342, 0.642762303, -0.766065598, -8.10623169e-06, 0.766065598, 0.642762303, -3.78489494e-06, 8.10623169e-06, -3.78489494e-06, 1, 1 change(s)]
Rig                Rig.Fire Extinguisher.BodyAttach.CFrame = 203.762695, 4, -374.238281, -4.37113847e-08, 8.74227766e-08, -1, 0, 0.99999994, 8.74227766e-08, 1, 0, -4.37113812e-08   [was 203.762604, 4, -374.238342, 0, 0, -1, 0, 1, 0, 1, 0, 0, 1 change(s)]
Rig                Rig.Fire Extinguisher.DecalPart ~(204.9, 3.6, -373.8).CFrame = 204.925415, 3.60317993, -373.755737, 0.166380346, -0.76605016, -0.620874286, 0.198268473, 0.6427809, -0.739947557, 0.965922952, 1.28858219e-05, 0.258829713   [was 204.925323, 3.60317993, -373.755798, 0.166380376, -0.76605022, -0.620874226, 0.198268503, 0.6427809, -0.739947677, 0.965922952, 1.29193068e-05, 0.258829743, 1 change(s)]
Rig                Rig.Fire Extinguisher.DecalPart ~(204.8, 3.4, -373.8).CFrame = 204.759048, 3.40492249, -373.755615, -0.166380435, -0.76605016, -0.620874286, -0.198268473, 0.6427809, -0.739947557, 0.965922952, -1.29527916e-05, -0.258829772   [was 204.758957, 3.40492249, -373.755676, -0.166380376, -0.76605022, -0.620874226, -0.198268503, 0.6427809, -0.739947677, 0.965922952, -1.29193068e-05, -0.258829743, 1 change(s)]
Rig                Rig.Fire Extinguisher.DecalPart ~(205.6, 2.9, -374.2).CFrame = 205.598724, 2.86932373, -374.238647, -0.766065538, -3.82860571e-06, 0.642762363, 0.642762303, 8.10623078e-06, 0.766065478, -8.13971747e-06, 1, -3.75679883e-06   [was 205.598633, 2.86932373, -374.238708, -0.766065598, -3.78489494e-06, 0.642762303, 0.642762303, 8.10623169e-06, 0.766065598, -8.10623169e-06, 1, -3.78489494e-06, 1 change(s)]
Rig                Rig.Fire Extinguisher.SmoothBottom.CFrame = 205.876678, 2.63658142, -374.238342, -0.766065538, 3.82860571e-06, -0.642762363, 0.642762303, -8.10623078e-06, -0.766065478, -8.13971747e-06, -1, 3.75679883e-06   [was 205.876587, 2.63658142, -374.238403, -0.766065598, 3.78489494e-06, -0.642762303, 0.642762303, -8.10623169e-06, -0.766065598, -8.10623169e-06, -1, 3.78489494e-06, 1 change(s)]
Rig                Rig.Fire Extinguisher.DecalPart ~(205.5, 3.0, -374.2).CFrame = 205.464661, 2.98176575, -374.238617, -0.766065538, -3.82860571e-06, 0.642762363, 0.642762303, 8.10623078e-06, 0.766065478, -8.13971747e-06, 1, -3.75679883e-06   [was 205.464569, 2.98176575, -374.238678, -0.766065598, -3.78489494e-06, 0.642762303, 0.642762303, 8.10623169e-06, 0.766065598, -8.10623169e-06, 1, -3.78489494e-06, 1 change(s)]
Rig                Rig.HumanoidRootPart ~(203.8, 4.0, -375.7).CFrame = 203.762695, 4, -375.738281, -4.37113847e-08, 8.74227766e-08, -1, 0, 0.99999994, 8.74227766e-08, 1, 0, -4.37113812e-08   [was 203.762604, 4, -375.738342, 0, 0, -1, 0, 1, 0, 1, 0, 0, 1 change(s)]
Rig                Rig.Right Leg ~(203.8, 2.0, -375.2).CFrame = 203.762695, 2, -375.238281, -4.37113847e-08, 8.74227766e-08, -1, 0, 0.99999994, 8.74227766e-08, 1, 0, -4.37113812e-08   [was 203.762604, 2, -375.238342, 0, 0, -1, 0, 1, 0, 1, 0, 0, 1 change(s)]
Rig                Rig.Left Leg ~(203.8, 2.0, -376.2).CFrame = 203.762695, 2, -376.238281, -4.37113847e-08, 8.74227766e-08, -1, 0, 0.99999994, 8.74227766e-08, 1, 0, -4.37113812e-08   [was 203.762604, 2, -376.238342, 0, 0, -1, 0, 1, 0, 1, 0, 0, 1 change(s)]
Rig                Rig.Right Arm ~(203.8, 4.0, -374.2).CFrame = 203.762695, 4, -374.238281, -4.37113847e-08, 8.74227766e-08, -1, 0, 0.99999994, 8.74227766e-08, 1, 0, -4.37113812e-08   [was 203.762604, 4, -374.238342, 0, 0, -1, 0, 1, 0, 1, 0, 0, 1 change(s)]
Rig                Rig.Left Arm ~(203.8, 4.0, -377.2).CFrame = 203.762695, 4, -377.238281, -4.37113847e-08, 8.74227766e-08, -1, 0, 0.99999994, 8.74227766e-08, 1, 0, -4.37113812e-08   [was 203.762604, 4, -377.238342, 0, 0, -1, 0, 1, 0, 1, 0, 0, 1 change(s)]
Rig                Rig.Torso ~(203.8, 4.0, -375.7).CFrame = 203.762695, 4, -375.738281, -4.37113847e-08, 8.74227766e-08, -1, 0, 0.99999994, 8.74227766e-08, 1, 0, -4.37113812e-08   [was 203.762604, 4, -375.738342, 0, 0, -1, 0, 1, 0, 1, 0, 0, 1 change(s)]
Rig                Rig.Head ~(203.8, 5.5, -375.7).CFrame = 203.762695, 5.5, -375.738281, -4.37113847e-08, 8.74227766e-08, -1, 0, 0.99999994, 8.74227766e-08, 1, 0, -4.37113812e-08   [was 203.762604, 5.5, -375.738342, 0, 0, -1, 0, 1, 0, 1, 0, 0, 1 change(s)]
RoomLights         RoomLights.CRC1Lights.LightCell.LightModel.NeonPart.Color = 0, 0, 0   [was 0.972549, 0.972549, 0.972549, 2 change(s)]
RoomLights         RoomLights.CRC1Lights.LightCell.LightModel.NeonPart ~(464.1, 184.9, 22.3).Color = 0, 0, 0   [was 0.972549, 0.972549, 0.972549, 2 change(s)]
RoomLights         RoomLights.CRC1Lights.LightCell.LightModel.NeonPart ~(465.6, 184.9, 22.3).Color = 0, 0, 0   [was 0.972549, 0.972549, 0.972549, 2 change(s)]
RoomLights         RoomLights.CRC1Lights.LightCell.LightModel.NeonPart ~(465.6, 184.9, -0.7).Color = 0, 0, 0   [was 0.972549, 0.972549, 0.972549, 2 change(s)]
RoomLights         RoomLights.CRC1Lights.LightCell.LightModel.NeonPart ~(467.1, 184.9, -0.7).Color = 0, 0, 0   [was 0.972549, 0.972549, 0.972549, 2 change(s)]
RoomLights         RoomLights.CRC1Lights.LightCell.LightModel.NeonPart ~(464.1, 184.9, -0.7).Color = 0, 0, 0   [was 0.972549, 0.972549, 0.972549, 2 change(s)]
RoomLights         RoomLights.CRC1Lights.LightCell.LightModel.NeonPart ~(467.1, 184.9, -23.7).Color = 0, 0, 0   [was 0.972549, 0.972549, 0.972549, 2 change(s)]
RoomLights         RoomLights.CRC1Lights.LightCell.LightModel.NeonPart ~(464.1, 184.9, -23.7).Color = 0, 0, 0   [was 0.972549, 0.972549, 0.972549, 2 change(s)]
RoomLights         RoomLights.CRC1Lights.LightCell.LightModel.NeonPart ~(465.6, 184.9, -23.7).Color = 0, 0, 0   [was 0.972549, 0.972549, 0.972549, 2 change(s)]
RoomLights         RoomLights.CRC1Lights.LightCell.LightPart.Color = 0, 0, 0   [was 1, 1, 0, 1 change(s)]
RoomLights         RoomLights.CRC1Lights.LightCell.LightPart.SurfaceLight.Enabled = false   [was true, 1 change(s)]
RoomLights         RoomLights.CRC1Lights.LightCell.LightModel.NeonPart ~(447.6, 184.9, 22.3).Color = 0, 0, 0   [was 0.972549, 0.972549, 0.972549, 2 change(s)]
RoomLights         RoomLights.CRC1Lights.LightCell.LightModel.NeonPart ~(449.1, 184.9, 22.3).Color = 0, 0, 0   [was 0.972549, 0.972549, 0.972549, 2 change(s)]
RoomLights         RoomLights.CRC1Lights.LightCell.LightModel.NeonPart ~(450.6, 184.9, 22.3).Color = 0, 0, 0   [was 0.972549, 0.972549, 0.972549, 2 change(s)]
RoomLights         RoomLights.CRC1Lights.LightCell.LightModel.NeonPart ~(447.6, 184.9, -0.7).Color = 0, 0, 0   [was 0.972549, 0.972549, 0.972549, 2 change(s)]
RoomLights         RoomLights.CRC1Lights.LightCell.LightModel.NeonPart ~(449.1, 184.9, -0.7).Color = 0, 0, 0   [was 0.972549, 0.972549, 0.972549, 2 change(s)]
RoomLights         RoomLights.CRC1Lights.LightCell.LightModel.NeonPart ~(450.6, 184.9, -0.7).Color = 0, 0, 0   [was 0.972549, 0.972549, 0.972549, 2 change(s)]
RoomLights         RoomLights.CRC1Lights.LightCell.LightModel.NeonPart ~(447.6, 184.9, -23.7).Color = 0, 0, 0   [was 0.972549, 0.972549, 0.972549, 2 change(s)]
RoomLights         RoomLights.CRC1Lights.LightCell.LightModel.NeonPart ~(450.6, 184.9, -23.7).Color = 0, 0, 0   [was 0.972549, 0.972549, 0.972549, 2 change(s)]
RoomLights         RoomLights.CRC1Lights.LightCell.LightModel.NeonPart ~(449.1, 184.9, -23.7).Color = 0, 0, 0   [was 0.972549, 0.972549, 0.972549, 2 change(s)]
RoomLights         RoomLights.CRC1Lights.LightCell.LightPart ~(449.1, 184.2, -0.7).Color = 0, 0, 0   [was 1, 1, 0, 1 change(s)]
RoomLights         RoomLights.CRC1Lights.LightCell.LightPart.SurfaceLight #2.Enabled = false   [was true, 1 change(s)]
RoomLights         RoomLights.CRC1Lights.LightCell.LightModel.NeonPart ~(434.1, 184.9, 22.3).Color = 0, 0, 0   [was 0.972549, 0.972549, 0.972549, 2 change(s)]
RoomLights         RoomLights.CRC1Lights.LightCell.LightModel.NeonPart ~(431.1, 184.9, 22.3).Color = 0, 0, 0   [was 0.972549, 0.972549, 0.972549, 2 change(s)]
RoomLights         RoomLights.CRC1Lights.LightCell.LightModel.NeonPart ~(432.6, 184.9, 22.3).Color = 0, 0, 0   [was 0.972549, 0.972549, 0.972549, 2 change(s)]
RoomLights         RoomLights.CRC1Lights.LightCell.LightModel.NeonPart ~(432.6, 184.9, -0.7).Color = 0, 0, 0   [was 0.972549, 0.972549, 0.972549, 2 change(s)]
RoomLights         RoomLights.CRC1Lights.LightCell.LightModel.NeonPart ~(434.1, 184.9, -0.7).Color = 0, 0, 0   [was 0.972549, 0.972549, 0.972549, 2 change(s)]
RoomLights         RoomLights.CRC1Lights.LightCell.LightModel.NeonPart ~(431.1, 184.9, -0.7).Color = 0, 0, 0   [was 0.972549, 0.972549, 0.972549, 2 change(s)]
RoomLights         RoomLights.CRC1Lights.LightCell.LightModel.NeonPart ~(432.6, 184.9, -23.7).Color = 0, 0, 0   [was 0.972549, 0.972549, 0.972549, 2 change(s)]
RoomLights         RoomLights.CRC1Lights.LightCell.LightModel.NeonPart ~(434.1, 184.9, -23.7).Color = 0, 0, 0   [was 0.972549, 0.972549, 0.972549, 2 change(s)]
RoomLights         RoomLights.CRC1Lights.LightCell.LightModel.NeonPart ~(431.1, 184.9, -23.7).Color = 0, 0, 0   [was 0.972549, 0.972549, 0.972549, 2 change(s)]
RoomLights         RoomLights.CRC1Lights.LightCell.LightPart ~(432.6, 184.2, -0.7).Color = 0, 0, 0   [was 1, 1, 0, 1 change(s)]
RoomLights         RoomLights.CRC1Lights.LightCell.LightPart.SurfaceLight #3.Enabled = false   [was true, 1 change(s)]
RoomLights         RoomLights.CRC1Lights.LightCell.LightModel.NeonPart ~(414.6, 184.9, -23.7).Color = 0, 0, 0   [was 0.972549, 0.972549, 0.972549, 2 change(s)]
RoomLights         RoomLights.CRC1Lights.LightCell.LightModel.NeonPart ~(417.6, 184.9, -23.7).Color = 0, 0, 0   [was 0.972549, 0.972549, 0.972549, 2 change(s)]
RoomLights         RoomLights.CRC1Lights.LightCell.LightModel.NeonPart ~(416.1, 184.9, -23.7).Color = 0, 0, 0   [was 0.972549, 0.972549, 0.972549, 2 change(s)]
RoomLights         RoomLights.CRC1Lights.LightCell.LightModel.NeonPart ~(416.1, 184.9, -0.7).Color = 0, 0, 0   [was 0.972549, 0.972549, 0.972549, 2 change(s)]
RoomLights         RoomLights.CRC1Lights.LightCell.LightModel.NeonPart ~(417.6, 184.9, -0.7).Color = 0, 0, 0   [was 0.972549, 0.972549, 0.972549, 2 change(s)]
RoomLights         RoomLights.CRC1Lights.LightCell.LightModel.NeonPart ~(414.6, 184.9, -0.7).Color = 0, 0, 0   [was 0.972549, 0.972549, 0.972549, 2 change(s)]
RoomLights         RoomLights.CRC1Lights.LightCell.LightModel.NeonPart ~(414.6, 184.9, 22.3).Color = 0, 0, 0   [was 0.972549, 0.972549, 0.972549, 2 change(s)]
RoomLights         RoomLights.CRC1Lights.LightCell.LightModel.NeonPart ~(417.6, 184.9, 22.3).Color = 0, 0, 0   [was 0.972549, 0.972549, 0.972549, 2 change(s)]
RoomLights         RoomLights.CRC1Lights.LightCell.LightModel.NeonPart ~(416.1, 184.9, 22.3).Color = 0, 0, 0   [was 0.972549, 0.972549, 0.972549, 2 change(s)]
RoomLights         RoomLights.CRC1Lights.LightCell.LightPart ~(416.1, 184.2, -0.7).Color = 0, 0, 0   [was 1, 1, 0, 1 change(s)]
RoomLights         RoomLights.CRC1Lights.LightCell.LightPart.SurfaceLight #4.Enabled = false   [was true, 1 change(s)]
RoomLights         RoomLights.CRC1Lights.LightCell.LightModel.NeonPart ~(398.6, 184.9, -0.7).Color = 0, 0, 0   [was 0.972549, 0.972549, 0.972549, 2 change(s)]
RoomLights         RoomLights.CRC1Lights.LightCell.LightModel.NeonPart ~(397.1, 184.9, -0.7).Color = 0, 0, 0   [was 0.972549, 0.972549, 0.972549, 2 change(s)]
RoomLights         RoomLights.CRC1Lights.LightCell.LightModel.NeonPart ~(400.1, 184.9, -0.7).Color = 0, 0, 0   [was 0.972549, 0.972549, 0.972549, 2 change(s)]
RoomLights         RoomLights.CRC1Lights.LightCell.LightPart ~(398.6, 184.2, -0.7).Color = 0, 0, 0   [was 1, 1, 0, 1 change(s)]
RoomLights         RoomLights.CRC1Lights.LightCell.LightPart.SurfaceLight #5.Enabled = false   [was true, 1 change(s)]
RoomLights         RoomLights.CRC1Lights.LightCell.LightModel.NeonPart ~(401.4, 185.3, -32.0).Color = 0, 0, 0   [was 0.972549, 0.972549, 0.972549, 2 change(s)]
RoomLights         RoomLights.CRC1Lights.LightCell.LightPart ~(401.4, 184.2, -32.0).Color = 0, 0, 0   [was 1, 1, 0, 1 change(s)]
RoomLights         RoomLights.CRC1Lights.LightCell.LightPart.SurfaceLight #6.Enabled = false   [was true, 1 change(s)]
RoomLights         RoomLights.CRC1Lights.LightCell.LightModel.NeonPart ~(401.4, 185.3, 30.7).Color = 0, 0, 0   [was 0.972549, 0.972549, 0.972549, 2 change(s)]
RoomLights         RoomLights.CRC1Lights.LightCell.LightPart ~(401.4, 184.2, 30.7).Color = 0, 0, 0   [was 1, 1, 0, 1 change(s)]
RoomLights         RoomLights.CRC1Lights.LightCell.LightPart.SurfaceLight #7.Enabled = false   [was true, 1 change(s)]
RoomLights         RoomLights.CRC1Lights.LightCell.LightModel.NeonPart ~(482.1, 184.9, 22.3).Color = 0, 0, 0   [was 0.972549, 0.972549, 0.972549, 2 change(s)]
RoomLights         RoomLights.CRC1Lights.LightCell.LightModel.NeonPart ~(483.6, 184.9, 22.3).Color = 0, 0, 0   [was 0.972549, 0.972549, 0.972549, 2 change(s)]
RoomLights         RoomLights.CRC1Lights.LightCell.LightModel.NeonPart ~(480.6, 184.9, 22.3).Color = 0, 0, 0   [was 0.972549, 0.972549, 0.972549, 2 change(s)]
RoomLights         RoomLights.CRC1Lights.LightCell.LightModel.NeonPart ~(482.1, 184.9, -0.7).Color = 0, 0, 0   [was 0.972549, 0.972549, 0.972549, 2 change(s)]
RoomLights         RoomLights.CRC1Lights.LightCell.LightModel.NeonPart ~(483.6, 184.9, -0.7).Color = 0, 0, 0   [was 0.972549, 0.972549, 0.972549, 2 change(s)]
RoomLights         RoomLights.CRC1Lights.LightCell.LightModel.NeonPart ~(480.6, 184.9, -0.7).Color = 0, 0, 0   [was 0.972549, 0.972549, 0.972549, 2 change(s)]
RoomLights         RoomLights.CRC1Lights.LightCell.LightModel.NeonPart ~(483.6, 184.9, -23.7).Color = 0, 0, 0   [was 0.972549, 0.972549, 0.972549, 2 change(s)]
RoomLights         RoomLights.CRC1Lights.LightCell.LightModel.NeonPart ~(480.6, 184.9, -23.7).Color = 0, 0, 0   [was 0.972549, 0.972549, 0.972549, 2 change(s)]
RoomLights         RoomLights.CRC1Lights.LightCell.LightModel.NeonPart ~(482.1, 184.9, -23.7).Color = 0, 0, 0   [was 0.972549, 0.972549, 0.972549, 2 change(s)]
RoomLights         RoomLights.CRC1Lights.LightCell.LightPart ~(482.1, 184.2, -0.7).Color = 0, 0, 0   [was 1, 1, 0, 1 change(s)]
RoomLights         RoomLights.CRC1Lights.LightCell.LightPart.SurfaceLight #8.Enabled = false   [was true, 1 change(s)]
RoomLights         RoomLights.CRC1Lights.LightCell.LightModel.NeonPart ~(498.6, 184.9, 22.3).Color = 0, 0, 0   [was 0.972549, 0.972549, 0.972549, 2 change(s)]
RoomLights         RoomLights.CRC1Lights.LightCell.LightModel.NeonPart ~(500.1, 184.9, 22.3).Color = 0, 0, 0   [was 0.972549, 0.972549, 0.972549, 2 change(s)]
RoomLights         RoomLights.CRC1Lights.LightCell.LightModel.NeonPart ~(497.1, 184.9, 22.3).Color = 0, 0, 0   [was 0.972549, 0.972549, 0.972549, 2 change(s)]
RoomLights         RoomLights.CRC1Lights.LightCell.LightModel.NeonPart ~(498.6, 184.9, -0.7).Color = 0, 0, 0   [was 0.972549, 0.972549, 0.972549, 2 change(s)]
RoomLights         RoomLights.CRC1Lights.LightCell.LightModel.NeonPart ~(500.1, 184.9, -0.7).Color = 0, 0, 0   [was 0.972549, 0.972549, 0.972549, 2 change(s)]
RoomLights         RoomLights.CRC1Lights.LightCell.LightModel.NeonPart ~(497.1, 184.9, -0.7).Color = 0, 0, 0   [was 0.972549, 0.972549, 0.972549, 2 change(s)]
RoomLights         RoomLights.CRC1Lights.LightCell.LightModel.NeonPart ~(497.1, 184.9, -23.7).Color = 0, 0, 0   [was 0.972549, 0.972549, 0.972549, 2 change(s)]
RoomLights         RoomLights.CRC1Lights.LightCell.LightModel.NeonPart ~(500.1, 184.9, -23.7).Color = 0, 0, 0   [was 0.972549, 0.972549, 0.972549, 2 change(s)]
RoomLights         RoomLights.CRC1Lights.LightCell.LightModel.NeonPart ~(498.6, 184.9, -23.7).Color = 0, 0, 0   [was 0.972549, 0.972549, 0.972549, 2 change(s)]
RoomLights         RoomLights.CRC1Lights.LightCell.LightPart ~(498.6, 184.2, -0.7).Color = 0, 0, 0   [was 1, 1, 0, 1 change(s)]
RoomLights         RoomLights.CRC1Lights.LightCell.LightPart.SurfaceLight #9.Enabled = false   [was true, 1 change(s)]
RoomLights         RoomLights.CRC1Lights.LightCell.LightModel.NeonPart ~(517.6, 184.9, -14.7).Color = 0, 0, 0   [was 0.972549, 0.972549, 0.972549, 2 change(s)]
RoomLights         RoomLights.CRC1Lights.LightCell.LightModel.NeonPart ~(514.6, 184.9, -14.7).Color = 0, 0, 0   [was 0.972549, 0.972549, 0.972549, 2 change(s)]
RoomLights         RoomLights.CRC1Lights.LightCell.LightModel.NeonPart ~(516.1, 184.9, -14.7).Color = 0, 0, 0   [was 0.972549, 0.972549, 0.972549, 2 change(s)]
RoomLights         RoomLights.CRC1Lights.LightCell.LightModel.NeonPart ~(517.6, 184.9, 13.3).Color = 0, 0, 0   [was 0.972549, 0.972549, 0.972549, 2 change(s)]
RoomLights         RoomLights.CRC1Lights.LightCell.LightModel.NeonPart ~(514.6, 184.9, 13.3).Color = 0, 0, 0   [was 0.972549, 0.972549, 0.972549, 2 change(s)]
RoomLights         RoomLights.CRC1Lights.LightCell.LightModel.NeonPart ~(516.1, 184.9, 13.3).Color = 0, 0, 0   [was 0.972549, 0.972549, 0.972549, 2 change(s)]
RoomLights         RoomLights.CRC1Lights.LightCell.LightPart ~(516.1, 184.2, -0.7).Color = 0, 0, 0   [was 1, 1, 0, 1 change(s)]
RoomLights         RoomLights.CRC1Lights.LightCell.LightPart.SurfaceLight #10.Enabled = false   [was true, 1 change(s)]
RoomLights         RoomLights.CRC1Lights.LightCell.LightModel.NeonPart ~(533.6, 184.9, -14.7).Color = 0, 0, 0   [was 0.972549, 0.972549, 0.972549, 2 change(s)]
RoomLights         RoomLights.CRC1Lights.LightCell.LightModel.NeonPart ~(536.6, 184.9, -14.7).Color = 0, 0, 0   [was 0.972549, 0.972549, 0.972549, 2 change(s)]
RoomLights         RoomLights.CRC1Lights.LightCell.LightModel.NeonPart ~(535.1, 184.9, -14.7).Color = 0, 0, 0   [was 0.972549, 0.972549, 0.972549, 2 change(s)]
RoomLights         RoomLights.CRC1Lights.LightCell.LightModel.NeonPart ~(535.1, 184.9, 13.3).Color = 0, 0, 0   [was 0.972549, 0.972549, 0.972549, 2 change(s)]
RoomLights         RoomLights.CRC1Lights.LightCell.LightModel.NeonPart ~(536.6, 184.9, 13.3).Color = 0, 0, 0   [was 0.972549, 0.972549, 0.972549, 2 change(s)]
RoomLights         RoomLights.CRC1Lights.LightCell.LightModel.NeonPart ~(533.6, 184.9, 13.3).Color = 0, 0, 0   [was 0.972549, 0.972549, 0.972549, 2 change(s)]
RoomLights         RoomLights.CRC1Lights.LightCell.LightPart ~(535.1, 184.2, -0.7).Color = 0, 0, 0   [was 1, 1, 0, 1 change(s)]
RoomLights         RoomLights.CRC1Lights.LightCell.LightPart.SurfaceLight #11.Enabled = false   [was true, 1 change(s)]
RoomLights         RoomLights.ControlRoomLights.LightCell.LightModel.NeonPart.Color = 0, 0, 0   [was 0.0666667, 0.0666667, 0.0666667, 2 change(s)]
RoomLights         RoomLights.ControlRoomLights.LightCell.LightModel.NeonPart ~(126.0, 297.9, -28.7).Color = 0, 0, 0   [was 0.0666667, 0.0666667, 0.0666667, 2 change(s)]
RoomLights         RoomLights.ControlRoomLights.LightCell.LightPart.Color = 0, 0, 0   [was 0.0666667, 0.0666667, 0.0666667, 1 change(s)]
RoomLights         RoomLights.ControlRoomLights.LightCell.LightPart.SurfaceLight.Enabled = false   [was false, 2 change(s)]
RoomLights         RoomLights.ControlRoomLights.LightCell.LightModel.NeonPart ~(126.0, 297.9, 19.3).Color = 0, 0, 0   [was 0.0666667, 0.0666667, 0.0666667, 2 change(s)]
RoomLights         RoomLights.ControlRoomLights.LightCell.LightModel.NeonPart ~(126.0, 297.9, 27.3).Color = 0, 0, 0   [was 0.0666667, 0.0666667, 0.0666667, 2 change(s)]
RoomLights         RoomLights.ControlRoomLights.LightCell.LightPart ~(126.0, 297.6, 23.3).Color = 0, 0, 0   [was 0.0666667, 0.0666667, 0.0666667, 1 change(s)]
RoomLights         RoomLights.ControlRoomLights.LightCell.LightPart.SurfaceLight #2.Enabled = false   [was false, 2 change(s)]
RoomLights         RoomLights.ControlRoomLights.LightCell.LightModel.NeonPart ~(126.0, 297.9, -8.7).Color = 0, 0, 0   [was 0.0666667, 0.0666667, 0.0666667, 2 change(s)]
RoomLights         RoomLights.ControlRoomLights.LightCell.LightModel.NeonPart ~(126.0, 297.9, -0.7).Color = 0, 0, 0   [was 0.0666667, 0.0666667, 0.0666667, 2 change(s)]
RoomLights         RoomLights.ControlRoomLights.LightCell.LightModel.NeonPart ~(126.0, 297.9, 7.3).Color = 0, 0, 0   [was 0.0666667, 0.0666667, 0.0666667, 2 change(s)]
RoomLights         RoomLights.ControlRoomLights.LightCell.LightPart ~(126.0, 297.6, -0.7).Color = 0, 0, 0   [was 0.0666667, 0.0666667, 0.0666667, 1 change(s)]
RoomLights         RoomLights.ControlRoomLights.LightCell.LightPart.SurfaceLight #3.Enabled = false   [was false, 2 change(s)]
RoomLights         RoomLights.ControlRoomLights.LightCell.LightModel.NeonPart ~(138.0, 297.9, -0.7).Color = 0, 0, 0   [was 0.0666667, 0.0666667, 0.0666667, 2 change(s)]
RoomLights         RoomLights.ControlRoomLights.LightCell.LightModel.NeonPart ~(138.0, 297.9, 7.3).Color = 0, 0, 0   [was 0.0666667, 0.0666667, 0.0666667, 2 change(s)]
RoomLights         RoomLights.ControlRoomLights.LightCell.LightModel.NeonPart ~(138.0, 297.9, -8.7).Color = 0, 0, 0   [was 0.0666667, 0.0666667, 0.0666667, 2 change(s)]
RoomLights         RoomLights.ControlRoomLights.LightCell.LightPart ~(138.0, 297.6, -0.7).Color = 0, 0, 0   [was 0.0666667, 0.0666667, 0.0666667, 1 change(s)]
RoomLights         RoomLights.ControlRoomLights.LightCell.LightPart.SurfaceLight #4.Enabled = false   [was false, 2 change(s)]
RoomLights         RoomLights.ControlRoomLights.LightCell.LightModel.NeonPart ~(114.0, 297.9, -8.7).Color = 0, 0, 0   [was 0.0666667, 0.0666667, 0.0666667, 2 change(s)]
RoomLights         RoomLights.ControlRoomLights.LightCell.LightModel.NeonPart ~(114.0, 297.9, -0.7).Color = 0, 0, 0   [was 0.0666667, 0.0666667, 0.0666667, 2 change(s)]
RoomLights         RoomLights.ControlRoomLights.LightCell.LightModel.NeonPart ~(114.0, 297.9, 7.3).Color = 0, 0, 0   [was 0.0666667, 0.0666667, 0.0666667, 2 change(s)]
RoomLights         RoomLights.ControlRoomLights.LightCell.LightPart ~(114.0, 297.6, -0.7).Color = 0, 0, 0   [was 0.0666667, 0.0666667, 0.0666667, 1 change(s)]
RoomLights         RoomLights.ControlRoomLights.LightCell.LightPart.SurfaceLight #5.Enabled = false   [was false, 2 change(s)]
RoomLights         RoomLights.ControlRoomLights.LightCell.LightModel.NeonPart ~(114.0, 297.9, 19.3).Color = 0, 0, 0   [was 0.0666667, 0.0666667, 0.0666667, 2 change(s)]
RoomLights         RoomLights.ControlRoomLights.LightCell.LightModel.NeonPart ~(114.0, 297.9, 27.3).Color = 0, 0, 0   [was 0.0666667, 0.0666667, 0.0666667, 2 change(s)]
RoomLights         RoomLights.ControlRoomLights.LightCell.LightPart ~(114.0, 297.6, 23.3).Color = 0, 0, 0   [was 0.0666667, 0.0666667, 0.0666667, 1 change(s)]
RoomLights         RoomLights.ControlRoomLights.LightCell.LightPart.SurfaceLight #6.Enabled = false   [was false, 2 change(s)]
RoomLights         RoomLights.ControlRoomLights.LightCell.LightModel.NeonPart ~(102.0, 297.9, -8.7).Color = 0, 0, 0   [was 0.0666667, 0.0666667, 0.0666667, 2 change(s)]
RoomLights         RoomLights.ControlRoomLights.LightCell.LightModel.NeonPart ~(102.0, 297.9, -0.7).Color = 0, 0, 0   [was 0.0666667, 0.0666667, 0.0666667, 2 change(s)]
RoomLights         RoomLights.ControlRoomLights.LightCell.LightModel.NeonPart ~(102.0, 297.9, 7.3).Color = 0, 0, 0   [was 0.0666667, 0.0666667, 0.0666667, 2 change(s)]
RoomLights         RoomLights.ControlRoomLights.LightCell.LightPart ~(102.0, 297.6, -0.7).Color = 0, 0, 0   [was 0.0666667, 0.0666667, 0.0666667, 1 change(s)]
RoomLights         RoomLights.ControlRoomLights.LightCell.LightPart.SurfaceLight #7.Enabled = false   [was false, 2 change(s)]
RoomLights         RoomLights.ControlRoomLights.LightCell.LightModel.NeonPart ~(114.0, 297.9, -28.7).Color = 0, 0, 0   [was 0.0666667, 0.0666667, 0.0666667, 2 change(s)]
RoomLights         RoomLights.ControlRoomLights.LightCell.LightModel.NeonPart ~(114.0, 297.9, -20.7).Color = 0, 0, 0   [was 0.0666667, 0.0666667, 0.0666667, 2 change(s)]
RoomLights         RoomLights.ControlRoomLights.LightCell.LightPart ~(114.0, 297.6, -24.5).Color = 0, 0, 0   [was 0.0666667, 0.0666667, 0.0666667, 1 change(s)]
RoomLights         RoomLights.ControlRoomLights.LightCell.LightPart.SurfaceLight #8.Enabled = false   [was false, 2 change(s)]
RoomLights         RoomLights.SynthRoomLight.LightCell.LightModel.NeonPart.Color = 0, 0, 0   [was 0.972549, 0.972549, 0.972549, 2 change(s)]
RoomLights         RoomLights.SynthRoomLight.LightCell.LightPart.Color = 0, 0, 0   [was 1, 1, 1, 1 change(s)]
RoomLights         RoomLights.SynthRoomLight.LightCell.LightPart.SurfaceLight.Enabled = false   [was true, 1 change(s)]
RoomLights         RoomLights.SynthRoomLight.LightCell.LightModel.NeonPart ~(232.2, 265.0, -49.5).Color = 0, 0, 0   [was 0.972549, 0.972549, 0.972549, 2 change(s)]
RoomLights         RoomLights.SynthRoomLight.LightCell.LightPart ~(229.7, 264.9, -49.5).Color = 0, 0, 0   [was 1, 1, 1, 1 change(s)]
RoomLights         RoomLights.SynthRoomLight.LightCell.LightPart.SurfaceLight #2.Enabled = false   [was true, 1 change(s)]
RoomLights         RoomLights.SynthRoomLight.LightCell.LightModel.NeonPart ~(234.5, 265.0, -45.5).Color = 0, 0, 0   [was 0.972549, 0.972549, 0.972549, 2 change(s)]
RoomLights         RoomLights.SynthRoomLight.LightCell.LightPart ~(233.2, 264.9, -43.3).Color = 0, 0, 0   [was 1, 1, 1, 1 change(s)]
RoomLights         RoomLights.SynthRoomLight.LightCell.LightPart.SurfaceLight #3.Enabled = false   [was true, 1 change(s)]
RoomLights         RoomLights.SynthRoomLight.LightCell.LightModel.NeonPart ~(239.0, 265.0, -45.5).Color = 0, 0, 0   [was 0.972549, 0.972549, 0.972549, 2 change(s)]
RoomLights         RoomLights.SynthRoomLight.LightCell.LightPart ~(240.3, 264.9, -43.3).Color = 0, 0, 0   [was 1, 1, 1, 1 change(s)]
RoomLights         RoomLights.SynthRoomLight.LightCell.LightPart.SurfaceLight #4.Enabled = false   [was true, 1 change(s)]
RoomLights         RoomLights.SynthRoomLight.LightCell.LightModel.NeonPart ~(234.5, 265.0, -53.4).Color = 0, 0, 0   [was 0.972549, 0.972549, 0.972549, 2 change(s)]
RoomLights         RoomLights.SynthRoomLight.LightCell.LightPart ~(233.2, 264.9, -55.6).Color = 0, 0, 0   [was 1, 1, 1, 1 change(s)]
RoomLights         RoomLights.SynthRoomLight.LightCell.LightPart.SurfaceLight #5.Enabled = false   [was true, 1 change(s)]
RoomLights         RoomLights.SynthRoomLight.LightCell.LightModel.NeonPart ~(241.3, 265.0, -49.5).Color = 0, 0, 0   [was 0.972549, 0.972549, 0.972549, 2 change(s)]
RoomLights         RoomLights.SynthRoomLight.LightCell.LightPart ~(243.8, 264.9, -49.5).Color = 0, 0, 0   [was 1, 1, 1, 1 change(s)]
RoomLights         RoomLights.SynthRoomLight.LightCell.LightPart.SurfaceLight #6.Enabled = false   [was true, 1 change(s)]
RoomLights         RoomLights.SynthRoomLight.LightCell.LightModel.NeonPart ~(179.1, 147.3, -4.6).Color = 0, 0, 0   [was 0.972549, 0.972549, 0.972549, 2 change(s)]
RoomLights         RoomLights.SynthRoomLight.LightCell.LightPart ~(177.9, 147.2, -6.8).Color = 0, 0, 0   [was 1, 1, 1, 1 change(s)]
RoomLights         RoomLights.SynthRoomLight.LightCell.LightPart.SurfaceLight #7.Enabled = false   [was true, 1 change(s)]
RoomLights         RoomLights.SynthRoomLight.LightCell.LightModel.NeonPart ~(183.7, 147.3, 3.3).Color = 0, 0, 0   [was 0.972549, 0.972549, 0.972549, 2 change(s)]
RoomLights         RoomLights.SynthRoomLight.LightCell.LightPart ~(185.0, 147.2, 5.4).Color = 0, 0, 0   [was 1, 1, 1, 1 change(s)]
RoomLights         RoomLights.SynthRoomLight.LightCell.LightPart.SurfaceLight #8.Enabled = false   [was true, 1 change(s)]
RoomLights         RoomLights.SynthRoomLight.LightCell.LightModel.NeonPart ~(183.7, 147.3, -4.6).Color = 0, 0, 0   [was 0.972549, 0.972549, 0.972549, 2 change(s)]
RoomLights         RoomLights.SynthRoomLight.LightCell.LightPart ~(185.0, 147.2, -6.8).Color = 0, 0, 0   [was 1, 1, 1, 1 change(s)]
RoomLights         RoomLights.SynthRoomLight.LightCell.LightPart.SurfaceLight #9.Enabled = false   [was true, 1 change(s)]
RoomLights         RoomLights.SynthRoomLight.LightCell.LightModel.NeonPart ~(176.9, 147.3, -0.7).Color = 0, 0, 0   [was 0.972549, 0.972549, 0.972549, 2 change(s)]
RoomLights         RoomLights.SynthRoomLight.LightCell.LightPart ~(174.4, 147.2, -0.7).Color = 0, 0, 0   [was 1, 1, 1, 1 change(s)]
RoomLights         RoomLights.SynthRoomLight.LightCell.LightPart.SurfaceLight #10.Enabled = false   [was true, 1 change(s)]
RoomLights         RoomLights.SynthRoomLight.LightCell.LightModel.NeonPart ~(186.0, 147.3, -0.7).Color = 0, 0, 0   [was 0.972549, 0.972549, 0.972549, 2 change(s)]
RoomLights         RoomLights.SynthRoomLight.LightCell.LightPart ~(188.5, 147.2, -0.7).Color = 0, 0, 0   [was 1, 1, 1, 1 change(s)]
RoomLights         RoomLights.SynthRoomLight.LightCell.LightPart.SurfaceLight #11.Enabled = false   [was true, 1 change(s)]
RoomLights         RoomLights.SynthRoomLight.LightCell.LightModel.NeonPart ~(179.1, 147.3, 3.3).Color = 0, 0, 0   [was 0.972549, 0.972549, 0.972549, 2 change(s)]
RoomLights         RoomLights.SynthRoomLight.LightCell.LightPart ~(177.9, 147.2, 5.4).Color = 0, 0, 0   [was 1, 1, 1, 1 change(s)]
RoomLights         RoomLights.SynthRoomLight.LightCell.LightPart.SurfaceLight #12.Enabled = false   [was true, 1 change(s)]
RoomLights         RoomLights.SynthRoomLight.LightCell.LightModel.NeonPart ~(332.7, 297.3, 108.5).Color = 0, 0, 0   [was 0.972549, 0.972549, 0.972549, 2 change(s)]
RoomLights         RoomLights.SynthRoomLight.LightCell.LightPart ~(332.7, 297.2, 111.0).Color = 0, 0, 0   [was 1, 1, 1, 1 change(s)]
RoomLights         RoomLights.SynthRoomLight.LightCell.LightPart.SurfaceLight #13.Enabled = false   [was true, 1 change(s)]
RoomLights         RoomLights.SynthRoomLight.LightCell.LightModel.NeonPart ~(332.7, 297.3, 99.4).Color = 0, 0, 0   [was 0.972549, 0.972549, 0.972549, 2 change(s)]
RoomLights         RoomLights.SynthRoomLight.LightCell.LightPart ~(332.7, 297.2, 96.9).Color = 0, 0, 0   [was 1, 1, 1, 1 change(s)]
RoomLights         RoomLights.SynthRoomLight.LightCell.LightPart.SurfaceLight #14.Enabled = false   [was true, 1 change(s)]
RoomLights         RoomLights.SynthRoomLight.LightCell.LightModel.NeonPart ~(336.7, 297.3, 106.3).Color = 0, 0, 0   [was 0.972549, 0.972549, 0.972549, 2 change(s)]
RoomLights         RoomLights.SynthRoomLight.LightCell.LightPart ~(338.9, 297.2, 107.5).Color = 0, 0, 0   [was 1, 1, 1, 1 change(s)]
RoomLights         RoomLights.SynthRoomLight.LightCell.LightPart.SurfaceLight #15.Enabled = false   [was true, 1 change(s)]
RoomLights         RoomLights.SynthRoomLight.LightCell.LightModel.NeonPart ~(328.8, 297.3, 106.3).Color = 0, 0, 0   [was 0.972549, 0.972549, 0.972549, 2 change(s)]
RoomLights         RoomLights.SynthRoomLight.LightCell.LightPart ~(326.6, 297.2, 107.5).Color = 0, 0, 0   [was 1, 1, 1, 1 change(s)]
RoomLights         RoomLights.SynthRoomLight.LightCell.LightPart.SurfaceLight #16.Enabled = false   [was true, 1 change(s)]
RoomLights         RoomLights.SynthRoomLight.LightCell.LightModel.NeonPart ~(328.8, 297.3, 101.7).Color = 0, 0, 0   [was 0.972549, 0.972549, 0.972549, 2 change(s)]
RoomLights         RoomLights.SynthRoomLight.LightCell.LightPart ~(326.6, 297.2, 100.5).Color = 0, 0, 0   [was 1, 1, 1, 1 change(s)]
RoomLights         RoomLights.SynthRoomLight.LightCell.LightPart.SurfaceLight #17.Enabled = false   [was true, 1 change(s)]
RoomLights         RoomLights.SynthRoomLight.LightCell.LightModel.NeonPart ~(336.7, 297.3, 101.7).Color = 0, 0, 0   [was 0.972549, 0.972549, 0.972549, 2 change(s)]
RoomLights         RoomLights.SynthRoomLight.LightCell.LightPart ~(338.9, 297.2, 100.5).Color = 0, 0, 0   [was 1, 1, 1, 1 change(s)]
RoomLights         RoomLights.SynthRoomLight.LightCell.LightPart.SurfaceLight #18.Enabled = false   [was true, 1 change(s)]
RoomLights         RoomLights.RoomLights.LightCell.LightModel.NeonPart.Color = 0, 0, 0   [was 0.972549, 0.972549, 0.972549, 2 change(s)]
RoomLights         RoomLights.RoomLights.LightCell.LightModel.NeonPart ~(205.4, 145.9, -44.6).Color = 0, 0, 0   [was 0.972549, 0.972549, 0.972549, 2 change(s)]
RoomLights         RoomLights.RoomLights.LightCell.LightPart.Color = 0, 0, 0   [was 1, 1, 1, 1 change(s)]
RoomLights         RoomLights.RoomLights.LightCell.LightPart.SurfaceLight.Enabled = false   [was true, 1 change(s)]
RoomLights         RoomLights.RoomLights.LightCell.LightModel.NeonPart ~(205.4, 145.9, -70.1).Color = 0, 0, 0   [was 0.972549, 0.972549, 0.972549, 2 change(s)]
RoomLights         RoomLights.RoomLights.LightCell.LightModel.NeonPart ~(205.4, 145.9, -61.6).Color = 0, 0, 0   [was 0.972549, 0.972549, 0.972549, 2 change(s)]
RoomLights         RoomLights.RoomLights.LightCell.LightPart ~(205.4, 145.7, -66.1).Color = 0, 0, 0   [was 1, 1, 1, 1 change(s)]
RoomLights         RoomLights.RoomLights.LightCell.LightPart.SurfaceLight #2.Enabled = false   [was true, 1 change(s)]
RoomLights         RoomLights.RoomLights.LightCell.LightModel.NeonPart ~(235.8, 138.2, -0.7).Color = 0, 0, 0   [was 0.972549, 0.972549, 0.972549, 2 change(s)]
RoomLights         RoomLights.RoomLights.LightCell.LightPart ~(238.5, 138.0, -0.7).Color = 0, 0, 0   [was 1, 1, 1, 1 change(s)]
RoomLights         RoomLights.RoomLights.LightCell.LightPart.SurfaceLight #3.Enabled = false   [was true, 1 change(s)]
RoomLights         RoomLights.RoomLights.LightCell.LightModel.NeonPart ~(244.3, 138.2, -0.7).Color = 0, 0, 0   [was 0.972549, 0.972549, 0.972549, 2 change(s)]
RoomLights         RoomLights.RoomLights.LightCell.LightModel.NeonPart ~(252.8, 138.2, -0.7).Color = 0, 0, 0   [was 0.972549, 0.972549, 0.972549, 2 change(s)]
RoomLights         RoomLights.RoomLights.LightCell.LightPart ~(250.0, 138.0, -0.7).Color = 0, 0, 0   [was 1, 1, 1, 1 change(s)]
RoomLights         RoomLights.RoomLights.LightCell.LightPart.SurfaceLight #4.Enabled = false   [was true, 1 change(s)]
RoomLights         RoomLights.RoomLights.LightCell.LightModel.NeonPart ~(315.4, 138.2, -0.7).Color = 0, 0, 0   [was 0.972549, 0.972549, 0.972549, 2 change(s)]
RoomLights         RoomLights.RoomLights.LightCell.LightModel.NeonPart ~(305.4, 138.2, -0.7).Color = 0, 0, 0   [was 0.972549, 0.972549, 0.972549, 2 change(s)]
RoomLights         RoomLights.RoomLights.LightCell.LightPart ~(310.4, 138.1, -0.7).Color = 0, 0, 0   [was 1, 1, 1, 1 change(s)]
RoomLights         RoomLights.RoomLights.LightCell.LightPart.SurfaceLight #5.Enabled = false   [was true, 1 change(s)]
RoomLights         RoomLights.RoomLights.LightCell.LightModel.NeonPart ~(254.4, 288.2, -0.7).Color = 0, 0, 0   [was 0.972549, 0.972549, 0.972549, 2 change(s)]
RoomLights         RoomLights.RoomLights.LightCell.LightModel.NeonPart ~(245.9, 288.2, -0.7).Color = 0, 0, 0   [was 0.972549, 0.972549, 0.972549, 2 change(s)]
RoomLights         RoomLights.RoomLights.LightCell.LightPart ~(250.2, 288.1, -0.7).Color = 0, 0, 0   [was 1, 1, 1, 1 change(s)]
RoomLights         RoomLights.RoomLights.LightCell.LightPart.SurfaceLight #6.Enabled = false   [was true, 1 change(s)]
RoomLights         RoomLights.RoomLights.LightCell.LightModel.NeonPart ~(228.9, 288.2, -0.7).Color = 0, 0, 0   [was 0.972549, 0.972549, 0.972549, 2 change(s)]
RoomLights         RoomLights.RoomLights.LightCell.LightModel.NeonPart ~(237.4, 288.2, -0.7).Color = 0, 0, 0   [was 0.972549, 0.972549, 0.972549, 2 change(s)]
RoomLights         RoomLights.RoomLights.LightCell.LightPart ~(233.2, 288.1, -0.7).Color = 0, 0, 0   [was 1, 1, 1, 1 change(s)]
RoomLights         RoomLights.RoomLights.LightCell.LightPart.SurfaceLight #7.Enabled = false   [was true, 1 change(s)]
RoomLights         RoomLights.RoomLights.LightCell.LightModel.NeonPart ~(116.3, 263.5, -0.7).Color = 0, 0, 0   [was 0.972549, 0.972549, 0.972549, 2 change(s)]
RoomLights         RoomLights.RoomLights.LightCell.LightModel.NeonPart ~(107.8, 263.5, -0.7).Color = 0, 0, 0   [was 0.972549, 0.972549, 0.972549, 2 change(s)]
RoomLights         RoomLights.RoomLights.LightCell.LightPart ~(111.8, 263.3, -0.7).Color = 0, 0, 0   [was 1, 1, 1, 1 change(s)]
RoomLights         RoomLights.RoomLights.LightCell.LightPart.SurfaceLight #8.Enabled = false   [was true, 1 change(s)]
RoomLights         RoomLights.RoomLights.LightCell.LightModel.NeonPart ~(124.8, 263.5, -0.7).Color = 0, 0, 0   [was 0.972549, 0.972549, 0.972549, 2 change(s)]
RoomLights         RoomLights.RoomLights.LightCell.LightModel.NeonPart ~(133.3, 263.5, -0.7).Color = 0, 0, 0   [was 0.972549, 0.972549, 0.972549, 2 change(s)]
RoomLights         RoomLights.RoomLights.LightCell.LightPart ~(129.1, 263.3, -0.7).Color = 0, 0, 0   [was 1, 1, 1, 1 change(s)]
RoomLights         RoomLights.RoomLights.LightCell.LightPart.SurfaceLight #9.Enabled = false   [was true, 1 change(s)]
RoomLights         RoomLights.RoomLights.LightCell.LightModel.NeonPart ~(205.3, 288.2, -49.5).Color = 0, 0, 0   [was 0.972549, 0.972549, 0.972549, 2 change(s)]
RoomLights         RoomLights.RoomLights.LightCell.LightModel.NeonPart ~(195.3, 288.2, -49.5).Color = 0, 0, 0   [was 0.972549, 0.972549, 0.972549, 2 change(s)]
RoomLights         RoomLights.RoomLights.LightCell.LightPart ~(200.1, 288.0, -49.5).Color = 0, 0, 0   [was 1, 1, 1, 1 change(s)]
RoomLights         RoomLights.RoomLights.LightCell.LightPart.SurfaceLight #10.Enabled = false   [was true, 1 change(s)]
RoomLights         RoomLights.CRC3Lights.LightCell.LightModel.NeonPart.Color = 0, 0, 0   [was 0.972549, 0.972549, 0.972549, 2 change(s)]
RoomLights         RoomLights.CRC3Lights.LightCell.LightModel.NeonPart ~(464.1, 184.9, 120.0).Color = 0, 0, 0   [was 0.972549, 0.972549, 0.972549, 2 change(s)]
RoomLights         RoomLights.CRC3Lights.LightCell.LightModel.NeonPart ~(465.6, 184.9, 120.0).Color = 0, 0, 0   [was 0.972549, 0.972549, 0.972549, 2 change(s)]
RoomLights         RoomLights.CRC3Lights.LightCell.LightModel.NeonPart ~(464.1, 184.9, 97.0).Color = 0, 0, 0   [was 0.972549, 0.972549, 0.972549, 2 change(s)]
RoomLights         RoomLights.CRC3Lights.LightCell.LightModel.NeonPart ~(465.6, 184.9, 97.0).Color = 0, 0, 0   [was 0.972549, 0.972549, 0.972549, 2 change(s)]
RoomLights         RoomLights.CRC3Lights.LightCell.LightModel.NeonPart ~(467.1, 184.9, 97.0).Color = 0, 0, 0   [was 0.972549, 0.972549, 0.972549, 2 change(s)]
RoomLights         RoomLights.CRC3Lights.LightCell.LightModel.NeonPart ~(467.1, 184.9, 74.0).Color = 0, 0, 0   [was 0.972549, 0.972549, 0.972549, 2 change(s)]
RoomLights         RoomLights.CRC3Lights.LightCell.LightModel.NeonPart ~(464.1, 184.9, 74.0).Color = 0, 0, 0   [was 0.972549, 0.972549, 0.972549, 2 change(s)]
RoomLights         RoomLights.CRC3Lights.LightCell.LightModel.NeonPart ~(465.6, 184.9, 74.0).Color = 0, 0, 0   [was 0.972549, 0.972549, 0.972549, 2 change(s)]
RoomLights         RoomLights.CRC3Lights.LightCell.LightPart.Color = 0, 0, 0   [was 1, 1, 0, 1 change(s)]
RoomLights         RoomLights.CRC3Lights.LightCell.LightPart.SurfaceLight.Enabled = false   [was true, 1 change(s)]
RoomLights         RoomLights.CRC3Lights.LightCell.LightModel.NeonPart ~(447.6, 184.9, 120.0).Color = 0, 0, 0   [was 0.972549, 0.972549, 0.972549, 2 change(s)]
RoomLights         RoomLights.CRC3Lights.LightCell.LightModel.NeonPart ~(449.1, 184.9, 120.0).Color = 0, 0, 0   [was 0.972549, 0.972549, 0.972549, 2 change(s)]
RoomLights         RoomLights.CRC3Lights.LightCell.LightModel.NeonPart ~(450.6, 184.9, 120.0).Color = 0, 0, 0   [was 0.972549, 0.972549, 0.972549, 2 change(s)]
RoomLights         RoomLights.CRC3Lights.LightCell.LightModel.NeonPart ~(447.6, 184.9, 97.0).Color = 0, 0, 0   [was 0.972549, 0.972549, 0.972549, 2 change(s)]
RoomLights         RoomLights.CRC3Lights.LightCell.LightModel.NeonPart ~(449.1, 184.9, 97.0).Color = 0, 0, 0   [was 0.972549, 0.972549, 0.972549, 2 change(s)]
RoomLights         RoomLights.CRC3Lights.LightCell.LightModel.NeonPart ~(450.6, 184.9, 97.0).Color = 0, 0, 0   [was 0.972549, 0.972549, 0.972549, 2 change(s)]
RoomLights         RoomLights.CRC3Lights.LightCell.LightModel.NeonPart ~(447.6, 184.9, 74.0).Color = 0, 0, 0   [was 0.972549, 0.972549, 0.972549, 2 change(s)]
RoomLights         RoomLights.CRC3Lights.LightCell.LightModel.NeonPart ~(449.1, 184.9, 74.0).Color = 0, 0, 0   [was 0.972549, 0.972549, 0.972549, 2 change(s)]
RoomLights         RoomLights.CRC3Lights.LightCell.LightModel.NeonPart ~(450.6, 184.9, 74.0).Color = 0, 0, 0   [was 0.972549, 0.972549, 0.972549, 2 change(s)]
RoomLights         RoomLights.CRC3Lights.LightCell.LightPart ~(449.1, 184.2, 97.0).Color = 0, 0, 0   [was 1, 1, 0, 1 change(s)]
RoomLights         RoomLights.CRC3Lights.LightCell.LightPart.SurfaceLight #2.Enabled = false   [was true, 1 change(s)]
RoomLights         RoomLights.CRC3Lights.LightCell.LightModel.NeonPart ~(431.1, 184.9, 120.0).Color = 0, 0, 0   [was 0.972549, 0.972549, 0.972549, 2 change(s)]
RoomLights         RoomLights.CRC3Lights.LightCell.LightModel.NeonPart ~(432.6, 184.9, 120.0).Color = 0, 0, 0   [was 0.972549, 0.972549, 0.972549, 2 change(s)]
RoomLights         RoomLights.CRC3Lights.LightCell.LightModel.NeonPart ~(434.1, 184.9, 120.0).Color = 0, 0, 0   [was 0.972549, 0.972549, 0.972549, 2 change(s)]
RoomLights         RoomLights.CRC3Lights.LightCell.LightModel.NeonPart ~(432.6, 184.9, 97.0).Color = 0, 0, 0   [was 0.972549, 0.972549, 0.972549, 2 change(s)]
RoomLights         RoomLights.CRC3Lights.LightCell.LightModel.NeonPart ~(431.1, 184.9, 97.0).Color = 0, 0, 0   [was 0.972549, 0.972549, 0.972549, 2 change(s)]
RoomLights         RoomLights.CRC3Lights.LightCell.LightModel.NeonPart ~(434.1, 184.9, 97.0).Color = 0, 0, 0   [was 0.972549, 0.972549, 0.972549, 2 change(s)]
RoomLights         RoomLights.CRC3Lights.LightCell.LightModel.NeonPart ~(432.6, 184.9, 74.0).Color = 0, 0, 0   [was 0.972549, 0.972549, 0.972549, 2 change(s)]
RoomLights         RoomLights.CRC3Lights.LightCell.LightModel.NeonPart ~(434.1, 184.9, 74.0).Color = 0, 0, 0   [was 0.972549, 0.972549, 0.972549, 2 change(s)]
RoomLights         RoomLights.CRC3Lights.LightCell.LightModel.NeonPart ~(431.1, 184.9, 74.0).Color = 0, 0, 0   [was 0.972549, 0.972549, 0.972549, 2 change(s)]
RoomLights         RoomLights.CRC3Lights.LightCell.LightPart ~(432.6, 184.2, 97.0).Color = 0, 0, 0   [was 1, 1, 0, 1 change(s)]
RoomLights         RoomLights.CRC3Lights.LightCell.LightPart.SurfaceLight #3.Enabled = false   [was true, 1 change(s)]
RoomLights         RoomLights.CRC3Lights.LightCell.LightModel.NeonPart ~(414.6, 184.9, 74.0).Color = 0, 0, 0   [was 0.972549, 0.972549, 0.972549, 2 change(s)]
RoomLights         RoomLights.CRC3Lights.LightCell.LightModel.NeonPart ~(416.1, 184.9, 74.0).Color = 0, 0, 0   [was 0.972549, 0.972549, 0.972549, 2 change(s)]
RoomLights         RoomLights.CRC3Lights.LightCell.LightModel.NeonPart ~(417.6, 184.9, 74.0).Color = 0, 0, 0   [was 0.972549, 0.972549, 0.972549, 2 change(s)]
RoomLights         RoomLights.CRC3Lights.LightCell.LightModel.NeonPart ~(417.6, 184.9, 97.0).Color = 0, 0, 0   [was 0.972549, 0.972549, 0.972549, 2 change(s)]
RoomLights         RoomLights.CRC3Lights.LightCell.LightModel.NeonPart ~(416.1, 184.9, 97.0).Color = 0, 0, 0   [was 0.972549, 0.972549, 0.972549, 2 change(s)]
RoomLights         RoomLights.CRC3Lights.LightCell.LightModel.NeonPart ~(414.6, 184.9, 97.0).Color = 0, 0, 0   [was 0.972549, 0.972549, 0.972549, 2 change(s)]
RoomLights         RoomLights.CRC3Lights.LightCell.LightModel.NeonPart ~(416.1, 184.9, 120.0).Color = 0, 0, 0   [was 0.972549, 0.972549, 0.972549, 2 change(s)]
RoomLights         RoomLights.CRC3Lights.LightCell.LightModel.NeonPart ~(417.6, 184.9, 120.0).Color = 0, 0, 0   [was 0.972549, 0.972549, 0.972549, 2 change(s)]
RoomLights         RoomLights.CRC3Lights.LightCell.LightModel.NeonPart ~(414.6, 184.9, 120.0).Color = 0, 0, 0   [was 0.972549, 0.972549, 0.972549, 2 change(s)]
RoomLights         RoomLights.CRC3Lights.LightCell.LightPart ~(416.1, 184.2, 97.0).Color = 0, 0, 0   [was 1, 1, 0, 1 change(s)]
RoomLights         RoomLights.CRC3Lights.LightCell.LightPart.SurfaceLight #4.Enabled = false   [was true, 1 change(s)]
RoomLights         RoomLights.CRC3Lights.LightCell.LightModel.NeonPart ~(397.1, 184.9, 97.0).Color = 0, 0, 0   [was 0.972549, 0.972549, 0.972549, 2 change(s)]
RoomLights         RoomLights.CRC3Lights.LightCell.LightModel.NeonPart ~(398.6, 184.9, 97.0).Color = 0, 0, 0   [was 0.972549, 0.972549, 0.972549, 2 change(s)]
RoomLights         RoomLights.CRC3Lights.LightCell.LightModel.NeonPart ~(400.1, 184.9, 97.0).Color = 0, 0, 0   [was 0.972549, 0.972549, 0.972549, 2 change(s)]
RoomLights         RoomLights.CRC3Lights.LightCell.LightPart ~(398.6, 184.2, 97.0).Color = 0, 0, 0   [was 1, 1, 0, 1 change(s)]
RoomLights         RoomLights.CRC3Lights.LightCell.LightPart.SurfaceLight #5.Enabled = false   [was true, 1 change(s)]
RoomLights         RoomLights.CRC3Lights.LightCell.LightModel.NeonPart ~(401.4, 185.3, 65.7).Color = 0, 0, 0   [was 0.972549, 0.972549, 0.972549, 2 change(s)]
RoomLights         RoomLights.CRC3Lights.LightCell.LightPart ~(401.4, 184.2, 65.7).Color = 0, 0, 0   [was 1, 1, 0, 1 change(s)]
RoomLights         RoomLights.CRC3Lights.LightCell.LightPart.SurfaceLight #6.Enabled = false   [was true, 1 change(s)]
RoomLights         RoomLights.CRC3Lights.LightCell.LightModel.NeonPart ~(401.4, 185.3, 128.3).Color = 0, 0, 0   [was 0.972549, 0.972549, 0.972549, 2 change(s)]
RoomLights         RoomLights.CRC3Lights.LightCell.LightPart ~(401.4, 184.2, 128.3).Color = 0, 0, 0   [was 1, 1, 0, 1 change(s)]
RoomLights         RoomLights.CRC3Lights.LightCell.LightPart.SurfaceLight #7.Enabled = false   [was true, 1 change(s)]
RoomLights         RoomLights.CRC3Lights.LightCell.LightModel.NeonPart ~(482.1, 184.9, 120.0).Color = 0, 0, 0   [was 0.972549, 0.972549, 0.972549, 2 change(s)]
RoomLights         RoomLights.CRC3Lights.LightCell.LightModel.NeonPart ~(480.6, 184.9, 120.0).Color = 0, 0, 0   [was 0.972549, 0.972549, 0.972549, 2 change(s)]
RoomLights         RoomLights.CRC3Lights.LightCell.LightModel.NeonPart ~(483.6, 184.9, 120.0).Color = 0, 0, 0   [was 0.972549, 0.972549, 0.972549, 2 change(s)]
RoomLights         RoomLights.CRC3Lights.LightCell.LightModel.NeonPart ~(482.1, 184.9, 97.0).Color = 0, 0, 0   [was 0.972549, 0.972549, 0.972549, 2 change(s)]
RoomLights         RoomLights.CRC3Lights.LightCell.LightModel.NeonPart ~(480.6, 184.9, 97.0).Color = 0, 0, 0   [was 0.972549, 0.972549, 0.972549, 2 change(s)]
RoomLights         RoomLights.CRC3Lights.LightCell.LightModel.NeonPart ~(483.6, 184.9, 97.0).Color = 0, 0, 0   [was 0.972549, 0.972549, 0.972549, 2 change(s)]
RoomLights         RoomLights.CRC3Lights.LightCell.LightModel.NeonPart ~(482.1, 184.9, 74.0).Color = 0, 0, 0   [was 0.972549, 0.972549, 0.972549, 2 change(s)]
RoomLights         RoomLights.CRC3Lights.LightCell.LightModel.NeonPart ~(480.6, 184.9, 74.0).Color = 0, 0, 0   [was 0.972549, 0.972549, 0.972549, 2 change(s)]
RoomLights         RoomLights.CRC3Lights.LightCell.LightModel.NeonPart ~(483.6, 184.9, 74.0).Color = 0, 0, 0   [was 0.972549, 0.972549, 0.972549, 2 change(s)]
RoomLights         RoomLights.CRC3Lights.LightCell.LightPart ~(482.1, 184.2, 97.0).Color = 0, 0, 0   [was 1, 1, 0, 1 change(s)]
RoomLights         RoomLights.CRC3Lights.LightCell.LightPart.SurfaceLight #8.Enabled = false   [was true, 1 change(s)]
RoomLights         RoomLights.CRC3Lights.LightCell.LightModel.NeonPart ~(500.1, 184.9, 120.0).Color = 0, 0, 0   [was 0.972549, 0.972549, 0.972549, 2 change(s)]
RoomLights         RoomLights.CRC3Lights.LightCell.LightModel.NeonPart ~(497.1, 184.9, 120.0).Color = 0, 0, 0   [was 0.972549, 0.972549, 0.972549, 2 change(s)]
RoomLights         RoomLights.CRC3Lights.LightCell.LightModel.NeonPart ~(498.6, 184.9, 120.0).Color = 0, 0, 0   [was 0.972549, 0.972549, 0.972549, 2 change(s)]
RoomLights         RoomLights.CRC3Lights.LightCell.LightModel.NeonPart ~(500.1, 184.9, 97.0).Color = 0, 0, 0   [was 0.972549, 0.972549, 0.972549, 2 change(s)]
RoomLights         RoomLights.CRC3Lights.LightCell.LightModel.NeonPart ~(497.1, 184.9, 97.0).Color = 0, 0, 0   [was 0.972549, 0.972549, 0.972549, 2 change(s)]
RoomLights         RoomLights.CRC3Lights.LightCell.LightModel.NeonPart ~(498.6, 184.9, 97.0).Color = 0, 0, 0   [was 0.972549, 0.972549, 0.972549, 2 change(s)]
RoomLights         RoomLights.CRC3Lights.LightCell.LightModel.NeonPart ~(498.6, 184.9, 74.0).Color = 0, 0, 0   [was 0.972549, 0.972549, 0.972549, 2 change(s)]
RoomLights         RoomLights.CRC3Lights.LightCell.LightModel.NeonPart ~(497.1, 184.9, 74.0).Color = 0, 0, 0   [was 0.972549, 0.972549, 0.972549, 2 change(s)]
RoomLights         RoomLights.CRC3Lights.LightCell.LightModel.NeonPart ~(500.1, 184.9, 74.0).Color = 0, 0, 0   [was 0.972549, 0.972549, 0.972549, 2 change(s)]
RoomLights         RoomLights.CRC3Lights.LightCell.LightPart ~(498.6, 184.2, 97.0).Color = 0, 0, 0   [was 1, 1, 0, 1 change(s)]
RoomLights         RoomLights.CRC3Lights.LightCell.LightPart.SurfaceLight #9.Enabled = false   [was true, 1 change(s)]
RoomLights         RoomLights.CRC3Lights.LightCell.LightModel.NeonPart ~(517.6, 184.9, 83.0).Color = 0, 0, 0   [was 0.972549, 0.972549, 0.972549, 2 change(s)]
RoomLights         RoomLights.CRC3Lights.LightCell.LightModel.NeonPart ~(514.6, 184.9, 83.0).Color = 0, 0, 0   [was 0.972549, 0.972549, 0.972549, 2 change(s)]
RoomLights         RoomLights.CRC3Lights.LightCell.LightModel.NeonPart ~(516.1, 184.9, 83.0).Color = 0, 0, 0   [was 0.972549, 0.972549, 0.972549, 2 change(s)]
RoomLights         RoomLights.CRC3Lights.LightCell.LightModel.NeonPart ~(514.6, 184.9, 111.0).Color = 0, 0, 0   [was 0.972549, 0.972549, 0.972549, 2 change(s)]
RoomLights         RoomLights.CRC3Lights.LightCell.LightModel.NeonPart ~(516.1, 184.9, 111.0).Color = 0, 0, 0   [was 0.972549, 0.972549, 0.972549, 2 change(s)]
RoomLights         RoomLights.CRC3Lights.LightCell.LightModel.NeonPart ~(517.6, 184.9, 111.0).Color = 0, 0, 0   [was 0.972549, 0.972549, 0.972549, 2 change(s)]
RoomLights         RoomLights.CRC3Lights.LightCell.LightPart ~(516.1, 184.2, 97.0).Color = 0, 0, 0   [was 1, 1, 0, 1 change(s)]
RoomLights         RoomLights.CRC3Lights.LightCell.LightPart.SurfaceLight #10.Enabled = false   [was true, 1 change(s)]
RoomLights         RoomLights.CRC3Lights.LightCell.LightModel.NeonPart ~(535.1, 184.9, 83.0).Color = 0, 0, 0   [was 0.972549, 0.972549, 0.972549, 2 change(s)]
RoomLights         RoomLights.CRC3Lights.LightCell.LightModel.NeonPart ~(533.6, 184.9, 83.0).Color = 0, 0, 0   [was 0.972549, 0.972549, 0.972549, 2 change(s)]
RoomLights         RoomLights.CRC3Lights.LightCell.LightModel.NeonPart ~(536.6, 184.9, 83.0).Color = 0, 0, 0   [was 0.972549, 0.972549, 0.972549, 2 change(s)]
RoomLights         RoomLights.CRC3Lights.LightCell.LightModel.NeonPart ~(535.1, 184.9, 111.0).Color = 0, 0, 0   [was 0.972549, 0.972549, 0.972549, 2 change(s)]
RoomLights         RoomLights.CRC3Lights.LightCell.LightModel.NeonPart ~(533.6, 184.9, 111.0).Color = 0, 0, 0   [was 0.972549, 0.972549, 0.972549, 2 change(s)]
RoomLights         RoomLights.CRC3Lights.LightCell.LightModel.NeonPart ~(536.6, 184.9, 111.0).Color = 0, 0, 0   [was 0.972549, 0.972549, 0.972549, 2 change(s)]
RoomLights         RoomLights.CRC3Lights.LightCell.LightPart ~(535.1, 184.2, 97.0).Color = 0, 0, 0   [was 1, 1, 0, 1 change(s)]
RoomLights         RoomLights.CRC3Lights.LightCell.LightPart.SurfaceLight #11.Enabled = false   [was true, 1 change(s)]
RoomLights         RoomLights.CRC2Lights.LightCell.LightModel.NeonPart.Color = 0, 0, 0   [was 0.972549, 0.972549, 0.972549, 2 change(s)]
RoomLights         RoomLights.CRC2Lights.LightCell.LightModel.NeonPart ~(467.1, 184.9, -75.3).Color = 0, 0, 0   [was 0.972549, 0.972549, 0.972549, 2 change(s)]
RoomLights         RoomLights.CRC2Lights.LightCell.LightModel.NeonPart ~(464.1, 184.9, -75.3).Color = 0, 0, 0   [was 0.972549, 0.972549, 0.972549, 2 change(s)]
RoomLights         RoomLights.CRC2Lights.LightCell.LightModel.NeonPart ~(467.1, 184.9, -98.3).Color = 0, 0, 0   [was 0.972549, 0.972549, 0.972549, 2 change(s)]
RoomLights         RoomLights.CRC2Lights.LightCell.LightModel.NeonPart ~(464.1, 184.9, -98.3).Color = 0, 0, 0   [was 0.972549, 0.972549, 0.972549, 2 change(s)]
RoomLights         RoomLights.CRC2Lights.LightCell.LightModel.NeonPart ~(465.6, 184.9, -98.3).Color = 0, 0, 0   [was 0.972549, 0.972549, 0.972549, 2 change(s)]
RoomLights         RoomLights.CRC2Lights.LightCell.LightModel.NeonPart ~(465.6, 184.9, -121.3).Color = 0, 0, 0   [was 0.972549, 0.972549, 0.972549, 2 change(s)]
RoomLights         RoomLights.CRC2Lights.LightCell.LightModel.NeonPart ~(464.1, 184.9, -121.3).Color = 0, 0, 0   [was 0.972549, 0.972549, 0.972549, 2 change(s)]
RoomLights         RoomLights.CRC2Lights.LightCell.LightModel.NeonPart ~(467.1, 184.9, -121.3).Color = 0, 0, 0   [was 0.972549, 0.972549, 0.972549, 2 change(s)]
RoomLights         RoomLights.CRC2Lights.LightCell.LightPart.Color = 0, 0, 0   [was 1, 1, 0, 1 change(s)]
RoomLights         RoomLights.CRC2Lights.LightCell.LightPart.SurfaceLight.Enabled = false   [was true, 1 change(s)]
RoomLights         RoomLights.CRC2Lights.LightCell.LightModel.NeonPart ~(447.6, 184.9, -75.3).Color = 0, 0, 0   [was 0.972549, 0.972549, 0.972549, 2 change(s)]
RoomLights         RoomLights.CRC2Lights.LightCell.LightModel.NeonPart ~(450.6, 184.9, -75.3).Color = 0, 0, 0   [was 0.972549, 0.972549, 0.972549, 2 change(s)]
RoomLights         RoomLights.CRC2Lights.LightCell.LightModel.NeonPart ~(449.1, 184.9, -75.3).Color = 0, 0, 0   [was 0.972549, 0.972549, 0.972549, 2 change(s)]
RoomLights         RoomLights.CRC2Lights.LightCell.LightModel.NeonPart ~(447.6, 184.9, -98.3).Color = 0, 0, 0   [was 0.972549, 0.972549, 0.972549, 2 change(s)]
RoomLights         RoomLights.CRC2Lights.LightCell.LightModel.NeonPart ~(449.1, 184.9, -98.3).Color = 0, 0, 0   [was 0.972549, 0.972549, 0.972549, 2 change(s)]
RoomLights         RoomLights.CRC2Lights.LightCell.LightModel.NeonPart ~(450.6, 184.9, -98.3).Color = 0, 0, 0   [was 0.972549, 0.972549, 0.972549, 2 change(s)]
RoomLights         RoomLights.CRC2Lights.LightCell.LightModel.NeonPart ~(447.6, 184.9, -121.3).Color = 0, 0, 0   [was 0.972549, 0.972549, 0.972549, 2 change(s)]
RoomLights         RoomLights.CRC2Lights.LightCell.LightModel.NeonPart ~(450.6, 184.9, -121.3).Color = 0, 0, 0   [was 0.972549, 0.972549, 0.972549, 2 change(s)]
RoomLights         RoomLights.CRC2Lights.LightCell.LightModel.NeonPart ~(449.1, 184.9, -121.3).Color = 0, 0, 0   [was 0.972549, 0.972549, 0.972549, 2 change(s)]
RoomLights         RoomLights.CRC2Lights.LightCell.LightPart ~(449.1, 184.2, -98.3).Color = 0, 0, 0   [was 1, 1, 0, 1 change(s)]
RoomLights         RoomLights.CRC2Lights.LightCell.LightPart.SurfaceLight #2.Enabled = false   [was true, 1 change(s)]
RoomLights         RoomLights.CRC2Lights.LightCell.LightModel.NeonPart ~(434.1, 184.9, -75.3).Color = 0, 0, 0   [was 0.972549, 0.972549, 0.972549, 2 change(s)]
RoomLights         RoomLights.CRC2Lights.LightCell.LightModel.NeonPart ~(431.1, 184.9, -75.3).Color = 0, 0, 0   [was 0.972549, 0.972549, 0.972549, 2 change(s)]
RoomLights         RoomLights.CRC2Lights.LightCell.LightModel.NeonPart ~(432.6, 184.9, -75.3).Color = 0, 0, 0   [was 0.972549, 0.972549, 0.972549, 2 change(s)]
RoomLights         RoomLights.CRC2Lights.LightCell.LightModel.NeonPart ~(431.1, 184.9, -98.3).Color = 0, 0, 0   [was 0.972549, 0.972549, 0.972549, 2 change(s)]
RoomLights         RoomLights.CRC2Lights.LightCell.LightModel.NeonPart ~(432.6, 184.9, -98.3).Color = 0, 0, 0   [was 0.972549, 0.972549, 0.972549, 2 change(s)]
RoomLights         RoomLights.CRC2Lights.LightCell.LightModel.NeonPart ~(434.1, 184.9, -98.3).Color = 0, 0, 0   [was 0.972549, 0.972549, 0.972549, 2 change(s)]
RoomLights         RoomLights.CRC2Lights.LightCell.LightModel.NeonPart ~(434.1, 184.9, -121.3).Color = 0, 0, 0   [was 0.972549, 0.972549, 0.972549, 2 change(s)]
RoomLights         RoomLights.CRC2Lights.LightCell.LightModel.NeonPart ~(432.6, 184.9, -121.3).Color = 0, 0, 0   [was 0.972549, 0.972549, 0.972549, 2 change(s)]
RoomLights         RoomLights.CRC2Lights.LightCell.LightModel.NeonPart ~(431.1, 184.9, -121.3).Color = 0, 0, 0   [was 0.972549, 0.972549, 0.972549, 2 change(s)]
RoomLights         RoomLights.CRC2Lights.LightCell.LightPart ~(432.6, 184.2, -98.3).Color = 0, 0, 0   [was 1, 1, 0, 1 change(s)]
RoomLights         RoomLights.CRC2Lights.LightCell.LightPart.SurfaceLight #3.Enabled = false   [was true, 1 change(s)]
RoomLights         RoomLights.CRC2Lights.LightCell.LightModel.NeonPart ~(417.6, 184.9, -121.3).Color = 0, 0, 0   [was 0.972549, 0.972549, 0.972549, 2 change(s)]
RoomLights         RoomLights.CRC2Lights.LightCell.LightModel.NeonPart ~(414.6, 184.9, -121.3).Color = 0, 0, 0   [was 0.972549, 0.972549, 0.972549, 2 change(s)]
RoomLights         RoomLights.CRC2Lights.LightCell.LightModel.NeonPart ~(416.1, 184.9, -121.3).Color = 0, 0, 0   [was 0.972549, 0.972549, 0.972549, 2 change(s)]
RoomLights         RoomLights.CRC2Lights.LightCell.LightModel.NeonPart ~(414.6, 184.9, -98.3).Color = 0, 0, 0   [was 0.972549, 0.972549, 0.972549, 2 change(s)]
RoomLights         RoomLights.CRC2Lights.LightCell.LightModel.NeonPart ~(416.1, 184.9, -98.3).Color = 0, 0, 0   [was 0.972549, 0.972549, 0.972549, 2 change(s)]
RoomLights         RoomLights.CRC2Lights.LightCell.LightModel.NeonPart ~(417.6, 184.9, -98.3).Color = 0, 0, 0   [was 0.972549, 0.972549, 0.972549, 2 change(s)]
RoomLights         RoomLights.CRC2Lights.LightCell.LightModel.NeonPart ~(416.1, 184.9, -75.3).Color = 0, 0, 0   [was 0.972549, 0.972549, 0.972549, 2 change(s)]
RoomLights         RoomLights.CRC2Lights.LightCell.LightModel.NeonPart ~(417.6, 184.9, -75.3).Color = 0, 0, 0   [was 0.972549, 0.972549, 0.972549, 2 change(s)]
RoomLights         RoomLights.CRC2Lights.LightCell.LightModel.NeonPart ~(414.6, 184.9, -75.3).Color = 0, 0, 0   [was 0.972549, 0.972549, 0.972549, 2 change(s)]
RoomLights         RoomLights.CRC2Lights.LightCell.LightPart ~(416.1, 184.2, -98.3).Color = 0, 0, 0   [was 1, 1, 0, 1 change(s)]
RoomLights         RoomLights.CRC2Lights.LightCell.LightPart.SurfaceLight #4.Enabled = false   [was true, 1 change(s)]
RoomLights         RoomLights.CRC2Lights.LightCell.LightModel.NeonPart ~(398.6, 184.9, -98.3).Color = 0, 0, 0   [was 0.972549, 0.972549, 0.972549, 2 change(s)]
RoomLights         RoomLights.CRC2Lights.LightCell.LightModel.NeonPart ~(400.1, 184.9, -98.3).Color = 0, 0, 0   [was 0.972549, 0.972549, 0.972549, 2 change(s)]
RoomLights         RoomLights.CRC2Lights.LightCell.LightModel.NeonPart ~(397.1, 184.9, -98.3).Color = 0, 0, 0   [was 0.972549, 0.972549, 0.972549, 2 change(s)]
RoomLights         RoomLights.CRC2Lights.LightCell.LightPart ~(398.6, 184.2, -98.3).Color = 0, 0, 0   [was 1, 1, 0, 1 change(s)]
RoomLights         RoomLights.CRC2Lights.LightCell.LightPart.SurfaceLight #5.Enabled = false   [was true, 1 change(s)]
RoomLights         RoomLights.CRC2Lights.LightCell.LightModel.NeonPart ~(401.4, 185.3, -129.6).Color = 0, 0, 0   [was 0.972549, 0.972549, 0.972549, 2 change(s)]
RoomLights         RoomLights.CRC2Lights.LightCell.LightPart ~(401.4, 184.2, -129.6).Color = 0, 0, 0   [was 1, 1, 0, 1 change(s)]
RoomLights         RoomLights.CRC2Lights.LightCell.LightPart.SurfaceLight #6.Enabled = false   [was true, 1 change(s)]
RoomLights         RoomLights.CRC2Lights.LightCell.LightModel.NeonPart ~(401.4, 185.3, -67.0).Color = 0, 0, 0   [was 0.972549, 0.972549, 0.972549, 2 change(s)]
RoomLights         RoomLights.CRC2Lights.LightCell.LightPart ~(401.4, 184.2, -67.0).Color = 0, 0, 0   [was 1, 1, 0, 1 change(s)]
RoomLights         RoomLights.CRC2Lights.LightCell.LightPart.SurfaceLight #7.Enabled = false   [was true, 1 change(s)]
RoomLights         RoomLights.CRC2Lights.LightCell.LightModel.NeonPart ~(480.6, 184.9, -75.3).Color = 0, 0, 0   [was 0.972549, 0.972549, 0.972549, 2 change(s)]
RoomLights         RoomLights.CRC2Lights.LightCell.LightModel.NeonPart ~(482.1, 184.9, -75.3).Color = 0, 0, 0   [was 0.972549, 0.972549, 0.972549, 2 change(s)]
RoomLights         RoomLights.CRC2Lights.LightCell.LightModel.NeonPart ~(483.6, 184.9, -75.3).Color = 0, 0, 0   [was 0.972549, 0.972549, 0.972549, 2 change(s)]
RoomLights         RoomLights.CRC2Lights.LightCell.LightModel.NeonPart ~(482.1, 184.9, -98.3).Color = 0, 0, 0   [was 0.972549, 0.972549, 0.972549, 2 change(s)]
RoomLights         RoomLights.CRC2Lights.LightCell.LightModel.NeonPart ~(483.6, 184.9, -98.3).Color = 0, 0, 0   [was 0.972549, 0.972549, 0.972549, 2 change(s)]
RoomLights         RoomLights.CRC2Lights.LightCell.LightModel.NeonPart ~(480.6, 184.9, -98.3).Color = 0, 0, 0   [was 0.972549, 0.972549, 0.972549, 2 change(s)]
RoomLights         RoomLights.CRC2Lights.LightCell.LightModel.NeonPart ~(480.6, 184.9, -121.3).Color = 0, 0, 0   [was 0.972549, 0.972549, 0.972549, 2 change(s)]
RoomLights         RoomLights.CRC2Lights.LightCell.LightModel.NeonPart ~(482.1, 184.9, -121.3).Color = 0, 0, 0   [was 0.972549, 0.972549, 0.972549, 2 change(s)]
RoomLights         RoomLights.CRC2Lights.LightCell.LightModel.NeonPart ~(483.6, 184.9, -121.3).Color = 0, 0, 0   [was 0.972549, 0.972549, 0.972549, 2 change(s)]
RoomLights         RoomLights.CRC2Lights.LightCell.LightPart ~(482.1, 184.2, -98.3).Color = 0, 0, 0   [was 1, 1, 0, 1 change(s)]
RoomLights         RoomLights.CRC2Lights.LightCell.LightPart.SurfaceLight #8.Enabled = false   [was true, 1 change(s)]
RoomLights         RoomLights.CRC2Lights.LightCell.LightModel.NeonPart ~(500.1, 184.9, -75.3).Color = 0, 0, 0   [was 0.972549, 0.972549, 0.972549, 2 change(s)]
RoomLights         RoomLights.CRC2Lights.LightCell.LightModel.NeonPart ~(498.6, 184.9, -75.3).Color = 0, 0, 0   [was 0.972549, 0.972549, 0.972549, 2 change(s)]
RoomLights         RoomLights.CRC2Lights.LightCell.LightModel.NeonPart ~(497.1, 184.9, -75.3).Color = 0, 0, 0   [was 0.972549, 0.972549, 0.972549, 2 change(s)]
RoomLights         RoomLights.CRC2Lights.LightCell.LightModel.NeonPart ~(498.6, 184.9, -98.3).Color = 0, 0, 0   [was 0.972549, 0.972549, 0.972549, 2 change(s)]
RoomLights         RoomLights.CRC2Lights.LightCell.LightModel.NeonPart ~(497.1, 184.9, -98.3).Color = 0, 0, 0   [was 0.972549, 0.972549, 0.972549, 2 change(s)]
RoomLights         RoomLights.CRC2Lights.LightCell.LightModel.NeonPart ~(500.1, 184.9, -98.3).Color = 0, 0, 0   [was 0.972549, 0.972549, 0.972549, 2 change(s)]
RoomLights         RoomLights.CRC2Lights.LightCell.LightModel.NeonPart ~(497.1, 184.9, -121.3).Color = 0, 0, 0   [was 0.972549, 0.972549, 0.972549, 2 change(s)]
RoomLights         RoomLights.CRC2Lights.LightCell.LightModel.NeonPart ~(498.6, 184.9, -121.3).Color = 0, 0, 0   [was 0.972549, 0.972549, 0.972549, 2 change(s)]
RoomLights         RoomLights.CRC2Lights.LightCell.LightModel.NeonPart ~(500.1, 184.9, -121.3).Color = 0, 0, 0   [was 0.972549, 0.972549, 0.972549, 2 change(s)]
RoomLights         RoomLights.CRC2Lights.LightCell.LightPart ~(498.6, 184.2, -98.3).Color = 0, 0, 0   [was 1, 1, 0, 1 change(s)]
RoomLights         RoomLights.CRC2Lights.LightCell.LightPart.SurfaceLight #9.Enabled = false   [was true, 1 change(s)]
RoomLights         RoomLights.CRC2Lights.LightCell.LightModel.NeonPart ~(517.6, 184.9, -112.3).Color = 0, 0, 0   [was 0.972549, 0.972549, 0.972549, 2 change(s)]
RoomLights         RoomLights.CRC2Lights.LightCell.LightModel.NeonPart ~(516.1, 184.9, -112.3).Color = 0, 0, 0   [was 0.972549, 0.972549, 0.972549, 2 change(s)]
RoomLights         RoomLights.CRC2Lights.LightCell.LightModel.NeonPart ~(514.6, 184.9, -112.3).Color = 0, 0, 0   [was 0.972549, 0.972549, 0.972549, 2 change(s)]
RoomLights         RoomLights.CRC2Lights.LightCell.LightModel.NeonPart ~(517.6, 184.9, -84.3).Color = 0, 0, 0   [was 0.972549, 0.972549, 0.972549, 2 change(s)]
RoomLights         RoomLights.CRC2Lights.LightCell.LightModel.NeonPart ~(514.6, 184.9, -84.3).Color = 0, 0, 0   [was 0.972549, 0.972549, 0.972549, 2 change(s)]
RoomLights         RoomLights.CRC2Lights.LightCell.LightModel.NeonPart ~(516.1, 184.9, -84.3).Color = 0, 0, 0   [was 0.972549, 0.972549, 0.972549, 2 change(s)]
RoomLights         RoomLights.CRC2Lights.LightCell.LightPart ~(516.1, 184.2, -98.3).Color = 0, 0, 0   [was 1, 1, 0, 1 change(s)]
RoomLights         RoomLights.CRC2Lights.LightCell.LightPart.SurfaceLight #10.Enabled = false   [was true, 1 change(s)]
RoomLights         RoomLights.CRC2Lights.LightCell.LightModel.NeonPart ~(533.6, 184.9, -112.3).Color = 0, 0, 0   [was 0.972549, 0.972549, 0.972549, 2 change(s)]
RoomLights         RoomLights.CRC2Lights.LightCell.LightModel.NeonPart ~(535.1, 184.9, -112.3).Color = 0, 0, 0   [was 0.972549, 0.972549, 0.972549, 2 change(s)]
RoomLights         RoomLights.CRC2Lights.LightCell.LightModel.NeonPart ~(536.6, 184.9, -112.3).Color = 0, 0, 0   [was 0.972549, 0.972549, 0.972549, 2 change(s)]
RoomLights         RoomLights.CRC2Lights.LightCell.LightModel.NeonPart ~(536.6, 184.9, -84.3).Color = 0, 0, 0   [was 0.972549, 0.972549, 0.972549, 2 change(s)]
RoomLights         RoomLights.CRC2Lights.LightCell.LightModel.NeonPart ~(535.1, 184.9, -84.3).Color = 0, 0, 0   [was 0.972549, 0.972549, 0.972549, 2 change(s)]
RoomLights         RoomLights.CRC2Lights.LightCell.LightModel.NeonPart ~(533.6, 184.9, -84.3).Color = 0, 0, 0   [was 0.972549, 0.972549, 0.972549, 2 change(s)]
RoomLights         RoomLights.CRC2Lights.LightCell.LightPart ~(535.1, 184.2, -98.3).Color = 0, 0, 0   [was 1, 1, 0, 1 change(s)]
RoomLights         RoomLights.CRC2Lights.LightCell.LightPart.SurfaceLight #11.Enabled = false   [was true, 1 change(s)]
RoomLights         RoomLights.RoomLights.LightCell.LightModel.NeonPart ~(195.4, 255.8, -39.9).Color = 0, 0, 0   [was 0.972549, 0.972549, 0.972549, 2 change(s)]
RoomLights         RoomLights.RoomLights.LightCell.LightModel.NeonPart ~(215.4, 255.8, -39.9).Color = 0, 0, 0   [was 0.972549, 0.972549, 0.972549, 2 change(s)]
RoomLights         RoomLights.RoomLights.LightCell.LightModel.NeonPart ~(205.3, 255.8, -39.9).Color = 0, 0, 0   [was 0.972549, 0.972549, 0.972549, 2 change(s)]
RoomLights         RoomLights.RoomLights.LightCell.LightPart ~(205.2, 255.6, -39.9).Color = 0, 0, 0   [was 1, 1, 1, 1 change(s)]
RoomLights         RoomLights.RoomLights.LightCell.LightPart.SurfaceLight #11.Enabled = false   [was true, 1 change(s)]
RoomLights         RoomLights.RoomLights.LightCell.LightModel.NeonPart ~(195.4, 255.8, -49.4).Color = 0, 0, 0   [was 0.972549, 0.972549, 0.972549, 2 change(s)]
RoomLights         RoomLights.RoomLights.LightCell.LightModel.NeonPart ~(215.4, 255.8, -49.4).Color = 0, 0, 0   [was 0.972549, 0.972549, 0.972549, 2 change(s)]
RoomLights         RoomLights.RoomLights.LightCell.LightModel.NeonPart ~(205.3, 255.8, -49.4).Color = 0, 0, 0   [was 0.972549, 0.972549, 0.972549, 2 change(s)]
RoomLights         RoomLights.RoomLights.LightCell.LightPart ~(205.1, 255.6, -49.4).Color = 0, 0, 0   [was 1, 1, 1, 1 change(s)]
RoomLights         RoomLights.RoomLights.LightCell.LightPart.SurfaceLight #12.Enabled = false   [was true, 1 change(s)]
RoomLights         RoomLights.RoomLights.LightCell.LightModel.NeonPart ~(195.4, 255.8, -58.9).Color = 0, 0, 0   [was 0.972549, 0.972549, 0.972549, 2 change(s)]
RoomLights         RoomLights.RoomLights.LightCell.LightModel.NeonPart ~(215.4, 255.8, -58.9).Color = 0, 0, 0   [was 0.972549, 0.972549, 0.972549, 2 change(s)]
RoomLights         RoomLights.RoomLights.LightCell.LightModel.NeonPart ~(205.3, 255.8, -58.9).Color = 0, 0, 0   [was 0.972549, 0.972549, 0.972549, 2 change(s)]
RoomLights         RoomLights.RoomLights.LightCell.LightPart ~(205.2, 255.6, -58.9).Color = 0, 0, 0   [was 1, 1, 1, 1 change(s)]
RoomLights         RoomLights.RoomLights.LightCell.LightPart.SurfaceLight #13.Enabled = false   [was true, 1 change(s)]
Monitors           Monitors.ForecastControlRoomMonitor.PowerNeon.Color = 0.686275, 1, 0.572549   [was 1, 0, 0, 1 change(s)]
Monitors           Monitors.ForecastControlRoomMonitor.Screen.Color = 0.101961, 0.160784, 0.203922   [was 0.0666667, 0.0666667, 0.0666667, 1 change(s)]
Monitors           Monitors.ForecastControlRoomMonitor.Screen.MonitorUI.MainMonitorFrame.Visible = false   [was false, 2 change(s)]
Monitors           Monitors.ForecastControlRoomMonitor.Screen.MonitorUI.MainMonitorFrame.AnnouncementFrame.Visible = false   [was false, 2 change(s)]
Monitors           Monitors.ForecastControlRoomMonitor.Screen.MonitorUI.MainMonitorFrame.AnnouncementFrame.AnnouncementText.Text = HADEN THRESHOLD BREACH ~4:00 AM   [was PENDING SUBSPACE DEEPSCAN, 1 change(s)]
Monitors           Monitors.ForecastControlRoomMonitor.Screen.MonitorUI.MainMonitorFrame.AnnouncementFrame.AnnouncementText.TextColor3 = 0, 1, 0   [was 0, 1, 0, 2 change(s)]
Monitors           Monitors.ForecastControlRoomMonitor.Screen.MonitorUI.EFEFrame.Visible = false   [was false, 2 change(s)]
Monitors           Monitors.ForecastControlRoomMonitor.Screen.MonitorUI.GlitchEffect.GlitchFrame.Size = {0.0700000003, 0}, {0, 3}   [was {0.0710000023, 0}, {0, 3}, 30 change(s)]
Monitors           Monitors.ForecastControlRoomMonitor.Screen.MonitorUI.GlitchEffect.GlitchFrame.Position = {0.709999979, 0}, {0.980000019, 0}   [was {0.219999999, 0}, {0.460000008, 0}, 30 change(s)]
Monitors           Monitors.ForecastControlRoomMonitor.Screen.MonitorUI.GlitchEffect.GlitchFrame #2.Size = {0.0710000023, 0}, {0, 3}   [was {0.050999999, 0}, {0, 3}, 30 change(s)]
Monitors           Monitors.ForecastControlRoomMonitor.Screen.MonitorUI.GlitchEffect.GlitchFrame #2.Position = {0.400000006, 0}, {0.140000001, 0}   [was {0.119999997, 0}, {0.939999998, 0}, 30 change(s)]
Monitors           Monitors.ForecastControlRoomMonitor.Screen.MonitorUI.GlitchEffect.GlitchFrame #3.Size = {0.0879999995, 0}, {0, 3}   [was {0.199000001, 0}, {0, 3}, 29 change(s)]
Monitors           Monitors.ForecastControlRoomMonitor.Screen.MonitorUI.GlitchEffect.GlitchFrame #3.Position = {1, 0}, {0.879999995, 0}   [was {0.230000004, 0}, {0.560000002, 0}, 30 change(s)]
Monitors           Monitors.ForecastControlRoomMonitor.Screen.MonitorUI.GlitchEffect.GlitchFrame #4.Size = {0.150999993, 0}, {0, 3}   [was {0.162, 0}, {0, 3}, 30 change(s)]
Monitors           Monitors.ForecastControlRoomMonitor.Screen.MonitorUI.GlitchEffect.GlitchFrame #4.Position = {0.49000001, 0}, {0.980000019, 0}   [was {0.360000014, 0}, {0.200000003, 0}, 30 change(s)]
Monitors           Monitors.ForecastControlRoomMonitor.Screen.MonitorUI.GlitchEffect.GlitchFrame #5.Size = {0.199000001, 0}, {0, 3}   [was {0.167999998, 0}, {0, 3}, 30 change(s)]
Monitors           Monitors.ForecastControlRoomMonitor.Screen.MonitorUI.GlitchEffect.GlitchFrame #5.Position = {0.810000002, 0}, {0.0799999982, 0}   [was {0.119999997, 0}, {0.589999974, 0}, 30 change(s)]
Monitors           Monitors.ForecastControlRoomMonitor.Screen.MonitorUI.GlitchEffect.GlitchFrame #6.Size = {0.187999994, 0}, {0, 3}   [was {0.174999997, 0}, {0, 3}, 30 change(s)]
Monitors           Monitors.ForecastControlRoomMonitor.Screen.MonitorUI.GlitchEffect.GlitchFrame #6.Position = {0.860000014, 0}, {0, 0}   [was {0.829999983, 0}, {0.779999971, 0}, 30 change(s)]
Monitors           Monitors.ForecastControlRoomMonitor.Screen.MonitorUI.GlitchEffect.GlitchFrame #7.Size = {0.0670000017, 0}, {0, 3}   [was {0.182999998, 0}, {0, 3}, 30 change(s)]
Monitors           Monitors.ForecastControlRoomMonitor.Screen.MonitorUI.GlitchEffect.GlitchFrame #7.Position = {0.0399999991, 0}, {0.639999986, 0}   [was {0.899999976, 0}, {0.660000026, 0}, 30 change(s)]
Monitors           Monitors.ForecastControlRoomMonitor.Screen.MonitorUI.GlitchEffect.GlitchFrame #8.Size = {0.0649999976, 0}, {0, 3}   [was {0.185000002, 0}, {0, 3}, 30 change(s)]
Monitors           Monitors.ForecastControlRoomMonitor.Screen.MonitorUI.GlitchEffect.GlitchFrame #8.Position = {0.790000021, 0}, {0.170000002, 0}   [was {0.800000012, 0}, {0.0900000036, 0}, 30 change(s)]
Monitors           Monitors.ForecastControlRoomMonitor.Screen.MonitorUI.GlitchEffect.GlitchFrame #9.Size = {0.148000002, 0}, {0, 3}   [was {0.165000007, 0}, {0, 3}, 30 change(s)]
Monitors           Monitors.ForecastControlRoomMonitor.Screen.MonitorUI.GlitchEffect.GlitchFrame #9.Position = {0.720000029, 0}, {0.0900000036, 0}   [was {0.720000029, 0}, {0.219999999, 0}, 30 change(s)]
Monitors           Monitors.ForecastControlRoomMonitor.Screen.MonitorUI.GlitchEffect.GlitchFrame #10.Size = {0.0860000029, 0}, {0, 3}   [was {0.200000003, 0}, {0, 3}, 30 change(s)]
Monitors           Monitors.ForecastControlRoomMonitor.Screen.MonitorUI.GlitchEffect.GlitchFrame #10.Position = {0.550000012, 0}, {0.0700000003, 0}   [was {0.600000024, 0}, {0.25999999, 0}, 30 change(s)]
Monitors           Monitors.ForecastControlRoomMonitor.Screen.MonitorUI.ShutdownFrame.Visible = true   [was false, 1 change(s)]
Monitors           Monitors.ForecastControlRoomMonitor.Screen.MonitorUI.ShutdownFrame.ShutdownText.Text = REACTOR ENERGY QUOTA NOT MET   [was ENERGY QUOTA MET, 1 change(s)]
Monitors           Monitors.ForecastControlRoomMonitor.Screen.MonitorUI.ShutdownFrame.ShutdownText.TextColor3 = 1, 0, 0   [was 0, 1, 0, 1 change(s)]
Monitors           Monitors.ForecastControlRoomMonitor.Screen.EFESurfaceLight.Enabled = false   [was false, 2 change(s)]
Monitors           Monitors.ForecastControlRoomMonitor.Screen.SurfaceLight.Enabled = true   [was false, 1 change(s)]
Monitors           Monitors.ForecastControlRoomMonitor.Screen.SurfaceLight.Brightness = 0.039999961853027344   [was 0.03999999910593033, 1 change(s)]
Monitors           Monitors.LogControlRoomMonitor.PowerNeon.Color = 0.686275, 1, 0.572549   [was 1, 0, 0, 1 change(s)]
Monitors           Monitors.LogControlRoomMonitor.Screen.Color = 0.101961, 0.160784, 0.203922   [was 0.0666667, 0.0666667, 0.0666667, 1 change(s)]
Monitors           Monitors.LogControlRoomMonitor.Screen.SurfaceLight.Enabled = true   [was false, 1 change(s)]
Monitors           Monitors.LogControlRoomMonitor.Screen.SurfaceLight.Brightness = 0.039999961853027344   [was 0.03999999910593033, 1 change(s)]
Monitors           Monitors.LogControlRoomMonitor.Screen.MonitorUI.MainMonitorFrame.Visible = false   [was false, 2 change(s)]
Monitors           Monitors.LogControlRoomMonitor.Screen.MonitorUI.EFEFrame.Visible = false   [was false, 2 change(s)]
Monitors           Monitors.LogControlRoomMonitor.Screen.MonitorUI.GlitchEffect.GlitchFrame.Size = {0.197999999, 0}, {0, 3}   [was {0.100000001, 0}, {0, 3}, 30 change(s)]
Monitors           Monitors.LogControlRoomMonitor.Screen.MonitorUI.GlitchEffect.GlitchFrame.Position = {0.829999983, 0}, {0.850000024, 0}   [was {0.400000006, 0}, {0.200000003, 0}, 30 change(s)]
Monitors           Monitors.LogControlRoomMonitor.Screen.MonitorUI.GlitchEffect.GlitchFrame #2.Size = {0.0799999982, 0}, {0, 3}   [was {0.0710000023, 0}, {0, 3}, 30 change(s)]
Monitors           Monitors.LogControlRoomMonitor.Screen.MonitorUI.GlitchEffect.GlitchFrame #2.Position = {0.649999976, 0}, {0.930000007, 0}   [was {0.949999988, 0}, {0.379999995, 0}, 30 change(s)]
Monitors           Monitors.LogControlRoomMonitor.Screen.MonitorUI.GlitchEffect.GlitchFrame #3.Size = {0.185000002, 0}, {0, 3}   [was {0.0610000007, 0}, {0, 3}, 30 change(s)]
Monitors           Monitors.LogControlRoomMonitor.Screen.MonitorUI.GlitchEffect.GlitchFrame #3.Position = {0.349999994, 0}, {0.870000005, 0}   [was {0.270000011, 0}, {0.689999998, 0}, 30 change(s)]
Monitors           Monitors.LogControlRoomMonitor.Screen.MonitorUI.GlitchEffect.GlitchFrame #4.Size = {0.184, 0}, {0, 3}   [was {0.185000002, 0}, {0, 3}, 30 change(s)]
Monitors           Monitors.LogControlRoomMonitor.Screen.MonitorUI.GlitchEffect.GlitchFrame #4.Position = {0.720000029, 0}, {0.610000014, 0}   [was {0.560000002, 0}, {0.319999993, 0}, 30 change(s)]
Monitors           Monitors.LogControlRoomMonitor.Screen.MonitorUI.GlitchEffect.GlitchFrame #5.Size = {0.0769999996, 0}, {0, 3}   [was {0.189999998, 0}, {0, 3}, 29 change(s)]
Monitors           Monitors.LogControlRoomMonitor.Screen.MonitorUI.GlitchEffect.GlitchFrame #5.Position = {0.790000021, 0}, {0.230000004, 0}   [was {0.850000024, 0}, {0.479999989, 0}, 30 change(s)]
Monitors           Monitors.LogControlRoomMonitor.Screen.MonitorUI.GlitchEffect.GlitchFrame #6.Size = {0.115000002, 0}, {0, 3}   [was {0.165999994, 0}, {0, 3}, 30 change(s)]
Monitors           Monitors.LogControlRoomMonitor.Screen.MonitorUI.GlitchEffect.GlitchFrame #6.Position = {0.140000001, 0}, {0.150000006, 0}   [was {0.25999999, 0}, {0.5, 0}, 30 change(s)]
Monitors           Monitors.LogControlRoomMonitor.Screen.MonitorUI.GlitchEffect.GlitchFrame #7.Size = {0.0960000008, 0}, {0, 3}   [was {0.103, 0}, {0, 3}, 30 change(s)]
Monitors           Monitors.LogControlRoomMonitor.Screen.MonitorUI.GlitchEffect.GlitchFrame #7.Position = {0.119999997, 0}, {0.00999999978, 0}   [was {0.230000004, 0}, {0.340000004, 0}, 30 change(s)]
Monitors           Monitors.LogControlRoomMonitor.Screen.MonitorUI.GlitchEffect.GlitchFrame #8.Size = {0.0759999976, 0}, {0, 3}   [was {0.0719999969, 0}, {0, 3}, 29 change(s)]
Monitors           Monitors.LogControlRoomMonitor.Screen.MonitorUI.GlitchEffect.GlitchFrame #8.Position = {0.370000005, 0}, {0.790000021, 0}   [was {0.879999995, 0}, {0.00999999978, 0}, 30 change(s)]
Monitors           Monitors.LogControlRoomMonitor.Screen.MonitorUI.GlitchEffect.GlitchFrame #9.Size = {0.118000001, 0}, {0, 3}   [was {0.0520000011, 0}, {0, 3}, 30 change(s)]
Monitors           Monitors.LogControlRoomMonitor.Screen.MonitorUI.GlitchEffect.GlitchFrame #9.Position = {0.289999992, 0}, {0.300000012, 0}   [was {0.629999995, 0}, {0.99000001, 0}, 30 change(s)]
Monitors           Monitors.LogControlRoomMonitor.Screen.MonitorUI.GlitchEffect.GlitchFrame #10.Size = {0.063000001, 0}, {0, 3}   [was {0.0920000002, 0}, {0, 3}, 30 change(s)]
Monitors           Monitors.LogControlRoomMonitor.Screen.MonitorUI.GlitchEffect.GlitchFrame #10.Position = {0.439999998, 0}, {0.0500000007, 0}   [was {0.430000007, 0}, {0.689999998, 0}, 30 change(s)]
Monitors           Monitors.LogControlRoomMonitor.Screen.MonitorUI.ShutdownFrame.Visible = true   [was false, 1 change(s)]
Monitors           Monitors.LogControlRoomMonitor.Screen.MonitorUI.ShutdownFrame.ShutdownText.Text = REACTOR ENERGY QUOTA NOT MET   [was ENERGY QUOTA MET, 1 change(s)]
Monitors           Monitors.LogControlRoomMonitor.Screen.MonitorUI.ShutdownFrame.ShutdownText.TextColor3 = 1, 0, 0   [was 0, 1, 0, 1 change(s)]
Monitors           Monitors.LogControlRoomMonitor.Screen.EFESurfaceLight.Enabled = false   [was false, 2 change(s)]
Monitors           Monitors.QuotaControlRoomMonitor.PowerNeon.Color = 0.686275, 1, 0.572549   [was 1, 0, 0, 1 change(s)]
Monitors           Monitors.QuotaControlRoomMonitor.Screen.Color = 0.101961, 0.160784, 0.203922   [was 0.0666667, 0.0666667, 0.0666667, 1 change(s)]
Monitors           Monitors.QuotaControlRoomMonitor.Screen.EFESurfaceLight.Enabled = false   [was false, 2 change(s)]
Monitors           Monitors.QuotaControlRoomMonitor.Screen.SurfaceLight.Enabled = true   [was false, 1 change(s)]
Monitors           Monitors.QuotaControlRoomMonitor.Screen.SurfaceLight.Brightness = 0.039999961853027344   [was 0.03999999910593033, 1 change(s)]
Monitors           Monitors.QuotaControlRoomMonitor.Screen.MonitorUI.MainMonitorFrame.Visible = false   [was false, 2 change(s)]
Monitors           Monitors.QuotaControlRoomMonitor.Screen.MonitorUI.MainMonitorFrame.TimeFrame.TimeLabel.Text = 5:08 AM   [was 11:50 PM, 29 change(s)]
Monitors           Monitors.QuotaControlRoomMonitor.Screen.MonitorUI.MainMonitorFrame.QuotaFrame.PowerLabel.Text = 3.001 TW   [was 524 GW, 1 change(s)]
Monitors           Monitors.QuotaControlRoomMonitor.Screen.MonitorUI.MainMonitorFrame.QuotaFrame.EnergyProgressFrame.BarFrame.Size = {0.144618466, 0}, {1, 0}   [was {0.00999999978, 0}, {1, 0}, 24 change(s)]
Monitors           Monitors.QuotaControlRoomMonitor.Screen.MonitorUI.MainMonitorFrame.EquinoxFrame.BackgroundColor3 = 1, 0, 0   [was 0, 0, 0, 1 change(s)]
Monitors           Monitors.QuotaControlRoomMonitor.Screen.MonitorUI.MainMonitorFrame.EquinoxFrame.TextLabel.TextColor3 = 0, 0, 0   [was 1, 0, 0, 1 change(s)]
Monitors           Monitors.QuotaControlRoomMonitor.Screen.MonitorUI.EFEFrame.Visible = false   [was false, 2 change(s)]
Monitors           Monitors.QuotaControlRoomMonitor.Screen.MonitorUI.GlitchEffect.GlitchFrame.Size = {0.166999996, 0}, {0, 3}   [was {0.140000001, 0}, {0, 3}, 30 change(s)]
Monitors           Monitors.QuotaControlRoomMonitor.Screen.MonitorUI.GlitchEffect.GlitchFrame.Position = {0.200000003, 0}, {0.109999999, 0}   [was {0.75, 0}, {0.810000002, 0}, 30 change(s)]
Monitors           Monitors.QuotaControlRoomMonitor.Screen.MonitorUI.GlitchEffect.GlitchFrame #2.Size = {0.188999996, 0}, {0, 3}   [was {0.182999998, 0}, {0, 3}, 30 change(s)]
Monitors           Monitors.QuotaControlRoomMonitor.Screen.MonitorUI.GlitchEffect.GlitchFrame #2.Position = {0.689999998, 0}, {0.289999992, 0}   [was {0.430000007, 0}, {0.180000007, 0}, 30 change(s)]
Monitors           Monitors.QuotaControlRoomMonitor.Screen.MonitorUI.GlitchEffect.GlitchFrame #3.Size = {0.128999993, 0}, {0, 3}   [was {0.194999993, 0}, {0, 3}, 29 change(s)]
Monitors           Monitors.QuotaControlRoomMonitor.Screen.MonitorUI.GlitchEffect.GlitchFrame #3.Position = {0.639999986, 0}, {0.810000002, 0}   [was {0.5, 0}, {0.0700000003, 0}, 30 change(s)]
Monitors           Monitors.QuotaControlRoomMonitor.Screen.MonitorUI.GlitchEffect.GlitchFrame #4.Size = {0.143000007, 0}, {0, 3}   [was {0.186000004, 0}, {0, 3}, 30 change(s)]
Monitors           Monitors.QuotaControlRoomMonitor.Screen.MonitorUI.GlitchEffect.GlitchFrame #4.Position = {0.370000005, 0}, {0.600000024, 0}   [was {0.0900000036, 0}, {0.639999986, 0}, 30 change(s)]
Monitors           Monitors.QuotaControlRoomMonitor.Screen.MonitorUI.GlitchEffect.GlitchFrame #5.Size = {0.0909999982, 0}, {0, 3}   [was {0.182999998, 0}, {0, 3}, 30 change(s)]
Monitors           Monitors.QuotaControlRoomMonitor.Screen.MonitorUI.GlitchEffect.GlitchFrame #5.Position = {0.879999995, 0}, {0.49000001, 0}   [was {0.300000012, 0}, {0.829999983, 0}, 30 change(s)]
Monitors           Monitors.QuotaControlRoomMonitor.Screen.MonitorUI.GlitchEffect.GlitchFrame #6.Size = {0.189999998, 0}, {0, 3}   [was {0.186000004, 0}, {0, 3}, 30 change(s)]
Monitors           Monitors.QuotaControlRoomMonitor.Screen.MonitorUI.GlitchEffect.GlitchFrame #6.Position = {0.519999981, 0}, {0.479999989, 0}   [was {0.25, 0}, {0.379999995, 0}, 30 change(s)]
Monitors           Monitors.QuotaControlRoomMonitor.Screen.MonitorUI.GlitchEffect.GlitchFrame #7.Size = {0.181999996, 0}, {0, 3}   [was {0.148000002, 0}, {0, 3}, 29 change(s)]
Monitors           Monitors.QuotaControlRoomMonitor.Screen.MonitorUI.GlitchEffect.GlitchFrame #7.Position = {0.430000007, 0}, {0.419999987, 0}   [was {0.239999995, 0}, {0.709999979, 0}, 30 change(s)]
Monitors           Monitors.QuotaControlRoomMonitor.Screen.MonitorUI.GlitchEffect.GlitchFrame #8.Size = {0.0659999996, 0}, {0, 3}   [was {0.186000004, 0}, {0, 3}, 30 change(s)]
Monitors           Monitors.QuotaControlRoomMonitor.Screen.MonitorUI.GlitchEffect.GlitchFrame #8.Position = {0.319999993, 0}, {0.949999988, 0}   [was {0.379999995, 0}, {0.839999974, 0}, 30 change(s)]
Monitors           Monitors.QuotaControlRoomMonitor.Screen.MonitorUI.GlitchEffect.GlitchFrame #9.Size = {0.163000003, 0}, {0, 3}   [was {0.141000003, 0}, {0, 3}, 30 change(s)]
Monitors           Monitors.QuotaControlRoomMonitor.Screen.MonitorUI.GlitchEffect.GlitchFrame #9.Position = {0.800000012, 0}, {0.50999999, 0}   [was {0.600000024, 0}, {0.680000007, 0}, 30 change(s)]
Monitors           Monitors.QuotaControlRoomMonitor.Screen.MonitorUI.GlitchEffect.GlitchFrame #10.Size = {0.074000001, 0}, {0, 3}   [was {0.0780000016, 0}, {0, 3}, 30 change(s)]
Monitors           Monitors.QuotaControlRoomMonitor.Screen.MonitorUI.GlitchEffect.GlitchFrame #10.Position = {0.0299999993, 0}, {0.439999998, 0}   [was {0.870000005, 0}, {1, 0}, 30 change(s)]
Monitors           Monitors.QuotaControlRoomMonitor.Screen.MonitorUI.ShutdownFrame.Visible = true   [was false, 1 change(s)]
Monitors           Monitors.QuotaControlRoomMonitor.Screen.MonitorUI.ShutdownFrame.ShutdownText.Text = REACTOR ENERGY QUOTA NOT MET   [was ENERGY QUOTA MET, 1 change(s)]
Monitors           Monitors.QuotaControlRoomMonitor.Screen.MonitorUI.ShutdownFrame.ShutdownText.TextColor3 = 1, 0, 0   [was 0, 1, 0, 1 change(s)]
Monitors           Monitors.MainControlRoomMonitor.Screen.Color = 0.101961, 0.160784, 0.203922   [was 0.0666667, 0.0666667, 0.0666667, 1 change(s)]
Monitors           Monitors.MainControlRoomMonitor.Screen.MonitorUI.MainMonitorFrame.Visible = false   [was false, 2 change(s)]
Monitors           Monitors.MainControlRoomMonitor.Screen.MonitorUI.MainMonitorFrame.ReactorDiagramFrame.CBL3.CBLImageLabel.ImageColor3 = 1, 0.305882, 0.305882   [was 0.313726, 0.313726, 0.313726, 2 change(s)]
Monitors           Monitors.MainControlRoomMonitor.Screen.MonitorUI.MainMonitorFrame.ReactorDiagramFrame.CBL3.LaserFrame.Visible = false   [was false, 2 change(s)]
Monitors           Monitors.MainControlRoomMonitor.Screen.MonitorUI.MainMonitorFrame.ReactorDiagramFrame.BackgroundCircle.ImageColor3 = 0.294118, 0.254902, 0.137255   [was 0, 0, 0, 1 change(s)]
Monitors           Monitors.MainControlRoomMonitor.Screen.MonitorUI.MainMonitorFrame.ReactorDiagramFrame.CBL2.CBLImageLabel.ImageColor3 = 0.435294, 0.772549, 1   [was 0.313726, 0.313726, 0.313726, 2 change(s)]
Monitors           Monitors.MainControlRoomMonitor.Screen.MonitorUI.MainMonitorFrame.ReactorDiagramFrame.CBL2.LaserFrame.Visible = true   [was false, 1 change(s)]
Monitors           Monitors.MainControlRoomMonitor.Screen.MonitorUI.MainMonitorFrame.ReactorDiagramFrame.CBL1.CBLImageLabel.ImageColor3 = 0.435294, 0.772549, 1   [was 0.313726, 0.313726, 0.313726, 2 change(s)]
Monitors           Monitors.MainControlRoomMonitor.Screen.MonitorUI.MainMonitorFrame.ReactorDiagramFrame.CBL1.LaserFrame.Visible = true   [was false, 1 change(s)]
Monitors           Monitors.MainControlRoomMonitor.Screen.MonitorUI.MainMonitorFrame.ReactorDiagramFrame.InsideRing.ImageColor3 = 0.780392, 0.67451, 0.470588   [was 0, 0, 0, 1 change(s)]
Monitors           Monitors.MainControlRoomMonitor.Screen.MonitorUI.MainMonitorFrame.ReactorDiagramFrame.CoolantPump3.PipeFrame.BackgroundColor3 = 0.235294, 0.294118, 0.470588   [was 0.313726, 0.313726, 0.313726, 1 change(s)]
Monitors           Monitors.MainControlRoomMonitor.Screen.MonitorUI.MainMonitorFrame.ReactorDiagramFrame.CoolantPump3.CoolantBlockFrame.BackgroundColor3 = 0.176471, 0.215686, 0.509804   [was 0.235294, 0.235294, 0.235294, 1 change(s)]
Monitors           Monitors.MainControlRoomMonitor.Screen.MonitorUI.MainMonitorFrame.ReactorDiagramFrame.CoolantPump1.PipeFrame.BackgroundColor3 = 0.235294, 0.294118, 0.470588   [was 0.313726, 0.313726, 0.313726, 1 change(s)]
Monitors           Monitors.MainControlRoomMonitor.Screen.MonitorUI.MainMonitorFrame.ReactorDiagramFrame.CoolantPump1.CoolantBlockFrame.BackgroundColor3 = 0.176471, 0.215686, 0.509804   [was 0.235294, 0.235294, 0.235294, 1 change(s)]
Monitors           Monitors.MainControlRoomMonitor.Screen.MonitorUI.MainMonitorFrame.ReactorDiagramFrame.CoolantPump2.PipeFrame.BackgroundColor3 = 0.235294, 0.294118, 0.470588   [was 0.313726, 0.313726, 0.313726, 1 change(s)]
Monitors           Monitors.MainControlRoomMonitor.Screen.MonitorUI.MainMonitorFrame.ReactorDiagramFrame.CoolantPump2.CoolantBlockFrame.BackgroundColor3 = 0.176471, 0.215686, 0.509804   [was 0.235294, 0.235294, 0.235294, 1 change(s)]
Monitors           Monitors.MainControlRoomMonitor.Screen.MonitorUI.MainMonitorFrame.ReactorDiagramFrame.CoreImageLabel.Visible = true   [was false, 1 change(s)]
Monitors           Monitors.MainControlRoomMonitor.Screen.MonitorUI.MainMonitorFrame.ReadingsFrame.TempLabel.Text = 3320 F   [was NIL F, 26 change(s)]
Monitors           Monitors.MainControlRoomMonitor.Screen.MonitorUI.MainMonitorFrame.ReadingsFrame.FluctuationLabel.Text = ERR   [was 0 F, 23 change(s)]
Monitors           Monitors.MainControlRoomMonitor.Screen.MonitorUI.MainMonitorFrame.ReadingsFrame.FluctuationLabel.TextColor3 = 0, 0.784314, 1   [was 1, 1, 1, 6 change(s)]
Monitors           Monitors.MainControlRoomMonitor.Screen.MonitorUI.MainMonitorFrame.ReadingsFrame.OutputLabel.Text = 84 GW/H   [was 0 GW/H, 21 change(s)]
Monitors           Monitors.MainControlRoomMonitor.Screen.MonitorUI.MainMonitorFrame.ReadingsFrame.ExtractionLabel.Text = 25 %   [was 0 %, 8 change(s)]
Monitors           Monitors.MainControlRoomMonitor.Screen.MonitorUI.MainMonitorFrame.ReadingsFrame.RadiationLabel.Text = 557 R   [was 40 R, 25 change(s)]
Monitors           Monitors.MainControlRoomMonitor.Screen.MonitorUI.MainMonitorFrame.ReadingsFrame.PressureLabel.Text = -334 PSI   [was 20 PSI, 24 change(s)]
Monitors           Monitors.MainControlRoomMonitor.Screen.MonitorUI.MainMonitorFrame.ReadingsFrame.HDEFLabel.Text = 99 %   [was 12 %, 2 change(s)]
Monitors           Monitors.MainControlRoomMonitor.Screen.MonitorUI.MainMonitorFrame.CoreDiagramFrame.CoreImageLabel.ImageColor3 = 0, 0, 1   [was 0.313726, 0.313726, 0.313726, 1 change(s)]
Monitors           Monitors.MainControlRoomMonitor.Screen.MonitorUI.MainMonitorFrame.CoreDiagramFrame.CoronaImageLabel.ImageColor3 = 0, 0.686275, 1   [was 0.313726, 0.313726, 0.313726, 1 change(s)]
Monitors           Monitors.MainControlRoomMonitor.Screen.MonitorUI.MainMonitorFrame.CoreDiagramFrame.GraphFrame1.GraphFrame.GraphImageLabel.Visible = true   [was false, 1 change(s)]
Monitors           Monitors.MainControlRoomMonitor.Screen.MonitorUI.MainMonitorFrame.CoreDiagramFrame.GraphFrame1.GraphFrame.GraphImageLabel.Size = {2, 0}, {0, 75}   [was {2, 0}, {0, 75}, 3 change(s)]
Monitors           Monitors.MainControlRoomMonitor.Screen.MonitorUI.MainMonitorFrame.CoreDiagramFrame.GraphFrame1.GraphFrame.GraphImageLabel.Position = {1.04921198, 0}, {1, 0}   [was {1.91681957, 0}, {1, 0}, 30 change(s)]
Monitors           Monitors.MainControlRoomMonitor.Screen.MonitorUI.MainMonitorFrame.CoreDiagramFrame.GraphFrame1.WarnningImageLabel.Visible = false   [was false, 2 change(s)]
Monitors           Monitors.MainControlRoomMonitor.Screen.MonitorUI.MainMonitorFrame.CoreDiagramFrame.GraphFrame1.WarnningImageLabel2.Visible = false   [was false, 2 change(s)]
Monitors           Monitors.MainControlRoomMonitor.Screen.MonitorUI.MainMonitorFrame.CoreDiagramFrame.GraphFrame1.WarnningImageLabel3.Visible = false   [was false, 2 change(s)]
Monitors           Monitors.MainControlRoomMonitor.Screen.MonitorUI.MainMonitorFrame.CoreDiagramFrame.GraphFrame2.GraphFrame.GraphImageLabel.Visible = true   [was false, 1 change(s)]
Monitors           Monitors.MainControlRoomMonitor.Screen.MonitorUI.MainMonitorFrame.CoreDiagramFrame.GraphFrame2.GraphFrame.GraphImageLabel.Position = {2, 0}, {1, 0}   [was {1.03128803, 0}, {1, 0}, 30 change(s)]
Monitors           Monitors.MainControlRoomMonitor.Screen.MonitorUI.EFEFrame.Visible = false   [was false, 2 change(s)]
Monitors           Monitors.MainControlRoomMonitor.Screen.MonitorUI.GlitchEffect.GlitchFrame.Size = {0.165999994, 0}, {0, 3}   [was {0.175999999, 0}, {0, 3}, 29 change(s)]
Monitors           Monitors.MainControlRoomMonitor.Screen.MonitorUI.GlitchEffect.GlitchFrame.Position = {0.460000008, 0}, {0.150000006, 0}   [was {0.230000004, 0}, {0.779999971, 0}, 30 change(s)]
Monitors           Monitors.MainControlRoomMonitor.Screen.MonitorUI.GlitchEffect.GlitchFrame #2.Size = {0.192000002, 0}, {0, 3}   [was {0.061999999, 0}, {0, 3}, 30 change(s)]
Monitors           Monitors.MainControlRoomMonitor.Screen.MonitorUI.GlitchEffect.GlitchFrame #2.Position = {0.25, 0}, {0.839999974, 0}   [was {0.330000013, 0}, {0.439999998, 0}, 30 change(s)]
Monitors           Monitors.MainControlRoomMonitor.Screen.MonitorUI.GlitchEffect.GlitchFrame #3.Size = {0.174999997, 0}, {0, 3}   [was {0.0610000007, 0}, {0, 3}, 29 change(s)]
Monitors           Monitors.MainControlRoomMonitor.Screen.MonitorUI.GlitchEffect.GlitchFrame #3.Position = {0.970000029, 0}, {0.370000005, 0}   [was {0.889999986, 0}, {0.310000002, 0}, 30 change(s)]
Monitors           Monitors.MainControlRoomMonitor.Screen.MonitorUI.GlitchEffect.GlitchFrame #4.Size = {0.074000001, 0}, {0, 3}   [was {0.101000004, 0}, {0, 3}, 29 change(s)]
Monitors           Monitors.MainControlRoomMonitor.Screen.MonitorUI.GlitchEffect.GlitchFrame #4.Position = {0.589999974, 0}, {0.910000026, 0}   [was {0.109999999, 0}, {0.449999988, 0}, 30 change(s)]
Monitors           Monitors.MainControlRoomMonitor.Screen.MonitorUI.GlitchEffect.GlitchFrame #5.Size = {0.0590000004, 0}, {0, 3}   [was {0.104000002, 0}, {0, 3}, 29 change(s)]
Monitors           Monitors.MainControlRoomMonitor.Screen.MonitorUI.GlitchEffect.GlitchFrame #5.Position = {0.460000008, 0}, {0.0700000003, 0}   [was {0.660000026, 0}, {0.589999974, 0}, 30 change(s)]
Monitors           Monitors.MainControlRoomMonitor.Screen.MonitorUI.GlitchEffect.GlitchFrame #6.Size = {0.149000004, 0}, {0, 3}   [was {0.162, 0}, {0, 3}, 30 change(s)]
Monitors           Monitors.MainControlRoomMonitor.Screen.MonitorUI.GlitchEffect.GlitchFrame #6.Position = {0.419999987, 0}, {0.419999987, 0}   [was {0.289999992, 0}, {0.0900000036, 0}, 30 change(s)]
Monitors           Monitors.MainControlRoomMonitor.Screen.MonitorUI.GlitchEffect.GlitchFrame #7.Size = {0.0520000011, 0}, {0, 3}   [was {0.144999996, 0}, {0, 3}, 30 change(s)]
Monitors           Monitors.MainControlRoomMonitor.Screen.MonitorUI.GlitchEffect.GlitchFrame #7.Position = {0.0799999982, 0}, {0.5, 0}   [was {0.699999988, 0}, {0.0799999982, 0}, 30 change(s)]
Monitors           Monitors.MainControlRoomMonitor.Screen.MonitorUI.GlitchEffect.GlitchFrame #8.Size = {0.138999999, 0}, {0, 3}   [was {0.0949999988, 0}, {0, 3}, 29 change(s)]
Monitors           Monitors.MainControlRoomMonitor.Screen.MonitorUI.GlitchEffect.GlitchFrame #8.Position = {0.600000024, 0}, {0.439999998, 0}   [was {0.899999976, 0}, {0.449999988, 0}, 30 change(s)]
Monitors           Monitors.MainControlRoomMonitor.Screen.MonitorUI.GlitchEffect.GlitchFrame #9.Size = {0.119999997, 0}, {0, 3}   [was {0.136000007, 0}, {0, 3}, 30 change(s)]
Monitors           Monitors.MainControlRoomMonitor.Screen.MonitorUI.GlitchEffect.GlitchFrame #9.Position = {0.349999994, 0}, {0.680000007, 0}   [was {0.0700000003, 0}, {0.00999999978, 0}, 30 change(s)]
Monitors           Monitors.MainControlRoomMonitor.Screen.MonitorUI.GlitchEffect.GlitchFrame #10.Size = {0.061999999, 0}, {0, 3}   [was {0.0799999982, 0}, {0, 3}, 30 change(s)]
Monitors           Monitors.MainControlRoomMonitor.Screen.MonitorUI.GlitchEffect.GlitchFrame #10.Position = {0.409999996, 0}, {0.419999987, 0}   [was {0.899999976, 0}, {0.150000006, 0}, 30 change(s)]
Monitors           Monitors.MainControlRoomMonitor.Screen.MonitorUI.BootFrame.LogFrame.Size = {0.625, 0}, {1, 0}   [was {0.600000024, 40}, {1, 0}, 1 change(s)]
Monitors           Monitors.MainControlRoomMonitor.Screen.MonitorUI.BootFrame.LogFrame.TitleText1.Text = QUICK BOOT UP INITIALIZED   [was STANDARD BOOT UP INITIALIZED, 1 change(s)]
Monitors           Monitors.MainControlRoomMonitor.Screen.MonitorUI.ShutdownFrame.Visible = true   [was false, 1 change(s)]
Monitors           Monitors.MainControlRoomMonitor.Screen.MonitorUI.ShutdownFrame.ShutdownText.Text = REACTOR ENERGY QUOTA NOT MET   [was ENERGY QUOTA MET, 1 change(s)]
Monitors           Monitors.MainControlRoomMonitor.Screen.MonitorUI.ShutdownFrame.ShutdownText.TextColor3 = 1, 0, 0   [was 0, 1, 0, 1 change(s)]
Monitors           Monitors.MainControlRoomMonitor.Screen.SurfaceLight.Enabled = true   [was false, 1 change(s)]
Monitors           Monitors.MainControlRoomMonitor.Screen.SurfaceLight.Brightness = 0.039999961853027344   [was 0.03999999910593033, 1 change(s)]
Monitors           Monitors.MainControlRoomMonitor.Screen.EFESurfaceLight.Enabled = false   [was false, 2 change(s)]
Monitors           Monitors.MainControlRoomMonitor.PowerNeon.Color = 0.686275, 1, 0.572549   [was 1, 0, 0, 1 change(s)]
Monitors           Monitors.ThermalControlRoomMonitor.Screen.Color = 0.101961, 0.160784, 0.203922   [was 0.0666667, 0.0666667, 0.0666667, 1 change(s)]
Monitors           Monitors.ThermalControlRoomMonitor.Screen.EFESurfaceLight.Enabled = false   [was false, 2 change(s)]
Monitors           Monitors.ThermalControlRoomMonitor.Screen.SurfaceLight.Enabled = true   [was false, 1 change(s)]
Monitors           Monitors.ThermalControlRoomMonitor.Screen.SurfaceLight.Brightness = 0.039999961853027344   [was 0.03999999910593033, 1 change(s)]
Monitors           Monitors.ThermalControlRoomMonitor.Screen.ErrorSurfaceLight.Enabled = false   [was false, 2 change(s)]
Monitors           Monitors.ThermalControlRoomMonitor.Screen.MonitorUI.MainMonitorFrame.Visible = false   [was false, 2 change(s)]
Monitors           Monitors.ThermalControlRoomMonitor.Screen.MonitorUI.MainMonitorFrame.C1Frame.CPumpImageLabel.ImageColor3 = 1, 1, 1   [was 0.313726, 0.313726, 0.313726, 5 change(s)]
Monitors           Monitors.ThermalControlRoomMonitor.Screen.MonitorUI.MainMonitorFrame.C1Frame.GraphFrame.BarFrame.Size = {1, 0}, {1, 0}   [was {1, 0}, {0.00999999978, 0}, 5 change(s)]
Monitors           Monitors.ThermalControlRoomMonitor.Screen.MonitorUI.MainMonitorFrame.C2Frame.CPumpImageLabel.ImageColor3 = 1, 1, 1   [was 0.313726, 0.313726, 0.313726, 5 change(s)]
Monitors           Monitors.ThermalControlRoomMonitor.Screen.MonitorUI.MainMonitorFrame.C2Frame.GraphFrame.BarFrame.Size = {1, 0}, {1, 0}   [was {1, 0}, {0.00999999978, 0}, 5 change(s)]
Monitors           Monitors.ThermalControlRoomMonitor.Screen.MonitorUI.MainMonitorFrame.C3Frame.CPumpImageLabel.ImageColor3 = 1, 1, 1   [was 0.313726, 0.313726, 0.313726, 6 change(s)]
Monitors           Monitors.ThermalControlRoomMonitor.Screen.MonitorUI.MainMonitorFrame.C3Frame.GraphFrame.BarFrame.Size = {1, 0}, {1, 0}   [was {1, 0}, {0.00999999978, 0}, 4 change(s)]
Monitors           Monitors.ThermalControlRoomMonitor.Screen.MonitorUI.MainMonitorFrame.FanFrame.FanFrame1.FanImageLabel.ImageColor3 = 1, 0.568627, 0.176471   [was 0.313726, 0.313726, 0.313726, 2 change(s)]
Monitors           Monitors.ThermalControlRoomMonitor.Screen.MonitorUI.MainMonitorFrame.FanFrame.FanFrame1.StatusLabel.Text = OFF   [was OFF, 2 change(s)]
Monitors           Monitors.ThermalControlRoomMonitor.Screen.MonitorUI.MainMonitorFrame.FanFrame.FanFrame4.FanImageLabel.ImageColor3 = 1, 0.568627, 0.176471   [was 0.313726, 0.313726, 0.313726, 4 change(s)]
Monitors           Monitors.ThermalControlRoomMonitor.Screen.MonitorUI.MainMonitorFrame.FanFrame.FanFrame4.StatusLabel.Text = OFF   [was OFF, 4 change(s)]
Monitors           Monitors.ThermalControlRoomMonitor.Screen.MonitorUI.MainMonitorFrame.FanFrame.FanFrame5.FanImageLabel.ImageColor3 = 1, 0.568627, 0.176471   [was 0.313726, 0.313726, 0.313726, 4 change(s)]
Monitors           Monitors.ThermalControlRoomMonitor.Screen.MonitorUI.MainMonitorFrame.FanFrame.FanFrame5.StatusLabel.Text = OFF   [was OFF, 4 change(s)]
Monitors           Monitors.ThermalControlRoomMonitor.Screen.MonitorUI.MainMonitorFrame.FanFrame.FanFrame2.FanImageLabel.ImageColor3 = 1, 0.568627, 0.176471   [was 0.313726, 0.313726, 0.313726, 2 change(s)]
Monitors           Monitors.ThermalControlRoomMonitor.Screen.MonitorUI.MainMonitorFrame.FanFrame.FanFrame2.StatusLabel.Text = OFF   [was OFF, 2 change(s)]
Monitors           Monitors.ThermalControlRoomMonitor.Screen.MonitorUI.MainMonitorFrame.FanFrame.FanFrame6.FanImageLabel.ImageColor3 = 1, 0.568627, 0.176471   [was 0.313726, 0.313726, 0.313726, 2 change(s)]
Monitors           Monitors.ThermalControlRoomMonitor.Screen.MonitorUI.MainMonitorFrame.FanFrame.FanFrame6.StatusLabel.Text = OFF   [was OFF, 2 change(s)]
Monitors           Monitors.ThermalControlRoomMonitor.Screen.MonitorUI.MainMonitorFrame.FanFrame.FanFrame3.FanImageLabel.ImageColor3 = 1, 0.568627, 0.176471   [was 0.313726, 0.313726, 0.313726, 2 change(s)]
Monitors           Monitors.ThermalControlRoomMonitor.Screen.MonitorUI.MainMonitorFrame.FanFrame.FanFrame3.StatusLabel.Text = OFF   [was OFF, 2 change(s)]
Monitors           Monitors.ThermalControlRoomMonitor.Screen.MonitorUI.MainMonitorFrame.FanFrame.GraphFrame.GraphFrame.GraphImageLabel.Visible = true   [was false, 1 change(s)]
Monitors           Monitors.ThermalControlRoomMonitor.Screen.MonitorUI.MainMonitorFrame.FanFrame.GraphFrame.GraphFrame.GraphImageLabel.Size = {2, 0}, {0, 75}   [was {2, 0}, {0, 75}, 2 change(s)]
Monitors           Monitors.ThermalControlRoomMonitor.Screen.MonitorUI.MainMonitorFrame.FanFrame.GraphFrame.GraphFrame.GraphImageLabel.Position = {1.59519577, 0}, {1, 0}   [was {1.77950048, 0}, {1, 0}, 30 change(s)]
Monitors           Monitors.ThermalControlRoomMonitor.Screen.MonitorUI.MainMonitorFrame.FanFrame.GraphFrame.WarnningImageLabel.Visible = false   [was false, 2 change(s)]
Monitors           Monitors.ThermalControlRoomMonitor.Screen.MonitorUI.MainMonitorFrame.FanFrame.GraphFrame.WarnningImageLabel3.Visible = false   [was false, 2 change(s)]
Monitors           Monitors.ThermalControlRoomMonitor.Screen.MonitorUI.MainMonitorFrame.FanFrame.GraphFrame.WarnningImageLabel2.Visible = false   [was false, 2 change(s)]
Monitors           Monitors.ThermalControlRoomMonitor.Screen.MonitorUI.MainMonitorFrame.MalfunctionFrame.Visible = false   [was false, 2 change(s)]
Monitors           Monitors.ThermalControlRoomMonitor.Screen.MonitorUI.MainMonitorFrame.MalfunctionFrame.TextLabel.Text = PLEASE WAIT   [was SYSTEM ERROR, 1 change(s)]
Monitors           Monitors.ThermalControlRoomMonitor.Screen.MonitorUI.MainMonitorFrame.MalfunctionFrame.TextLabel.TextColor3 = 1, 0.698039, 0.180392   [was 1, 0, 0, 1 change(s)]
Monitors           Monitors.ThermalControlRoomMonitor.Screen.MonitorUI.MainMonitorFrame.MalfunctionFrame.TextLabel.TextLabel.Text = AUTO RECALIBRATION IN PROGRESS   [was CANNOT IDENTIFY ROOT CAUSE, 1 change(s)]
Monitors           Monitors.ThermalControlRoomMonitor.Screen.MonitorUI.MainMonitorFrame.MalfunctionFrame.TextLabel.TextLabel.TextColor3 = 1, 0.698039, 0.180392   [was 1, 0, 0, 1 change(s)]
Monitors           Monitors.ThermalControlRoomMonitor.Screen.MonitorUI.EFEFrame.Visible = false   [was false, 2 change(s)]
Monitors           Monitors.ThermalControlRoomMonitor.Screen.MonitorUI.GlitchEffect.GlitchFrame.Size = {0.063000001, 0}, {0, 3}   [was {0.143000007, 0}, {0, 3}, 30 change(s)]
Monitors           Monitors.ThermalControlRoomMonitor.Screen.MonitorUI.GlitchEffect.GlitchFrame.Position = {0.479999989, 0}, {0.699999988, 0}   [was {0.270000011, 0}, {0.340000004, 0}, 30 change(s)]
Monitors           Monitors.ThermalControlRoomMonitor.Screen.MonitorUI.GlitchEffect.GlitchFrame #2.Size = {0.152999997, 0}, {0, 3}   [was {0.125, 0}, {0, 3}, 30 change(s)]
Monitors           Monitors.ThermalControlRoomMonitor.Screen.MonitorUI.GlitchEffect.GlitchFrame #2.Position = {0.620000005, 0}, {0.819999993, 0}   [was {0.980000019, 0}, {0.779999971, 0}, 30 change(s)]
Monitors           Monitors.ThermalControlRoomMonitor.Screen.MonitorUI.GlitchEffect.GlitchFrame #3.Size = {0.0520000011, 0}, {0, 3}   [was {0.142000005, 0}, {0, 3}, 30 change(s)]
Monitors           Monitors.ThermalControlRoomMonitor.Screen.MonitorUI.GlitchEffect.GlitchFrame #3.Position = {0.730000019, 0}, {0.419999987, 0}   [was {0.579999983, 0}, {0.310000002, 0}, 30 change(s)]
Monitors           Monitors.ThermalControlRoomMonitor.Screen.MonitorUI.GlitchEffect.GlitchFrame #4.Size = {0.0939999968, 0}, {0, 3}   [was {0.175999999, 0}, {0, 3}, 29 change(s)]
Monitors           Monitors.ThermalControlRoomMonitor.Screen.MonitorUI.GlitchEffect.GlitchFrame #4.Position = {0.170000002, 0}, {0.550000012, 0}   [was {0.540000021, 0}, {0.119999997, 0}, 30 change(s)]
Monitors           Monitors.ThermalControlRoomMonitor.Screen.MonitorUI.GlitchEffect.GlitchFrame #5.Size = {0.0529999994, 0}, {0, 3}   [was {0.170000002, 0}, {0, 3}, 30 change(s)]
Monitors           Monitors.ThermalControlRoomMonitor.Screen.MonitorUI.GlitchEffect.GlitchFrame #5.Position = {0.00999999978, 0}, {0.0199999996, 0}   [was {0.610000014, 0}, {0.239999995, 0}, 30 change(s)]
Monitors           Monitors.ThermalControlRoomMonitor.Screen.MonitorUI.GlitchEffect.GlitchFrame #6.Size = {0.0799999982, 0}, {0, 3}   [was {0.184, 0}, {0, 3}, 30 change(s)]
Monitors           Monitors.ThermalControlRoomMonitor.Screen.MonitorUI.GlitchEffect.GlitchFrame #6.Position = {0.0599999987, 0}, {0.289999992, 0}   [was {0.699999988, 0}, {0.150000006, 0}, 30 change(s)]
Monitors           Monitors.ThermalControlRoomMonitor.Screen.MonitorUI.GlitchEffect.GlitchFrame #7.Size = {0.143999994, 0}, {0, 3}   [was {0.116999999, 0}, {0, 3}, 30 change(s)]
Monitors           Monitors.ThermalControlRoomMonitor.Screen.MonitorUI.GlitchEffect.GlitchFrame #7.Position = {0.540000021, 0}, {0.0299999993, 0}   [was {0.680000007, 0}, {0.689999998, 0}, 30 change(s)]
Monitors           Monitors.ThermalControlRoomMonitor.Screen.MonitorUI.GlitchEffect.GlitchFrame #8.Size = {0.0780000016, 0}, {0, 3}   [was {0.184, 0}, {0, 3}, 30 change(s)]
Monitors           Monitors.ThermalControlRoomMonitor.Screen.MonitorUI.GlitchEffect.GlitchFrame #8.Position = {0.0199999996, 0}, {0.589999974, 0}   [was {0.569999993, 0}, {0.0299999993, 0}, 30 change(s)]
Monitors           Monitors.ThermalControlRoomMonitor.Screen.MonitorUI.GlitchEffect.GlitchFrame #9.Size = {0.162, 0}, {0, 3}   [was {0.156000003, 0}, {0, 3}, 30 change(s)]
Monitors           Monitors.ThermalControlRoomMonitor.Screen.MonitorUI.GlitchEffect.GlitchFrame #9.Position = {0.870000005, 0}, {0.529999971, 0}   [was {0.910000026, 0}, {0.779999971, 0}, 30 change(s)]
Monitors           Monitors.ThermalControlRoomMonitor.Screen.MonitorUI.GlitchEffect.GlitchFrame #10.Size = {0.111000001, 0}, {0, 3}   [was {0.157000005, 0}, {0, 3}, 30 change(s)]
Monitors           Monitors.ThermalControlRoomMonitor.Screen.MonitorUI.GlitchEffect.GlitchFrame #10.Position = {0.689999998, 0}, {0.439999998, 0}   [was {0.699999988, 0}, {0.829999983, 0}, 30 change(s)]
Monitors           Monitors.ThermalControlRoomMonitor.Screen.MonitorUI.BootFrame.LogFrame.Size = {0.625, 0}, {1, 0}   [was {0.600000024, -40}, {1, 0}, 1 change(s)]
Monitors           Monitors.ThermalControlRoomMonitor.Screen.MonitorUI.BootFrame.LogFrame.TitleText1.Text = QUICK BOOT UP INITIALIZED   [was STANDARD BOOT UP INITIALIZED, 1 change(s)]
Monitors           Monitors.ThermalControlRoomMonitor.Screen.MonitorUI.ShutdownFrame.Visible = true   [was false, 1 change(s)]
Monitors           Monitors.ThermalControlRoomMonitor.Screen.MonitorUI.ShutdownFrame.ShutdownText.Text = REACTOR ENERGY QUOTA NOT MET   [was ENERGY QUOTA MET, 1 change(s)]
Monitors           Monitors.ThermalControlRoomMonitor.Screen.MonitorUI.ShutdownFrame.ShutdownText.TextColor3 = 1, 0, 0   [was 0, 1, 0, 1 change(s)]
Monitors           Monitors.ThermalControlRoomMonitor.PowerNeon.Color = 0.686275, 1, 0.572549   [was 1, 0, 0, 1 change(s)]
Monitors           Monitors.PowerControlRoomMonitor.Screen.Color = 0.101961, 0.160784, 0.203922   [was 0.0666667, 0.0666667, 0.0666667, 1 change(s)]
Monitors           Monitors.PowerControlRoomMonitor.Screen.MonitorUI.MainMonitorFrame.Visible = false   [was false, 2 change(s)]
Monitors           Monitors.PowerControlRoomMonitor.Screen.MonitorUI.MainMonitorFrame.CBL1Frame.CBLImageLabel.ImageColor3 = 0.435294, 0.772549, 1   [was 0.313726, 0.313726, 0.313726, 4 change(s)]
Monitors           Monitors.PowerControlRoomMonitor.Screen.MonitorUI.MainMonitorFrame.CBL1Frame.GraphFrame.GraphFrame.GraphImageLabel.Visible = true   [was false, 1 change(s)]
Monitors           Monitors.PowerControlRoomMonitor.Screen.MonitorUI.MainMonitorFrame.CBL1Frame.GraphFrame.GraphFrame.GraphImageLabel.Size = {2, 0}, {0, 40}   [was {2, 0}, {0, 100}, 25 change(s)]
Monitors           Monitors.PowerControlRoomMonitor.Screen.MonitorUI.MainMonitorFrame.CBL1Frame.GraphFrame.GraphFrame.GraphImageLabel.Position = {1.38772047, 0}, {1, 0}   [was {1.75570416, 0}, {1, 0}, 30 change(s)]
Monitors           Monitors.PowerControlRoomMonitor.Screen.MonitorUI.MainMonitorFrame.CBL1Frame.TempLabel.Text = 925 F   [was 140 F, 1 change(s)]
Monitors           Monitors.PowerControlRoomMonitor.Screen.MonitorUI.MainMonitorFrame.CBL1Frame.StressLabel.Text = 0 %   [was 0%, 19 change(s)]
Monitors           Monitors.PowerControlRoomMonitor.Screen.MonitorUI.MainMonitorFrame.CBL1Frame.PowerLabel.Text = 10 %   [was 100%, 6 change(s)]
Monitors           Monitors.PowerControlRoomMonitor.Screen.MonitorUI.MainMonitorFrame.CBL1Frame.PowerLabel.TextColor3 = 0.666667, 1, 1   [was 1, 1, 1, 2 change(s)]
Monitors           Monitors.PowerControlRoomMonitor.Screen.MonitorUI.MainMonitorFrame.CBL1Frame.StateLabel.Text = LOW OUTPUT   [was OFFLINE, 4 change(s)]
Monitors           Monitors.PowerControlRoomMonitor.Screen.MonitorUI.MainMonitorFrame.CBL2Frame.CBLImageLabel.ImageColor3 = 0.435294, 0.772549, 1   [was 0.313726, 0.313726, 0.313726, 4 change(s)]
Monitors           Monitors.PowerControlRoomMonitor.Screen.MonitorUI.MainMonitorFrame.CBL2Frame.GraphFrame.GraphFrame.GraphImageLabel.Visible = true   [was false, 1 change(s)]
Monitors           Monitors.PowerControlRoomMonitor.Screen.MonitorUI.MainMonitorFrame.CBL2Frame.GraphFrame.GraphFrame.GraphImageLabel.Size = {2, 0}, {0, 45}   [was {2, 0}, {0, 100}, 26 change(s)]
Monitors           Monitors.PowerControlRoomMonitor.Screen.MonitorUI.MainMonitorFrame.CBL2Frame.GraphFrame.GraphFrame.GraphImageLabel.Position = {1.38772047, 0}, {1, 0}   [was {1.75570416, 0}, {1, 0}, 30 change(s)]
Monitors           Monitors.PowerControlRoomMonitor.Screen.MonitorUI.MainMonitorFrame.CBL2Frame.TempLabel.Text = 925 F   [was 140 F, 1 change(s)]
Monitors           Monitors.PowerControlRoomMonitor.Screen.MonitorUI.MainMonitorFrame.CBL2Frame.StressLabel.Text = 0 %   [was 0 %, 21 change(s)]
Monitors           Monitors.PowerControlRoomMonitor.Screen.MonitorUI.MainMonitorFrame.CBL2Frame.PowerLabel.Text = 10 %   [was 100%, 6 change(s)]
Monitors           Monitors.PowerControlRoomMonitor.Screen.MonitorUI.MainMonitorFrame.CBL2Frame.PowerLabel.TextColor3 = 0.666667, 1, 1   [was 1, 1, 1, 2 change(s)]
Monitors           Monitors.PowerControlRoomMonitor.Screen.MonitorUI.MainMonitorFrame.CBL2Frame.StateLabel.Text = LOW OUTPUT   [was 100%, 4 change(s)]
Monitors           Monitors.PowerControlRoomMonitor.Screen.MonitorUI.MainMonitorFrame.CBL3Frame.CBLImageLabel.ImageColor3 = 1, 0.305882, 0.305882   [was 0.313726, 0.313726, 0.313726, 5 change(s)]
Monitors           Monitors.PowerControlRoomMonitor.Screen.MonitorUI.MainMonitorFrame.CBL3Frame.GraphFrame.GraphFrame.GraphImageLabel.Visible = true   [was false, 1 change(s)]
Monitors           Monitors.PowerControlRoomMonitor.Screen.MonitorUI.MainMonitorFrame.CBL3Frame.GraphFrame.GraphFrame.GraphImageLabel.Size = {2, 0}, {0, -78}   [was {2, 0}, {0, 100}, 22 change(s)]
Monitors           Monitors.PowerControlRoomMonitor.Screen.MonitorUI.MainMonitorFrame.CBL3Frame.GraphFrame.GraphFrame.GraphImageLabel.Position = {1.38772047, 0}, {1, 0}   [was {1.75570416, 0}, {1, 0}, 30 change(s)]
Monitors           Monitors.PowerControlRoomMonitor.Screen.MonitorUI.MainMonitorFrame.CBL3Frame.TempLabel.Text = ERR F   [was 140 F, 2 change(s)]
Monitors           Monitors.PowerControlRoomMonitor.Screen.MonitorUI.MainMonitorFrame.CBL3Frame.TempLabel.TextColor3 = 1, 1, 0   [was 1, 1, 1, 1 change(s)]
Monitors           Monitors.PowerControlRoomMonitor.Screen.MonitorUI.MainMonitorFrame.CBL3Frame.PowerLabel.Text = ERR %   [was 100%, 6 change(s)]
Monitors           Monitors.PowerControlRoomMonitor.Screen.MonitorUI.MainMonitorFrame.CBL3Frame.PowerLabel.TextColor3 = 1, 1, 0   [was 1, 1, 1, 2 change(s)]
Monitors           Monitors.PowerControlRoomMonitor.Screen.MonitorUI.MainMonitorFrame.CBL3Frame.StateLabel.Text = OVERLOADED - REBOOTING   [was OFFLINE, 5 change(s)]
Monitors           Monitors.PowerControlRoomMonitor.Screen.MonitorUI.MainMonitorFrame.CBL3Frame.StressLabel.Text = 0 %   [was 0%, 16 change(s)]
Monitors           Monitors.PowerControlRoomMonitor.Screen.MonitorUI.EFEFrame.Visible = false   [was false, 2 change(s)]
Monitors           Monitors.PowerControlRoomMonitor.Screen.MonitorUI.GlitchEffect.GlitchFrame.Size = {0.111000001, 0}, {0, 3}   [was {0.199000001, 0}, {0, 3}, 30 change(s)]
Monitors           Monitors.PowerControlRoomMonitor.Screen.MonitorUI.GlitchEffect.GlitchFrame.Position = {0.860000014, 0}, {0.560000002, 0}   [was {0.280000001, 0}, {0.649999976, 0}, 30 change(s)]
Monitors           Monitors.PowerControlRoomMonitor.Screen.MonitorUI.GlitchEffect.GlitchFrame #2.Size = {0.181999996, 0}, {0, 3}   [was {0.173999995, 0}, {0, 3}, 30 change(s)]
Monitors           Monitors.PowerControlRoomMonitor.Screen.MonitorUI.GlitchEffect.GlitchFrame #2.Position = {0.819999993, 0}, {0.930000007, 0}   [was {0.270000011, 0}, {0.300000012, 0}, 30 change(s)]
Monitors           Monitors.PowerControlRoomMonitor.Screen.MonitorUI.GlitchEffect.GlitchFrame #3.Size = {0.133000001, 0}, {0, 3}   [was {0.184, 0}, {0, 3}, 30 change(s)]
Monitors           Monitors.PowerControlRoomMonitor.Screen.MonitorUI.GlitchEffect.GlitchFrame #3.Position = {0.289999992, 0}, {0.970000029, 0}   [was {0.379999995, 0}, {0.189999998, 0}, 30 change(s)]
Monitors           Monitors.PowerControlRoomMonitor.Screen.MonitorUI.GlitchEffect.GlitchFrame #4.Size = {0.131999999, 0}, {0, 3}   [was {0.171000004, 0}, {0, 3}, 30 change(s)]
Monitors           Monitors.PowerControlRoomMonitor.Screen.MonitorUI.GlitchEffect.GlitchFrame #4.Position = {0.970000029, 0}, {0.00999999978, 0}   [was {0.75999999, 0}, {0.850000024, 0}, 30 change(s)]
Monitors           Monitors.PowerControlRoomMonitor.Screen.MonitorUI.GlitchEffect.GlitchFrame #5.Size = {0.0579999983, 0}, {0, 3}   [was {0.0790000036, 0}, {0, 3}, 30 change(s)]
Monitors           Monitors.PowerControlRoomMonitor.Screen.MonitorUI.GlitchEffect.GlitchFrame #5.Position = {0.280000001, 0}, {0.289999992, 0}   [was {0.0299999993, 0}, {0.180000007, 0}, 30 change(s)]
Monitors           Monitors.PowerControlRoomMonitor.Screen.MonitorUI.GlitchEffect.GlitchFrame #6.Size = {0.0839999989, 0}, {0, 3}   [was {0.0759999976, 0}, {0, 3}, 30 change(s)]
Monitors           Monitors.PowerControlRoomMonitor.Screen.MonitorUI.GlitchEffect.GlitchFrame #6.Position = {0.189999998, 0}, {0.140000001, 0}   [was {0.25999999, 0}, {0.349999994, 0}, 30 change(s)]
Monitors           Monitors.PowerControlRoomMonitor.Screen.MonitorUI.GlitchEffect.GlitchFrame #7.Size = {0.0710000023, 0}, {0, 3}   [was {0.108999997, 0}, {0, 3}, 30 change(s)]
Monitors           Monitors.PowerControlRoomMonitor.Screen.MonitorUI.GlitchEffect.GlitchFrame #7.Position = {0.519999981, 0}, {0.360000014, 0}   [was {0.0399999991, 0}, {0.699999988, 0}, 30 change(s)]
Monitors           Monitors.PowerControlRoomMonitor.Screen.MonitorUI.GlitchEffect.GlitchFrame #8.Size = {0.0719999969, 0}, {0, 3}   [was {0.0790000036, 0}, {0, 3}, 30 change(s)]
Monitors           Monitors.PowerControlRoomMonitor.Screen.MonitorUI.GlitchEffect.GlitchFrame #8.Position = {0.74000001, 0}, {0.0199999996, 0}   [was {0.699999988, 0}, {0.189999998, 0}, 30 change(s)]
Monitors           Monitors.PowerControlRoomMonitor.Screen.MonitorUI.GlitchEffect.GlitchFrame #9.Size = {0.171000004, 0}, {0, 3}   [was {0.145999998, 0}, {0, 3}, 30 change(s)]
Monitors           Monitors.PowerControlRoomMonitor.Screen.MonitorUI.GlitchEffect.GlitchFrame #9.Position = {0.0599999987, 0}, {0.99000001, 0}   [was {0.5, 0}, {0.800000012, 0}, 30 change(s)]
Monitors           Monitors.PowerControlRoomMonitor.Screen.MonitorUI.GlitchEffect.GlitchFrame #10.Size = {0.172000006, 0}, {0, 3}   [was {0.143000007, 0}, {0, 3}, 30 change(s)]
Monitors           Monitors.PowerControlRoomMonitor.Screen.MonitorUI.GlitchEffect.GlitchFrame #10.Position = {0.860000014, 0}, {0.850000024, 0}   [was {0.310000002, 0}, {0.479999989, 0}, 30 change(s)]
Monitors           Monitors.PowerControlRoomMonitor.Screen.MonitorUI.BootFrame.LogFrame.Size = {0.625, 0}, {1, 0}   [was {0.600000024, -40}, {1, 0}, 1 change(s)]
Monitors           Monitors.PowerControlRoomMonitor.Screen.MonitorUI.BootFrame.LogFrame.TitleText1.Text = QUICK BOOT UP INITIALIZED   [was STANDARD BOOT UP INITIALIZED, 1 change(s)]
Monitors           Monitors.PowerControlRoomMonitor.Screen.MonitorUI.ShutdownFrame.Visible = true   [was false, 1 change(s)]
Monitors           Monitors.PowerControlRoomMonitor.Screen.MonitorUI.ShutdownFrame.ShutdownText.Text = REACTOR ENERGY QUOTA NOT MET   [was ENERGY QUOTA MET, 1 change(s)]
Monitors           Monitors.PowerControlRoomMonitor.Screen.MonitorUI.ShutdownFrame.ShutdownText.TextColor3 = 1, 0, 0   [was 0, 1, 0, 1 change(s)]
Monitors           Monitors.PowerControlRoomMonitor.Screen.SurfaceLight.Enabled = true   [was false, 1 change(s)]
Monitors           Monitors.PowerControlRoomMonitor.Screen.SurfaceLight.Brightness = 0.039999961853027344   [was 0.03999999910593033, 1 change(s)]
Monitors           Monitors.PowerControlRoomMonitor.Screen.EFESurfaceLight.Enabled = false   [was false, 2 change(s)]
Monitors           Monitors.PowerControlRoomMonitor.PowerNeon.Color = 0.686275, 1, 0.572549   [was 1, 0, 0, 1 change(s)]
Monitors           Monitors.AlertsControlRoomMonitor.Screen.Color = 0.101961, 0.160784, 0.203922   [was 0.0666667, 0.0666667, 0.0666667, 1 change(s)]
Monitors           Monitors.AlertsControlRoomMonitor.Screen.MonitorUI.MainMonitorFrame.Visible = false   [was false, 2 change(s)]
Monitors           Monitors.AlertsControlRoomMonitor.Screen.MonitorUI.MainMonitorFrame.AlertsFrame.AlertFrame1.Frame.Visible = false   [was false, 2 change(s)]
Monitors           Monitors.AlertsControlRoomMonitor.Screen.MonitorUI.MainMonitorFrame.AlertsFrame.AlertFrame2.Frame.Visible = false   [was false, 14 change(s)]
Monitors           Monitors.AlertsControlRoomMonitor.Screen.MonitorUI.MainMonitorFrame.AlertsFrame.AlertFrame3.Frame.Visible = false   [was false, 12 change(s)]
Monitors           Monitors.AlertsControlRoomMonitor.Screen.MonitorUI.MainMonitorFrame.AlertsFrame.AlertFrame4.Frame.Visible = false   [was false, 12 change(s)]
Monitors           Monitors.AlertsControlRoomMonitor.Screen.MonitorUI.MainMonitorFrame.AlertsFrame.AlertFrame5.Frame.Visible = false   [was false, 14 change(s)]
Monitors           Monitors.AlertsControlRoomMonitor.Screen.MonitorUI.MainMonitorFrame.AlertsFrame.AlertFrame6.Frame.Visible = false   [was false, 14 change(s)]
Monitors           Monitors.AlertsControlRoomMonitor.Screen.MonitorUI.MainMonitorFrame.AlertsFrame.AlertFrame7.Frame.Visible = false   [was false, 14 change(s)]
Monitors           Monitors.AlertsControlRoomMonitor.Screen.MonitorUI.MainMonitorFrame.AlertsFrame.AlertFrame8.Frame.Visible = false   [was false, 14 change(s)]
Monitors           Monitors.AlertsControlRoomMonitor.Screen.MonitorUI.MainMonitorFrame.AlertsFrame.AlertFrame9.Frame.Visible = false   [was false, 14 change(s)]
Monitors           Monitors.AlertsControlRoomMonitor.Screen.MonitorUI.MainMonitorFrame.AlertsFrame.AlertFrame12.Frame.Visible = false   [was false, 2 change(s)]
Monitors           Monitors.AlertsControlRoomMonitor.Screen.MonitorUI.MainMonitorFrame.AlertsFrame.AlertFrame16.Frame.Visible = false   [was false, 2 change(s)]
Monitors           Monitors.AlertsControlRoomMonitor.Screen.MonitorUI.MainMonitorFrame.AlertsFrame.AlertFrame21.Frame.Visible = false   [was false, 2 change(s)]
Monitors           Monitors.AlertsControlRoomMonitor.Screen.MonitorUI.MainMonitorFrame.AlertsFrame.AlertFrame23.Frame.Visible = false   [was false, 2 change(s)]
Monitors           Monitors.AlertsControlRoomMonitor.Screen.MonitorUI.MainMonitorFrame.AlertsFrame.AlertFrame24.Frame.Visible = false   [was false, 4 change(s)]
Monitors           Monitors.AlertsControlRoomMonitor.Screen.MonitorUI.MainMonitorFrame.AlertsFrame.AlertFrame25.Frame.Visible = false   [was false, 2 change(s)]
Monitors           Monitors.AlertsControlRoomMonitor.Screen.MonitorUI.MainMonitorFrame.AlertsFrame.AlertFrame26.Frame.Visible = false   [was false, 2 change(s)]
Monitors           Monitors.AlertsControlRoomMonitor.Screen.MonitorUI.MainMonitorFrame.AlertsFrame.AlertFrame27.Frame.Visible = false   [was false, 2 change(s)]
Monitors           Monitors.AlertsControlRoomMonitor.Screen.MonitorUI.GlitchEffect.GlitchFrame.Size = {0.0599999987, 0}, {0, 3}   [was {0.141000003, 0}, {0, 3}, 30 change(s)]
Monitors           Monitors.AlertsControlRoomMonitor.Screen.MonitorUI.GlitchEffect.GlitchFrame.Position = {0.109999999, 0}, {0.340000004, 0}   [was {0.419999987, 0}, {0.200000003, 0}, 30 change(s)]
Monitors           Monitors.AlertsControlRoomMonitor.Screen.MonitorUI.GlitchEffect.GlitchFrame #2.Size = {0.064000003, 0}, {0, 3}   [was {0.158999994, 0}, {0, 3}, 30 change(s)]
Monitors           Monitors.AlertsControlRoomMonitor.Screen.MonitorUI.GlitchEffect.GlitchFrame #2.Position = {0.100000001, 0}, {0.49000001, 0}   [was {0.469999999, 0}, {0.219999999, 0}, 30 change(s)]
Monitors           Monitors.AlertsControlRoomMonitor.Screen.MonitorUI.GlitchEffect.GlitchFrame #3.Size = {0.107000001, 0}, {0, 3}   [was {0.107000001, 0}, {0, 3}, 30 change(s)]
Monitors           Monitors.AlertsControlRoomMonitor.Screen.MonitorUI.GlitchEffect.GlitchFrame #3.Position = {0.680000007, 0}, {0.370000005, 0}   [was {0.150000006, 0}, {0.419999987, 0}, 30 change(s)]
Monitors           Monitors.AlertsControlRoomMonitor.Screen.MonitorUI.GlitchEffect.GlitchFrame #4.Size = {0.128999993, 0}, {0, 3}   [was {0.158999994, 0}, {0, 3}, 30 change(s)]
Monitors           Monitors.AlertsControlRoomMonitor.Screen.MonitorUI.GlitchEffect.GlitchFrame #4.Position = {0.699999988, 0}, {0.959999979, 0}   [was {0.569999993, 0}, {0.629999995, 0}, 30 change(s)]
Monitors           Monitors.AlertsControlRoomMonitor.Screen.MonitorUI.GlitchEffect.GlitchFrame #5.Size = {0.143000007, 0}, {0, 3}   [was {0.123999998, 0}, {0, 3}, 30 change(s)]
Monitors           Monitors.AlertsControlRoomMonitor.Screen.MonitorUI.GlitchEffect.GlitchFrame #5.Position = {0.129999995, 0}, {0.449999988, 0}   [was {0.370000005, 0}, {0.639999986, 0}, 30 change(s)]
Monitors           Monitors.AlertsControlRoomMonitor.Screen.MonitorUI.GlitchEffect.GlitchFrame #6.Size = {0.0590000004, 0}, {0, 3}   [was {0.179000005, 0}, {0, 3}, 30 change(s)]
Monitors           Monitors.AlertsControlRoomMonitor.Screen.MonitorUI.GlitchEffect.GlitchFrame #6.Position = {0.889999986, 0}, {0.200000003, 0}   [was {0.709999979, 0}, {0.370000005, 0}, 30 change(s)]
Monitors           Monitors.AlertsControlRoomMonitor.Screen.MonitorUI.GlitchEffect.GlitchFrame #7.Size = {0.123000003, 0}, {0, 3}   [was {0.156000003, 0}, {0, 3}, 30 change(s)]
Monitors           Monitors.AlertsControlRoomMonitor.Screen.MonitorUI.GlitchEffect.GlitchFrame #7.Position = {0.839999974, 0}, {0.00999999978, 0}   [was {0.209999993, 0}, {0.239999995, 0}, 30 change(s)]
Monitors           Monitors.AlertsControlRoomMonitor.Screen.MonitorUI.GlitchEffect.GlitchFrame #8.Size = {0.118000001, 0}, {0, 3}   [was {0.133000001, 0}, {0, 3}, 30 change(s)]
Monitors           Monitors.AlertsControlRoomMonitor.Screen.MonitorUI.GlitchEffect.GlitchFrame #8.Position = {0.129999995, 0}, {0.340000004, 0}   [was {0.670000017, 0}, {0.109999999, 0}, 30 change(s)]
Monitors           Monitors.AlertsControlRoomMonitor.Screen.MonitorUI.GlitchEffect.GlitchFrame #9.Size = {0.159999996, 0}, {0, 3}   [was {0.185000002, 0}, {0, 3}, 30 change(s)]
Monitors           Monitors.AlertsControlRoomMonitor.Screen.MonitorUI.GlitchEffect.GlitchFrame #9.Position = {0.0599999987, 0}, {0.769999981, 0}   [was {0.540000021, 0}, {0.720000029, 0}, 30 change(s)]
Monitors           Monitors.AlertsControlRoomMonitor.Screen.MonitorUI.GlitchEffect.GlitchFrame #10.Size = {0.101000004, 0}, {0, 3}   [was {0.167999998, 0}, {0, 3}, 30 change(s)]
Monitors           Monitors.AlertsControlRoomMonitor.Screen.MonitorUI.GlitchEffect.GlitchFrame #10.Position = {0.50999999, 0}, {0.519999981, 0}   [was {0.569999993, 0}, {0.579999983, 0}, 30 change(s)]
Monitors           Monitors.AlertsControlRoomMonitor.Screen.MonitorUI.ShutdownFrame.Visible = true   [was false, 1 change(s)]
Monitors           Monitors.AlertsControlRoomMonitor.Screen.MonitorUI.ShutdownFrame.ShutdownText.Text = REACTOR ENERGY QUOTA NOT MET   [was ENERGY QUOTA MET, 1 change(s)]
Monitors           Monitors.AlertsControlRoomMonitor.Screen.MonitorUI.ShutdownFrame.ShutdownText.TextColor3 = 1, 0, 0   [was 0, 1, 0, 1 change(s)]
Monitors           Monitors.AlertsControlRoomMonitor.Screen.SurfaceLight.Enabled = true   [was false, 1 change(s)]
Monitors           Monitors.AlertsControlRoomMonitor.Screen.SurfaceLight.Brightness = 0.039999961853027344   [was 0.03999999910593033, 1 change(s)]
Monitors           Monitors.AlertsControlRoomMonitor.PowerNeon.Color = 0.686275, 1, 0.572549   [was 1, 0, 0, 1 change(s)]
GravatronUnit      GravatronUnit.GravPipe.Model.NeonEffect.Color = 0.411765, 0.262745, 1   [was 0.588235, 0.545098, 1, 27 change(s)]
GravatronUnit      GravatronUnit.GravPipe.Model.NeonEffect ~(202.0, 140.5, -156.5).Color = 0.411765, 0.262745, 1   [was 0.588235, 0.545098, 1, 27 change(s)]
GravatronUnit      GravatronUnit.GravPipe.Model.NeonEffect ~(209.0, 140.5, -144.3).Color = 0.411765, 0.262745, 1   [was 0.588235, 0.545098, 1, 26 change(s)]
GravatronUnit      GravatronUnit.SpinnyThing.MiddleSpinnyThing.NeonBottom.Part.CFrame = 245.643906, 154.952072, -197.661377, -0.637304306, 8.22508264e-06, -0.770612299, -9.17279249e-05, 1, 8.65333568e-05, 0.770612359, 0.000125834733, -0.637304246   [was 174.576141, 154.944199, -96.6623535, 0.4871068, -9.90136468e-05, 0.873342454, 3.51109993e-05, 1, 9.37900695e-05, -0.873342454, -1.50218511e-05, 0.4871068, 30 change(s)]
GravatronUnit      GravatronUnit.SpinnyThing.MiddleSpinnyThing.NeonBottom.Glass.CFrame = 206.131027, 154.946381, -149.883408, -0.637304306, 8.22508264e-06, -0.770612299, -9.17279249e-05, 1, 8.65333568e-05, 0.770612359, 0.000125834733, -0.637304246   [was 204.776779, 154.946381, -150.809586, 0.4871068, -9.90136468e-05, 0.873342454, 3.51109993e-05, 1, 9.37900695e-05, -0.873342454, -1.50218511e-05, 0.4871068, 30 change(s)]
GravatronUnit      GravatronUnit.SpinnyThing.MiddleSpinnyThing.NeonBottom.Part ~(176.0, 154.9, -95.9).CFrame = 244.391663, 154.952637, -198.696991, -0.637304306, 8.22508264e-06, -0.770612299, -9.17279249e-05, 1, 8.65333568e-05, 0.770612359, 0.000125834733, -0.637304246   [was 175.995316, 154.944778, -95.8708038, 0.4871068, -9.90136468e-05, 0.873342454, 3.51109993e-05, 1, 9.37900695e-05, -0.873342454, -1.50218511e-05, 0.4871068, 30 change(s)]
GravatronUnit      GravatronUnit.SpinnyThing.MiddleSpinnyThing.NeonBottom.Part ~(175.3, 154.9, -96.3).CFrame = 245.008911, 154.952148, -198.186508, -0.637304306, 8.22508264e-06, -0.770612299, -9.17279249e-05, 1, 8.65333568e-05, 0.770612359, 0.000125834733, -0.637304246   [was 175.295776, 154.944275, -96.2609711, 0.4871068, -9.90136468e-05, 0.873342454, 3.51109993e-05, 1, 9.37900695e-05, -0.873342454, -1.50218511e-05, 0.4871068, 30 change(s)]
GravatronUnit      GravatronUnit.SpinnyThing.MiddleSpinnyThing.NeonBottom.Part ~(236.4, 154.9, -204.2).CFrame = 165.365723, 154.940842, -103.141235, -0.637304306, 8.22508264e-06, -0.770612299, -9.17279249e-05, 1, 8.65333568e-05, 0.770612359, 0.000125834733, -0.637304246   [was 236.396805, 154.948715, -204.165131, 0.4871068, -9.90136468e-05, 0.873342454, 3.51109993e-05, 1, 9.37900695e-05, -0.873342454, -1.50218511e-05, 0.4871068, 30 change(s)]
GravatronUnit      GravatronUnit.SpinnyThing.MiddleSpinnyThing.NeonBottom.Part ~(235.0, 154.9, -205.0).CFrame = 166.617966, 154.940704, -102.105614, -0.637304306, 8.22508264e-06, -0.770612299, -9.17279249e-05, 1, 8.65333568e-05, 0.770612359, 0.000125834733, -0.637304246   [was 234.977615, 154.948563, -204.956696, 0.4871068, -9.90136468e-05, 0.873342454, 3.51109993e-05, 1, 9.37900695e-05, -0.873342454, -1.50218511e-05, 0.4871068, 30 change(s)]
GravatronUnit      GravatronUnit.SpinnyThing.MiddleSpinnyThing.NeonBottom.Part ~(235.7, 154.9, -204.6).CFrame = 165.98317, 154.940765, -102.630585, -0.637304306, 8.22508264e-06, -0.770612299, -9.17279249e-05, 1, 8.65333568e-05, 0.770612359, 0.000125834733, -0.637304246   [was 235.697037, 154.948639, -204.555435, 0.4871068, -9.90136468e-05, 0.873342454, 3.51109993e-05, 1, 9.37900695e-05, -0.873342454, -1.50218511e-05, 0.4871068, 30 change(s)]
GravatronUnit      GravatronUnit.SpinnyThing.MiddleSpinnyThing.NeonBottom.Neon.CFrame = 204.878784, 154.946533, -150.919037, -0.637304306, 8.22508264e-06, -0.770612299, -9.17279249e-05, 1, 8.65333568e-05, 0.770612359, 0.000125834733, -0.637304246   [was 206.195953, 154.946533, -150.018036, 0.4871068, -9.90136468e-05, 0.873342454, 3.51109993e-05, 1, 9.37900695e-05, -0.873342454, -1.50218511e-05, 0.4871068, 30 change(s)]
GravatronUnit      GravatronUnit.SpinnyThing.MiddleSpinnyThing.NeonBottom.Neon ~(205.5, 154.9, -150.4).CFrame = 205.496048, 154.946457, -150.408554, -0.637304306, 8.22508264e-06, -0.770612299, -9.17279249e-05, 1, 8.65333568e-05, 0.770612359, 0.000125834733, -0.637304246   [was 205.496414, 154.946457, -150.408203, 0.4871068, -9.90136468e-05, 0.873342454, 3.51109993e-05, 1, 9.37900695e-05, -0.873342454, -1.50218511e-05, 0.4871068, 30 change(s)]
GravatronUnit      GravatronUnit.SpinnyThing.MiddleSpinnyThing.NeonBottom.Glass ~(206.2, 154.9, -150.0).CFrame = 204.878784, 154.946533, -150.919037, -0.637304306, 8.22508264e-06, -0.770612299, -9.17279249e-05, 1, 8.65333568e-05, 0.770612359, 0.000125834733, -0.637304246   [was 206.195953, 154.946533, -150.018036, 0.4871068, -9.90136468e-05, 0.873342454, 3.51109993e-05, 1, 9.37900695e-05, -0.873342454, -1.50218511e-05, 0.4871068, 30 change(s)]
GravatronUnit      GravatronUnit.SpinnyThing.MiddleSpinnyThing.NeonBottom.Glass ~(205.5, 154.9, -150.4).CFrame = 205.496048, 154.946457, -150.408554, -0.637304306, 8.22508264e-06, -0.770612299, -9.17279249e-05, 1, 8.65333568e-05, 0.770612359, 0.000125834733, -0.637304246   [was 205.496414, 154.946457, -150.408203, 0.4871068, -9.90136468e-05, 0.873342454, 3.51109993e-05, 1, 9.37900695e-05, -0.873342454, -1.50218511e-05, 0.4871068, 30 change(s)]
GravatronUnit      GravatronUnit.SpinnyThing.MiddleSpinnyThing.NeonBottom.Part ~(205.5, 154.9, -150.4).CFrame = 205.496048, 154.946457, -150.408554, -0.637304306, 8.22508264e-06, -0.770612299, -9.17279249e-05, 1, 8.65333568e-05, 0.770612359, 0.000125834733, -0.637304246   [was 205.496414, 154.946457, -150.408203, 0.4871068, -9.90136468e-05, 0.873342454, 3.51109993e-05, 1, 9.37900695e-05, -0.873342454, -1.50218511e-05, 0.4871068, 30 change(s)]
GravatronUnit      GravatronUnit.SpinnyThing.MiddleSpinnyThing.NeonBottom.Part ~(206.2, 154.9, -150.0).CFrame = 204.878586, 154.946533, -150.919205, -0.637304306, 8.22508264e-06, -0.770612299, -9.17279249e-05, 1, 8.65333568e-05, 0.770612359, 0.000125834733, -0.637304246   [was 206.196182, 154.946533, -150.017899, 0.4871068, -9.90136468e-05, 0.873342454, 3.51109993e-05, 1, 9.37900695e-05, -0.873342454, -1.50218511e-05, 0.4871068, 30 change(s)]
GravatronUnit      GravatronUnit.SpinnyThing.MiddleSpinnyThing.NeonBottom.Neon ~(204.8, 154.9, -150.8).CFrame = 206.131027, 154.946381, -149.883408, -0.637304306, 8.22508264e-06, -0.770612299, -9.17279249e-05, 1, 8.65333568e-05, 0.770612359, 0.000125834733, -0.637304246   [was 204.776779, 154.946381, -150.809586, 0.4871068, -9.90136468e-05, 0.873342454, 3.51109993e-05, 1, 9.37900695e-05, -0.873342454, -1.50218511e-05, 0.4871068, 30 change(s)]
GravatronUnit      GravatronUnit.SpinnyThing.MiddleSpinnyThing.NeonBottom.Part ~(204.8, 154.9, -150.8).CFrame = 206.130829, 154.946381, -149.883575, -0.637304306, 8.22508264e-06, -0.770612299, -9.17279249e-05, 1, 8.65333568e-05, 0.770612359, 0.000125834733, -0.637304246   [was 204.776993, 154.946381, -150.809448, 0.4871068, -9.90136468e-05, 0.873342454, 3.51109993e-05, 1, 9.37900695e-05, -0.873342454, -1.50218511e-05, 0.4871068, 30 change(s)]
GravatronUnit      GravatronUnit.SpinnyThing.MiddleSpinnyThing.NeonTop.Part.CFrame = 165.983231, 161.190765, -102.629807, -0.637304306, 8.22508264e-06, -0.770612299, -9.17279249e-05, 1, 8.65333568e-05, 0.770612359, 0.000125834733, -0.637304246   [was 235.696411, 161.198639, -204.555527, 0.4871068, -9.90136468e-05, 0.873342454, 3.51109993e-05, 1, 9.37900695e-05, -0.873342454, -1.50218511e-05, 0.4871068, 30 change(s)]
GravatronUnit      GravatronUnit.SpinnyThing.MiddleSpinnyThing.NeonTop.Part ~(235.0, 161.2, -205.0).CFrame = 166.618011, 161.190704, -102.104828, -0.637304306, 8.22508264e-06, -0.770612299, -9.17279249e-05, 1, 8.65333568e-05, 0.770612359, 0.000125834733, -0.637304246   [was 234.977005, 161.198563, -204.956787, 0.4871068, -9.90136468e-05, 0.873342454, 3.51109993e-05, 1, 9.37900695e-05, -0.873342454, -1.50218511e-05, 0.4871068, 30 change(s)]
GravatronUnit      GravatronUnit.SpinnyThing.MiddleSpinnyThing.NeonTop.Part ~(206.2, 161.2, -150.0).CFrame = 204.878632, 161.196533, -150.918411, -0.637304306, 8.22508264e-06, -0.770612299, -9.17279249e-05, 1, 8.65333568e-05, 0.770612359, 0.000125834733, -0.637304246   [was 206.195557, 161.196533, -150.01799, 0.4871068, -9.90136468e-05, 0.873342454, 3.51109993e-05, 1, 9.37900695e-05, -0.873342454, -1.50218511e-05, 0.4871068, 30 change(s)]
GravatronUnit      GravatronUnit.SpinnyThing.MiddleSpinnyThing.NeonTop.Part ~(205.5, 161.2, -150.4).CFrame = 205.496094, 161.196457, -150.407776, -0.637304306, 8.22508264e-06, -0.770612299, -9.17279249e-05, 1, 8.65333568e-05, 0.770612359, 0.000125834733, -0.637304246   [was 205.495789, 161.196457, -150.408295, 0.4871068, -9.90136468e-05, 0.873342454, 3.51109993e-05, 1, 9.37900695e-05, -0.873342454, -1.50218511e-05, 0.4871068, 30 change(s)]
GravatronUnit      GravatronUnit.SpinnyThing.MiddleSpinnyThing.NeonTop.Part ~(236.4, 161.2, -204.2).CFrame = 165.365768, 161.190842, -103.140442, -0.637304306, 8.22508264e-06, -0.770612299, -9.17279249e-05, 1, 8.65333568e-05, 0.770612359, 0.000125834733, -0.637304246   [was 236.396179, 161.198715, -204.165222, 0.4871068, -9.90136468e-05, 0.873342454, 3.51109993e-05, 1, 9.37900695e-05, -0.873342454, -1.50218511e-05, 0.4871068, 30 change(s)]
GravatronUnit      GravatronUnit.SpinnyThing.MiddleSpinnyThing.NeonTop.Glass.CFrame = 205.496094, 161.196457, -150.407776, -0.637304306, 8.22508264e-06, -0.770612299, -9.17279249e-05, 1, 8.65333568e-05, 0.770612359, 0.000125834733, -0.637304246   [was 205.495789, 161.196457, -150.408295, 0.4871068, -9.90136468e-05, 0.873342454, 3.51109993e-05, 1, 9.37900695e-05, -0.873342454, -1.50218511e-05, 0.4871068, 30 change(s)]
GravatronUnit      GravatronUnit.SpinnyThing.MiddleSpinnyThing.NeonTop.Glass ~(206.2, 161.2, -150.0).CFrame = 204.878845, 161.196533, -150.918243, -0.637304306, 8.22508264e-06, -0.770612299, -9.17279249e-05, 1, 8.65333568e-05, 0.770612359, 0.000125834733, -0.637304246   [was 206.195328, 161.196533, -150.018127, 0.4871068, -9.90136468e-05, 0.873342454, 3.51109993e-05, 1, 9.37900695e-05, -0.873342454, -1.50218511e-05, 0.4871068, 30 change(s)]
GravatronUnit      GravatronUnit.SpinnyThing.MiddleSpinnyThing.NeonTop.Part ~(176.0, 161.2, -95.9).CFrame = 244.391708, 161.202637, -198.696213, -0.637304306, 8.22508264e-06, -0.770612299, -9.17279249e-05, 1, 8.65333568e-05, 0.770612359, 0.000125834733, -0.637304246   [was 175.99472, 161.194778, -95.8708878, 0.4871068, -9.90136468e-05, 0.873342454, 3.51109993e-05, 1, 9.37900695e-05, -0.873342454, -1.50218511e-05, 0.4871068, 30 change(s)]
GravatronUnit      GravatronUnit.SpinnyThing.MiddleSpinnyThing.NeonTop.Part ~(175.3, 161.2, -96.3).CFrame = 245.008957, 161.202148, -198.18573, -0.637304306, 8.22508264e-06, -0.770612299, -9.17279249e-05, 1, 8.65333568e-05, 0.770612359, 0.000125834733, -0.637304246   [was 175.295166, 161.194275, -96.2610626, 0.4871068, -9.90136468e-05, 0.873342454, 3.51109993e-05, 1, 9.37900695e-05, -0.873342454, -1.50218511e-05, 0.4871068, 30 change(s)]
GravatronUnit      GravatronUnit.SpinnyThing.MiddleSpinnyThing.NeonTop.Part ~(204.8, 161.2, -150.8).CFrame = 206.13089, 161.196381, -149.882797, -0.637304306, 8.22508264e-06, -0.770612299, -9.17279249e-05, 1, 8.65333568e-05, 0.770612359, 0.000125834733, -0.637304246   [was 204.776382, 161.196381, -150.80954, 0.4871068, -9.90136468e-05, 0.873342454, 3.51109993e-05, 1, 9.37900695e-05, -0.873342454, -1.50218511e-05, 0.4871068, 30 change(s)]
GravatronUnit      GravatronUnit.SpinnyThing.MiddleSpinnyThing.NeonTop.Neon.CFrame = 206.131088, 161.196381, -149.882629, -0.637304306, 8.22508264e-06, -0.770612299, -9.17279249e-05, 1, 8.65333568e-05, 0.770612359, 0.000125834733, -0.637304246   [was 204.776154, 161.196381, -150.809677, 0.4871068, -9.90136468e-05, 0.873342454, 3.51109993e-05, 1, 9.37900695e-05, -0.873342454, -1.50218511e-05, 0.4871068, 30 change(s)]
GravatronUnit      GravatronUnit.SpinnyThing.MiddleSpinnyThing.NeonTop.Neon ~(205.5, 161.2, -150.4).CFrame = 205.496094, 161.196457, -150.407776, -0.637304306, 8.22508264e-06, -0.770612299, -9.17279249e-05, 1, 8.65333568e-05, 0.770612359, 0.000125834733, -0.637304246   [was 205.495789, 161.196457, -150.408295, 0.4871068, -9.90136468e-05, 0.873342454, 3.51109993e-05, 1, 9.37900695e-05, -0.873342454, -1.50218511e-05, 0.4871068, 30 change(s)]
GravatronUnit      GravatronUnit.SpinnyThing.MiddleSpinnyThing.NeonTop.Neon ~(206.2, 161.2, -150.0).CFrame = 204.878845, 161.196533, -150.918243, -0.637304306, 8.22508264e-06, -0.770612299, -9.17279249e-05, 1, 8.65333568e-05, 0.770612359, 0.000125834733, -0.637304246   [was 206.195328, 161.196533, -150.018127, 0.4871068, -9.90136468e-05, 0.873342454, 3.51109993e-05, 1, 9.37900695e-05, -0.873342454, -1.50218511e-05, 0.4871068, 30 change(s)]
GravatronUnit      GravatronUnit.SpinnyThing.MiddleSpinnyThing.NeonTop.Part ~(174.6, 161.2, -96.7).CFrame = 245.643951, 161.202072, -197.660583, -0.637304306, 8.22508264e-06, -0.770612299, -9.17279249e-05, 1, 8.65333568e-05, 0.770612359, 0.000125834733, -0.637304246   [was 174.575531, 161.194199, -96.6624374, 0.4871068, -9.90136468e-05, 0.873342454, 3.51109993e-05, 1, 9.37900695e-05, -0.873342454, -1.50218511e-05, 0.4871068, 30 change(s)]
GravatronUnit      GravatronUnit.SpinnyThing.MiddleSpinnyThing.NeonTop.Glass ~(204.8, 161.2, -150.8).CFrame = 206.131088, 161.196381, -149.882629, -0.637304306, 8.22508264e-06, -0.770612299, -9.17279249e-05, 1, 8.65333568e-05, 0.770612359, 0.000125834733, -0.637304246   [was 204.776154, 161.196381, -150.809677, 0.4871068, -9.90136468e-05, 0.873342454, 3.51109993e-05, 1, 9.37900695e-05, -0.873342454, -1.50218511e-05, 0.4871068, 30 change(s)]
GravatronUnit      GravatronUnit.SpinnyThing.MiddleSpinnyThing.Model.Part.CFrame = 245.485275, 154.084961, -203.469971, -0.637304306, -8.22508264e-06, 0.770612299, -9.17279249e-05, -1, -8.65333568e-05, 0.770612359, -0.000125834733, 0.637304246   [was 175.784805, 154.076569, -90.9787598, 0.4871068, 9.90136468e-05, -0.873342454, 3.51109993e-05, -1, -9.37900695e-05, -0.873342454, 1.50218511e-05, -0.4871068, 30 change(s)]
GravatronUnit      GravatronUnit.SpinnyThing.MiddleSpinnyThing.Model.Part ~(175.8, 162.1, -91.0).CFrame = 245.485336, 162.084961, -203.468964, 0.637304306, 8.22508264e-06, 0.770612299, 9.17279249e-05, 1, -8.65333568e-05, -0.770612359, 0.000125834733, 0.637304246   [was 175.784012, 162.076569, -90.9788818, -0.4871068, -9.90136468e-05, -0.873342454, -3.51109993e-05, 1, -9.37900695e-05, 0.873342454, -1.50218511e-05, -0.4871068, 30 change(s)]
GravatronUnit      GravatronUnit.SpinnyThing.MiddleSpinnyThing.Model.Part ~(170.5, 154.1, -93.9).CFrame = 250.108948, 154.084442, -199.646149, 0.637304306, -8.22508264e-06, -0.770612299, 9.17279249e-05, -1, 8.65333568e-05, -0.770612359, -0.000125834733, -0.637304246   [was 170.544754, 154.076004, -93.9013977, -0.4871068, 9.90136468e-05, 0.873342454, -3.51109993e-05, -1, 9.37900695e-05, 0.873342454, 1.50218511e-05, 0.4871068, 30 change(s)]
GravatronUnit      GravatronUnit.SpinnyThing.MiddleSpinnyThing.Model.Part ~(173.2, 158.1, -92.4).CFrame = 247.79715, 158.084702, -201.557556, -8.22508264e-06, -0.637304306, -0.770612299, -1, -9.17279249e-05, 8.65333568e-05, -0.000125834733, 0.770612359, -0.637304246   [was 173.164383, 158.076279, -92.4401398, 9.90136468e-05, 0.4871068, 0.873342454, -1, 3.51109993e-05, 9.37900695e-05, 1.50218511e-05, -0.873342454, 0.4871068, 30 change(s)]
GravatronUnit      GravatronUnit.SpinnyThing.MiddleSpinnyThing.Model.Part ~(170.5, 162.1, -93.9).CFrame = 250.109009, 162.084442, -199.645142, -0.637304306, 8.22508264e-06, -0.770612299, -9.17279249e-05, 1, 8.65333568e-05, 0.770612359, 0.000125834733, -0.637304246   [was 170.543961, 162.076004, -93.9015198, 0.4871068, -9.90136468e-05, 0.873342454, 3.51109993e-05, 1, 9.37900695e-05, -0.873342454, -1.50218511e-05, 0.4871068, 30 change(s)]
GravatronUnit      GravatronUnit.SpinnyThing.MiddleSpinnyThing.Model.Part ~(173.2, 158.1, -92.4) #2.CFrame = 247.79715, 158.084702, -201.557556, -8.22508264e-06, -0.637304306, -0.770612299, -1, -9.17279249e-05, 8.65333568e-05, -0.000125834733, 0.770612359, -0.637304246   [was 173.164383, 158.076279, -92.4401398, 9.90136468e-05, 0.4871068, 0.873342454, -1, 3.51109993e-05, 9.37900695e-05, 1.50218511e-05, -0.873342454, 0.4871068, 30 change(s)]
GravatronUnit      GravatronUnit.SpinnyThing.MiddleSpinnyThing.Model.Part ~(237.8, 158.1, -208.4).CFrame = 163.194992, 158.072525, -99.2587662, -8.22508264e-06, -0.637304306, -0.770612299, -1, -9.17279249e-05, 8.65333568e-05, -0.000125834733, 0.770612359, -0.637304246   [was 237.82782, 158.080948, -208.376358, 9.90136468e-05, 0.4871068, 0.873342454, -1, 3.51109993e-05, 9.37900695e-05, 1.50218511e-05, -0.873342454, 0.4871068, 30 change(s)]
GravatronUnit      GravatronUnit.SpinnyThing.MiddleSpinnyThing.Model.Part ~(235.2, 162.1, -209.8).CFrame = 165.506866, 162.072266, -97.3463516, -0.637304306, 8.22508264e-06, -0.770612299, -9.17279249e-05, 1, 8.65333568e-05, 0.770612359, 0.000125834733, -0.637304246   [was 235.207397, 162.080658, -209.837738, 0.4871068, -9.90136468e-05, 0.873342454, 3.51109993e-05, 1, 9.37900695e-05, -0.873342454, -1.50218511e-05, 0.4871068, 30 change(s)]
GravatronUnit      GravatronUnit.SpinnyThing.MiddleSpinnyThing.Model.Part ~(237.8, 158.1, -208.4) #2.CFrame = 163.194992, 158.072525, -99.2587662, -8.22508264e-06, -0.637304306, -0.770612299, -1, -9.17279249e-05, 8.65333568e-05, -0.000125834733, 0.770612359, -0.637304246   [was 237.82782, 158.080948, -208.376358, 9.90136468e-05, 0.4871068, 0.873342454, -1, 3.51109993e-05, 9.37900695e-05, 1.50218511e-05, -0.873342454, 0.4871068, 30 change(s)]
GravatronUnit      GravatronUnit.SpinnyThing.MiddleSpinnyThing.Model.Part ~(240.4, 162.1, -206.9).CFrame = 160.883194, 162.072784, -101.170174, 0.637304306, 8.22508264e-06, 0.770612299, 9.17279249e-05, 1, -8.65333568e-05, -0.770612359, 0.000125834733, 0.637304246   [was 240.447449, 162.081223, -206.9151, -0.4871068, -9.90136468e-05, -0.873342454, -3.51109993e-05, 1, -9.37900695e-05, 0.873342454, -1.50218511e-05, -0.4871068, 30 change(s)]
GravatronUnit      GravatronUnit.SpinnyThing.MiddleSpinnyThing.Model.Part ~(240.4, 154.1, -206.9).CFrame = 160.883118, 154.072784, -101.171181, -0.637304306, -8.22508264e-06, 0.770612299, -9.17279249e-05, -1, -8.65333568e-05, 0.770612359, -0.000125834733, 0.637304246   [was 240.448242, 154.081223, -206.914978, 0.4871068, 9.90136468e-05, -0.873342454, 3.51109993e-05, -1, -9.37900695e-05, -0.873342454, 1.50218511e-05, -0.4871068, 30 change(s)]
GravatronUnit      GravatronUnit.SpinnyThing.MiddleSpinnyThing.Model.Part ~(235.2, 154.1, -209.8).CFrame = 165.506805, 154.072266, -97.3473587, 0.637304306, -8.22508264e-06, -0.770612299, 9.17279249e-05, -1, 8.65333568e-05, -0.770612359, -0.000125834733, -0.637304246   [was 235.208191, 154.080658, -209.837616, -0.4871068, 9.90136468e-05, 0.873342454, -3.51109993e-05, -1, 9.37900695e-05, 0.873342454, 1.50218511e-05, 0.4871068, 30 change(s)]
GravatronUnit      GravatronUnit.SpinnyThing.MiddleSpinnyThing.Decals.DecalPart.CFrame = 186.966476, 160.263718, -128.00235, -0.637304306, 8.22508264e-06, -0.770612299, -9.17279249e-05, 1, 8.65333568e-05, 0.770612359, 0.000125834733, -0.637304246   [was 219.658508, 160.26741, -175.80069, 0.4871068, -9.90136468e-05, 0.873342454, 3.51109993e-05, 1, 9.37900695e-05, -0.873342454, -1.50218511e-05, 0.4871068, 30 change(s)]
GravatronUnit      GravatronUnit.SpinnyThing.MiddleSpinnyThing.Decals.DecalPart ~(219.7, 159.9, -175.8).CFrame = 186.966476, 159.888718, -128.002396, -0.637304306, 8.22508264e-06, -0.770612299, -9.17279249e-05, 1, 8.65333568e-05, 0.770612359, 0.000125834733, -0.637304246   [was 219.658539, 159.89241, -175.80069, 0.4871068, -9.90136468e-05, 0.873342454, 3.51109993e-05, 1, 9.37900695e-05, -0.873342454, -1.50218511e-05, 0.4871068, 30 change(s)]
GravatronUnit      GravatronUnit.SpinnyThing.MiddleSpinnyThing.Decals.TextPart.CFrame = 186.966446, 158.076218, -128.002625, -0.637304306, 8.22508264e-06, -0.770612299, -9.17279249e-05, 1, 8.65333568e-05, 0.770612359, 0.000125834733, -0.637304246   [was 219.658737, 158.07991, -175.800659, 0.4871068, -9.90136468e-05, 0.873342454, 3.51109993e-05, 1, 9.37900695e-05, -0.873342454, -1.50218511e-05, 0.4871068, 30 change(s)]
GravatronUnit      GravatronUnit.SpinnyThing.MiddleSpinnyThing.Decals.DecalPart ~(219.7, 156.3, -175.8).CFrame = 186.966446, 156.263718, -128.002853, -0.637304306, 8.22508264e-06, -0.770612299, -9.17279249e-05, 1, 8.65333568e-05, 0.770612359, 0.000125834733, -0.637304246   [was 219.658905, 156.26741, -175.800629, 0.4871068, -9.90136468e-05, 0.873342454, 3.51109993e-05, 1, 9.37900695e-05, -0.873342454, -1.50218511e-05, 0.4871068, 30 change(s)]
GravatronUnit      GravatronUnit.SpinnyThing.MiddleSpinnyThing.Decals.DecalPart ~(219.7, 155.9, -175.8).CFrame = 186.966446, 155.888718, -128.002899, -0.637304306, 8.22508264e-06, -0.770612299, -9.17279249e-05, 1, 8.65333568e-05, 0.770612359, 0.000125834733, -0.637304246   [was 219.658936, 155.89241, -175.800629, 0.4871068, -9.90136468e-05, 0.873342454, 3.51109993e-05, 1, 9.37900695e-05, -0.873342454, -1.50218511e-05, 0.4871068, 30 change(s)]
GravatronUnit      GravatronUnit.SpinnyThing.MiddleSpinnyThing.Decals.DecalPart ~(191.3, 155.9, -125.0).CFrame = 224.025681, 155.894058, -172.813995, -0.637304306, 8.22508264e-06, -0.770612299, -9.17279249e-05, 1, 8.65333568e-05, 0.770612359, 0.000125834733, -0.637304246   [was 191.333679, 155.890366, -125.01577, 0.4871068, -9.90136468e-05, 0.873342454, 3.51109993e-05, 1, 9.37900695e-05, -0.873342454, -1.50218511e-05, 0.4871068, 30 change(s)]
GravatronUnit      GravatronUnit.SpinnyThing.MiddleSpinnyThing.Decals.DecalPart ~(191.3, 156.3, -125.0).CFrame = 224.025681, 156.269058, -172.81395, -0.637304306, 8.22508264e-06, -0.770612299, -9.17279249e-05, 1, 8.65333568e-05, 0.770612359, 0.000125834733, -0.637304246   [was 191.333649, 156.265366, -125.015778, 0.4871068, -9.90136468e-05, 0.873342454, 3.51109993e-05, 1, 9.37900695e-05, -0.873342454, -1.50218511e-05, 0.4871068, 30 change(s)]
GravatronUnit      GravatronUnit.SpinnyThing.MiddleSpinnyThing.Decals.TextPart ~(191.3, 158.1, -125.0).CFrame = 224.025696, 158.081558, -172.813736, -0.637304306, 8.22508264e-06, -0.770612299, -9.17279249e-05, 1, 8.65333568e-05, 0.770612359, 0.000125834733, -0.637304246   [was 191.333481, 158.077866, -125.015793, 0.4871068, -9.90136468e-05, 0.873342454, 3.51109993e-05, 1, 9.37900695e-05, -0.873342454, -1.50218511e-05, 0.4871068, 30 change(s)]
GravatronUnit      GravatronUnit.SpinnyThing.MiddleSpinnyThing.Decals.DecalPart ~(191.3, 159.9, -125.0).CFrame = 224.025711, 159.894058, -172.813492, -0.637304306, 8.22508264e-06, -0.770612299, -9.17279249e-05, 1, 8.65333568e-05, 0.770612359, 0.000125834733, -0.637304246   [was 191.333282, 159.890366, -125.015831, 0.4871068, -9.90136468e-05, 0.873342454, 3.51109993e-05, 1, 9.37900695e-05, -0.873342454, -1.50218511e-05, 0.4871068, 30 change(s)]
GravatronUnit      GravatronUnit.SpinnyThing.MiddleSpinnyThing.Decals.DecalPart ~(191.3, 160.3, -125.0).CFrame = 224.025711, 160.269058, -172.813446, -0.637304306, 8.22508264e-06, -0.770612299, -9.17279249e-05, 1, 8.65333568e-05, 0.770612359, 0.000125834733, -0.637304246   [was 191.333252, 160.265366, -125.015839, 0.4871068, -9.90136468e-05, 0.873342454, 3.51109993e-05, 1, 9.37900695e-05, -0.873342454, -1.50218511e-05, 0.4871068, 30 change(s)]
GravatronUnit      GravatronUnit.SpinnyThing.MiddleSpinnyThing.Model.Part ~(205.5, 158.1, -150.4).CFrame = 205.496078, 158.078613, -150.408173, -8.22508264e-06, -0.637304306, -0.770612299, -1, -9.17279249e-05, 8.65333568e-05, -0.000125834733, 0.770612359, -0.637304246   [was 205.496094, 158.078613, -150.408234, 9.90136468e-05, 0.4871068, 0.873342454, -1, 3.51109993e-05, 9.37900695e-05, 1.50218511e-05, -0.873342454, 0.4871068, 30 change(s)]
GravatronUnit      GravatronUnit.SpinnyThing.MiddleSpinnyThing.Model.Part ~(207.8, 154.5, -149.1).CFrame = 203.47319, 154.453842, -152.081558, -0.637304306, -8.22508264e-06, 0.770612299, -9.17279249e-05, -1, -8.65333568e-05, 0.770612359, -0.000125834733, 0.637304246   [was 207.788971, 154.453857, -149.129517, 0.4871068, 9.90136468e-05, -0.873342454, 3.51109993e-05, -1, -9.37900695e-05, -0.873342454, 1.50218511e-05, -0.4871068, 30 change(s)]
GravatronUnit      GravatronUnit.SpinnyThing.MiddleSpinnyThing.Model.Part ~(207.8, 161.7, -149.1).CFrame = 203.473251, 161.703842, -152.080643, 0.637304306, 8.22508264e-06, 0.770612299, 9.17279249e-05, 1, -8.65333568e-05, -0.770612359, 0.000125834733, 0.637304246   [was 207.788254, 161.703857, -149.129639, -0.4871068, -9.90136468e-05, -0.873342454, -3.51109993e-05, 1, -9.37900695e-05, 0.873342454, -1.50218511e-05, -0.4871068, 30 change(s)]
GravatronUnit      GravatronUnit.SpinnyThing.MiddleSpinnyThing.Model.Part ~(203.2, 161.7, -151.7).CFrame = 207.518967, 161.703384, -148.734787, -0.637304306, 8.22508264e-06, -0.770612299, -9.17279249e-05, 1, 8.65333568e-05, 0.770612359, 0.000125834733, -0.637304246   [was 203.203217, 161.703369, -151.686951, 0.4871068, -9.90136468e-05, 0.873342454, 3.51109993e-05, 1, 9.37900695e-05, -0.873342454, -1.50218511e-05, 0.4871068, 30 change(s)]
GravatronUnit      GravatronUnit.SpinnyThing.MiddleSpinnyThing.Model.Part ~(203.2, 154.5, -151.7).CFrame = 207.518906, 154.453384, -148.735703, 0.637304306, -8.22508264e-06, -0.770612299, 9.17279249e-05, -1, 8.65333568e-05, -0.770612359, -0.000125834733, -0.637304246   [was 203.203934, 154.453369, -151.686829, -0.4871068, 9.90136468e-05, 0.873342454, -3.51109993e-05, -1, 9.37900695e-05, 0.873342454, 1.50218511e-05, 0.4871068, 30 change(s)]
GravatronUnit      GravatronUnit.SpinnyThing.MiddleSpinnyThing.Part.CFrame = 205.496078, 158.078613, -150.408173, -8.22508264e-06, -0.637304306, -0.770612299, -1, -9.17279249e-05, 8.65333568e-05, -0.000125834733, 0.770612359, -0.637304246   [was 205.496094, 158.078613, -150.408234, 9.90136468e-05, 0.4871068, 0.873342454, -1, 3.51109993e-05, 9.37900695e-05, 1.50218511e-05, -0.873342454, 0.4871068, 30 change(s)]
GravatronUnit      GravatronUnit.SpinnyThing.MiddleSpinnyThing.Part ~(235.9, 154.2, -204.9).CFrame = 165.744186, 154.197891, -102.341721, -0.770612299, -8.22508264e-06, -0.637304306, 8.65333568e-05, -1, -9.17279249e-05, -0.637304246, -0.000125834733, 0.770612359   [was 235.879761, 154.205811, -204.882904, 0.873342454, 9.90136468e-05, 0.4871068, 9.37900695e-05, -1, 3.51109993e-05, 0.4871068, 1.50218511e-05, -0.873342454, 30 change(s)]
GravatronUnit      GravatronUnit.SpinnyThing.MiddleSpinnyThing.Part ~(205.5, 158.1, -150.4).CFrame = 205.496063, 158.078613, -150.408157, -8.22508264e-06, -0.637304306, -0.770612299, -1, -9.17279249e-05, 8.65333568e-05, -0.000125834733, 0.770612359, -0.637304246   [was 205.496094, 158.078613, -150.408249, 9.90136468e-05, 0.4871068, 0.873342454, -1, 3.51109993e-05, 9.37900695e-05, 1.50218511e-05, -0.873342454, 0.4871068, 30 change(s)]
GravatronUnit      GravatronUnit.SpinnyThing.MiddleSpinnyThing.Part ~(203.9, 158.1, -151.3).CFrame = 206.892807, 158.078461, -149.253052, -8.22508264e-06, -0.637304306, -0.770612299, -1, -9.17279249e-05, 8.65333568e-05, -0.000125834733, 0.770612359, -0.637304246   [was 203.913162, 158.078445, -151.291107, 9.90136468e-05, 0.4871068, 0.873342454, -1, 3.51109993e-05, 9.37900695e-05, 1.50218511e-05, -0.873342454, 0.4871068, 30 change(s)]
GravatronUnit      GravatronUnit.SpinnyThing.MiddleSpinnyThing.Part ~(205.5, 159.3, -150.4).CFrame = 205.496078, 159.266113, -150.408005, -8.22508264e-06, -0.637304306, -0.770612299, -1, -9.17279249e-05, 8.65333568e-05, -0.000125834733, 0.770612359, -0.637304246   [was 205.495987, 159.266113, -150.408264, 9.90136468e-05, 0.4871068, 0.873342454, -1, 3.51109993e-05, 9.37900695e-05, 1.50218511e-05, -0.873342454, 0.4871068, 30 change(s)]
GravatronUnit      GravatronUnit.SpinnyThing.MiddleSpinnyThing.Part ~(206.8, 154.2, -149.7).CFrame = 204.340134, 154.203735, -151.364624, 0.637304306, -8.22508264e-06, -0.770612299, 9.17279249e-05, -1, 8.65333568e-05, -0.770612359, -0.000125834733, -0.637304246   [was 206.806488, 154.203751, -149.677521, -0.4871068, 9.90136468e-05, 0.873342454, -3.51109993e-05, -1, 9.37900695e-05, 0.873342454, 1.50218511e-05, 0.4871068, 30 change(s)]
GravatronUnit      GravatronUnit.SpinnyThing.MiddleSpinnyThing.Part ~(213.0, 162.0, -163.9).CFrame = 195.617889, 161.952194, -138.463196, -0.770612299, 8.22508264e-06, 0.637304306, 8.65333568e-05, 1, 9.17279249e-05, -0.637304246, 0.000125834733, -0.770612359   [was 213.045868, 161.954163, -163.945099, 0.873342454, -9.90136468e-05, -0.4871068, 9.37900695e-05, 1, -3.51109993e-05, 0.4871068, -1.50218511e-05, 0.873342454, 30 change(s)]
GravatronUnit      GravatronUnit.SpinnyThing.MiddleSpinnyThing.Part ~(173.3, 158.1, -92.8).CFrame = 247.558151, 158.084671, -201.268585, -8.22508264e-06, -0.637304306, -0.770612299, -1, -9.17279249e-05, 8.65333568e-05, -0.000125834733, 0.770612359, -0.637304246   [was 173.347046, 158.076294, -92.7676468, 9.90136468e-05, 0.4871068, 0.873342454, -1, 3.51109993e-05, 9.37900695e-05, 1.50218511e-05, -0.873342454, 0.4871068, 30 change(s)]
GravatronUnit      GravatronUnit.SpinnyThing.MiddleSpinnyThing.Part ~(207.7, 161.6, -149.2).CFrame = 203.56958, 161.578827, -152.000992, 0.637304306, 8.22508264e-06, 0.770612299, 9.17279249e-05, 1, -8.65333568e-05, -0.770612359, 0.000125834733, 0.637304246   [was 207.679108, 161.578842, -149.190521, -0.4871068, -9.90136468e-05, -0.873342454, -3.51109993e-05, 1, -9.37900695e-05, 0.873342454, -1.50218511e-05, -0.4871068, 30 change(s)]
GravatronUnit      GravatronUnit.SpinnyThing.MiddleSpinnyThing.Part ~(237.6, 158.1, -208.0).CFrame = 163.43399, 158.072556, -99.5477448, -8.22508264e-06, -0.637304306, -0.770612299, -1, -9.17279249e-05, 8.65333568e-05, -0.000125834733, 0.770612359, -0.637304246   [was 237.645142, 158.080933, -208.048843, 9.90136468e-05, 0.4871068, 0.873342454, -1, 3.51109993e-05, 9.37900695e-05, 1.50218511e-05, -0.873342454, 0.4871068, 30 change(s)]
GravatronUnit      GravatronUnit.SpinnyThing.MiddleSpinnyThing.Part ~(205.5, 160.7, -150.4).CFrame = 205.496094, 160.703613, -150.407837, -8.22508264e-06, -0.637304306, -0.770612299, -1, -9.17279249e-05, 8.65333568e-05, -0.000125834733, 0.770612359, -0.637304246   [was 205.495834, 160.703613, -150.408279, 9.90136468e-05, 0.4871068, 0.873342454, -1, 3.51109993e-05, 9.37900695e-05, 1.50218511e-05, -0.873342454, 0.4871068, 30 change(s)]
GravatronUnit      GravatronUnit.SpinnyThing.MiddleSpinnyThing.Part ~(204.2, 154.2, -151.1).CFrame = 206.651962, 154.203491, -149.452698, -0.637304306, -8.22508264e-06, 0.770612299, -9.17279249e-05, -1, -8.65333568e-05, 0.770612359, -0.000125834733, 0.637304246   [was 204.186462, 154.203476, -151.13884, 0.4871068, 9.90136468e-05, -0.873342454, 3.51109993e-05, -1, -9.37900695e-05, -0.873342454, 1.50218511e-05, -0.4871068, 30 change(s)]
GravatronUnit      GravatronUnit.SpinnyThing.MiddleSpinnyThing.Part ~(207.1, 158.1, -149.5).CFrame = 204.09935, 158.078766, -151.563293, -8.22508264e-06, -0.637304306, -0.770612299, -1, -9.17279249e-05, 8.65333568e-05, -0.000125834733, 0.770612359, -0.637304246   [was 207.079025, 158.078781, -149.52536, 9.90136468e-05, 0.4871068, 0.873342454, -1, 3.51109993e-05, 9.37900695e-05, 1.50218511e-05, -0.873342454, 0.4871068, 30 change(s)]
GravatronUnit      GravatronUnit.SpinnyThing.MiddleSpinnyThing.Part ~(197.9, 154.2, -136.9).CFrame = 215.374268, 154.205032, -162.353149, -0.770612299, -8.22508264e-06, -0.637304306, 8.65333568e-05, -1, -9.17279249e-05, -0.637304246, -0.000125834733, 0.770612359   [was 197.94632, 154.203064, -136.871368, 0.873342454, 9.90136468e-05, 0.4871068, 9.37900695e-05, -1, 3.51109993e-05, 0.4871068, 1.50218511e-05, -0.873342454, 30 change(s)]
GravatronUnit      GravatronUnit.SpinnyThing.MiddleSpinnyThing.Part ~(175.1, 154.2, -95.9).CFrame = 245.247894, 154.209335, -198.475586, 0.770612299, -8.22508264e-06, 0.637304306, -8.65333568e-05, -1, 9.17279249e-05, 0.637304246, -0.000125834733, -0.770612359   [was 175.11319, 154.201416, -95.9334564, -0.873342454, 9.90136468e-05, -0.4871068, -9.37900695e-05, -1, -3.51109993e-05, -0.4871068, 1.50218511e-05, 0.873342454, 30 change(s)]
GravatronUnit      GravatronUnit.SpinnyThing.MiddleSpinnyThing.Part ~(237.2, 158.1, -207.2).CFrame = 164.071289, 158.072647, -100.318375, -8.22508264e-06, -0.637304306, -0.770612299, -1, -9.17279249e-05, 8.65333568e-05, -0.000125834733, 0.770612359, -0.637304246   [was 237.158035, 158.080902, -207.175491, 9.90136468e-05, 0.4871068, 0.873342454, -1, 3.51109993e-05, 9.37900695e-05, 1.50218511e-05, -0.873342454, 0.4871068, 30 change(s)]
GravatronUnit      GravatronUnit.SpinnyThing.MiddleSpinnyThing.Part ~(205.5, 158.1, -150.4) #2.CFrame = 205.496063, 158.078613, -150.408157, -8.22508264e-06, -0.637304306, -0.770612299, -1, -9.17279249e-05, 8.65333568e-05, -0.000125834733, 0.770612359, -0.637304246   [was 205.496094, 158.078613, -150.408249, 9.90136468e-05, 0.4871068, 0.873342454, -1, 3.51109993e-05, 9.37900695e-05, 1.50218511e-05, -0.873342454, 0.4871068, 30 change(s)]
GravatronUnit      GravatronUnit.SpinnyThing.MiddleSpinnyThing.Part ~(205.5, 156.9, -150.4).CFrame = 205.496063, 156.891113, -150.40831, -8.22508264e-06, -0.637304306, -0.770612299, -1, -9.17279249e-05, 8.65333568e-05, -0.000125834733, 0.770612359, -0.637304246   [was 205.496216, 156.891113, -150.408234, 9.90136468e-05, 0.4871068, 0.873342454, -1, 3.51109993e-05, 9.37900695e-05, 1.50218511e-05, -0.873342454, 0.4871068, 30 change(s)]
GravatronUnit      GravatronUnit.SpinnyThing.MiddleSpinnyThing.Part ~(213.0, 154.2, -163.9).CFrame = 195.617828, 154.202194, -138.464172, 0.770612299, -8.22508264e-06, 0.637304306, -8.65333568e-05, -1, 9.17279249e-05, 0.637304246, -0.000125834733, -0.770612359   [was 213.046631, 154.204163, -163.944977, -0.873342454, 9.90136468e-05, -0.4871068, -9.37900695e-05, -1, -3.51109993e-05, -0.4871068, 1.50218511e-05, 0.873342454, 30 change(s)]
GravatronUnit      GravatronUnit.SpinnyThing.MiddleSpinnyThing.Part ~(207.0, 158.1, -149.6).CFrame = 204.195663, 158.078766, -151.483627, -8.22508264e-06, -0.637304306, -0.770612299, -1, -9.17279249e-05, 8.65333568e-05, -0.000125834733, 0.770612359, -0.637304246   [was 206.969864, 158.078766, -149.586243, 9.90136468e-05, 0.4871068, 0.873342454, -1, 3.51109993e-05, 9.37900695e-05, 1.50218511e-05, -0.873342454, 0.4871068, 30 change(s)]
GravatronUnit      GravatronUnit.SpinnyThing.MiddleSpinnyThing.Part ~(175.1, 162.0, -95.9).CFrame = 245.247955, 161.959335, -198.474609, -0.770612299, 8.22508264e-06, 0.637304306, 8.65333568e-05, 1, 9.17279249e-05, -0.637304246, 0.000125834733, -0.770612359   [was 175.112427, 161.951416, -95.9335632, 0.873342454, -9.90136468e-05, -0.4871068, 9.37900695e-05, 1, -3.51109993e-05, 0.4871068, -1.50218511e-05, 0.873342454, 30 change(s)]
GravatronUnit      GravatronUnit.SpinnyThing.MiddleSpinnyThing.Part ~(204.0, 158.1, -151.2).CFrame = 206.796494, 158.078461, -149.332718, -8.22508264e-06, -0.637304306, -0.770612299, -1, -9.17279249e-05, 8.65333568e-05, -0.000125834733, 0.770612359, -0.637304246   [was 204.022324, 158.078461, -151.230225, 9.90136468e-05, 0.4871068, 0.873342454, -1, 3.51109993e-05, 9.37900695e-05, 1.50218511e-05, -0.873342454, 0.4871068, 30 change(s)]
GravatronUnit      GravatronUnit.SpinnyThing.MiddleSpinnyThing.Part ~(205.5, 158.1, -150.4) #3.CFrame = 205.496078, 158.078613, -150.408173, -8.22508264e-06, -0.637304306, -0.770612299, -1, -9.17279249e-05, 8.65333568e-05, -0.000125834733, 0.770612359, -0.637304246   [was 205.496094, 158.078613, -150.408234, 9.90136468e-05, 0.4871068, 0.873342454, -1, 3.51109993e-05, 9.37900695e-05, 1.50218511e-05, -0.873342454, 0.4871068, 30 change(s)]
GravatronUnit      GravatronUnit.SpinnyThing.MiddleSpinnyThing.Part ~(237.2, 158.1, -207.2) #2.CFrame = 164.071289, 158.072647, -100.318375, -8.22508264e-06, -0.637304306, -0.770612299, -1, -9.17279249e-05, 8.65333568e-05, -0.000125834733, 0.770612359, -0.637304246   [was 237.158035, 158.080902, -207.175491, 9.90136468e-05, 0.4871068, 0.873342454, -1, 3.51109993e-05, 9.37900695e-05, 1.50218511e-05, -0.873342454, 0.4871068, 30 change(s)]
GravatronUnit      GravatronUnit.SpinnyThing.MiddleSpinnyThing.Part ~(205.5, 155.5, -150.4).CFrame = 205.496048, 155.453613, -150.408493, -8.22508264e-06, -0.637304306, -0.770612299, -1, -9.17279249e-05, 8.65333568e-05, -0.000125834733, 0.770612359, -0.637304246   [was 205.496368, 155.453613, -150.408203, 9.90136468e-05, 0.4871068, 0.873342454, -1, 3.51109993e-05, 9.37900695e-05, 1.50218511e-05, -0.873342454, 0.4871068, 30 change(s)]
GravatronUnit      GravatronUnit.SpinnyThing.MiddleSpinnyThing.Part ~(173.8, 158.1, -93.6).CFrame = 246.920853, 158.084579, -200.497955, -8.22508264e-06, -0.637304306, -0.770612299, -1, -9.17279249e-05, 8.65333568e-05, -0.000125834733, 0.770612359, -0.637304246   [was 173.834167, 158.076324, -93.6409912, 9.90136468e-05, 0.4871068, 0.873342454, -1, 3.51109993e-05, 9.37900695e-05, 1.50218511e-05, -0.873342454, 0.4871068, 30 change(s)]
GravatronUnit      GravatronUnit.SpinnyThing.MiddleSpinnyThing.Part ~(235.9, 162.0, -204.9).CFrame = 165.744247, 161.947891, -102.340744, 0.770612299, 8.22508264e-06, -0.637304306, -8.65333568e-05, 1, -9.17279249e-05, 0.637304246, 0.000125834733, 0.770612359   [was 235.878998, 161.955811, -204.883026, -0.873342454, -9.90136468e-05, 0.4871068, -9.37900695e-05, 1, 3.51109993e-05, -0.4871068, -1.50218511e-05, -0.873342454, 30 change(s)]
GravatronUnit      GravatronUnit.SpinnyThing.MiddleSpinnyThing.Part ~(205.5, 158.1, -150.4) #4.CFrame = 205.496078, 158.078644, -150.408173, -8.22508264e-06, -0.637304306, -0.770612299, -1, -9.17279249e-05, 8.65333568e-05, -0.000125834733, 0.770612359, -0.637304246   [was 205.496094, 158.078644, -150.408234, 9.90136468e-05, 0.4871068, 0.873342454, -1, 3.51109993e-05, 9.37900695e-05, 1.50218511e-05, -0.873342454, 0.4871068, 30 change(s)]
GravatronUnit      GravatronUnit.SpinnyThing.MiddleSpinnyThing.Part ~(205.5, 158.1, -150.4) #5.CFrame = 205.496078, 158.078644, -150.408173, -8.22508264e-06, -0.637304306, -0.770612299, -1, -9.17279249e-05, 8.65333568e-05, -0.000125834733, 0.770612359, -0.637304246   [was 205.496094, 158.078644, -150.408234, 9.90136468e-05, 0.4871068, 0.873342454, -1, 3.51109993e-05, 9.37900695e-05, 1.50218511e-05, -0.873342454, 0.4871068, 30 change(s)]
GravatronUnit      GravatronUnit.SpinnyThing.MiddleSpinnyThing.Part ~(173.8, 158.1, -93.6) #2.CFrame = 246.920853, 158.084579, -200.497955, -8.22508264e-06, -0.637304306, -0.770612299, -1, -9.17279249e-05, 8.65333568e-05, -0.000125834733, 0.770612359, -0.637304246   [was 173.834167, 158.076324, -93.6409912, 9.90136468e-05, 0.4871068, 0.873342454, -1, 3.51109993e-05, 9.37900695e-05, 1.50218511e-05, -0.873342454, 0.4871068, 30 change(s)]
GravatronUnit      GravatronUnit.SpinnyThing.MiddleSpinnyThing.Part ~(203.3, 154.6, -151.6).CFrame = 207.422577, 154.5784, -148.815353, 0.637304306, -8.22508264e-06, -0.770612299, 9.17279249e-05, -1, 8.65333568e-05, -0.770612359, -0.000125834733, -0.637304246   [was 203.31308, 154.578384, -151.625946, -0.4871068, 9.90136468e-05, 0.873342454, -3.51109993e-05, -1, 9.37900695e-05, 0.873342454, 1.50218511e-05, 0.4871068, 30 change(s)]
GravatronUnit      GravatronUnit.SpinnyThing.MiddleSpinnyThing.Part ~(197.9, 162.0, -136.9).CFrame = 215.374329, 161.955032, -162.352173, 0.770612299, 8.22508264e-06, -0.637304306, -8.65333568e-05, 1, -9.17279249e-05, 0.637304246, 0.000125834733, 0.770612359   [was 197.945557, 161.953064, -136.87149, -0.873342454, -9.90136468e-05, 0.4871068, -9.37900695e-05, 1, 3.51109993e-05, -0.4871068, -1.50218511e-05, -0.873342454, 30 change(s)]
GravatronUnit      GravatronUnit.SpinnyThing.MiddleSpinnyThing.Part ~(206.8, 162.0, -149.7).CFrame = 204.340195, 161.953735, -151.363647, -0.637304306, 8.22508264e-06, -0.770612299, -9.17279249e-05, 1, 8.65333568e-05, 0.770612359, 0.000125834733, -0.637304246   [was 206.805725, 161.953751, -149.677628, 0.4871068, -9.90136468e-05, 0.873342454, 3.51109993e-05, 1, 9.37900695e-05, -0.873342454, -1.50218511e-05, 0.4871068, 30 change(s)]
GravatronUnit      GravatronUnit.SpinnyThing.MiddleSpinnyThing.Part ~(207.7, 154.6, -149.2).CFrame = 203.569519, 154.578827, -152.001877, -0.637304306, -8.22508264e-06, 0.770612299, -9.17279249e-05, -1, -8.65333568e-05, 0.770612359, -0.000125834733, 0.637304246   [was 207.679794, 154.578842, -149.190414, 0.4871068, 9.90136468e-05, -0.873342454, 3.51109993e-05, -1, -9.37900695e-05, -0.873342454, 1.50218511e-05, -0.4871068, 30 change(s)]
GravatronUnit      GravatronUnit.SpinnyThing.MiddleSpinnyThing.Part ~(204.2, 162.0, -151.1).CFrame = 206.652023, 161.953491, -149.451721, 0.637304306, 8.22508264e-06, 0.770612299, 9.17279249e-05, 1, -8.65333568e-05, -0.770612359, 0.000125834733, 0.637304246   [was 204.185699, 161.953476, -151.138947, -0.4871068, -9.90136468e-05, -0.873342454, -3.51109993e-05, 1, -9.37900695e-05, 0.873342454, -1.50218511e-05, -0.4871068, 30 change(s)]
GravatronUnit      GravatronUnit.SpinnyThing.MiddleSpinnyThing.Part ~(175.1, 158.1, -96.0).CFrame = 245.208099, 158.084335, -198.426941, -8.22508264e-06, -0.637304306, -0.770612299, -1, -9.17279249e-05, 8.65333568e-05, -0.000125834733, 0.770612359, -0.637304246   [was 175.143265, 158.076431, -95.9880981, 9.90136468e-05, 0.4871068, 0.873342454, -1, 3.51109993e-05, 9.37900695e-05, 1.50218511e-05, -0.873342454, 0.4871068, 30 change(s)]
GravatronUnit      GravatronUnit.SpinnyThing.MiddleSpinnyThing.Part ~(204.2, 158.1, -151.1).CFrame = 206.603836, 158.078491, -149.49205, -8.22508264e-06, -0.637304306, -0.770612299, -1, -9.17279249e-05, 8.65333568e-05, -0.000125834733, 0.770612359, -0.637304246   [was 204.240662, 158.078476, -151.108444, 9.90136468e-05, 0.4871068, 0.873342454, -1, 3.51109993e-05, 9.37900695e-05, 1.50218511e-05, -0.873342454, 0.4871068, 30 change(s)]
GravatronUnit      GravatronUnit.SpinnyThing.MiddleSpinnyThing.Part ~(205.5, 158.1, -150.4) #6.CFrame = 205.496078, 158.078613, -150.408173, -8.22508264e-06, -0.637304306, -0.770612299, -1, -9.17279249e-05, 8.65333568e-05, -0.000125834733, 0.770612359, -0.637304246   [was 205.496094, 158.078613, -150.408234, 9.90136468e-05, 0.4871068, 0.873342454, -1, 3.51109993e-05, 9.37900695e-05, 1.50218511e-05, -0.873342454, 0.4871068, 30 change(s)]
GravatronUnit      GravatronUnit.SpinnyThing.MiddleSpinnyThing.Part ~(203.3, 161.6, -151.6).CFrame = 207.422638, 161.5784, -148.814468, -0.637304306, 8.22508264e-06, -0.770612299, -9.17279249e-05, 1, 8.65333568e-05, 0.770612359, 0.000125834733, -0.637304246   [was 203.312393, 161.578384, -151.626053, 0.4871068, -9.90136468e-05, 0.873342454, 3.51109993e-05, 1, 9.37900695e-05, -0.873342454, -1.50218511e-05, 0.4871068, 30 change(s)]
GravatronUnit      GravatronUnit.SpinnyThing.MiddleSpinnyThing.Part ~(235.8, 158.1, -204.8).CFrame = 165.784042, 158.072891, -102.389374, -8.22508264e-06, -0.637304306, -0.770612299, -1, -9.17279249e-05, 8.65333568e-05, -0.000125834733, 0.770612359, -0.637304246   [was 235.848938, 158.080795, -204.8284, 9.90136468e-05, 0.4871068, 0.873342454, -1, 3.51109993e-05, 9.37900695e-05, 1.50218511e-05, -0.873342454, 0.4871068, 30 change(s)]
GravatronUnit      GravatronUnit.SpinnyThing.MiddleSpinnyThing.Part ~(183.5, 158.1, -111.0).CFrame = 234.25444, 158.082748, -185.182053, -8.22508264e-06, -0.637304306, -0.770612299, -1, -9.17279249e-05, 8.65333568e-05, -0.000125834733, 0.770612359, -0.637304246   [was 183.515396, 158.077026, -110.998657, 9.90136468e-05, 0.4871068, 0.873342454, -1, 3.51109993e-05, 9.37900695e-05, 1.50218511e-05, -0.873342454, 0.4871068, 30 change(s)]
GravatronUnit      GravatronUnit.SpinnyThing.MiddleSpinnyThing.Part ~(206.8, 158.1, -149.7).CFrame = 204.388321, 158.078735, -151.32428, -8.22508264e-06, -0.637304306, -0.770612299, -1, -9.17279249e-05, 8.65333568e-05, -0.000125834733, 0.770612359, -0.637304246   [was 206.751526, 158.078751, -149.708038, 9.90136468e-05, 0.4871068, 0.873342454, -1, 3.51109993e-05, 9.37900695e-05, 1.50218511e-05, -0.873342454, 0.4871068, 30 change(s)]
GravatronUnit      GravatronUnit.SpinnyThing.MiddleSpinnyThing.Part ~(227.5, 158.1, -189.8).CFrame = 176.737717, 158.074478, -115.634293, -8.22508264e-06, -0.637304306, -0.770612299, -1, -9.17279249e-05, 8.65333568e-05, -0.000125834733, 0.770612359, -0.637304246   [was 227.476791, 158.0802, -189.81781, 9.90136468e-05, 0.4871068, 0.873342454, -1, 3.51109993e-05, 9.37900695e-05, 1.50218511e-05, -0.873342454, 0.4871068, 30 change(s)]
GravatronUnit      GravatronUnit.SpinnyThing.EndSpinnyPart2.Vent.Part.CFrame = 150.090408, 159.633118, -83.4128036, -8.22508264e-06, -0.637304306, -0.770612299, -1, -9.17279249e-05, 8.65333568e-05, -0.000125834733, 0.770612359, -0.637304246   [was 247.843811, 159.64415, -226.334534, 9.90136468e-05, 0.4871068, 0.873342454, -1, 3.51109993e-05, 9.37900695e-05, 1.50218511e-05, -0.873342454, 0.4871068, 30 change(s)]
GravatronUnit      GravatronUnit.SpinnyThing.EndSpinnyPart2.Vent.Part ~(247.5, 163.0, -225.7).CFrame = 150.52858, 163.008179, -83.9421692, -8.22508264e-06, -0.637304306, -0.770612299, -1, -9.17279249e-05, 8.65333568e-05, -0.000125834733, 0.770612359, -0.637304246   [was 247.508591, 163.019119, -225.734161, 9.90136468e-05, 0.4871068, 0.873342454, -1, 3.51109993e-05, 9.37900695e-05, 1.50218511e-05, -0.873342454, 0.4871068, 30 change(s)]
GravatronUnit      GravatronUnit.SpinnyThing.EndSpinnyPart2.Vent.Part ~(246.2, 159.3, -223.4).CFrame = 152.241302, 159.320953, -86.0136566, -8.22508264e-06, -0.637304306, -0.770612299, -1, -9.17279249e-05, 8.65333568e-05, -0.000125834733, 0.770612359, -0.637304246   [was 246.19986, 159.331543, -223.386993, 9.90136468e-05, 0.4871068, 0.873342454, -1, 3.51109993e-05, 9.37900695e-05, 1.50218511e-05, -0.873342454, 0.4871068, 30 change(s)]
GravatronUnit      GravatronUnit.SpinnyThing.EndSpinnyPart2.Vent.Part ~(247.0, 159.5, -224.9).CFrame = 151.165863, 159.499344, -84.7132263, -8.22508264e-06, -0.637304306, -0.770612299, -1, -9.17279249e-05, 8.65333568e-05, -0.000125834733, 0.770612359, -0.637304246   [was 247.021835, 159.510162, -224.860764, 9.90136468e-05, 0.4871068, 0.873342454, -1, 3.51109993e-05, 9.37900695e-05, 1.50218511e-05, -0.873342454, 0.4871068, 30 change(s)]
GravatronUnit      GravatronUnit.SpinnyThing.EndSpinnyPart2.Vent.Part ~(247.0, 159.3, -224.9).CFrame = 151.165863, 159.311844, -84.7132492, -8.22508264e-06, -0.637304306, -0.770612299, -1, -9.17279249e-05, 8.65333568e-05, -0.000125834733, 0.770612359, -0.637304246   [was 247.021851, 159.322662, -224.860764, 9.90136468e-05, 0.4871068, 0.873342454, -1, 3.51109993e-05, 9.37900695e-05, 1.50218511e-05, -0.873342454, 0.4871068, 30 change(s)]
GravatronUnit      GravatronUnit.SpinnyThing.EndSpinnyPart2.Vent.Part ~(247.0, 156.0, -224.9).CFrame = 151.143539, 155.953018, -84.6867218, -0.112063043, -0.627373934, -0.770612717, -0.984435737, 0.175745219, 7.90231134e-05, 0.135381937, 0.758627594, -0.63730371   [was 247.039215, 155.963837, -224.891251, 0.085741587, 0.479500651, 0.873342752, -0.984413385, 0.175870091, 8.62799061e-05, -0.153553516, -0.859737754, 0.487106204, 30 change(s)]
GravatronUnit      GravatronUnit.SpinnyThing.EndSpinnyPart2.Vent.Part ~(246.5, 163.0, -224.0).CFrame = 151.803192, 163.008362, -85.4833984, -8.22508264e-06, -0.637304306, -0.770612299, -1, -9.17279249e-05, 8.65333568e-05, -0.000125834733, 0.770612359, -0.637304246   [was 246.534378, 163.019058, -223.987473, 9.90136468e-05, 0.4871068, 0.873342454, -1, 3.51109993e-05, 9.37900695e-05, 1.50218511e-05, -0.873342454, 0.4871068, 30 change(s)]
GravatronUnit      GravatronUnit.SpinnyThing.EndSpinnyPart2.Vent.Meshes/AThing.CFrame = 150.528519, 159.508194, -83.9426422, -0.770612299, -0.637304306, 8.22508264e-06, 8.65333568e-05, -9.17279249e-05, 1, -0.637304246, 0.770612359, 0.000125834733   [was 247.508987, 159.519135, -225.734085, 0.873342454, 0.4871068, -9.90136468e-05, 9.37900695e-05, 3.51109993e-05, 1, 0.4871068, -0.873342454, -1.50218511e-05, 30 change(s)]
GravatronUnit      GravatronUnit.SpinnyThing.EndSpinnyPart2.Vent.Meshes/AThing ~(246.5, 159.3, -224.0).CFrame = 151.803131, 159.320877, -85.4838867, -0.770612299, -0.637304306, 8.22508264e-06, 8.65333568e-05, -9.17279249e-05, 1, -0.637304246, 0.770612359, 0.000125834733   [was 246.53479, 159.331573, -223.987396, 0.873342454, 0.4871068, -9.90136468e-05, 9.37900695e-05, 3.51109993e-05, 1, 0.4871068, -0.873342454, -1.50218511e-05, 30 change(s)]
GravatronUnit      GravatronUnit.SpinnyThing.EndSpinnyPart2.ParticlePart2.CFrame = 149.652252, 159.258057, -82.883049, -8.13321913e-06, -0.637304306, -0.770612419, -1.00000012, -9.17279249e-05, 8.64141548e-05, -0.000125758772, 0.770612359, -0.637304306   [was 248.178741, 159.269165, -226.934952, 9.89095497e-05, 0.4871068, 0.873342574, -1.00000012, 3.51109993e-05, 9.36708748e-05, 1.49637854e-05, -0.873342454, 0.48710686, 30 change(s)]
GravatronUnit      GravatronUnit.SpinnyThing.EndSpinnyPart2.Part.CFrame = 156.74231, 159.571869, -91.4561462, 0.637304306, 8.22508264e-06, 0.770612299, 9.17279249e-05, 1, -8.65333568e-05, -0.770612359, 0.000125834733, 0.637304246   [was 242.759613, 159.581573, -217.218933, -0.4871068, -9.90136468e-05, -0.873342454, -3.51109993e-05, 1, -9.37900695e-05, 0.873342454, -1.50218511e-05, -0.4871068, 30 change(s)]
GravatronUnit      GravatronUnit.SpinnyThing.EndSpinnyPart2.Part ~(234.4, 152.6, -211.5).CFrame = 166.033981, 152.634811, -95.5327301, -0.637304306, -8.22508264e-06, 0.770612299, -9.17279249e-05, -1, -8.65333568e-05, 0.770612359, -0.000125834733, 0.637304246   [was 234.360992, 152.643326, -211.52681, 0.4871068, 9.90136468e-05, -0.873342454, 3.51109993e-05, -1, -9.37900695e-05, -0.873342454, 1.50218511e-05, -0.4871068, 30 change(s)]
GravatronUnit      GravatronUnit.SpinnyThing.EndSpinnyPart2.Part ~(247.1, 155.3, -225.1).CFrame = 151.0065, 155.320755, -84.5211029, -8.22508264e-06, -0.637304306, -0.770612299, -1, -9.17279249e-05, 8.65333568e-05, -0.000125834733, 0.770612359, -0.637304246   [was 247.144028, 155.331589, -225.079041, 9.90136468e-05, 0.4871068, 0.873342454, -1, 3.51109993e-05, 9.37900695e-05, 1.50218511e-05, -0.873342454, 0.4871068, 30 change(s)]
GravatronUnit      GravatronUnit.SpinnyThing.EndSpinnyPart2.Part ~(240.1, 164.1, -219.8).CFrame = 156.105011, 164.071487, -90.6848984, -8.22508264e-06, -0.637304306, -0.770612299, -1, -9.17279249e-05, 8.65333568e-05, -0.000125834733, 0.770612359, -0.637304246   [was 240.081543, 164.092133, -219.762009, 0.000186967183, 0.446278036, 0.894894361, -1, 0.000174722445, 0.000121793579, -0.000102004327, -0.894894361, 0.446278065, 30 change(s)]
GravatronUnit      GravatronUnit.SpinnyThing.EndSpinnyPart2.Part ~(230.7, 163.5, -213.2).CFrame = 166.708313, 163.509735, -94.9737167, -0.637304306, 8.22508264e-06, -0.770612299, -9.17279249e-05, 1, 8.65333568e-05, 0.770612359, 0.000125834733, -0.637304246   [was 230.724716, 163.527496, -213.18396, 0.446278036, -0.000186967183, 0.894894361, 0.000174722445, 1, 0.000121793579, -0.894894361, 0.000102004327, 0.446278065, 30 change(s)]
GravatronUnit      GravatronUnit.SpinnyThing.EndSpinnyPart2.Part ~(234.7, 164.1, -222.4).CFrame = 160.728683, 164.070969, -86.8610687, -0.637304306, 8.22508264e-06, -0.770612299, -9.17279249e-05, 1, 8.65333568e-05, 0.770612359, 0.000125834733, -0.637304246   [was 234.712189, 164.0914, -222.439667, 0.446278036, -0.000186967183, 0.894894361, 0.000174722445, 1, 0.000121793579, -0.894894361, 0.000102004327, 0.446278065, 30 change(s)]
GravatronUnit      GravatronUnit.SpinnyThing.EndSpinnyPart2.Part ~(231.5, 163.5, -212.8).CFrame = 166.034058, 163.509811, -95.5313721, 0.637304306, 8.22508264e-06, 0.770612299, 9.17279249e-05, 1, -8.65333568e-05, -0.770612359, 0.000125834733, 0.637304246   [was 231.507721, 163.527603, -212.793442, -0.446278036, -0.000186967183, -0.894894361, -0.000174722445, 1, -0.000121793579, 0.894894361, 0.000102004327, -0.446278065, 30 change(s)]
GravatronUnit      GravatronUnit.SpinnyThing.EndSpinnyPart2.Part ~(240.1, 158.1, -208.5).CFrame = 158.665039, 158.073135, -101.626282, -0.637304306, 8.22508264e-06, -0.770612299, -9.17279249e-05, 1, 8.65333568e-05, 0.770612359, 0.000125834733, -0.637304246   [was 240.066162, 158.091278, -208.526459, 0.446278036, -0.000186967183, 0.894894361, 0.000174722445, 1, 0.000121793579, -0.894894361, 0.000102004327, 0.446278065, 30 change(s)]
GravatronUnit      GravatronUnit.SpinnyThing.EndSpinnyPart2.Part ~(244.4, 159.3, -228.5).CFrame = 149.891251, 159.320587, -83.1720276, -8.22508264e-06, -0.637304306, -0.770612299, -1, -9.17279249e-05, 8.65333568e-05, -0.000125834733, 0.770612359, -0.637304246   [was 244.433655, 159.343842, -228.487701, 0.000186967183, 0.446278036, 0.894894361, -1, 0.000174722445, 0.000121793579, -0.000102004327, -0.894894361, 0.446278065, 30 change(s)]
GravatronUnit      GravatronUnit.SpinnyThing.EndSpinnyPart2.Part ~(239.7, 152.7, -208.7).CFrame = 159.002121, 152.63559, -101.348152, 0.637304306, -8.22508264e-06, -0.770612299, 9.17279249e-05, -1, 8.65333568e-05, -0.770612359, -0.000125834733, -0.637304246   [was 239.67569, 152.653717, -208.72226, -0.446278036, 0.000186967183, 0.894894361, -0.000174722445, -1, 0.000121793579, 0.894894361, -0.000102004327, 0.446278065, 30 change(s)]
GravatronUnit      GravatronUnit.SpinnyThing.EndSpinnyPart2.SoundPart.CFrame = 156.104996, 159.321533, -90.6855469, -8.22508264e-06, -0.637304306, -0.770612299, -1, -9.17279249e-05, 8.65333568e-05, -0.000125834733, 0.770612359, -0.637304246   [was 240.082413, 159.342178, -219.762421, 0.000186967183, 0.446278036, 0.894894361, -1, 0.000174722445, 0.000121793579, -0.000102004327, -0.894894361, 0.446278065, 30 change(s)]
GravatronUnit      GravatronUnit.SpinnyThing.EndSpinnyPart2.Part ~(243.5, 159.3, -226.7).CFrame = 151.165863, 159.32077, -84.7132492, -8.22508264e-06, -0.637304306, -0.770612299, -1, -9.17279249e-05, 8.65333568e-05, -0.000125834733, 0.770612359, -0.637304246   [was 243.541092, 159.343491, -226.697922, 0.000186967183, 0.446278036, 0.894894361, -1, 0.000174722445, 0.000121793579, -0.000102004327, -0.894894361, 0.446278065, 30 change(s)]
GravatronUnit      GravatronUnit.SpinnyThing.EndSpinnyPart2.Part ~(240.1, 153.9, -219.8).CFrame = 156.102707, 153.893158, -90.6834946, -0.109801613, 0.627770901, 0.770614922, -0.985054076, -0.172245592, -3.86704487e-05, 0.132710814, -0.759101748, 0.637301028   [was 240.085007, 153.913803, -219.766159, 0.0770510361, -0.439572453, -0.894896209, -0.98500818, -0.172508061, -7.39317766e-05, -0.154344335, 0.88148576, -0.44627434, 30 change(s)]
GravatronUnit      GravatronUnit.SpinnyThing.EndSpinnyPart2.Part ~(243.7, 163.3, -226.9).CFrame = 151.006561, 163.320755, -84.5200958, -8.22508264e-06, -0.637304306, -0.770612299, -1, -9.17279249e-05, 8.65333568e-05, -0.000125834733, 0.770612359, -0.637304246   [was 243.651917, 163.343536, -226.921234, 0.000186967183, 0.446278036, 0.894894361, -1, 0.000174722445, 0.000121793579, -0.000102004327, -0.894894361, 0.446278065, 30 change(s)]
GravatronUnit      GravatronUnit.SpinnyThing.EndSpinnyPart2.ParticlePart.CFrame = 156.108047, 153.19368, -90.6903763, -0.109875426, -0.627764463, -0.770609677, -0.985054076, 0.172245592, 0.000134396265, 0.132649764, 0.759106934, -0.637307465   [was 240.081467, 153.214325, -219.758392, 0.077136755, 0.439564973, 0.894892514, -0.98500818, 0.172508061, 0.000169655381, -0.154301599, -0.881489396, 0.446281791, 30 change(s)]
GravatronUnit      GravatronUnit.SpinnyThing.EndSpinnyPart2.Part ~(230.7, 152.7, -213.2).CFrame = 166.708252, 152.634735, -94.9750977, 0.637304306, 8.22508264e-06, 0.770612299, 9.17279249e-05, 1, -8.65333568e-05, -0.770612359, 0.000125834733, 0.637304246   [was 230.72673, 152.652496, -213.185043, -0.446278036, -0.000186967183, -0.894894361, -0.000174722445, 1, -0.000121793579, 0.894894361, 0.000102004327, -0.446278065, 30 change(s)]
GravatronUnit      GravatronUnit.SpinnyThing.EndSpinnyPart2.Part ~(231.1, 158.1, -213.0).CFrame = 166.371155, 158.072266, -95.2532349, 0.637304306, 8.22508264e-06, 0.770612299, 9.17279249e-05, 1, -8.65333568e-05, -0.770612359, 0.000125834733, 0.637304246   [was 231.117218, 158.090057, -212.989243, -0.446278036, -0.000186967183, -0.894894361, -0.000174722445, 1, -0.000121793579, 0.894894361, 0.000102004327, -0.446278065, 30 change(s)]
GravatronUnit      GravatronUnit.SpinnyThing.EndSpinnyPart2.Part ~(243.5, 155.9, -226.7).CFrame = 151.165833, 155.88327, -84.7136841, -0.770612299, 0.637304306, -8.22508264e-06, 8.65333568e-05, 9.17279249e-05, -1, -0.637304246, -0.770612359, -0.000125834733   [was 243.541733, 155.905991, -226.698273, 0.894894361, -0.446278036, 0.000186967183, 0.000121793579, -0.000174722445, -1, 0.446278065, 0.894894361, -0.000102004327, 30 change(s)]
GravatronUnit      GravatronUnit.SpinnyThing.EndSpinnyPart2.Part ~(238.1, 164.7, -221.9).CFrame = 157.547058, 164.633652, -88.1134644, -8.22508264e-06, -0.637304306, -0.770612299, -1, -9.17279249e-05, 8.65333568e-05, -0.000125834733, 0.770612359, -0.637304246   [was 238.09465, 164.65448, -221.940033, 0.000186967183, 0.446278036, 0.894894361, -1, 0.000174722445, 0.000121793579, -0.000102004327, -0.894894361, 0.446278065, 30 change(s)]
GravatronUnit      GravatronUnit.SpinnyThing.EndSpinnyPart2.Part ~(249.8, 163.9, -226.2).CFrame = 145.212936, 163.88356, -86.634964, 0.637304306, 8.22508264e-06, 0.770612299, 9.17279249e-05, 1, -8.65333568e-05, -0.770612359, 0.000125834733, 0.637304246   [was 249.773834, 163.907104, -226.172897, -0.446278036, -0.000186967183, -0.894894361, -0.000174722445, 1, -0.000121793579, 0.894894361, 0.000102004327, -0.446278065, 30 change(s)]
GravatronUnit      GravatronUnit.SpinnyThing.EndSpinnyPart2.Part ~(243.0, 164.7, -219.5).CFrame = 153.308685, 164.634125, -91.6186371, -8.22508264e-06, -0.637304306, -0.770612299, -1, -9.17279249e-05, 8.65333568e-05, -0.000125834733, 0.770612359, -0.637304246   [was 243.016571, 164.655151, -219.485504, 0.000186967183, 0.446278036, 0.894894361, -1, 0.000174722445, 0.000121793579, -0.000102004327, -0.894894361, 0.446278065, 30 change(s)]
GravatronUnit      GravatronUnit.SpinnyThing.EndSpinnyPart2.Part ~(233.7, 164.7, -213.0).CFrame = 163.880264, 164.634567, -95.7714233, -8.22508264e-06, -0.637304306, -0.770612299, -1, -9.17279249e-05, 8.65333568e-05, -0.000125834733, 0.770612359, -0.637304246   [was 233.65976, 164.65274, -213.047028, 0.000186967183, 0.446278036, 0.894894361, -1, 0.000174722445, 0.000121793579, -0.000102004327, -0.894894361, 0.446278065, 30 change(s)]
GravatronUnit      GravatronUnit.SpinnyThing.EndSpinnyPart2.CentralPart.CFrame = 156.10495, 157.571472, -90.6857147, -0.770612299, -0.637304306, 8.22508264e-06, 8.65333568e-05, -9.17279249e-05, 1, -0.637304246, 0.770612359, 0.000125834733   [was 240.082764, 157.592117, -219.762665, 0.894894361, 0.446278036, -0.000186967183, 0.000121793579, 0.000174722445, 1, 0.446278065, -0.894894361, 0.000102004327, 30 change(s)]
GravatronUnit      GravatronUnit.SpinnyThing.EndSpinnyPart2.Part ~(240.5, 163.5, -208.3).CFrame = 158.327972, 163.510666, -101.904427, 0.637304306, 8.22508264e-06, 0.770612299, 9.17279249e-05, 1, -8.65333568e-05, -0.770612359, 0.000125834733, 0.637304246   [was 240.456635, 163.528824, -208.330643, -0.446278036, -0.000186967183, -0.894894361, -0.000174722445, 1, -0.000121793579, 0.894894361, 0.000102004327, -0.446278065, 30 change(s)]
GravatronUnit      GravatronUnit.SpinnyThing.EndSpinnyPart2.Part ~(238.6, 164.7, -210.6).CFrame = 159.641907, 164.63504, -99.2765961, -8.22508264e-06, -0.637304306, -0.770612299, -1, -9.17279249e-05, 8.65333568e-05, -0.000125834733, 0.770612359, -0.637304246   [was 238.58168, 164.653412, -210.592499, 0.000186967183, 0.446278036, 0.894894361, -1, 0.000174722445, 0.000121793579, -0.000102004327, -0.894894361, 0.446278065, 30 change(s)]
GravatronUnit      GravatronUnit.SpinnyThing.EndSpinnyPart2.Part ~(240.5, 152.7, -208.3).CFrame = 158.32785, 152.635666, -101.905785, -0.637304306, 8.22508264e-06, -0.770612299, -9.17279249e-05, 1, 8.65333568e-05, 0.770612359, 0.000125834733, -0.637304246   [was 240.458694, 152.653824, -208.331772, 0.446278036, -0.000186967183, 0.894894361, 0.000174722445, 1, 0.000121793579, -0.894894361, 0.000102004327, 0.446278065, 30 change(s)]
GravatronUnit      GravatronUnit.SpinnyThing.EndSpinnyPart2.Part ~(239.7, 163.5, -208.7).CFrame = 159.002228, 163.51059, -101.346771, -0.637304306, 8.22508264e-06, -0.770612299, -9.17279249e-05, 1, 8.65333568e-05, 0.770612359, 0.000125834733, -0.637304246   [was 239.67363, 163.528717, -208.721161, 0.446278036, -0.000186967183, 0.894894361, 0.000174722445, 1, 0.000121793579, -0.894894361, 0.000102004327, 0.446278065, 30 change(s)]
GravatronUnit      GravatronUnit.SpinnyThing.EndSpinnyPart2.Part ~(237.2, 153.3, -221.2).CFrame = 158.571274, 153.254974, -88.6669846, -0.109875426, -0.627764463, -0.770609677, -0.985054076, 0.172245592, 0.000134396265, 0.132649764, 0.759106934, -0.637307465   [was 237.22406, 153.275497, -221.171524, 0.077136755, 0.439564973, 0.894892514, -0.98500818, 0.172508061, 0.000169655381, -0.154301599, -0.881489396, 0.446281791, 30 change(s)]
GravatronUnit      GravatronUnit.SpinnyThing.EndSpinnyPart2.Part ~(242.9, 153.3, -218.3).CFrame = 153.65863, 153.255524, -92.7297974, -0.109875426, -0.627764463, -0.770609677, -0.985054076, 0.172245592, 0.000134396265, 0.132649764, 0.759106934, -0.637307465   [was 242.929016, 153.276276, -218.326508, 0.077136755, 0.439564973, 0.894892514, -0.98500818, 0.172508061, 0.000169655381, -0.154301599, -0.881489396, 0.446281791, 30 change(s)]
GravatronUnit      GravatronUnit.SpinnyThing.EndSpinnyPart2.Part ~(241.7, 159.3, -230.2).CFrame = 152.148422, 159.320282, -80.8998032, -8.13321913e-06, -0.637304306, -0.770612419, -1.00000012, -9.17279249e-05, 8.64141548e-05, -0.000125758772, 0.770612359, -0.637304306   [was 241.720627, 159.343506, -230.189865, 0.000186860532, 0.446278036, 0.894894481, -1.00000012, 0.000174722445, 0.000121674384, -0.000102057544, -0.894894361, 0.446278125, 30 change(s)]
GravatronUnit      GravatronUnit.SpinnyThing.EndSpinnyPart2.Part ~(245.5, 164.1, -217.1).CFrame = 151.481323, 164.072006, -94.5087204, 0.637304306, 8.22508264e-06, 0.770612299, 9.17279249e-05, 1, -8.65333568e-05, -0.770612359, 0.000125834733, 0.637304246   [was 245.450912, 164.092865, -217.084335, -0.446278036, -0.000186967183, -0.894894361, -0.000174722445, 1, -0.000121793579, 0.894894361, 0.000102004327, -0.446278065, 30 change(s)]
GravatronUnit      GravatronUnit.SpinnyThing.EndSpinnyPart2.Part ~(242.1, 163.9, -230.0).CFrame = 151.81131, 163.882828, -81.1780472, -8.13321913e-06, -0.637304306, -0.770612419, -1.00000012, -9.17279249e-05, 8.64141548e-05, -0.000125758772, 0.770612359, -0.637304306   [was 242.111298, 163.906052, -229.994156, 0.000186860532, 0.446278036, 0.894894481, -1.00000012, 0.000174722445, 0.000121674384, -0.000102057544, -0.894894361, 0.446278125, 30 change(s)]
GravatronUnit      GravatronUnit.SpinnyThing.EndSpinnyPart2.Part ~(247.4, 159.3, -227.3).CFrame = 147.235764, 159.320847, -84.962616, -8.13321913e-06, -0.637304306, -0.770612419, -1.00000012, -9.17279249e-05, 8.64141548e-05, -0.000125758772, 0.770612359, -0.637304306   [was 247.425583, 159.344284, -227.344849, 0.000186860532, 0.446278036, 0.894894481, -1.00000012, 0.000174722445, 0.000121674384, -0.000102057544, -0.894894361, 0.446278125, 30 change(s)]
GravatronUnit      GravatronUnit.SpinnyThing.EndSpinnyPart2.Part ~(239.4, 163.9, -231.4).CFrame = 154.17131, 163.882568, -79.2263031, -0.637304306, 8.22508264e-06, -0.770612299, -9.17279249e-05, 1, 8.65333568e-05, 0.770612359, 0.000125834733, -0.637304246   [was 239.370682, 163.905685, -231.360886, 0.446278036, -0.000186967183, 0.894894361, 0.000174722445, 1, 0.000121793579, -0.894894361, 0.000102004327, 0.446278065, 30 change(s)]
GravatronUnit      GravatronUnit.SpinnyThing.EndSpinnyPart2.Part ~(247.0, 163.9, -227.5).CFrame = 147.572937, 163.883301, -84.6832199, -8.22508264e-06, -0.637304306, -0.770612299, -1, -9.17279249e-05, 8.65333568e-05, -0.000125834733, 0.770612359, -0.637304246   [was 247.033218, 163.906723, -227.539627, 0.000186967183, 0.446278036, 0.894894361, -1, 0.000174722445, 0.000121793579, -0.000102004327, -0.894894361, 0.446278065, 30 change(s)]
GravatronUnit      GravatronUnit.SpinnyThing.EndSpinnyPart.Vent.Part.CFrame = 260.463623, 163.024063, -216.872879, -8.22508264e-06, 0.637304306, 0.770612299, -1, 9.17279249e-05, -8.65333568e-05, -0.000125834733, -0.770612359, 0.637304246   [was 167.003693, 163.001083, -73.2230835, 0.000186967183, -0.446278036, -0.894894361, -1, -0.000174722445, -0.000121793579, -0.000102004327, 0.894894361, -0.446278065, 30 change(s)]
GravatronUnit      GravatronUnit.SpinnyThing.EndSpinnyPart.Vent.Part ~(167.9, 163.0, -75.0).CFrame = 259.189026, 163.02388, -215.33165, -8.22508264e-06, 0.637304306, 0.770612299, -1, 9.17279249e-05, -8.65333568e-05, -0.000125834733, -0.770612359, 0.637304246   [was 167.89624, 163.001434, -75.0128708, 0.000186967183, -0.446278036, -0.894894361, -1, -0.000174722445, -0.000121793579, -0.000102004327, 0.894894361, -0.446278065, 30 change(s)]
GravatronUnit      GravatronUnit.SpinnyThing.EndSpinnyPart.Vent.Part ~(167.4, 155.9, -74.1).CFrame = 259.848572, 155.968719, -216.130112, 0.112046845, 0.627376795, 0.770612717, -0.984403431, 0.175925821, -9.40434838e-05, -0.135629684, -0.758583367, 0.63730371   [was 167.435684, 155.945999, -74.0874023, -0.0782807618, -0.439358294, -0.89489466, -0.984450281, 0.175663516, -0.00012930388, 0.157257155, 0.880969167, -0.446277469, 30 change(s)]
GravatronUnit      GravatronUnit.SpinnyThing.EndSpinnyPart.Vent.Meshes/AThing.CFrame = 260.463654, 159.524078, -216.873291, 0.770612299, 0.637304306, 8.22508264e-06, -8.65333568e-05, 9.17279249e-05, 1, 0.637304246, -0.770612359, 0.000125834733   [was 167.004303, 159.501099, -73.2234573, -0.894894361, -0.446278036, -0.000186967183, -0.000121793579, -0.000174722445, 1, -0.446278065, 0.894894361, 0.000102004327, 30 change(s)]
GravatronUnit      GravatronUnit.SpinnyThing.EndSpinnyPart.Vent.Part ~(168.2, 159.3, -75.6).CFrame = 258.750854, 159.336319, -214.802322, -8.22508264e-06, 0.637304306, 0.770612299, -1, 9.17279249e-05, -8.65333568e-05, -0.000125834733, -0.770612359, 0.637304246   [was 168.203751, 159.314072, -75.6284866, 0.000186967183, -0.446278036, -0.894894361, -1, -0.000174722445, -0.000121793579, -0.000102004327, 0.894894361, -0.446278065, 30 change(s)]
GravatronUnit      GravatronUnit.SpinnyThing.EndSpinnyPart.Vent.Part ~(167.5, 159.5, -74.1).CFrame = 259.826294, 159.515045, -216.102707, -8.22508264e-06, 0.637304306, 0.770612299, -1, 9.17279249e-05, -8.65333568e-05, -0.000125834733, -0.770612359, 0.637304246   [was 167.450623, 159.492325, -74.1183319, 0.000186967183, -0.446278036, -0.894894361, -1, -0.000174722445, -0.000121793579, -0.000102004327, 0.894894361, -0.446278065, 30 change(s)]
GravatronUnit      GravatronUnit.SpinnyThing.EndSpinnyPart.Vent.Meshes/AThing ~(167.9, 159.3, -75.0).CFrame = 259.189026, 159.336395, -215.332092, 0.770612299, 0.637304306, 8.22508264e-06, -8.65333568e-05, 9.17279249e-05, 1, 0.637304246, -0.770612359, 0.000125834733   [was 167.896896, 159.31395, -75.0132675, -0.894894361, -0.446278036, -0.000186967183, -0.000121793579, -0.000174722445, 1, -0.446278065, 0.894894361, 0.000102004327, 30 change(s)]
GravatronUnit      GravatronUnit.SpinnyThing.EndSpinnyPart.Vent.Part ~(166.7, 159.6, -72.6).CFrame = 260.901764, 159.649124, -217.403107, -8.22508264e-06, 0.637304306, 0.770612299, -1, 9.17279249e-05, -8.65333568e-05, -0.000125834733, -0.770612359, 0.637304246   [was 166.69751, 159.625961, -72.6081848, 0.000186967183, -0.446278036, -0.894894361, -1, -0.000174722445, -0.000121793579, -0.000102004327, 0.894894361, -0.446278065, 30 change(s)]
GravatronUnit      GravatronUnit.SpinnyThing.EndSpinnyPart.Vent.Part ~(167.5, 159.3, -74.1).CFrame = 259.826294, 159.327545, -216.102737, -8.22508264e-06, 0.637304306, 0.770612299, -1, 9.17279249e-05, -8.65333568e-05, -0.000125834733, -0.770612359, 0.637304246   [was 167.450653, 159.304825, -74.1183548, 0.000186967183, -0.446278036, -0.894894361, -1, -0.000174722445, -0.000121793579, -0.000102004327, 0.894894361, -0.446278065, 30 change(s)]
GravatronUnit      GravatronUnit.SpinnyThing.EndSpinnyPart.Part.CFrame = 250.26355, 164.086273, -213.95372, 0.637304306, 8.22508264e-06, 0.770612299, 9.17279249e-05, 1, -8.65333568e-05, -0.770612359, 0.000125834733, 0.637304246   [was 176.277786, 164.065842, -78.3756332, -0.446278036, -0.000186967183, -0.894894361, -0.000174722445, 1, -0.000121793579, 0.894894361, 0.000102004327, -0.446278065, 30 change(s)]
GravatronUnit      GravatronUnit.SpinnyThing.EndSpinnyPart.Part ~(170.9, 164.1, -81.1).CFrame = 254.887238, 164.085754, -210.129883, -8.22508264e-06, 0.637304306, 0.770612299, -1, 9.17279249e-05, -8.65333568e-05, -0.000125834733, -0.770612359, 0.637304246   [was 170.908417, 164.065109, -81.053299, 0.000186967183, -0.446278036, -0.894894361, -1, -0.000174722445, -0.000121793579, -0.000102004327, 0.894894361, -0.446278065, 30 change(s)]
GravatronUnit      GravatronUnit.SpinnyThing.EndSpinnyPart.Part ~(179.9, 158.1, -87.8).CFrame = 244.620972, 158.085556, -205.563065, -0.637304306, 8.22508264e-06, -0.770612299, -9.17279249e-05, 1, 8.65333568e-05, 0.770612359, 0.000125834733, -0.637304246   [was 179.874985, 158.067764, -87.8272781, 0.446278036, -0.000186967183, 0.894894361, 0.000174722445, 1, 0.000121793579, -0.894894361, 0.000102004327, 0.446278065, 30 change(s)]
GravatronUnit      GravatronUnit.SpinnyThing.EndSpinnyPart.Part ~(180.3, 152.6, -87.6).CFrame = 244.283783, 152.648087, -205.84256, -0.637304306, 8.22508264e-06, -0.770612299, -9.17279249e-05, 1, 8.65333568e-05, 0.770612359, 0.000125834733, -0.637304246   [was 180.267517, 152.630325, -87.6325912, 0.446278036, -0.000186967183, 0.894894361, 0.000174722445, 1, 0.000121793579, -0.894894361, 0.000102004327, 0.446278065, 30 change(s)]
GravatronUnit      GravatronUnit.SpinnyThing.EndSpinnyPart.Part ~(167.3, 163.3, -73.9).CFrame = 259.985657, 163.336487, -216.294876, -8.22508264e-06, 0.637304306, 0.770612299, -1, 9.17279249e-05, -8.65333568e-05, -0.000125834733, -0.770612359, 0.637304246   [was 167.338333, 163.313705, -73.8942184, 0.000186967183, -0.446278036, -0.894894361, -1, -0.000174722445, -0.000121793579, -0.000102004327, 0.894894361, -0.446278065, 30 change(s)]
GravatronUnit      GravatronUnit.SpinnyThing.EndSpinnyPart.Part ~(167.5, 159.3, -74.1).CFrame = 259.826294, 159.336472, -216.102737, -8.22508264e-06, 0.637304306, 0.770612299, -1, 9.17279249e-05, -8.65333568e-05, -0.000125834733, -0.770612359, 0.637304246   [was 167.450653, 159.313751, -74.1183548, 0.000186967183, -0.446278036, -0.894894361, -1, -0.000174722445, -0.000121793579, -0.000102004327, 0.894894361, -0.446278065, 30 change(s)]
GravatronUnit      GravatronUnit.SpinnyThing.EndSpinnyPart.SoundPart.CFrame = 254.887161, 159.335754, -210.130463, -8.22508264e-06, 0.637304306, 0.770612299, -1, 9.17279249e-05, -8.65333568e-05, -0.000125834733, -0.770612359, 0.637304246   [was 170.909317, 159.315109, -81.0538025, 0.000186967183, -0.446278036, -0.894894361, -1, -0.000174722445, -0.000121793579, -0.000102004327, 0.894894361, -0.446278065, 30 change(s)]
GravatronUnit      GravatronUnit.SpinnyThing.EndSpinnyPart.Part ~(166.6, 159.3, -72.3).CFrame = 261.100922, 159.336655, -217.643951, -8.22508264e-06, 0.637304306, 0.770612299, -1, 9.17279249e-05, -8.65333568e-05, -0.000125834733, -0.770612359, 0.637304246   [was 166.558105, 159.3134, -72.3285675, 0.000186967183, -0.446278036, -0.894894361, -1, -0.000174722445, -0.000121793579, -0.000102004327, 0.894894361, -0.446278065, 30 change(s)]
GravatronUnit      GravatronUnit.SpinnyThing.EndSpinnyPart.Part ~(170.5, 152.6, -92.5).CFrame = 252.6642, 152.647156, -198.91188, 0.637304306, 8.22508264e-06, 0.770612299, 9.17279249e-05, 1, -8.65333568e-05, -0.770612359, 0.000125834733, 0.637304246   [was 170.535553, 152.628998, -92.4858627, -0.446278036, -0.000186967183, -0.894894361, -0.000174722445, 1, -0.000121793579, 0.894894361, 0.000102004327, -0.446278065, 30 change(s)]
GravatronUnit      GravatronUnit.SpinnyThing.EndSpinnyPart.Part ~(171.3, 163.5, -92.1).CFrame = 251.990005, 163.522232, -199.468155, 0.637304306, 8.22508264e-06, 0.770612299, 9.17279249e-05, 1, -8.65333568e-05, -0.770612359, 0.000125834733, 0.637304246   [was 171.316544, 163.504105, -92.0942612, -0.446278036, -0.000186967183, -0.894894361, -0.000174722445, 1, -0.000121793579, 0.894894361, 0.000102004327, -0.446278065, 30 change(s)]
GravatronUnit      GravatronUnit.SpinnyThing.EndSpinnyPart.Part ~(170.5, 163.5, -92.5).CFrame = 252.664261, 163.522156, -198.910492, -0.637304306, 8.22508264e-06, -0.770612299, -9.17279249e-05, 1, 8.65333568e-05, 0.770612359, 0.000125834733, -0.637304246   [was 170.533539, 163.503998, -92.4847717, 0.446278036, -0.000186967183, 0.894894361, 0.000174722445, 1, 0.000121793579, -0.894894361, 0.000102004327, 0.446278065, 30 change(s)]
GravatronUnit      GravatronUnit.SpinnyThing.EndSpinnyPart.Part ~(172.4, 164.6, -90.2).CFrame = 251.350342, 164.647202, -201.53804, -8.22508264e-06, 0.637304306, 0.770612299, -1, 9.17279249e-05, -8.65333568e-05, -0.000125834733, -0.770612359, 0.637304246   [was 172.408081, 164.62883, -90.2226944, 0.000186967183, -0.446278036, -0.894894361, -1, -0.000174722445, -0.000121793579, -0.000102004327, 0.894894361, -0.446278065, 30 change(s)]
GravatronUnit      GravatronUnit.SpinnyThing.EndSpinnyPart.Part ~(179.5, 163.5, -88.0).CFrame = 244.95816, 163.52301, -205.283554, -0.637304306, 8.22508264e-06, -0.770612299, -9.17279249e-05, 1, 8.65333568e-05, 0.770612359, 0.000125834733, -0.637304246   [was 179.482452, 163.505219, -88.0219727, 0.446278036, -0.000186967183, 0.894894361, 0.000174722445, 1, 0.000121793579, -0.894894361, 0.000102004327, 0.446278065, 30 change(s)]
GravatronUnit      GravatronUnit.SpinnyThing.EndSpinnyPart.Part ~(180.3, 163.5, -87.6).CFrame = 244.283905, 163.523087, -205.841202, 0.637304306, 8.22508264e-06, 0.770612299, 9.17279249e-05, 1, -8.65333568e-05, -0.770612359, 0.000125834733, 0.637304246   [was 180.265457, 163.505325, -87.6314545, -0.446278036, -0.000186967183, -0.894894361, -0.000174722445, 1, -0.000121793579, 0.894894361, 0.000102004327, -0.446278065, 30 change(s)]
GravatronUnit      GravatronUnit.SpinnyThing.EndSpinnyPart.Part ~(171.3, 152.6, -92.1).CFrame = 251.989929, 152.647232, -199.469513, -0.637304306, -8.22508264e-06, 0.770612299, -9.17279249e-05, -1, -8.65333568e-05, 0.770612359, -0.000125834733, 0.637304246   [was 171.318558, 152.629105, -92.0953751, 0.446278036, 0.000186967183, -0.894894361, 0.000174722445, -1, -0.000121793579, -0.894894361, -0.000102004327, -0.446278065, 30 change(s)]
GravatronUnit      GravatronUnit.SpinnyThing.EndSpinnyPart.Part ~(170.9, 158.1, -92.3).CFrame = 252.327103, 158.084686, -199.190018, 0.637304306, 8.22508264e-06, 0.770612299, 9.17279249e-05, 1, -8.65333568e-05, -0.770612359, 0.000125834733, 0.637304246   [was 170.926041, 158.066544, -92.290062, -0.446278036, -0.000186967183, -0.894894361, -0.000174722445, 1, -0.000121793579, 0.894894361, 0.000102004327, -0.446278065, 30 change(s)]
GravatronUnit      GravatronUnit.SpinnyThing.EndSpinnyPart.Part ~(164.0, 163.9, -73.3).CFrame = 263.419281, 163.898941, -216.131607, -8.22508264e-06, 0.637304306, 0.770612299, -1, 9.17279249e-05, -8.65333568e-05, -0.000125834733, -0.770612359, 0.637304246   [was 163.956818, 163.875519, -73.2757111, 0.000186967183, -0.446278036, -0.894894361, -1, -0.000174722445, -0.000121793579, -0.000102004327, 0.894894361, -0.446278065, 30 change(s)]
GravatronUnit      GravatronUnit.SpinnyThing.EndSpinnyPart.Part ~(171.6, 163.9, -69.5).CFrame = 256.820923, 163.899673, -221.588531, 0.637304306, 8.22508264e-06, 0.770612299, 9.17279249e-05, 1, -8.65333568e-05, -0.770612359, 0.000125834733, 0.637304246   [was 171.619354, 163.876556, -69.4544525, -0.446278036, -0.000186967183, -0.894894361, -0.000174722445, 1, -0.000121793579, 0.894894361, 0.000102004327, -0.446278065, 30 change(s)]
GravatronUnit      GravatronUnit.SpinnyThing.EndSpinnyPart.CentralPart.CFrame = 254.887177, 157.585739, -210.130707, 0.770612299, 0.637304306, 8.22508264e-06, -8.65333568e-05, 9.17279249e-05, 1, 0.637304246, -0.770612359, 0.000125834733   [was 170.909637, 157.565094, -81.0539627, -0.894894361, -0.446278036, -0.000186967183, -0.000121793579, -0.000174722445, 1, -0.446278065, 0.894894361, 0.000102004327, 30 change(s)]
GravatronUnit      GravatronUnit.SpinnyThing.EndSpinnyPart.Part ~(163.6, 159.3, -73.5).CFrame = 263.756378, 159.336395, -215.853363, -8.31694797e-06, 0.637304306, 0.770612419, -1.00000012, 9.17279249e-05, -8.66525734e-05, -0.000125910723, -0.770612359, 0.637304306   [was 163.566162, 159.312958, -73.4714203, 0.000187073892, -0.446278036, -0.894894481, -1.00000012, -0.000174722445, -0.000121912803, -0.00010195114, 0.894894361, -0.446278125, 30 change(s)]
GravatronUnit      GravatronUnit.SpinnyThing.EndSpinnyPart.Part ~(168.9, 163.9, -70.8).CFrame = 259.180908, 163.899414, -219.63678, -8.31694797e-06, 0.637304306, 0.770612419, -1.00000012, 9.17279249e-05, -8.66525734e-05, -0.000125910723, -0.770612359, 0.637304306   [was 168.878738, 163.87619, -70.8211823, 0.000187073892, -0.446278036, -0.894894481, -1.00000012, -0.000174722445, -0.000121912803, -0.00010195114, 0.894894361, -0.446278125, 30 change(s)]
GravatronUnit      GravatronUnit.SpinnyThing.EndSpinnyPart.Part ~(177.3, 164.6, -87.8).CFrame = 247.111969, 164.647675, -205.043213, -8.22508264e-06, 0.637304306, 0.770612299, -1, 9.17279249e-05, -8.65333568e-05, -0.000125834733, -0.770612359, 0.637304246   [was 177.329987, 164.629501, -87.7681656, 0.000186967183, -0.446278036, -0.894894361, -1, -0.000174722445, -0.000121793579, -0.000102004327, 0.894894361, -0.446278065, 30 change(s)]
GravatronUnit      GravatronUnit.SpinnyThing.EndSpinnyPart.Part ~(168.0, 164.6, -81.3).CFrame = 257.683563, 164.648117, -209.196014, -8.22508264e-06, 0.637304306, 0.770612299, -1, 9.17279249e-05, -8.65333568e-05, -0.000125834733, -0.770612359, 0.637304246   [was 167.97319, 164.62709, -81.3296814, 0.000186967183, -0.446278036, -0.894894361, -1, -0.000174722445, -0.000121793579, -0.000102004327, 0.894894361, -0.446278065, 30 change(s)]
GravatronUnit      GravatronUnit.SpinnyThing.EndSpinnyPart.Part ~(161.2, 163.9, -74.6).CFrame = 265.779297, 163.898682, -214.179871, -0.637304306, 8.22508264e-06, -0.770612299, -9.17279249e-05, 1, 8.65333568e-05, 0.770612359, 0.000125834733, -0.637304246   [was 161.216217, 163.875137, -74.6424332, 0.446278036, -0.000186967183, 0.894894361, 0.000174722445, 1, 0.000121793579, -0.894894361, 0.000102004327, 0.446278065, 30 change(s)]
GravatronUnit      GravatronUnit.SpinnyThing.EndSpinnyPart.Part ~(172.9, 164.6, -78.9).CFrame = 253.44519, 164.64859, -212.701187, -8.22508264e-06, 0.637304306, 0.770612299, -1, 9.17279249e-05, -8.65333568e-05, -0.000125834733, -0.770612359, 0.637304246   [was 172.895111, 164.627762, -78.8751526, 0.000186967183, -0.446278036, -0.894894361, -1, -0.000174722445, -0.000121793579, -0.000102004327, 0.894894361, -0.446278065, 30 change(s)]
GravatronUnit      GravatronUnit.SpinnyThing.EndSpinnyPart.Part ~(170.9, 153.9, -81.1).CFrame = 254.889359, 153.907425, -210.13385, 0.109785415, -0.627773762, -0.770614922, -0.985022485, -0.172426313, 0.000134395508, -0.13295871, 0.759058356, -0.637301028   [was 170.908768, 153.88678, -81.0512238, -0.0766826943, 0.439636886, 0.894896209, -0.985068381, -0.172163844, 0.000169656836, 0.154143378, -0.881520927, 0.44627434, 30 change(s)]
GravatronUnit      GravatronUnit.SpinnyThing.EndSpinnyPart.Part ~(171.4, 159.6, -81.9).CFrame = 254.249878, 159.585907, -209.359848, 0.637304306, 8.22508264e-06, 0.770612299, 9.17279249e-05, 1, -8.65333568e-05, -0.770612359, 0.000125834733, 0.637304246   [was 171.35556, 159.565521, -81.9486465, -0.446278036, -0.000186967183, -0.894894361, -0.000174722445, 1, -0.000121793579, 0.894894361, 0.000102004327, -0.446278065, 30 change(s)]
GravatronUnit      GravatronUnit.SpinnyThing.EndSpinnyPart.ParticlePart2.CFrame = 261.339905, 159.336685, -217.932938, -8.31694797e-06, 0.637304306, 0.770612419, -1.00000012, 9.17279249e-05, -8.66525734e-05, -0.000125910723, -0.770612359, 0.637304306   [was 166.390747, 159.313339, -71.992981, 0.000187073892, -0.446278036, -0.894894481, -1.00000012, -0.000174722445, -0.000121912803, -0.00010195114, 0.894894361, -0.446278125, 30 change(s)]
GravatronUnit      GravatronUnit.SpinnyThing.EndSpinnyPart.Part ~(179.5, 152.6, -88.0).CFrame = 244.958069, 152.64801, -205.284927, 0.637304306, -8.22508264e-06, -0.770612299, 9.17279249e-05, -1, 8.65333568e-05, -0.770612359, -0.000125834733, -0.637304246   [was 179.484497, 152.630219, -88.0230713, -0.446278036, 0.000186967183, 0.894894361, -0.000174722445, -1, 0.000121793579, 0.894894361, -0.000102004327, 0.446278065, 30 change(s)]
GravatronUnit      GravatronUnit.SpinnyThing.EndSpinnyPart.Part ~(167.5, 155.9, -74.1).CFrame = 259.826263, 155.898972, -216.103165, 0.770612299, -0.637304306, -8.22508264e-06, -8.65333568e-05, -9.17279249e-05, -1, 0.637304246, 0.770612359, -0.000125834733   [was 167.451294, 155.876251, -74.1187057, -0.894894361, 0.446278036, 0.000186967183, -0.000121793579, 0.000174722445, -1, -0.446278065, -0.894894361, -0.000102004327, 30 change(s)]
GravatronUnit      GravatronUnit.SpinnyThing.EndSpinnyPart.ParticlePart.CFrame = 254.883987, 153.207947, -210.127106, 0.109859228, 0.627767324, 0.770609677, -0.985022485, 0.172426313, -3.86712054e-05, -0.13289766, -0.759063542, 0.637307465   [was 170.912598, 153.187302, -81.059166, -0.0767684132, -0.439629406, -0.894892514, -0.985068381, 0.172163844, -7.39303214e-05, 0.154100642, 0.881524563, -0.446281791, 30 change(s)]
GravatronUnit      GravatronUnit.SpinnyThing.EndSpinnyPart.Part ~(167.3, 155.3, -73.9).CFrame = 259.985596, 155.336487, -216.295883, -8.22508264e-06, 0.637304306, 0.770612299, -1, 9.17279249e-05, -8.65333568e-05, -0.000125834733, -0.770612359, 0.637304246   [was 167.339828, 155.313705, -73.8950348, 0.000186967183, -0.446278036, -0.894894361, -1, -0.000174722445, -0.000121793579, -0.000102004327, 0.894894361, -0.446278065, 30 change(s)]
GravatronUnit      GravatronUnit.SpinnyThing.EndSpinnyPart.Part ~(165.5, 164.1, -83.7).CFrame = 259.510895, 164.085236, -206.306061, -0.637304306, 8.22508264e-06, -0.770612299, -9.17279249e-05, 1, 8.65333568e-05, 0.770612359, 0.000125834733, -0.637304246   [was 165.539062, 164.064377, -83.7309647, 0.446278036, -0.000186967183, 0.894894361, 0.000174722445, 1, 0.000121793579, -0.894894361, 0.000102004327, 0.446278065, 30 change(s)]
GravatronUnit      GravatronUnit.SpinnyThing.EndSpinnyPart.Part ~(169.3, 159.3, -70.6).CFrame = 258.84375, 159.33696, -219.916183, -8.31694797e-06, 0.637304306, 0.770612419, -1.00000012, 9.17279249e-05, -8.66525734e-05, -0.000125910723, -0.770612359, 0.637304306   [was 169.271118, 159.313736, -70.6263962, 0.000187073892, -0.446278036, -0.894894481, -1.00000012, -0.000174722445, -0.000121912803, -0.00010195114, 0.894894361, -0.446278125, 30 change(s)]
GravatronUnit      GravatronUnit.SpinnyThing.EndSpinnyPart.Part ~(168.1, 153.2, -82.5).CFrame = 257.333435, 153.269241, -208.087708, 0.109859228, 0.627767324, 0.770609677, -0.985022485, 0.172426313, -3.86712054e-05, -0.13289766, -0.759063542, 0.637307465   [was 168.065002, 153.248489, -82.4910049, -0.0767684132, -0.439629406, -0.894892514, -0.985068381, 0.172163844, -7.39303214e-05, 0.154100642, 0.881524563, -0.446281791, 30 change(s)]
GravatronUnit      GravatronUnit.SpinnyThing.EndSpinnyPart.Part ~(173.8, 153.2, -79.6).CFrame = 252.420776, 153.269791, -212.150528, 0.109859228, 0.627767324, 0.770609677, -0.985022485, 0.172426313, -3.86712054e-05, -0.13289766, -0.759063542, 0.637307465   [was 173.769943, 153.249268, -79.6459808, -0.0767684132, -0.439629406, -0.894892514, -0.985068381, 0.172163844, -7.39303214e-05, 0.154100642, 0.881524563, -0.446281791, 30 change(s)]
GravatronUnit      GravatronUnit.SpinnyThing.CentralSpinPart.CFrame = 205.496078, 158.078644, -150.408173, -8.22508264e-06, -0.637304306, -0.770612299, -1, -9.17279249e-05, 8.65333568e-05, -0.000125834733, 0.770612359, -0.637304246   [was 205.496094, 158.078644, -150.408234, 0.000186967183, 0.446278036, 0.894894361, -1, 0.000174722445, 0.000121793579, -0.000102004327, -0.894894361, 0.446278065, 30 change(s)]
GravatronUnit      GravatronUnit.SpinnyThing.Grate1.CFrame = 180.681046, 158.075043, -120.402451, -8.22508264e-06, -0.637304306, -0.770612299, -1, -9.17279249e-05, 8.65333568e-05, -0.000125834733, 0.770612359, -0.637304246   [was 222.873047, 158.085419, -185.253174, 0.000186967183, 0.446278036, 0.894894361, -1, 0.000174722445, 0.000121793579, -0.000102004327, -0.894894361, 0.446278065, 30 change(s)]
GravatronUnit      GravatronUnit.SpinnyThing.Grate2.CFrame = 230.311111, 158.082184, -180.413895, -8.22508264e-06, -0.637304306, -0.770612299, -1, -9.17279249e-05, 8.65333568e-05, -0.000125834733, 0.770612359, -0.637304246   [was 188.119141, 158.071808, -115.563286, 0.000186967183, 0.446278036, 0.894894361, -1, 0.000174722445, 0.000121793579, -0.000102004327, -0.894894361, 0.446278065, 30 change(s)]
GravatronUnit      GravatronUnit.GravPipe.Model.NeonEffect ~(209.0, 140.5, -156.5).Color = 0.411765, 0.262745, 1   [was 0.615686, 0.584314, 1, 27 change(s)]
GravatronUnit      GravatronUnit.GravPipe.Model.NeonEffect ~(198.5, 175.9, -150.4).Color = 0.411765, 0.262745, 1   [was 0.615686, 0.584314, 1, 27 change(s)]
GravatronUnit      GravatronUnit.GravPipe.Model.NeonEffect ~(202.0, 140.5, -144.3).Color = 0.411765, 0.262745, 1   [was 0.615686, 0.584314, 1, 27 change(s)]
GravatronUnit      GravatronUnit.UpperSpinnyThing.Base3Part.CFrame = 205.496002, 166.553711, -150.408218, 0.000148002131, 0.226032674, 0.974119782, 1, -6.76328054e-05, -0.00013624088, 3.50875562e-05, 0.974119782, -0.226032674   [was 205.496002, 166.553696, -150.408173, 0.00014076996, -0.993604064, -0.112920955, 1, 0.000134680449, 6.15557219e-05, -4.5953755e-05, -0.112920947, 0.993604124, 30 change(s)]
GravatronUnit      GravatronUnit.UpperSpinnyThing.NeonPart.CFrame = 205.496094, 167.178711, -150.408203, 0.000148002131, 0.226032659, 0.974119782, 1, -6.76327982e-05, -0.000136240866, 3.50875562e-05, 0.974119782, -0.226032674   [was 205.496094, 167.178696, -150.408203, 0.00014076996, -0.993604004, -0.112920962, 1, 0.000134680449, 6.15557219e-05, -4.5953755e-05, -0.112920955, 0.993604064, 30 change(s)]
GravatronUnit      GravatronUnit.UpperSpinnyThing.Base3Part ~(205.5, 167.8, -150.4).CFrame = 205.496185, 167.803711, -150.408173, 0.000148002131, 0.226032674, 0.974119782, 1, -6.76328054e-05, -0.00013624088, 3.50875562e-05, 0.974119782, -0.226032674   [was 205.496185, 167.803696, -150.408234, 0.00014076996, -0.993604064, -0.112920955, 1, 0.000134680449, 6.15557219e-05, -4.5953755e-05, -0.112920947, 0.993604124, 30 change(s)]
GravatronUnit      GravatronUnit.UpperSpinnyThing.Union.CFrame = 205.496109, 167.178711, -150.408066, 0.000148002131, 0.140239924, 0.99011761, 1, -5.54966173e-05, -0.000141618846, 3.50875562e-05, 0.99011761, -0.140239924   [was 205.495956, 167.178696, -150.408234, 0.00014076996, -0.979974866, -0.199121714, 1, 0.000128800617, 7.30638858e-05, -4.5953755e-05, -0.199121714, 0.979974926, 30 change(s)]
GravatronUnit      GravatronUnit.LowerSpinnyThing.Base3Part.CFrame = 205.496002, 149.803711, -150.408234, 0.000148002131, -0.226032674, 0.974119782, -1, -6.76328054e-05, 0.00013624088, 3.50875562e-05, -0.974119782, -0.226032704   [was 205.496002, 149.803711, -150.408173, 0.00014076996, 0.993604004, -0.112920962, -1, 0.000134680464, -6.15557292e-05, -4.5953755e-05, 0.112920962, 0.993604064, 30 change(s)]
GravatronUnit      GravatronUnit.LowerSpinnyThing.Union.CFrame = 205.496048, 149.178711, -150.40834, 0.000148002131, -0.310103863, 0.950702727, -1, -7.92538704e-05, 0.000129825246, 3.50875562e-05, -0.950702727, -0.310103893   [was 205.496231, 149.178711, -150.408203, 0.00014076996, 0.999665618, -0.025860168, -1, 0.000139534517, -4.95787353e-05, -4.5953755e-05, 0.0258601606, 0.999665678, 30 change(s)]
GravatronUnit      GravatronUnit.LowerSpinnyThing.NeonPart.CFrame = 205.496094, 149.178711, -150.408203, 0.000148002131, -0.226032659, 0.974119782, -1, -6.76327982e-05, 0.000136240866, 3.50875562e-05, -0.974119782, -0.226032674   [was 205.496094, 149.178711, -150.408203, 0.000148370003, 0.987313211, -0.158785418, -1, 0.000140363074, -6.16410762e-05, -3.85714302e-05, 0.158785447, 0.987313151, 30 change(s)]
GravatronUnit      GravatronUnit.LowerSpinnyThing.Base3Part ~(205.5, 148.6, -150.4).CFrame = 205.496185, 148.553711, -150.408188, 0.000148002131, -0.226032674, 0.974119782, -1, -6.76328054e-05, 0.00013624088, 3.50875562e-05, -0.974119782, -0.226032704   [was 205.496185, 148.553711, -150.408218, 0.000148370003, 0.987313271, -0.158785433, -1, 0.000140363074, -6.16410762e-05, -3.85714302e-05, 0.158785462, 0.987313211, 30 change(s)]
GravatronUnit      GravatronUnit.GravPipe.Model.NeonEffect ~(209.0, 175.9, -156.5).Color = 0.411765, 0.262745, 1   [was 0.615686, 0.584314, 1, 27 change(s)]
GravatronUnit      GravatronUnit.GravPipe.Model.NeonEffect ~(202.0, 175.9, -144.3).Color = 0.411765, 0.262745, 1   [was 0.615686, 0.584314, 1, 27 change(s)]
GravatronUnit      GravatronUnit.GravPipe.Model.NeonEffect ~(198.5, 140.5, -150.4).Color = 0.411765, 0.262745, 1   [was 0.631373, 0.611765, 1, 27 change(s)]
GravatronUnit      GravatronUnit.GravPipe.Model.NeonEffect ~(209.0, 175.9, -144.3).Color = 0.411765, 0.262745, 1   [was 0.631373, 0.611765, 1, 27 change(s)]
GravatronUnit      GravatronUnit.GravPipe.Model.NeonEffect ~(212.5, 140.5, -150.4).Color = 0.411765, 0.262745, 1   [was 0.631373, 0.611765, 1, 27 change(s)]
GravatronUnit      GravatronUnit.GravPipe.Model.NeonEffect ~(212.5, 175.9, -150.4).Color = 0.411765, 0.262745, 1   [was 0.631373, 0.611765, 1, 27 change(s)]
GravatronUnit      GravatronUnit.NeonAnimPart.CFrame = 205.496078, 158.078873, -150.408188, -0.000179759823, 0.790517151, 0.612439871, 1, 0.000208201251, 2.47749358e-05, -0.000107925734, 0.612439871, -0.790517211   [was 205.496109, 158.078888, -150.408218, -0.000202962445, -0.912025571, -0.410133332, 1, -0.000234556661, 2.67211763e-05, -0.000120569894, -0.410133332, 0.91202563, 30 change(s)]
GravatronUnit      GravatronUnit.CentralDecal.CFrame = 205.496078, 158.078873, -150.408188, 0.612439871, -0.000179759823, 0.790517151, 2.47749358e-05, 1, 0.000208201251, -0.790517211, -0.000107925734, 0.612439871   [was 205.496109, 158.078888, -150.408218, -0.410133332, -0.000202962445, -0.912025571, 2.67211763e-05, 1, -0.000234556661, 0.91202563, -0.000120569894, -0.410133332, 30 change(s)]
GravatronUnit      GravatronUnit.CenterPart.CFrame = 205.496094, 158.078598, -150.408203, 0.000179759823, 0.612439871, 0.790517151, -1, 2.47749358e-05, 0.000208201251, 0.000107925734, -0.790517211, 0.612439871   [was 205.496109, 158.078613, -150.408203, 0.000202962445, -0.410133332, -0.912025571, -1, 2.67211763e-05, -0.000234556661, 0.000120569894, 0.91202563, -0.410133332, 30 change(s)]
PowerExtractionAssembly PowerExtractionAssembly.CentralNeon.Color = 0.780392, 0.67451, 0.470588   [was 0, 0, 0, 1 change(s)]
PowerExtractionAssembly PowerExtractionAssembly.CentralNeon.Attachment.ParticleEmitter.Enabled = false   [was false, 2 change(s)]
PowerExtractionAssembly PowerExtractionAssembly.CentralNeon.Attachment.PointLight.Enabled = false   [was false, 2 change(s)]
PowerExtractionAssembly PowerExtractionAssembly.CentralNeon.AmbientPEASound.Playing = true   [was false, 1 change(s)]
PowerExtractionAssembly PowerExtractionAssembly.CentralNeon.AmbientPEASound.Volume = 0.5   [was 2, 1 change(s)]
PowerExtractionAssembly PowerExtractionAssembly.CentralNeon.AmbientPEASound.Pitch = 1.25   [was 0, 1 change(s)]
Alarms             Alarms.ReactorChamber.IndustrialAlarm.SpinnyPart.Neon.CFrame = 79.4359283, 243.076309, -0.484629899, -0.819104433, -0.261122674, -0.510766923, 0.573644459, -0.372855961, -0.729321957, 2.55995869e-09, -0.890389502, 0.455199569   [was 79.4358826, 243.076004, -0.485002726, -0.8191396, -0.260854632, -0.510847509, 0.573594153, -0.372660041, -0.729461551, -8.9033565e-05, -0.890550077, 0.454885364, 8 change(s)]
Alarms             Alarms.ReactorChamber.IndustrialAlarm.SpinnyPart.Neon.Color = 0, 0, 0   [was 0, 0, 0, 2 change(s)]
Alarms             Alarms.ReactorChamber.IndustrialAlarm.SpinnyPart.Neon ~(80.1, 244.0, -1.0).CFrame = 80.0603714, 243.96788, -1.04735923, 0.819104433, -0.261122674, 0.510766923, -0.573644459, -0.372855961, 0.729321957, -2.55995869e-09, -0.890389502, -0.45519954   [was 80.0604172, 243.967758, -1.0473479, 0.8191396, -0.260854632, 0.510847509, -0.573594153, -0.372660041, 0.729461551, 8.9033565e-05, -0.890550077, -0.454885334, 8 change(s)]
Alarms             Alarms.ReactorChamber.IndustrialAlarm.SpinnyPart.Neon ~(80.1, 244.0, -1.0).Color = 0, 0, 0   [was 0, 0, 0, 2 change(s)]
Alarms             Alarms.ReactorChamber.IndustrialAlarm.SpinnyPart.Part.CFrame = 79.6762848, 243.572037, -0.765956938, 0.819104433, -0.0706956536, 0.569271505, -0.573644459, -0.100946017, 0.81286037, -2.55995869e-09, -0.992376983, -0.123239502   [was 79.6762848, 243.571808, -0.766145587, 0.8191396, -0.070416227, 0.569255531, -0.573594153, -0.100714207, 0.812924564, 8.9033565e-05, -0.992420435, -0.122889332, 8 change(s)]
Alarms             Alarms.ReactorChamber.IndustrialAlarm.SpinnyPart.Part ~(79.7, 243.5, -0.8).CFrame = 79.739006, 243.528107, -0.765955985, 0.819104433, -0.0706956536, 0.569271505, -0.573644459, -0.100946017, 0.81286037, -2.55995869e-09, -0.992376983, -0.123239502   [was 79.739006, 243.527893, -0.766137838, 0.8191396, -0.070416227, 0.569255531, -0.573594153, -0.100714207, 0.812924564, 8.9033565e-05, -0.992420435, -0.122889332, 8 change(s)]
Alarms             Alarms.ReactorChamber.IndustrialAlarm.SpinnyPart.Neon ~(79.4, 243.0, -0.9).CFrame = 79.4059296, 243.033463, -0.9056862, -0.819104433, 0.128257185, -0.559122503, 0.573644459, 0.183137894, -0.798368692, 2.55995869e-09, -0.974684894, -0.223583132   [was 79.4059982, 243.033264, -0.906077445, -0.8191396, 0.12851429, -0.559011996, 0.573594153, 0.183377668, -0.798349738, -8.9033565e-05, -0.974605978, -0.223927021, 8 change(s)]
Alarms             Alarms.ReactorChamber.IndustrialAlarm.SpinnyPart.Neon ~(79.4, 243.0, -0.9).Color = 0, 0, 0   [was 0, 0, 0, 2 change(s)]
Alarms             Alarms.ReactorChamber.IndustrialAlarm.SpinnyPart.Part ~(80.0, 243.9, -1.0).CFrame = 80.0436096, 243.943939, -1.0324223, 0.819104433, -0.261122674, 0.510766923, -0.573644459, -0.372855961, 0.729321957, -2.55995869e-09, -0.890389502, -0.45519954   [was 80.0436554, 243.943817, -1.03242135, 0.8191396, -0.260854632, 0.510847509, -0.573594153, -0.372660041, 0.729461551, 8.9033565e-05, -0.890550077, -0.454885334, 8 change(s)]
Alarms             Alarms.ReactorChamber.IndustrialAlarm.SpinnyPart.Part ~(79.6, 243.6, -0.8).CFrame = 79.6494141, 243.590851, -0.765956938, 0.819104433, -0.0706956536, 0.569271505, -0.573644459, -0.100946017, 0.81286037, -2.55995869e-09, -0.992376983, -0.123239502   [was 79.6494141, 243.590637, -0.766148508, 0.8191396, -0.070416227, 0.569255531, -0.573594153, -0.100714207, 0.812924564, 8.9033565e-05, -0.992420435, -0.122889332, 8 change(s)]
Alarms             Alarms.ReactorChamber.IndustrialAlarm.SpinnyPart.Part ~(79.7, 243.5, -0.8) #2.CFrame = 79.7479553, 243.521835, -0.765955985, 0.819104433, -0.0706956536, 0.569271505, -0.573644459, -0.100946017, 0.81286037, -2.55995869e-09, -0.992376983, -0.123239502   [was 79.7479553, 243.521622, -0.766136885, 0.8191396, -0.070416227, 0.569255531, -0.573594153, -0.100714207, 0.812924564, 8.9033565e-05, -0.992420435, -0.122889332, 8 change(s)]
Alarms             Alarms.ReactorChamber.IndustrialAlarm.SpinnyPart.Part ~(79.4, 243.1, -0.9).CFrame = 79.4242783, 243.059662, -0.898351252, -0.819104433, 0.128257185, -0.559122503, 0.573644459, 0.183137894, -0.798368692, 2.55995869e-09, -0.974684894, -0.223583132   [was 79.4243469, 243.059464, -0.898731232, -0.8191396, 0.12851429, -0.559011996, 0.573594153, 0.183377668, -0.798349738, -8.9033565e-05, -0.974605978, -0.223927021, 8 change(s)]
Alarms             Alarms.ReactorChamber.IndustrialAlarm.SpinnyPart.Part ~(80.1, 244.0, -0.8).CFrame = 80.0779572, 243.993057, -0.837406993, 0.819104433, -0.0706956536, 0.569271505, -0.573644459, -0.100946017, 0.81286037, -2.55995869e-09, -0.992376983, -0.123239502   [was 80.0779495, 243.992874, -0.83738488, 0.8191396, -0.070416227, 0.569255531, -0.573594153, -0.100714207, 0.812924564, 8.9033565e-05, -0.992420435, -0.122889332, 8 change(s)]
Alarms             Alarms.ReactorChamber.IndustrialAlarm.SpinnyPart.Part ~(80.1, 244.0, -0.6).CFrame = 80.071991, 243.984528, -0.633641601, 0.819104433, 0.128257185, 0.559122503, -0.573644459, 0.183137894, 0.798368692, -2.55995869e-09, -0.974684894, 0.223583102   [was 80.0719299, 243.984314, -0.633623183, 0.8191396, 0.12851429, 0.559011996, -0.573594153, 0.183377668, 0.798349738, 8.9033565e-05, -0.974605978, 0.223926991, 8 change(s)]
Alarms             Alarms.ReactorChamber.IndustrialAlarm.SpinnyPart.Part ~(79.7, 243.5, -0.8) #3.CFrame = 79.7479553, 243.521835, -0.765956938, 0.819104433, 0.128257185, 0.559122503, -0.573644459, 0.183137894, 0.798368692, -2.55995869e-09, -0.974684894, 0.223583102   [was 79.7479553, 243.521622, -0.766137838, 0.8191396, 0.12851429, 0.559011996, -0.573594153, 0.183377668, 0.798349738, 8.9033565e-05, -0.974605978, 0.223926991, 8 change(s)]
Alarms             Alarms.ReactorChamber.IndustrialAlarm.SpinnyPart.Part ~(79.4, 243.1, -0.7).CFrame = 79.4183426, 243.051132, -0.694600046, -0.819104433, -0.0706956536, -0.569271505, 0.573644459, -0.100946017, -0.81286037, 2.55995869e-09, -0.992376983, 0.123239502   [was 79.4183502, 243.050873, -0.694983721, -0.8191396, -0.070416227, -0.569255531, 0.573594153, -0.100714207, -0.812924564, -8.9033565e-05, -0.992420435, 0.122889332, 8 change(s)]
Alarms             Alarms.ReactorChamber.IndustrialAlarm.SpinnyPart.Part ~(79.5, 243.1, -0.5).CFrame = 79.4526901, 243.100235, -0.499567658, -0.819104433, -0.261122674, -0.510766923, 0.573644459, -0.372855961, -0.729321957, 2.55995869e-09, -0.890389502, 0.455199569   [was 79.4526443, 243.099945, -0.499930173, -0.8191396, -0.260854632, -0.510847509, 0.573594153, -0.372660041, -0.729461551, -8.9033565e-05, -0.890550077, 0.454885364, 8 change(s)]
Alarms             Alarms.ReactorChamber.IndustrialAlarm.SpinnyPart.Neon ~(80.1, 244.0, -0.6).CFrame = 80.0903397, 244.010727, -0.626300037, 0.819104433, 0.128257185, 0.559122503, -0.573644459, 0.183137894, 0.798368692, -2.55995869e-09, -0.974684894, 0.223583102   [was 80.090271, 244.010498, -0.626270294, 0.8191396, 0.12851429, 0.559011996, -0.573594153, 0.183377668, 0.798349738, 8.9033565e-05, -0.974605978, 0.223926991, 8 change(s)]
Alarms             Alarms.ReactorChamber.IndustrialAlarm.SpinnyPart.Neon ~(80.1, 244.0, -0.6).Color = 0, 0, 0   [was 0, 0, 0, 2 change(s)]
Alarms             Alarms.ReactorChamber.IndustrialAlarm.SpinnyPart.Part ~(79.7, 243.5, -0.8) #4.CFrame = 79.7479553, 243.521835, -0.765956938, 0.819104433, -0.261122674, 0.510766923, -0.573644459, -0.372855961, 0.729321957, -2.55995869e-09, -0.890389502, -0.45519954   [was 79.7479553, 243.521622, -0.766137838, 0.8191396, -0.260854632, 0.510847509, -0.573594153, -0.372660041, 0.729461551, 8.9033565e-05, -0.890550077, -0.454885334, 8 change(s)]
Alarms             Alarms.ReactorChamber.IndustrialAlarm.MoterPart.HingeConstraint.AngularVelocity = 0   [was 2.5, 3 change(s)]
Alarms             Alarms.ReactorChamber.IndustrialAlarm.Part ~(79.8, 243.5, -0.8).CFrame = 79.8081055, 243.479706, -0.765938938, 0.819104433, -0.0706956536, 0.569271505, -0.573644459, -0.100946017, 0.81286037, -2.55995869e-09, -0.992376983, -0.123239502   [was 79.8081055, 243.479492, -0.766113281, 0.8191396, -0.070416227, 0.569255531, -0.573594153, -0.100714207, 0.812924564, 8.9033565e-05, -0.992420435, -0.122889332, 8 change(s)]
Alarms             Alarms.ReactorChamber.IndustrialAlarm.NeonLight.CFrame = 79.3996582, 243.024445, -0.690554202, -0.819104433, -0.0706956536, -0.569271505, 0.573644459, -0.100946017, -0.81286037, 2.55995869e-09, -0.992376983, 0.123239502   [was 79.3996658, 243.0242, -0.690949321, -0.8191396, -0.070416227, -0.569255531, 0.573594153, -0.100714207, -0.812924564, -8.9033565e-05, -0.992420435, 0.122889332, 8 change(s)]
Alarms             Alarms.ReactorChamber.IndustrialAlarm.NeonLight.Color = 0, 0, 0   [was 0, 0, 0, 2 change(s)]
Alarms             Alarms.ReactorChamber.IndustrialAlarm.NeonLight.IndustrialAlarmLight.Enabled = false   [was false, 2 change(s)]
Alarms             Alarms.ReactorChamber.IndustrialAlarm.NeonLight ~(80.1, 244.0, -0.8).CFrame = 80.0966415, 244.01973, -0.84145093, 0.819104433, -0.0706956536, 0.569271505, -0.573644459, -0.100946017, 0.81286037, -2.55995869e-09, -0.992376983, -0.123239502   [was 80.0966263, 244.019547, -0.841417372, 0.8191396, -0.070416227, 0.569255531, -0.573594153, -0.100714207, 0.812924564, 8.9033565e-05, -0.992420435, -0.122889332, 8 change(s)]
Alarms             Alarms.ReactorChamber.IndustrialAlarm.NeonLight ~(80.1, 244.0, -0.8).Color = 0, 0, 0   [was 0, 0, 0, 2 change(s)]
Alarms             Alarms.ReactorChamber.IndustrialAlarm.NeonLight.IndustrialAlarmLight #2.Enabled = false   [was false, 2 change(s)]
Alarms             Alarms.ReactorChamber.IndustrialAlarm.MainAlarmPart.IndustrialAlarmSound.Playing = false   [was false, 2 change(s)]
Alarms             Alarms.ReactorChamber.IndustrialAlarm.SpinnyPart.Neon ~(40.4, 301.8, -86.5).CFrame = 40.1595039, 302.285492, -86.6890564, -0.5, 0.738144815, 0.452926219, -6.00806343e-05, -0.523023844, 0.852318048, 0.866025388, 0.426131845, 0.261556238   [was 40.4129219, 301.810333, -86.5424194, -0.49977082, 0.0647964329, 0.863730729, -0.000156745329, -0.997204661, 0.0747188926, 0.86615777, 0.037206918, 0.498383939, 8 change(s)]
Alarms             Alarms.ReactorChamber.IndustrialAlarm.SpinnyPart.Neon ~(40.4, 301.8, -86.5).Color = 0, 0, 0   [was 0, 0, 0, 2 change(s)]
Alarms             Alarms.ReactorChamber.IndustrialAlarm.SpinnyPart.Neon ~(39.4, 301.7, -87.2).CFrame = 39.6086388, 301.23822, -87.0072098, 0.5, 0.738144815, -0.452926278, 6.00806343e-05, -0.523023844, -0.852318048, -0.866025388, 0.426131845, -0.261556268   [was 39.3549347, 301.713226, -87.1529312, 0.49977082, 0.0647964329, -0.863730729, 0.000156745329, -0.997204661, -0.0747188628, -0.86615777, 0.037206918, -0.498383939, 8 change(s)]
Alarms             Alarms.ReactorChamber.IndustrialAlarm.SpinnyPart.Neon ~(39.4, 301.7, -87.2).Color = 0, 0, 0   [was 0, 0, 0, 2 change(s)]
Alarms             Alarms.ReactorChamber.IndustrialAlarm.SpinnyPart.Part ~(39.8, 301.8, -86.7).CFrame = 39.824131, 301.762054, -86.7438126, 0.5, 0.538735032, -0.678059399, 6.00806343e-05, -0.782977164, -0.622050464, -0.866025388, 0.310984492, -0.391520947   [was 39.8240662, 301.761658, -86.743309, 0.49977082, -0.234505251, -0.833808482, 0.000156745329, -0.96262753, 0.270829022, -0.86615777, -0.135483131, -0.481056362, 8 change(s)]
Alarms             Alarms.ReactorChamber.IndustrialAlarm.SpinnyPart.Part ~(39.9, 301.8, -86.8).CFrame = 39.8842812, 301.762054, -86.8479919, 0.5, 0.538735032, -0.678059399, 6.00806343e-05, -0.782977164, -0.622050464, -0.866025388, 0.310984492, -0.391520947   [was 39.8841858, 301.761688, -86.8475037, 0.49977082, -0.234505251, -0.833808482, 0.000156745329, -0.96262753, 0.270829022, -0.86615777, -0.135483131, -0.481056362, 8 change(s)]
Alarms             Alarms.ReactorChamber.IndustrialAlarm.SpinnyPart.Part ~(40.4, 301.6, -86.6).CFrame = 40.2769356, 302.122253, -86.6213074, -0.5, 0.538735032, 0.678059399, -6.00806343e-05, -0.782977164, 0.622050464, 0.866025388, 0.310984492, 0.391520947   [was 40.3670235, 301.604858, -86.5689774, -0.49977082, -0.234505251, 0.833808482, -0.000156745329, -0.96262753, -0.270829022, 0.86615777, -0.135483131, 0.481056362, 8 change(s)]
Alarms             Alarms.ReactorChamber.IndustrialAlarm.SpinnyPart.Part ~(40.4, 301.8, -86.6).CFrame = 40.1446419, 302.257538, -86.6976395, -0.5, 0.738144815, 0.452926219, -6.00806343e-05, -0.523023844, 0.852318048, 0.866025388, 0.426131845, 0.261556238   [was 40.3845787, 301.807892, -86.5587769, -0.49977082, 0.0647964329, 0.863730729, -0.000156745329, -0.997204661, 0.0747188926, 0.86615777, 0.037206918, 0.498383939, 8 change(s)]
Alarms             Alarms.ReactorChamber.IndustrialAlarm.SpinnyPart.Neon ~(39.5, 302.1, -87.1).CFrame = 39.3800392, 301.570435, -87.1391296, 0.5, 0.274354398, -0.821419239, 6.00806343e-05, -0.948504329, -0.316764235, -0.866025388, 0.15833278, -0.474268615   [was 39.4544182, 302.121674, -87.0954208, 0.49977082, -0.505525827, -0.703329861, 0.000156745329, -0.811958551, 0.5837152, -0.86615777, -0.291834056, -0.405713916, 8 change(s)]
Alarms             Alarms.ReactorChamber.IndustrialAlarm.SpinnyPart.Neon ~(39.5, 302.1, -87.1).Color = 0, 0, 0   [was 0, 0, 0, 2 change(s)]
Alarms             Alarms.ReactorChamber.IndustrialAlarm.SpinnyPart.Part ~(39.8, 301.8, -86.8).CFrame = 39.8405342, 301.762054, -86.7722244, 0.5, 0.538735032, -0.678059399, 6.00806343e-05, -0.782977164, -0.622050464, -0.866025388, 0.310984492, -0.391520947   [was 39.8404617, 301.761688, -86.7717209, 0.49977082, -0.234505251, -0.833808482, 0.000156745329, -0.96262753, 0.270829022, -0.86615777, -0.135483131, -0.481056362, 8 change(s)]
Alarms             Alarms.ReactorChamber.IndustrialAlarm.SpinnyPart.Part ~(39.9, 301.8, -86.8) #2.CFrame = 39.8788185, 301.762054, -86.8385315, 0.5, 0.538735032, -0.678059399, 6.00806343e-05, -0.782977164, -0.622050464, -0.866025388, 0.310984492, -0.391520947   [was 39.878727, 301.761688, -86.8380432, 0.49977082, -0.234505251, -0.833808482, 0.000156745329, -0.96262753, 0.270829022, -0.86615777, -0.135483131, -0.481056362, 8 change(s)]
Alarms             Alarms.ReactorChamber.IndustrialAlarm.SpinnyPart.Part ~(40.3, 301.4, -86.6).CFrame = 40.3611336, 301.942902, -86.57267, -0.5, 0.274354398, 0.821419299, -6.00806343e-05, -0.948504329, 0.316764206, 0.866025388, 0.15833278, 0.474268645   [was 40.2903481, 301.421051, -86.6132126, -0.49977082, -0.505525827, 0.703329861, -0.000156745329, -0.811958551, -0.58371526, 0.86615777, -0.291834056, 0.405713916, 8 change(s)]
Alarms             Alarms.ReactorChamber.IndustrialAlarm.SpinnyPart.Part ~(39.4, 301.9, -87.1).CFrame = 39.4912186, 301.401459, -87.0749512, 0.5, 0.538735032, -0.678059399, 6.00806343e-05, -0.782977164, -0.622050464, -0.866025388, 0.310984492, -0.391520947   [was 39.4008293, 301.918671, -87.1263733, 0.49977082, -0.234505251, -0.833808482, 0.000156745329, -0.96262753, 0.270829022, -0.86615777, -0.135483131, -0.481056362, 8 change(s)]
Alarms             Alarms.ReactorChamber.IndustrialAlarm.SpinnyPart.Part ~(39.5, 302.1, -87.1).CFrame = 39.4069939, 301.580811, -87.1235657, 0.5, 0.274354398, -0.821419239, 6.00806343e-05, -0.948504329, -0.316764235, -0.866025388, 0.15833278, -0.474268615   [was 39.4774895, 302.102509, -87.0821075, 0.49977082, -0.505525827, -0.703329861, 0.000156745329, -0.811958551, 0.5837152, -0.86615777, -0.291834056, -0.405713916, 8 change(s)]
Alarms             Alarms.ReactorChamber.IndustrialAlarm.SpinnyPart.Part ~(39.9, 301.8, -86.8) #3.CFrame = 39.8842812, 301.762054, -86.8479919, 0.5, 0.738144815, -0.452926278, 6.00806343e-05, -0.523023844, -0.852318048, -0.866025388, 0.426131845, -0.261556268   [was 39.8841858, 301.761688, -86.8475037, 0.49977082, 0.0647964329, -0.863730729, 0.000156745329, -0.997204661, -0.0747188628, -0.86615777, 0.037206918, -0.498383939, 8 change(s)]
Alarms             Alarms.ReactorChamber.IndustrialAlarm.SpinnyPart.Neon ~(40.3, 301.4, -86.6).CFrame = 40.388092, 301.953308, -86.557106, -0.5, 0.274354398, 0.821419299, -6.00806343e-05, -0.948504329, 0.316764206, 0.866025388, 0.15833278, 0.474268645   [was 40.3134308, 301.401886, -86.5998993, -0.49977082, -0.505525827, 0.703329861, -0.000156745329, -0.811958551, -0.58371526, 0.86615777, -0.291834056, 0.405713916, 8 change(s)]
Alarms             Alarms.ReactorChamber.IndustrialAlarm.SpinnyPart.Neon ~(40.3, 301.4, -86.6).Color = 0, 0, 0   [was 0, 0, 0, 2 change(s)]
Alarms             Alarms.ReactorChamber.IndustrialAlarm.SpinnyPart.Part ~(39.4, 301.7, -87.1).CFrame = 39.6235008, 301.266174, -86.9986267, 0.5, 0.738144815, -0.452926278, 6.00806343e-05, -0.523023844, -0.852318048, -0.866025388, 0.426131845, -0.261556268   [was 39.3832779, 301.715668, -87.1365738, 0.49977082, 0.0647964329, -0.863730729, 0.000156745329, -0.997204661, -0.0747188628, -0.86615777, 0.037206918, -0.498383939, 8 change(s)]
Alarms             Alarms.ReactorChamber.IndustrialAlarm.SpinnyPart.Part ~(39.9, 301.8, -86.8) #4.CFrame = 39.8842812, 301.762054, -86.8479919, 0.5, 0.274354398, -0.821419239, 6.00806343e-05, -0.948504329, -0.316764235, -0.866025388, 0.15833278, -0.474268615   [was 39.8841858, 301.761688, -86.8475037, 0.49977082, -0.505525827, -0.703329861, 0.000156745329, -0.811958551, 0.5837152, -0.86615777, -0.291834056, -0.405713916, 8 change(s)]
Alarms             Alarms.ReactorChamber.IndustrialAlarm.MainAlarmPart.IndustrialAlarmSound #2.Playing = false   [was false, 2 change(s)]
Alarms             Alarms.ReactorChamber.IndustrialAlarm.MoterPart.HingeConstraint #2.AngularVelocity = 0   [was 2.5, 3 change(s)]
Alarms             Alarms.ReactorChamber.IndustrialAlarm.NeonLight ~(39.4, 301.9, -87.1).CFrame = 39.4689674, 301.381042, -87.0877991, 0.5, 0.538735032, -0.678059399, 6.00806343e-05, -0.782977164, -0.622050464, -0.866025388, 0.310984492, -0.391520947   [was 39.3734665, 301.927551, -87.1421585, 0.49977082, -0.234505251, -0.833808482, 0.000156745329, -0.96262753, 0.270829022, -0.86615777, -0.135483131, -0.481056362, 8 change(s)]
Alarms             Alarms.ReactorChamber.IndustrialAlarm.NeonLight ~(39.4, 301.9, -87.1).Color = 0, 0, 0   [was 0, 0, 0, 2 change(s)]
Alarms             Alarms.ReactorChamber.IndustrialAlarm.NeonLight.IndustrialAlarmLight #3.Enabled = false   [was false, 2 change(s)]
Alarms             Alarms.ReactorChamber.IndustrialAlarm.NeonLight ~(40.4, 301.6, -86.6).CFrame = 40.2991905, 302.14267, -86.6084518, -0.5, 0.538735032, 0.678059399, -6.00806343e-05, -0.782977164, 0.622050464, 0.866025388, 0.310984492, 0.391520947   [was 40.3943901, 301.595978, -86.5531845, -0.49977082, -0.234505251, 0.833808482, -0.000156745329, -0.96262753, -0.270829022, 0.86615777, -0.135483131, 0.481056362, 8 change(s)]
Alarms             Alarms.ReactorChamber.IndustrialAlarm.NeonLight ~(40.4, 301.6, -86.6).Color = 0, 0, 0   [was 0, 0, 0, 2 change(s)]
Alarms             Alarms.ReactorChamber.IndustrialAlarm.NeonLight.IndustrialAlarmLight #4.Enabled = false   [was false, 2 change(s)]
Alarms             Alarms.ReactorChamber.IndustrialAlarm.Part ~(39.9, 301.8, -86.9).CFrame = 39.9210052, 301.762054, -86.9116058, 0.5, 0.538735032, -0.678059399, 6.00806343e-05, -0.782977164, -0.622050464, -0.866025388, 0.310984492, -0.391520947   [was 39.9208984, 301.761719, -86.9111328, 0.49977082, -0.234505251, -0.833808482, 0.000156745329, -0.96262753, 0.270829022, -0.86615777, -0.135483131, -0.481056362, 8 change(s)]
Alarms             Alarms.ReactorChamber.IndustrialAlarm.SpinnyPart.Part ~(-55.0, 243.3, -77.9).CFrame = -54.435051, 243.080933, -78.0699615, 0.409450948, -0.816597342, 0.406839609, 0.573660731, -0.116308272, -0.810792983, 0.70941031, 0.565367937, 0.420827299   [was -55.0203476, 243.311859, -77.9186172, 0.409812152, -0.683534682, -0.604015291, 0.573630273, 0.707970262, -0.411978781, 0.709226549, -0.177647531, 0.68223089, 3 change(s)]
Alarms             Alarms.ReactorChamber.IndustrialAlarm.SpinnyPart.Part ~(-54.9, 243.2, -77.9).CFrame = -54.2853737, 243.133057, -78.1984558, 0.409450948, -0.628218532, 0.661582351, 0.573660731, -0.386584818, -0.722125411, 0.70941031, 0.675198853, 0.202096701   [was -54.8615875, 243.184219, -77.907074, 0.409812152, -0.848890126, -0.333825767, 0.573630273, 0.524383962, -0.629261374, 0.709226549, 0.0663863569, 0.701847911, 3 change(s)]
Alarms             Alarms.ReactorChamber.IndustrialAlarm.SpinnyPart.Neon ~(-54.2, 243.6, -78.7).CFrame = -54.7313461, 244.041412, -78.6755829, -0.409450948, -0.906495452, -0.10303244, -0.573660731, 0.167994916, 0.80167985, -0.70941031, 0.387354314, -0.58880651   [was -54.178196, 243.637161, -78.6683044, -0.409812152, -0.435745656, 0.801361263, -0.573630273, 0.806176126, 0.145012021, -0.709226549, -0.400257349, -0.580337524, 3 change(s)]
Alarms             Alarms.ReactorChamber.IndustrialAlarm.SpinnyPart.Neon ~(-54.2, 243.6, -78.7).Color = 0, 0, 0   [was 0, 0, 0, 2 change(s)]
Alarms             Alarms.ReactorChamber.IndustrialAlarm.SpinnyPart.Part ~(-54.6, 243.6, -78.2).CFrame = -54.621357, 243.619461, -78.2282867, -0.409450948, -0.816597342, -0.406839609, -0.573660731, -0.116308272, 0.810792983, -0.70941031, 0.565367937, -0.420827299   [was -54.621273, 243.619446, -78.2283249, -0.409812152, -0.683534682, 0.604015291, -0.573630273, 0.707970262, 0.411978781, -0.709226549, -0.177647531, -0.68223089, 3 change(s)]
Alarms             Alarms.ReactorChamber.IndustrialAlarm.SpinnyPart.Part ~(-54.7, 243.6, -78.3).CFrame = -54.6706161, 243.550446, -78.3136292, -0.409450948, -0.816597342, -0.406839609, -0.573660731, -0.116308272, 0.810792983, -0.70941031, 0.565367937, -0.420827299   [was -54.6705742, 243.55043, -78.3136444, -0.409812152, -0.683534682, 0.604015291, -0.573630273, 0.707970262, 0.411978781, -0.709226549, -0.177647531, -0.68223089, 3 change(s)]
Alarms             Alarms.ReactorChamber.IndustrialAlarm.SpinnyPart.Neon ~(-54.9, 243.2, -77.9).CFrame = -54.2636642, 243.10936, -78.1918259, 0.409450948, -0.628218532, 0.661582351, 0.573660731, -0.386584818, -0.722125411, 0.70941031, 0.675198853, 0.202096701   [was -54.8725433, 243.163574, -77.8840408, 0.409812152, -0.848890126, -0.333825767, 0.573630273, 0.524383962, -0.629261374, 0.709226549, 0.0663863569, 0.701847911, 3 change(s)]
Alarms             Alarms.ReactorChamber.IndustrialAlarm.SpinnyPart.Neon ~(-54.9, 243.2, -77.9).Color = 0, 0, 0   [was 0, 0, 0, 2 change(s)]
Alarms             Alarms.ReactorChamber.IndustrialAlarm.SpinnyPart.Neon ~(-54.5, 243.9, -78.7).CFrame = -55.0778351, 243.992035, -78.4357224, -0.409450948, -0.628218532, -0.661582351, -0.573660731, -0.386584818, 0.722125411, -0.70941031, 0.675198853, -0.20209673   [was -54.4682274, 243.937531, -78.7436981, -0.409812152, -0.848890126, 0.333825767, -0.573630273, 0.524383962, 0.629261374, -0.709226549, 0.0663863569, -0.701847911, 3 change(s)]
Alarms             Alarms.ReactorChamber.IndustrialAlarm.SpinnyPart.Neon ~(-54.5, 243.9, -78.7).Color = 0, 0, 0   [was 0, 0, 0, 2 change(s)]
Alarms             Alarms.ReactorChamber.IndustrialAlarm.SpinnyPart.Part ~(-54.7, 243.6, -78.3) #2.CFrame = -54.6706161, 243.550446, -78.3136292, -0.409450948, -0.906495452, -0.10303244, -0.573660731, 0.167994916, 0.80167985, -0.70941031, 0.387354314, -0.58880651   [was -54.6705742, 243.55043, -78.3136444, -0.409812152, -0.435745656, 0.801361263, -0.573630273, 0.806176126, 0.145012021, -0.709226549, -0.400257349, -0.580337524, 3 change(s)]
Alarms             Alarms.ReactorChamber.IndustrialAlarm.SpinnyPart.Neon ~(-55.2, 243.5, -78.0).CFrame = -54.6101379, 243.059998, -77.9519424, 0.409450948, -0.906495452, 0.10303244, 0.573660731, 0.167994916, -0.80167985, 0.70941031, 0.387354314, 0.58880657   [was -55.1625633, 243.463959, -77.9594116, 0.409812152, -0.435745656, -0.801361263, 0.573630273, 0.806176126, -0.145012006, 0.709226549, -0.400257349, 0.580337524, 3 change(s)]
Alarms             Alarms.ReactorChamber.IndustrialAlarm.SpinnyPart.Neon ~(-55.2, 243.5, -78.0).Color = 0, 0, 0   [was 0, 0, 0, 2 change(s)]
Alarms             Alarms.ReactorChamber.IndustrialAlarm.SpinnyPart.Part ~(-54.5, 243.9, -78.7).CFrame = -55.0561256, 243.968338, -78.4290924, -0.409450948, -0.628218532, -0.661582351, -0.573660731, -0.386584818, 0.722125411, -0.70941031, 0.675198853, -0.20209673   [was -54.4791832, 243.916885, -78.720665, -0.409812152, -0.848890126, 0.333825767, -0.573630273, 0.524383962, 0.629261374, -0.709226549, 0.0663863569, -0.701847911, 3 change(s)]
Alarms             Alarms.ReactorChamber.IndustrialAlarm.SpinnyPart.Part ~(-54.7, 243.6, -78.3) #3.CFrame = -54.6706161, 243.550446, -78.3136292, -0.409450948, -0.628218532, -0.661582351, -0.573660731, -0.386584818, 0.722125411, -0.70941031, 0.675198853, -0.20209673   [was -54.6705742, 243.55043, -78.3136444, -0.409812152, -0.848890126, 0.333825767, -0.573630273, 0.524383962, 0.629261374, -0.709226549, 0.0663863569, -0.701847911, 3 change(s)]
Alarms             Alarms.ReactorChamber.IndustrialAlarm.SpinnyPart.Part ~(-55.1, 243.5, -78.0).CFrame = -54.6135216, 243.086319, -77.9712601, 0.409450948, -0.906495452, 0.10303244, 0.573660731, 0.167994916, -0.80167985, 0.70941031, 0.387354314, 0.58880657   [was -55.1362686, 243.468719, -77.9784546, 0.409812152, -0.435745656, -0.801361263, 0.573630273, 0.806176126, -0.145012006, 0.709226549, -0.400257349, 0.580337524, 3 change(s)]
Alarms             Alarms.ReactorChamber.IndustrialAlarm.SpinnyPart.Part ~(-54.3, 243.8, -78.7).CFrame = -54.9064674, 244.020462, -78.5575714, -0.409450948, -0.816597342, -0.406839609, -0.573660731, -0.116308272, 0.810792983, -0.70941031, 0.565367937, -0.420827299   [was -54.3204346, 243.789261, -78.7091293, -0.409812152, -0.683534682, 0.604015291, -0.573630273, 0.707970262, 0.411978781, -0.709226549, -0.177647531, -0.68223089, 3 change(s)]
Alarms             Alarms.ReactorChamber.IndustrialAlarm.SpinnyPart.Part ~(-54.2, 243.6, -78.6).CFrame = -54.7279739, 244.015106, -78.6562653, -0.409450948, -0.906495452, -0.10303244, -0.573660731, 0.167994916, 0.80167985, -0.70941031, 0.387354314, -0.58880651   [was -54.2044907, 243.632416, -78.6492615, -0.409812152, -0.435745656, 0.801361263, -0.573630273, 0.806176126, 0.145012021, -0.709226549, -0.400257349, -0.580337524, 3 change(s)]
Alarms             Alarms.ReactorChamber.IndustrialAlarm.SpinnyPart.Part ~(-54.6, 243.6, -78.3).CFrame = -54.6347923, 243.600647, -78.2515564, -0.409450948, -0.816597342, -0.406839609, -0.573660731, -0.116308272, 0.810792983, -0.70941031, 0.565367937, -0.420827299   [was -54.634716, 243.600632, -78.2515869, -0.409812152, -0.683534682, 0.604015291, -0.573630273, 0.707970262, 0.411978781, -0.709226549, -0.177647531, -0.68223089, 3 change(s)]
Alarms             Alarms.ReactorChamber.IndustrialAlarm.SpinnyPart.Part ~(-54.7, 243.6, -78.3) #4.CFrame = -54.6661415, 243.556717, -78.3058777, -0.409450948, -0.816597342, -0.406839609, -0.573660731, -0.116308272, 0.810792983, -0.70941031, 0.565367937, -0.420827299   [was -54.6660957, 243.556702, -78.3058929, -0.409812152, -0.683534682, 0.604015291, -0.573630273, 0.707970262, 0.411978781, -0.709226549, -0.177647531, -0.68223089, 3 change(s)]
Alarms             Alarms.ReactorChamber.IndustrialAlarm.NeonLight ~(-54.3, 243.8, -78.7).CFrame = -54.9198151, 244.047073, -78.5713806, -0.409450948, -0.816597342, -0.406839609, -0.573660731, -0.116308272, 0.810792983, -0.70941031, 0.565367937, -0.420827299   [was -54.3006134, 243.80278, -78.731514, -0.409812152, -0.683534682, 0.604015291, -0.573630273, 0.707970262, 0.411978781, -0.709226549, -0.177647531, -0.68223089, 3 change(s)]
Alarms             Alarms.ReactorChamber.IndustrialAlarm.NeonLight ~(-54.3, 243.8, -78.7).Color = 0, 0, 0   [was 0, 0, 0, 2 change(s)]
Alarms             Alarms.ReactorChamber.IndustrialAlarm.NeonLight.IndustrialAlarmLight #5.Enabled = false   [was false, 2 change(s)]
Alarms             Alarms.ReactorChamber.IndustrialAlarm.MoterPart.HingeConstraint #3.AngularVelocity = 0   [was 2.5, 3 change(s)]
Alarms             Alarms.ReactorChamber.IndustrialAlarm.Part ~(-54.7, 243.5, -78.4).CFrame = -54.7006836, 243.508301, -78.3657227, -0.409450948, -0.816597342, -0.406839609, -0.573660731, -0.116308272, 0.810792983, -0.70941031, 0.565367937, -0.420827299   [was -54.7006836, 243.508301, -78.3657227, -0.409812152, -0.683534682, 0.604015291, -0.573630273, 0.707970262, 0.411978781, -0.709226549, -0.177647531, -0.68223089, 3 change(s)]
Alarms             Alarms.ReactorChamber.IndustrialAlarm.NeonLight ~(-55.0, 243.3, -77.9).CFrame = -54.4216957, 243.054321, -78.0561523, 0.409450948, -0.816597342, 0.406839609, 0.573660731, -0.116308272, -0.810792983, 0.70941031, 0.565367937, 0.420827299   [was -55.0401726, 243.29834, -77.896225, 0.409812152, -0.683534682, -0.604015291, 0.573630273, 0.707970262, -0.411978781, 0.709226549, -0.177647531, 0.68223089, 3 change(s)]
Alarms             Alarms.ReactorChamber.IndustrialAlarm.NeonLight ~(-55.0, 243.3, -77.9).Color = 0, 0, 0   [was 0, 0, 0, 2 change(s)]
Alarms             Alarms.ReactorChamber.IndustrialAlarm.NeonLight.IndustrialAlarmLight #6.Enabled = false   [was false, 2 change(s)]
Alarms             Alarms.ReactorChamber.IndustrialAlarm.MainAlarmPart.IndustrialAlarmSound #3.Playing = false   [was false, 2 change(s)]
Alarms             Alarms.ReactorChamber.IndustrialAlarm.SpinnyPart.Part ~(-109.4, 301.9, -1.2).CFrame = -109.380493, 302.335663, -0.743312359, 0.99999994, 0.000158245733, 0.000261830632, -0.000238358902, -0.133511573, 0.991047084, 0.000191786399, -0.991047084, -0.133511558   [was -109.380737, 301.90274, -1.22524786, 1, 7.66474113e-06, -0.000152765206, 4.53313914e-05, -0.968725562, 0.248134673, -0.000146085658, -0.248134762, -0.968725562, 3 change(s)]
Alarms             Alarms.ReactorChamber.IndustrialAlarm.SpinnyPart.Part ~(-109.4, 301.4, -0.2).CFrame = -109.38076, 301.195374, -0.786832094, -0.99999994, 0.000238249268, -0.000191922605, 0.000238358902, 0.213475585, -0.976948261, -0.000191786399, -0.976948261, -0.21347563   [was -109.380562, 301.434479, -0.184591204, -1, -4.50428888e-05, 0.000146174876, -4.53313914e-05, -0.825450301, -0.564474881, 0.000146085658, -0.56447494, 0.825450242, 3 change(s)]
Alarms             Alarms.ReactorChamber.IndustrialAlarm.SpinnyPart.Part ~(-109.4, 301.6, -0.1).CFrame = -109.380798, 301.187073, -0.582969666, -0.99999994, 0.000158245733, -0.000261830632, 0.000238358902, -0.133511573, -0.991047084, -0.000191786399, -0.991047084, 0.133511528   [was -109.380554, 301.620331, -0.100417376, -1, 7.66474113e-06, 0.000152765206, -4.53313914e-05, -0.968725562, -0.248134702, 0.000146085658, -0.248134762, 0.968725502, 3 change(s)]
Alarms             Alarms.ReactorChamber.IndustrialAlarm.SpinnyPart.Part ~(-109.4, 301.8, -0.7).CFrame = -109.380646, 301.761688, -0.663072586, -0.99999994, 0.000158245733, -0.000261830632, 0.000238358902, -0.133511573, -0.991047084, -0.000191786399, -0.991047084, 0.133511528   [was -109.380646, 301.761719, -0.663097084, -1, 7.66474113e-06, 0.000152765206, -4.53313914e-05, -0.968725562, -0.248134702, 0.000146085658, -0.248134762, 0.968725502, 3 change(s)]
Alarms             Alarms.ReactorChamber.IndustrialAlarm.SpinnyPart.Neon ~(-109.4, 301.9, -1.3).CFrame = -109.380486, 302.368195, -0.747691393, 0.99999994, 0.000158245733, 0.000261830632, -0.000238358902, -0.133511573, 0.991047084, 0.000191786399, -0.991047084, -0.133511558   [was -109.380737, 301.910889, -1.25703692, 1, 7.66474113e-06, -0.000152765206, 4.53313914e-05, -0.968725562, 0.248134673, -0.000146085658, -0.248134762, -0.968725562, 3 change(s)]
Alarms             Alarms.ReactorChamber.IndustrialAlarm.SpinnyPart.Neon ~(-109.4, 301.9, -1.3).Color = 0, 0, 0   [was 0, 0, 0, 2 change(s)]
Alarms             Alarms.ReactorChamber.IndustrialAlarm.SpinnyPart.Part ~(-109.4, 301.3, -0.3).CFrame = -109.38073, 301.272858, -0.975549757, -0.99999994, 0.000289520191, -9.88689135e-05, 0.000238358902, 0.534717798, -0.845030487, -0.000191786399, -0.845030487, -0.534717858   [was -109.380608, 301.288635, -0.32725507, -1, -9.23183979e-05, 0.000121956014, -4.53313914e-05, -0.582626581, -0.812739968, 0.000146085658, -0.812740088, 0.582626522, 3 change(s)]
Alarms             Alarms.ReactorChamber.IndustrialAlarm.SpinnyPart.Part ~(-109.3, 301.8, -0.7).CFrame = -109.260345, 301.761658, -0.663049519, -0.99999994, 0.000238249268, -0.000191922605, 0.000238358902, 0.213475585, -0.976948261, -0.000191786399, -0.976948261, -0.21347563   [was -109.260345, 301.761719, -0.663114667, -1, -4.50428888e-05, 0.000146174876, -4.53313914e-05, -0.825450301, -0.564474881, 0.000146085658, -0.56447494, 0.825450242, 3 change(s)]
Alarms             Alarms.ReactorChamber.IndustrialAlarm.SpinnyPart.Part ~(-109.4, 301.8, -0.7) #2.CFrame = -109.380646, 301.761688, -0.663071632, -0.99999994, 0.000238249268, -0.000191922605, 0.000238358902, 0.213475585, -0.976948261, -0.000191786399, -0.976948261, -0.21347563   [was -109.380646, 301.761719, -0.663096547, -1, -4.50428888e-05, 0.000146174876, -4.53313914e-05, -0.825450301, -0.564474881, 0.000146085658, -0.56447494, 0.825450242, 3 change(s)]
Alarms             Alarms.ReactorChamber.IndustrialAlarm.SpinnyPart.Neon ~(-109.4, 302.3, -1.0).CFrame = -109.380585, 302.277618, -0.333182096, 0.99999994, 0.000289520191, 9.88689062e-05, -0.000238358902, 0.534717798, 0.845030487, 0.000191786399, -0.845030487, 0.534717917   [was -109.380722, 302.261108, -1.01752877, 1, -9.23183979e-05, -0.000121956007, 4.53313914e-05, -0.582626581, 0.812740028, -0.000146085658, -0.812740088, -0.582626462, 3 change(s)]
Alarms             Alarms.ReactorChamber.IndustrialAlarm.SpinnyPart.Neon ~(-109.4, 302.3, -1.0).Color = 0, 0, 0   [was 0, 0, 0, 2 change(s)]
Alarms             Alarms.ReactorChamber.IndustrialAlarm.SpinnyPart.Neon ~(-109.4, 301.3, -0.3).CFrame = -109.380737, 301.245148, -0.993096113, -0.99999994, 0.000289520191, -9.88689135e-05, 0.000238358902, 0.534717798, -0.845030487, -0.000191786399, -0.845030487, -0.534717858   [was -109.3806, 301.261963, -0.308134317, -1, -9.23183979e-05, 0.000121956014, -4.53313914e-05, -0.582626581, -0.812739968, 0.000146085658, -0.812740088, 0.582626522, 3 change(s)]
Alarms             Alarms.ReactorChamber.IndustrialAlarm.SpinnyPart.Neon ~(-109.4, 301.3, -0.3).Color = 0, 0, 0   [was 0, 0, 0, 2 change(s)]
Alarms             Alarms.ReactorChamber.IndustrialAlarm.SpinnyPart.Part ~(-109.3, 301.8, -0.7) #2.CFrame = -109.293152, 301.761658, -0.663055778, -0.99999994, 0.000238249268, -0.000191922605, 0.000238358902, 0.213475585, -0.976948261, -0.000191786399, -0.976948261, -0.21347563   [was -109.293152, 301.761719, -0.663109899, -1, -4.50428888e-05, 0.000146174876, -4.53313914e-05, -0.825450301, -0.564474881, 0.000146085658, -0.56447494, 0.825450242, 3 change(s)]
Alarms             Alarms.ReactorChamber.IndustrialAlarm.SpinnyPart.Part ~(-109.4, 301.8, -0.7) #3.CFrame = -109.36972, 301.761688, -0.663069546, -0.99999994, 0.000238249268, -0.000191922605, 0.000238358902, 0.213475585, -0.976948261, -0.000191786399, -0.976948261, -0.21347563   [was -109.36972, 301.761719, -0.663098156, -1, -4.50428888e-05, 0.000146174876, -4.53313914e-05, -0.825450301, -0.564474881, 0.000146085658, -0.56447494, 0.825450242, 3 change(s)]
Alarms             Alarms.ReactorChamber.IndustrialAlarm.SpinnyPart.Part ~(-109.4, 302.1, -1.1).CFrame = -109.380562, 302.327393, -0.539463878, 0.99999994, 0.000238249268, 0.000191922605, -0.000238358902, 0.213475585, 0.976948261, 0.000191786399, -0.976948261, 0.21347563   [was -109.38076, 302.088562, -1.14108205, 1, -4.50428888e-05, -0.000146174876, 4.53313914e-05, -0.825450301, 0.564474881, -0.000146085658, -0.56447494, -0.825450242, 3 change(s)]
Alarms             Alarms.ReactorChamber.IndustrialAlarm.SpinnyPart.Part ~(-109.4, 302.2, -1.0).CFrame = -109.380592, 302.249878, -0.350729406, 0.99999994, 0.000289520191, 9.88689062e-05, -0.000238358902, 0.534717798, 0.845030487, 0.000191786399, -0.845030487, 0.534717917   [was -109.380714, 302.234436, -0.998408496, 1, -9.23183979e-05, -0.000121956007, 4.53313914e-05, -0.582626581, 0.812740028, -0.000146085658, -0.812740088, -0.582626462, 3 change(s)]
Alarms             Alarms.ReactorChamber.IndustrialAlarm.SpinnyPart.Neon ~(-109.4, 301.6, -0.1).CFrame = -109.380806, 301.154572, -0.5785833, -0.99999994, 0.000158245733, -0.000261830632, 0.000238358902, -0.133511573, -0.991047084, -0.000191786399, -0.991047084, 0.133511528   [was -109.380554, 301.612213, -0.0686312318, -1, 7.66474113e-06, 0.000152765206, -4.53313914e-05, -0.968725562, -0.248134702, 0.000146085658, -0.248134762, 0.968725502, 3 change(s)]
Alarms             Alarms.ReactorChamber.IndustrialAlarm.SpinnyPart.Neon ~(-109.4, 301.6, -0.1).Color = 0, 0, 0   [was 0, 0, 0, 2 change(s)]
Alarms             Alarms.ReactorChamber.IndustrialAlarm.SpinnyPart.Part ~(-109.4, 301.8, -0.7) #4.CFrame = -109.380646, 301.761688, -0.663072586, -0.99999994, 0.000289520191, -9.88689135e-05, 0.000238358902, 0.534717798, -0.845030487, -0.000191786399, -0.845030487, -0.534717858   [was -109.380646, 301.761719, -0.663097084, -1, -9.23183979e-05, 0.000121956014, -4.53313914e-05, -0.582626581, -0.812739968, 0.000146085658, -0.812740088, 0.582626522, 3 change(s)]
Alarms             Alarms.ReactorChamber.IndustrialAlarm.NeonLight ~(-109.4, 302.1, -1.2).CFrame = -109.380562, 302.359467, -0.532456279, 0.99999994, 0.000238249268, 0.000191922605, -0.000238358902, 0.213475585, 0.976948261, 0.000191786399, -0.976948261, 0.21347563   [was -109.380768, 302.107117, -1.16817415, 1, -4.50428888e-05, -0.000146174876, 4.53313914e-05, -0.825450301, 0.564474881, -0.000146085658, -0.56447494, -0.825450242, 3 change(s)]
Alarms             Alarms.ReactorChamber.IndustrialAlarm.NeonLight ~(-109.4, 302.1, -1.2).Color = 0, 0, 0   [was 0, 0, 0, 2 change(s)]
Alarms             Alarms.ReactorChamber.IndustrialAlarm.NeonLight.IndustrialAlarmLight #7.Enabled = false   [was false, 2 change(s)]
Alarms             Alarms.ReactorChamber.IndustrialAlarm.Part ~(-109.5, 301.8, -0.7).CFrame = -109.454102, 301.761719, -0.663085938, -0.99999994, 0.000238249268, -0.000191922605, 0.000238358902, 0.213475585, -0.976948261, -0.000191786399, -0.976948261, -0.21347563   [was -109.454102, 301.761719, -0.663085938, -1, -4.50428888e-05, 0.000146174876, -4.53313914e-05, -0.825450301, -0.564474881, 0.000146085658, -0.56447494, 0.825450242, 3 change(s)]
Alarms             Alarms.ReactorChamber.IndustrialAlarm.MoterPart.HingeConstraint #4.AngularVelocity = 0   [was 2.5, 3 change(s)]
Alarms             Alarms.ReactorChamber.IndustrialAlarm.NeonLight ~(-109.4, 301.4, -0.2).CFrame = -109.38076, 301.1633, -0.79383707, -0.99999994, 0.000238249268, -0.000191922605, 0.000238358902, 0.213475585, -0.976948261, -0.000191786399, -0.976948261, -0.21347563   [was -109.380554, 301.415955, -0.157504857, -1, -4.50428888e-05, 0.000146174876, -4.53313914e-05, -0.825450301, -0.564474881, 0.000146085658, -0.56447494, 0.825450242, 3 change(s)]
Alarms             Alarms.ReactorChamber.IndustrialAlarm.NeonLight ~(-109.4, 301.4, -0.2).Color = 0, 0, 0   [was 0, 0, 0, 2 change(s)]
Alarms             Alarms.ReactorChamber.IndustrialAlarm.NeonLight.IndustrialAlarmLight #8.Enabled = false   [was false, 2 change(s)]
Alarms             Alarms.ReactorChamber.IndustrialAlarm.MainAlarmPart.IndustrialAlarmSound #4.Playing = false   [was false, 2 change(s)]
Alarms             Alarms.ReactorChamber.IndustrialAlarm.SpinnyPart.Neon ~(-54.8, 244.0, 77.3).CFrame = -54.2711945, 243.602859, 77.2976379, 0.409566134, -0.459091365, 0.788346827, 0.573657393, 0.801526725, 0.168737113, -0.709346771, 0.383131981, 0.5916394   [was -54.8344879, 243.991379, 77.2864838, 0.409440905, -0.903113902, -0.129396617, 0.573564947, 0.144507557, 0.806313097, -0.709493876, -0.40435487, 0.57716167, 3 change(s)]
Alarms             Alarms.ReactorChamber.IndustrialAlarm.SpinnyPart.Neon ~(-54.8, 244.0, 77.3).Color = 0, 0, 0   [was 0, 0, 0, 2 change(s)]
Alarms             Alarms.ReactorChamber.IndustrialAlarm.SpinnyPart.Part ~(-55.0, 243.2, 76.5).CFrame = -55.2738037, 243.723022, 76.8159637, -0.409566134, 0.155013517, -0.899014175, -0.573657393, 0.722485125, 0.385917872, 0.709346771, 0.673784971, -0.20698075   [was -55.0339851, 243.194382, 76.5270996, -0.409440905, -0.775022209, -0.481350988, -0.573564947, 0.628962994, -0.524813116, 0.709493876, 0.0612060428, -0.702048659, 3 change(s)]
Alarms             Alarms.ReactorChamber.IndustrialAlarm.SpinnyPart.Part ~(-54.8, 243.5, 76.9).CFrame = -54.752636, 243.497208, 76.934227, -0.409566134, 0.155013517, -0.899014175, -0.573657393, 0.722485125, 0.385917872, 0.709346771, 0.673784971, -0.20698075   [was -54.7526436, 243.497192, 76.9342117, -0.409440905, -0.775022209, -0.481350988, -0.573564947, 0.628962994, -0.524813116, 0.709493876, 0.0612060428, -0.702048659, 3 change(s)]
Alarms             Alarms.ReactorChamber.IndustrialAlarm.SpinnyPart.Part ~(-54.8, 244.0, 77.3).CFrame = -54.2970695, 243.597321, 77.2782211, 0.409566134, -0.459091365, 0.788346827, 0.573657393, 0.801526725, 0.168737113, -0.709346771, 0.383131981, 0.5916394   [was -54.8302422, 243.96492, 77.26754, 0.409440905, -0.903113902, -0.129396617, 0.573564947, 0.144507557, 0.806313097, -0.709493876, -0.40435487, 0.57716167, 3 change(s)]
Alarms             Alarms.ReactorChamber.IndustrialAlarm.SpinnyPart.Part ~(-54.9, 243.1, 76.5).CFrame = -55.273098, 243.564209, 76.6878967, -0.409566134, -0.161795065, -0.897818446, -0.573657393, 0.810902953, 0.115558513, 0.709346771, 0.562369049, -0.424933314   [was -54.8612099, 243.086624, 76.5396423, -0.409440905, -0.892910063, -0.187269449, -0.573564947, 0.411551595, -0.708271503, 0.709493876, -0.182584137, -0.68064785, 3 change(s)]
Alarms             Alarms.ReactorChamber.IndustrialAlarm.SpinnyPart.Part ~(-54.7, 243.0, 76.6).CFrame = -55.2087784, 243.397186, 76.5899582, -0.409566134, -0.459091365, -0.788346827, -0.573657393, 0.801526725, -0.168737084, 0.709346771, 0.383131981, -0.59163934   [was -54.6751633, 243.029022, 76.600441, -0.409440905, -0.903113902, 0.129396588, -0.573564947, 0.144507557, -0.806313097, 0.709493876, -0.40435487, -0.57716167, 3 change(s)]
Alarms             Alarms.ReactorChamber.IndustrialAlarm.SpinnyPart.Part ~(-54.7, 243.5, 76.9).CFrame = -54.7168007, 243.547409, 76.8721619, -0.409566134, -0.161795065, -0.897818446, -0.573657393, 0.810902953, 0.115558513, 0.709346771, 0.562369049, -0.424933314   [was -54.7168198, 243.547379, 76.8721313, -0.409440905, -0.892910063, -0.187269449, -0.573564947, 0.411551595, -0.708271503, 0.709493876, -0.182584137, -0.68064785, 3 change(s)]
Alarms             Alarms.ReactorChamber.IndustrialAlarm.SpinnyPart.Part ~(-54.7, 243.5, 76.9) #2.CFrame = -54.7481613, 243.503479, 76.9264755, -0.409566134, -0.161795065, -0.897818446, -0.573657393, 0.810902953, 0.115558513, 0.709346771, 0.562369049, -0.424933314   [was -54.7481689, 243.503464, 76.9264603, -0.409440905, -0.892910063, -0.187269449, -0.573564947, 0.411551595, -0.708271503, 0.709493876, -0.182584137, -0.68064785, 3 change(s)]
Alarms             Alarms.ReactorChamber.IndustrialAlarm.SpinnyPart.Part ~(-54.6, 243.9, 77.3).CFrame = -54.2327614, 243.430283, 77.1803131, 0.409566134, -0.161795065, 0.897818446, 0.573657393, 0.810902953, -0.115558513, -0.709346771, 0.562369049, 0.424933314   [was -54.6442223, 243.907318, 77.3283615, 0.409440905, -0.892910063, 0.187269449, 0.573564947, 0.411551595, 0.708271503, -0.709493876, -0.182584137, 0.68064785, 3 change(s)]
Alarms             Alarms.ReactorChamber.IndustrialAlarm.SpinnyPart.Part ~(-54.5, 243.8, 77.3).CFrame = -54.2320595, 243.271454, 77.0522308, 0.409566134, 0.155013517, 0.899014175, 0.573657393, 0.722485125, -0.385917902, -0.709346771, 0.673784971, 0.206980735   [was -54.4714317, 243.79953, 77.3409119, 0.409440905, -0.775022209, 0.481351018, 0.573564947, 0.628962994, 0.524813116, -0.709493876, 0.0612060428, 0.702048659, 3 change(s)]
Alarms             Alarms.ReactorChamber.IndustrialAlarm.SpinnyPart.Neon ~(-54.7, 243.0, 76.6).CFrame = -55.234642, 243.391632, 76.5705414, -0.409566134, -0.459091365, -0.788346827, -0.573657393, 0.801526725, -0.168737084, 0.709346771, 0.383131981, -0.59163934   [was -54.6709099, 243.002563, 76.5815048, -0.409440905, -0.903113902, 0.129396588, -0.573564947, 0.144507557, -0.806313097, 0.709493876, -0.40435487, -0.57716167, 3 change(s)]
Alarms             Alarms.ReactorChamber.IndustrialAlarm.SpinnyPart.Neon ~(-54.7, 243.0, 76.6).Color = 0, 0, 0   [was 0, 0, 0, 2 change(s)]
Alarms             Alarms.ReactorChamber.IndustrialAlarm.SpinnyPart.Part ~(-54.7, 243.6, 76.8).CFrame = -54.7033653, 243.566223, 76.8488922, -0.409566134, -0.161795065, -0.897818446, -0.573657393, 0.810902953, 0.115558513, 0.709346771, 0.562369049, -0.424933314   [was -54.7033882, 243.566193, 76.8488617, -0.409440905, -0.892910063, -0.187269449, -0.573564947, 0.411551595, -0.708271503, 0.709493876, -0.182584137, -0.68064785, 3 change(s)]
Alarms             Alarms.ReactorChamber.IndustrialAlarm.SpinnyPart.Part ~(-54.8, 243.5, 76.9) #2.CFrame = -54.752636, 243.497208, 76.934227, -0.409566134, -0.161795065, -0.897818446, -0.573657393, 0.810902953, 0.115558513, 0.709346771, 0.562369049, -0.424933314   [was -54.7526436, 243.497192, 76.9342117, -0.409440905, -0.892910063, -0.187269449, -0.573564947, 0.411551595, -0.708271503, 0.709493876, -0.182584137, -0.68064785, 3 change(s)]
Alarms             Alarms.ReactorChamber.IndustrialAlarm.SpinnyPart.Neon ~(-54.5, 243.8, 77.4).CFrame = -54.2025566, 243.258804, 77.0590286, 0.409566134, 0.155013517, 0.899014175, 0.573657393, 0.722485125, -0.385917902, -0.709346771, 0.673784971, 0.206980735   [was -54.4556351, 243.816757, 77.363945, 0.409440905, -0.775022209, 0.481351018, 0.573564947, 0.628962994, 0.524813116, -0.709493876, 0.0612060428, 0.702048659, 3 change(s)]
Alarms             Alarms.ReactorChamber.IndustrialAlarm.SpinnyPart.Neon ~(-54.5, 243.8, 77.4).Color = 0, 0, 0   [was 0, 0, 0, 2 change(s)]
Alarms             Alarms.ReactorChamber.IndustrialAlarm.SpinnyPart.Neon ~(-55.0, 243.2, 76.5).CFrame = -55.3033028, 243.735687, 76.8091736, -0.409566134, 0.155013517, -0.899014175, -0.573657393, 0.722485125, 0.385917872, 0.709346771, 0.673784971, -0.20698075   [was -55.049778, 243.17717, 76.5040588, -0.409440905, -0.775022209, -0.481350988, -0.573564947, 0.628962994, -0.524813116, 0.709493876, 0.0612060428, -0.702048659, 3 change(s)]
Alarms             Alarms.ReactorChamber.IndustrialAlarm.SpinnyPart.Neon ~(-55.0, 243.2, 76.5).Color = 0, 0, 0   [was 0, 0, 0, 2 change(s)]
Alarms             Alarms.ReactorChamber.IndustrialAlarm.SpinnyPart.Part ~(-54.8, 243.5, 76.9) #3.CFrame = -54.752636, 243.497208, 76.934227, -0.409566134, -0.459091365, -0.788346827, -0.573657393, 0.801526725, -0.168737084, 0.709346771, 0.383131981, -0.59163934   [was -54.7526436, 243.497192, 76.9342117, -0.409440905, -0.903113902, 0.129396588, -0.573564947, 0.144507557, -0.806313097, 0.709493876, -0.40435487, -0.57716167, 3 change(s)]
Alarms             Alarms.ReactorChamber.IndustrialAlarm.MainAlarmPart.IndustrialAlarmSound #5.Playing = false   [was false, 2 change(s)]
Alarms             Alarms.ReactorChamber.IndustrialAlarm.Part ~(-54.8, 243.5, 77.0).CFrame = -54.7827148, 243.455078, 76.9863281, -0.409566134, -0.161795065, -0.897818446, -0.573657393, 0.810902953, 0.115558513, 0.709346771, 0.562369049, -0.424933314   [was -54.7827148, 243.455078, 76.9863281, -0.409440905, -0.892910063, -0.187269449, -0.573564947, 0.411551595, -0.708271503, 0.709493876, -0.182584137, -0.68064785, 3 change(s)]
Alarms             Alarms.ReactorChamber.IndustrialAlarm.NeonLight ~(-54.6, 243.9, 77.4).CFrame = -54.2032928, 243.426498, 77.1942596, 0.409566134, -0.161795065, 0.897818446, 0.573657393, 0.810902953, -0.115558513, -0.709346771, 0.562369049, 0.424933314   [was -54.638073, 243.930557, 77.350708, 0.409440905, -0.892910063, 0.187269449, 0.573564947, 0.411551595, 0.708271503, -0.709493876, -0.182584137, 0.68064785, 3 change(s)]
Alarms             Alarms.ReactorChamber.IndustrialAlarm.NeonLight ~(-54.6, 243.9, 77.4).Color = 0, 0, 0   [was 0, 0, 0, 2 change(s)]
Alarms             Alarms.ReactorChamber.IndustrialAlarm.NeonLight.IndustrialAlarmLight #9.Enabled = false   [was false, 2 change(s)]
Alarms             Alarms.ReactorChamber.IndustrialAlarm.NeonLight ~(-54.9, 243.1, 76.5).CFrame = -55.3025627, 243.567993, 76.6739578, -0.409566134, -0.161795065, -0.897818446, -0.573657393, 0.810902953, 0.115558513, 0.709346771, 0.562369049, -0.424933314   [was -54.8673553, 243.063385, 76.5173035, -0.409440905, -0.892910063, -0.187269449, -0.573564947, 0.411551595, -0.708271503, 0.709493876, -0.182584137, -0.68064785, 3 change(s)]
Alarms             Alarms.ReactorChamber.IndustrialAlarm.NeonLight ~(-54.9, 243.1, 76.5).Color = 0, 0, 0   [was 0, 0, 0, 2 change(s)]
Alarms             Alarms.ReactorChamber.IndustrialAlarm.NeonLight.IndustrialAlarmLight #10.Enabled = false   [was false, 2 change(s)]
Alarms             Alarms.ReactorChamber.IndustrialAlarm.MoterPart.HingeConstraint #5.AngularVelocity = 0   [was 2.5, 3 change(s)]
Alarms             Alarms.ReactorChamber.IndustrialAlarm.SpinnyPart.Neon ~(39.4, 301.6, 85.8).CFrame = 39.4943581, 302.177185, 85.7470856, -0.5, -0.590046883, -0.633912206, -4.85445744e-05, -0.731959641, 0.681347966, -0.866025388, 0.340704799, 0.36595118   [was 39.3708878, 301.607971, 85.8188705, -0.5002262, 0.213508725, -0.839159012, -0.000158205628, -0.969146073, -0.24648726, -0.865894794, -0.123166591, 0.484825969, 10 change(s)]
Alarms             Alarms.ReactorChamber.IndustrialAlarm.SpinnyPart.Neon ~(39.4, 301.6, 85.8).Color = 0, 0, 0   [was 0, 0, 0, 2 change(s)]
Alarms             Alarms.ReactorChamber.IndustrialAlarm.SpinnyPart.Part ~(40.3, 301.5, 85.3).CFrame = 39.9436836, 301.185974, 85.4877625, 0.5, -0.859468102, 0.106369883, 4.85445744e-05, -0.122797549, -0.99243176, 0.866025388, 0.496221066, -0.0613570511   [was 40.3357391, 301.507477, 85.2615356, 0.5002262, -0.375807703, 0.780091286, 0.000158205628, -0.900867999, -0.434093148, 0.865894794, 0.217268169, -0.450578272, 10 change(s)]
Alarms             Alarms.ReactorChamber.IndustrialAlarm.SpinnyPart.Part ~(39.8, 301.8, 85.4).CFrame = 39.8405075, 301.762054, 85.4462357, 0.5, -0.771264315, 0.393892527, 4.85445744e-05, -0.45480296, -0.890592098, 0.866025388, 0.445315182, -0.227364048   [was 39.8403854, 301.761719, 85.4465714, 0.5002262, -0.0863567591, 0.861577809, 0.000158205628, -0.99500531, -0.0998221785, 0.865894794, 0.0500699766, -0.497714013, 10 change(s)]
Alarms             Alarms.ReactorChamber.IndustrialAlarm.SpinnyPart.Part ~(39.9, 301.8, 85.5).CFrame = 39.8787918, 301.762054, 85.5125427, 0.5, -0.771264315, 0.393892527, 4.85445744e-05, -0.45480296, -0.890592098, 0.866025388, 0.445315182, -0.227364048   [was 39.8786888, 301.761719, 85.5128708, 0.5002262, -0.0863567591, 0.861577809, 0.000158205628, -0.99500531, -0.0998221785, 0.865894794, 0.0500699766, -0.497714013, 10 change(s)]
Alarms             Alarms.ReactorChamber.IndustrialAlarm.SpinnyPart.Part ~(39.9, 301.8, 85.5) #2.CFrame = 39.8842545, 301.762054, 85.5220032, 0.5, -0.771264315, 0.393892527, 4.85445744e-05, -0.45480296, -0.890592098, 0.866025388, 0.445315182, -0.227364048   [was 39.8841553, 301.761719, 85.5223312, 0.5002262, -0.0863567591, 0.861577809, 0.000158205628, -0.99500531, -0.0998221785, 0.865894794, 0.0500699766, -0.497714013, 10 change(s)]
Alarms             Alarms.ReactorChamber.IndustrialAlarm.SpinnyPart.Neon ~(39.4, 302.0, 85.8).CFrame = 39.8216019, 302.370148, 85.5581436, -0.5, -0.859468102, -0.106369883, -4.85445744e-05, -0.122797549, 0.99243176, -0.866025388, 0.496221066, 0.0613570362   [was 39.4075356, 302.030151, 85.7976227, -0.5002262, -0.375807703, -0.780091286, -0.000158205628, -0.900867999, 0.434093177, -0.865894794, 0.217268169, 0.450578272, 10 change(s)]
Alarms             Alarms.ReactorChamber.IndustrialAlarm.SpinnyPart.Neon ~(39.4, 302.0, 85.8).Color = 0, 0, 0   [was 0, 0, 0, 2 change(s)]
Alarms             Alarms.ReactorChamber.IndustrialAlarm.SpinnyPart.Neon ~(40.4, 301.5, 85.2).CFrame = 39.9471741, 301.153381, 85.4857483, 0.5, -0.859468102, 0.106369883, 4.85445744e-05, -0.122797549, -0.99243176, 0.866025388, 0.496221066, -0.0613570511   [was 40.3613396, 301.493225, 85.2467499, 0.5002262, -0.375808179, 0.780091107, 0.000158216804, -0.900867701, -0.434093654, 0.865894854, 0.217268437, -0.450578183, 10 change(s)]
Alarms             Alarms.ReactorChamber.IndustrialAlarm.SpinnyPart.Neon ~(40.4, 301.5, 85.2).Color = 0, 0, 0   [was 0, 0, 0, 2 change(s)]
Alarms             Alarms.ReactorChamber.IndustrialAlarm.SpinnyPart.Part ~(39.9, 301.8, 85.5) #3.CFrame = 39.8842545, 301.762054, 85.5220032, 0.5, -0.859468102, 0.106369883, 4.85445744e-05, -0.122797549, -0.99243176, 0.866025388, 0.496221066, -0.0613570511   [was 39.8841553, 301.761719, 85.5223312, 0.5002262, -0.375808179, 0.780091107, 0.000158216804, -0.900867701, -0.434093654, 0.865894854, 0.217268437, -0.450578183, 10 change(s)]
Alarms             Alarms.ReactorChamber.IndustrialAlarm.SpinnyPart.Part ~(39.4, 301.8, 85.8).CFrame = 39.6561775, 302.27774, 85.6536865, -0.5, -0.771264315, -0.393892527, -4.85445744e-05, -0.45480296, 0.890592098, -0.866025388, 0.445315182, 0.227364048   [was 39.3852654, 301.819519, 85.8105621, -0.5002262, -0.0863572657, -0.861577809, -0.000158216804, -0.99500519, 0.0998227671, -0.865894854, 0.0500702634, 0.497714013, 10 change(s)]
Alarms             Alarms.ReactorChamber.IndustrialAlarm.SpinnyPart.Part ~(39.4, 302.0, 85.8).CFrame = 39.8250923, 302.337585, 85.5561295, -0.5, -0.859468102, -0.106369883, -4.85445744e-05, -0.122797549, 0.99243176, -0.866025388, 0.496221066, 0.0613570362   [was 39.433136, 302.0159, 85.7828369, -0.5002262, -0.375808179, -0.780091107, -0.000158216804, -0.900867701, 0.434093714, -0.865894854, 0.217268437, 0.450578183, 10 change(s)]
Alarms             Alarms.ReactorChamber.IndustrialAlarm.SpinnyPart.Neon ~(40.4, 301.9, 85.2).CFrame = 40.2744026, 301.346375, 85.2967758, 0.5, -0.590046883, 0.633912206, 4.85445744e-05, -0.731959641, -0.681347966, 0.866025388, 0.340704799, -0.36595118   [was 40.3979645, 301.915405, 85.2254715, 0.5002262, 0.213508248, 0.839159191, 0.000158216804, -0.969146132, 0.246486649, 0.865894854, -0.123166323, -0.484826058, 10 change(s)]
Alarms             Alarms.ReactorChamber.IndustrialAlarm.SpinnyPart.Neon ~(40.4, 301.9, 85.2).Color = 0, 0, 0   [was 0, 0, 0, 2 change(s)]
Alarms             Alarms.ReactorChamber.IndustrialAlarm.SpinnyPart.Part ~(39.9, 301.8, 85.5) #4.CFrame = 39.8842545, 301.762054, 85.5220032, 0.5, -0.590046883, 0.633912206, 4.85445744e-05, -0.731959641, -0.681347966, 0.866025388, 0.340704799, -0.36595118   [was 39.8841553, 301.761719, 85.5223312, 0.5002262, 0.213508248, 0.839159191, 0.000158216804, -0.969146132, 0.246486649, 0.865894854, -0.123166323, -0.484826058, 10 change(s)]
Alarms             Alarms.ReactorChamber.IndustrialAlarm.SpinnyPart.Part ~(39.4, 301.6, 85.8).CFrame = 39.5151596, 302.154816, 85.7350769, -0.5, -0.590046883, -0.633912206, -4.85445744e-05, -0.731959641, 0.681347966, -0.866025388, 0.340704799, 0.36595118   [was 39.3984261, 301.616058, 85.8029633, -0.5002262, 0.213508248, -0.839159191, -0.000158216804, -0.969146132, -0.246486679, -0.865894854, -0.123166323, 0.484826058, 10 change(s)]
Alarms             Alarms.ReactorChamber.IndustrialAlarm.SpinnyPart.Part ~(40.4, 301.7, 85.2).CFrame = 40.112587, 301.245789, 85.3902054, 0.5, -0.771264315, 0.393892527, 4.85445744e-05, -0.45480296, -0.890592098, 0.866025388, 0.445315182, -0.227364048   [was 40.383606, 301.703857, 85.2338104, 0.5002262, -0.0863572657, 0.861577809, 0.000158216804, -0.99500519, -0.0998227671, 0.865894854, 0.0500702634, -0.497714013, 10 change(s)]
Alarms             Alarms.ReactorChamber.IndustrialAlarm.SpinnyPart.Part ~(40.4, 301.9, 85.2).CFrame = 40.2536011, 301.368713, 85.3087845, 0.5, -0.590046883, 0.633912206, 4.85445744e-05, -0.731959641, -0.681347966, 0.866025388, 0.340704799, -0.36595118   [was 40.3704338, 301.907318, 85.2413788, 0.5002262, 0.213508248, 0.839159191, 0.000158216804, -0.969146132, 0.246486649, 0.865894854, -0.123166323, -0.484826058, 10 change(s)]
Alarms             Alarms.ReactorChamber.IndustrialAlarm.SpinnyPart.Part ~(39.8, 301.8, 85.4) #2.CFrame = 39.8241043, 301.762054, 85.4178238, 0.5, -0.771264315, 0.393892527, 4.85445744e-05, -0.45480296, -0.890592098, 0.866025388, 0.445315182, -0.227364048   [was 39.8239746, 301.761688, 85.4181671, 0.5002262, -0.0863572657, 0.861577809, 0.000158216804, -0.99500519, -0.0998227671, 0.865894854, 0.0500702634, -0.497714013, 10 change(s)]
Alarms             Alarms.ReactorChamber.IndustrialAlarm.MainAlarmPart.IndustrialAlarmSound #6.Playing = false   [was false, 2 change(s)]
Alarms             Alarms.ReactorChamber.IndustrialAlarm.Part ~(39.9, 301.8, 85.6).CFrame = 39.9209824, 301.762054, 85.5856171, 0.5, -0.771264315, 0.393892527, 4.85445744e-05, -0.45480296, -0.890592098, 0.866025388, 0.445315182, -0.227364048   [was 39.9208984, 301.761719, 85.5859375, 0.5002262, -0.0863572657, 0.861577809, 0.000158216804, -0.99500519, -0.0998227671, 0.865894854, 0.0500702634, -0.497714013, 10 change(s)]
Alarms             Alarms.ReactorChamber.IndustrialAlarm.MoterPart.HingeConstraint #6.AngularVelocity = 0   [was 2.5, 3 change(s)]
Alarms             Alarms.ReactorChamber.IndustrialAlarm.NeonLight ~(40.4, 301.7, 85.2).CFrame = 40.1255112, 301.216553, 85.3827438, 0.5, -0.771264315, 0.393892527, 4.85445744e-05, -0.45480296, -0.890592098, 0.866025388, 0.445315182, -0.227364048   [was 40.4118805, 301.700562, 85.2174759, 0.5002262, -0.0863572657, 0.861577809, 0.000158216804, -0.99500519, -0.0998227671, 0.865894854, 0.0500702634, -0.497714013, 10 change(s)]
Alarms             Alarms.ReactorChamber.IndustrialAlarm.NeonLight ~(40.4, 301.7, 85.2).Color = 0, 0, 0   [was 0, 0, 0, 2 change(s)]
Alarms             Alarms.ReactorChamber.IndustrialAlarm.NeonLight.IndustrialAlarmLight #11.Enabled = false   [was false, 2 change(s)]
Alarms             Alarms.ReactorChamber.IndustrialAlarm.NeonLight ~(39.4, 301.8, 85.8).CFrame = 39.6432495, 302.306976, 85.6611557, -0.5, -0.771264315, -0.393892527, -4.85445744e-05, -0.45480296, 0.890592098, -0.866025388, 0.445315182, 0.227364048   [was 39.356987, 301.822784, 85.8268967, -0.5002262, -0.0863572657, -0.861577809, -0.000158216804, -0.99500519, 0.0998227671, -0.865894854, 0.0500702634, 0.497714013, 10 change(s)]
Alarms             Alarms.ReactorChamber.IndustrialAlarm.NeonLight ~(39.4, 301.8, 85.8).Color = 0, 0, 0   [was 0, 0, 0, 2 change(s)]
Alarms             Alarms.ReactorChamber.IndustrialAlarm.NeonLight.IndustrialAlarmLight #12.Enabled = false   [was false, 2 change(s)]
Alarms             Alarms.ReactorChamber.IndustrialAlarm.SpinnyPart.Part ~(18.3, 408.6, -0.6).CFrame = 18.3022957, 408.567047, -0.602960765, -0.499959469, 0.807918549, -0.311942488, 0.866048813, 0.466396779, -0.180093065, -1.15627518e-05, -0.36019665, -0.932876408   [was 18.3023777, 408.56723, -0.602565229, -0.50016731, 0.0141853392, -0.86581254, 0.865928769, 0.00812387466, -0.500101268, -6.02602959e-05, -0.999866307, -0.0163467899, 6 change(s)]
Alarms             Alarms.ReactorChamber.IndustrialAlarm.SpinnyPart.Neon ~(18.8, 408.9, -0.4).CFrame = 18.3100948, 408.571564, 0.0093498826, 0.499959469, 0.865885377, 0.016825676, -0.866048813, 0.499864846, 0.00972659886, 1.15627518e-05, -0.0194347799, 0.999811172   [was 18.7967396, 408.852783, -0.381055355, 0.50016731, 0.30943647, 0.808753192, -0.865928769, 0.178667828, 0.467167079, 6.02602959e-05, -0.933984339, 0.357313782, 6 change(s)]
Alarms             Alarms.ReactorChamber.IndustrialAlarm.SpinnyPart.Neon ~(18.8, 408.9, -0.4).Color = 0, 0, 0   [was 0, 0, 0, 2 change(s)]
Alarms             Alarms.ReactorChamber.IndustrialAlarm.SpinnyPart.Neon ~(17.8, 408.3, -0.8).CFrame = 18.294281, 408.562439, -1.21586859, -0.499959469, 0.865885377, -0.016825676, 0.866048813, 0.499864846, -0.00972661376, -1.15627518e-05, -0.0194347799, -0.999811113   [was 17.8074455, 408.281372, -0.824083686, -0.50016731, 0.30943647, -0.808753192, 0.865928769, 0.178667828, -0.467167079, -6.02602959e-05, -0.933984339, -0.357313752, 6 change(s)]
Alarms             Alarms.ReactorChamber.IndustrialAlarm.SpinnyPart.Neon ~(17.8, 408.3, -0.8).Color = 0, 0, 0   [was 0, 0, 0, 2 change(s)]
Alarms             Alarms.ReactorChamber.IndustrialAlarm.SpinnyPart.Part ~(18.3, 408.5, -0.6).CFrame = 18.3460407, 408.491272, -0.60296011, -0.499959469, 0.807918549, -0.311942488, 0.866048813, 0.466396779, -0.180093065, -1.15627518e-05, -0.36019665, -0.932876408   [was 18.3461399, 408.491455, -0.602560937, -0.50016731, 0.0141853392, -0.86581254, 0.865928769, 0.00812387466, -0.500101268, -6.02602959e-05, -0.999866307, -0.0163467899, 6 change(s)]
Alarms             Alarms.ReactorChamber.IndustrialAlarm.SpinnyPart.Part ~(18.3, 408.6, -0.6) #2.CFrame = 18.3077583, 408.557587, -0.602960646, -0.499959469, 0.807918549, -0.311942488, 0.866048813, 0.466396779, -0.180093065, -1.15627518e-05, -0.36019665, -0.932876408   [was 18.3078423, 408.55777, -0.602564573, -0.50016731, 0.0141853392, -0.86581254, 0.865928769, 0.00812387466, -0.500101268, -6.02602959e-05, -0.999866307, -0.0163467899, 6 change(s)]
Alarms             Alarms.ReactorChamber.IndustrialAlarm.SpinnyPart.Neon ~(18.8, 408.9, -0.8).CFrame = 18.6528912, 408.76944, -0.14347142, 0.499959469, 0.652517676, 0.569439352, -0.866048813, 0.376681775, 0.328740478, 1.15627518e-05, -0.657519221, 0.753437757   [was 18.8027649, 408.856232, -0.805290163, 0.50016731, -0.282776505, 0.818455875, -0.865928769, -0.163399801, 0.472723782, 6.02602959e-05, -0.945165455, -0.326591581, 6 change(s)]
Alarms             Alarms.ReactorChamber.IndustrialAlarm.SpinnyPart.Neon ~(18.8, 408.9, -0.8).Color = 0, 0, 0   [was 0, 0, 0, 2 change(s)]
Alarms             Alarms.ReactorChamber.IndustrialAlarm.SpinnyPart.Part ~(17.8, 408.3, -0.8).CFrame = 18.2948341, 408.562775, -1.1830585, -0.499959469, 0.865885377, -0.016825676, 0.866048813, 0.499864846, -0.00972661376, -1.15627518e-05, -0.0194347799, -0.999811113   [was 17.8339863, 408.296692, -0.812359154, -0.50016731, 0.30943647, -0.808753192, 0.865928769, 0.178667828, -0.467167079, -6.02602959e-05, -0.933984339, -0.357313752, 6 change(s)]
Alarms             Alarms.ReactorChamber.IndustrialAlarm.SpinnyPart.Part ~(18.4, 408.5, -0.6).CFrame = 18.362442, 408.46286, -0.602959752, -0.499959469, 0.807918549, -0.311942488, 0.866048813, 0.466396779, -0.180093065, -1.15627518e-05, -0.36019665, -0.932876408   [was 18.3625488, 408.463074, -0.602558911, -0.50016731, 0.0141853392, -0.86581254, 0.865928769, 0.00812387466, -0.500101268, -6.02602959e-05, -0.999866307, -0.0163467899, 6 change(s)]
Alarms             Alarms.ReactorChamber.IndustrialAlarm.SpinnyPart.Part ~(18.8, 408.8, -0.8).CFrame = 18.6342049, 408.758667, -0.168197751, 0.499959469, 0.652517676, 0.569439352, -0.866048813, 0.376681775, 0.328740478, 1.15627518e-05, -0.657519221, 0.753437757   [was 18.7759056, 408.840729, -0.794574797, 0.50016731, -0.282776505, 0.818455875, -0.865928769, -0.163399801, 0.472723782, 6.02602959e-05, -0.945165455, -0.326591581, 6 change(s)]
Alarms             Alarms.ReactorChamber.IndustrialAlarm.SpinnyPart.Part ~(17.8, 408.3, -0.6).CFrame = 18.1214714, 408.462646, -1.14374948, -0.499959469, 0.807918549, -0.311942488, 0.866048813, 0.466396779, -0.180093065, -1.15627518e-05, -0.36019665, -0.932876408   [was 17.8004684, 408.277313, -0.612050951, -0.50016731, 0.0141853392, -0.86581254, 0.865928769, 0.00812387466, -0.500101268, -6.02602959e-05, -0.999866307, -0.0163467899, 6 change(s)]
Alarms             Alarms.ReactorChamber.IndustrialAlarm.SpinnyPart.Part ~(17.8, 408.3, -0.4).CFrame = 17.9701881, 408.375336, -1.03832233, -0.499959469, 0.652517676, -0.569439352, 0.866048813, 0.376681775, -0.328740478, -1.15627518e-05, -0.657519221, -0.753437817   [was 17.8282948, 408.293396, -0.410568029, -0.50016731, -0.282776505, -0.818455875, 0.865928769, -0.163399801, -0.472723782, -6.02602959e-05, -0.945165455, 0.326591551, 6 change(s)]
Alarms             Alarms.ReactorChamber.IndustrialAlarm.SpinnyPart.Part ~(18.3, 408.6, -0.6) #3.CFrame = 18.3022976, 408.567047, -0.602961123, -0.499959469, 0.652517676, -0.569439352, 0.866048813, 0.376681775, -0.328740478, -1.15627518e-05, -0.657519221, -0.753437817   [was 18.3023777, 408.56723, -0.602566183, -0.50016731, -0.282776505, -0.818455875, 0.865928769, -0.163399801, -0.472723782, -6.02602959e-05, -0.945165455, 0.326591551, 6 change(s)]
Alarms             Alarms.ReactorChamber.IndustrialAlarm.SpinnyPart.Part ~(18.8, 408.9, -0.6).CFrame = 18.4829178, 408.671356, -0.0627756715, 0.499959469, 0.807918549, 0.311942488, -0.866048813, 0.466396779, 0.180093065, 1.15627518e-05, -0.36019665, 0.932876408   [was 18.8037167, 408.856842, -0.59310621, 0.50016731, 0.0141853392, 0.86581254, -0.865928769, 0.00812387466, 0.500101268, 6.02602959e-05, -0.999866307, 0.0163467899, 6 change(s)]
Alarms             Alarms.ReactorChamber.IndustrialAlarm.SpinnyPart.Part ~(18.8, 408.8, -0.4).CFrame = 18.3095417, 408.571228, -0.0234606266, 0.499959469, 0.865885377, 0.016825676, -0.866048813, 0.499864846, 0.00972659886, 1.15627518e-05, -0.0194347799, 0.999811172   [was 18.7701988, 408.837463, -0.39278084, 0.50016731, 0.30943647, 0.808753192, -0.865928769, 0.178667828, 0.467167079, 6.02602959e-05, -0.933984339, 0.357313782, 6 change(s)]
Alarms             Alarms.ReactorChamber.IndustrialAlarm.SpinnyPart.Neon ~(17.8, 408.3, -0.4).CFrame = 17.9515018, 408.364532, -1.06303954, -0.499959469, 0.652517676, -0.569439352, 0.866048813, 0.376681775, -0.328740478, -1.15627518e-05, -0.657519221, -0.753437817   [was 17.8014431, 408.277893, -0.399846852, -0.50016731, -0.282776505, -0.818455875, 0.865928769, -0.163399801, -0.472723782, -6.02602959e-05, -0.945165455, 0.326591551, 6 change(s)]
Alarms             Alarms.ReactorChamber.IndustrialAlarm.SpinnyPart.Neon ~(17.8, 408.3, -0.4).Color = 0, 0, 0   [was 0, 0, 0, 2 change(s)]
Alarms             Alarms.ReactorChamber.IndustrialAlarm.SpinnyPart.Part ~(18.3, 408.6, -0.6) #4.CFrame = 18.3022976, 408.567047, -0.602961123, -0.499959469, 0.865885377, -0.016825676, 0.866048813, 0.499864846, -0.00972661376, -1.15627518e-05, -0.0194347799, -0.999811113   [was 18.3023777, 408.56723, -0.602566183, -0.50016731, 0.30943647, -0.808753192, 0.865928769, 0.178667828, -0.467167079, -6.02602959e-05, -0.933984339, -0.357313752, 6 change(s)]
Alarms             Alarms.ReactorChamber.IndustrialAlarm.MoterPart.HingeConstraint #7.AngularVelocity = 0   [was 2.5, 3 change(s)]
Alarms             Alarms.ReactorChamber.IndustrialAlarm.Part ~(18.3, 408.6, -0.6).CFrame = 18.2655315, 408.630676, -0.602946997, -0.499959469, 0.807918549, -0.311942488, 0.866048813, 0.466396779, -0.180093065, -1.15627518e-05, -0.36019665, -0.932876408   [was 18.265625, 408.630859, -0.602539062, -0.50016731, 0.0141853392, -0.86581254, 0.865928769, 0.00812387466, -0.500101268, -6.02602959e-05, -0.999866307, -0.0163467899, 6 change(s)]
Alarms             Alarms.ReactorChamber.IndustrialAlarm.NeonLight ~(18.8, 408.9, -0.6).CFrame = 18.4931564, 408.677277, -0.0321568251, 0.499959469, 0.807918549, 0.311942488, -0.866048813, 0.466396779, 0.180093065, 1.15627518e-05, -0.36019665, 0.932876408   [was 18.8321342, 408.87326, -0.592568696, 0.50016731, 0.0141853392, 0.86581254, -0.865928769, 0.00812387466, 0.500101268, 6.02602959e-05, -0.999866307, 0.0163467899, 6 change(s)]
Alarms             Alarms.ReactorChamber.IndustrialAlarm.NeonLight ~(18.8, 408.9, -0.6).Color = 0, 0, 0   [was 0, 0, 0, 2 change(s)]
Alarms             Alarms.ReactorChamber.IndustrialAlarm.NeonLight.IndustrialAlarmLight #13.Enabled = false   [was false, 2 change(s)]
Alarms             Alarms.ReactorChamber.IndustrialAlarm.NeonLight ~(17.8, 408.3, -0.6).CFrame = 18.1112366, 408.456757, -1.17436099, -0.499959469, 0.807918549, -0.311942488, 0.866048813, 0.466396779, -0.180093065, -1.15627518e-05, -0.36019665, -0.932876408   [was 17.7720585, 408.260925, -0.612587333, -0.50016731, 0.0141853392, -0.86581254, 0.865928769, 0.00812387466, -0.500101268, -6.02602959e-05, -0.999866307, -0.0163467899, 6 change(s)]
Alarms             Alarms.ReactorChamber.IndustrialAlarm.NeonLight ~(17.8, 408.3, -0.6).Color = 0, 0, 0   [was 0, 0, 0, 2 change(s)]
Alarms             Alarms.ReactorChamber.IndustrialAlarm.NeonLight.IndustrialAlarmLight #14.Enabled = false   [was false, 2 change(s)]
Alarms             Alarms.ReactorChamber.IndustrialAlarm.MainAlarmPart.IndustrialAlarmSound #7.Playing = false   [was false, 2 change(s)]
Alarms             Alarms.ReactorChamber.IndustrialAlarm.SpinnyPart.Part ~(-37.6, 408.3, -0.4).CFrame = -38.0639992, 408.578278, -0.0239396691, -0.500216305, 0.86524725, -0.0336312056, -0.865900517, -0.499851346, 0.0191023033, -0.000282393768, 0.0386765562, 0.999251842   [was -37.5873947, 408.303223, -0.36464572, -0.500119925, 0.355840981, 0.7894665, -0.865956247, -0.205459654, -0.455967396, -4.83393669e-05, -0.911681712, 0.410897195, 3 change(s)]
Alarms             Alarms.ReactorChamber.IndustrialAlarm.SpinnyPart.Part ~(-37.7, 408.4, -0.2).CFrame = -38.2366791, 408.678009, -0.0671229959, -0.500216305, 0.801571548, -0.327516437, -0.865900517, -0.463177621, 0.188898802, -0.000282393768, 0.378086865, 0.925770164   [was -37.6868896, 408.360626, -0.196021706, -0.500119925, 0.60438025, 0.62016505, -0.865956247, -0.349010646, -0.358205944, -4.83393669e-05, -0.716181636, 0.697914004, 3 change(s)]
Alarms             Alarms.ReactorChamber.IndustrialAlarm.SpinnyPart.Neon ~(-38.6, 408.9, -0.6).CFrame = -38.2087631, 408.662262, -1.18543351, 0.500216305, 0.824575126, -0.264309883, 0.865900517, -0.476243556, 0.152997896, 0.000282393768, -0.305398107, -0.952224851   [was -38.57407, 408.873047, -0.645466208, 0.500119925, 0.0643877089, -0.863559127, 0.865956247, -0.0371304452, 0.49873969, 4.83393669e-05, -0.997233987, -0.0743266642, 3 change(s)]
Alarms             Alarms.ReactorChamber.IndustrialAlarm.SpinnyPart.Neon ~(-38.6, 408.9, -0.6).Color = 0, 0, 0   [was 0, 0, 0, 2 change(s)]
Alarms             Alarms.ReactorChamber.IndustrialAlarm.SpinnyPart.Part ~(-38.1, 408.5, -0.6).CFrame = -38.1047211, 408.463043, -0.602596462, 0.500216305, 0.86524725, 0.0336312056, 0.865900517, -0.499851346, -0.0191023033, 0.000282393768, 0.0386765562, -0.999251842   [was -38.1047211, 408.463043, -0.6025787, 0.500119925, 0.355840981, -0.7894665, 0.865956247, -0.205459654, 0.455967396, 4.83393669e-05, -0.911681712, -0.410897195, 3 change(s)]
Alarms             Alarms.ReactorChamber.IndustrialAlarm.SpinnyPart.Part ~(-37.5, 408.3, -0.6).CFrame = -37.8889809, 408.477142, -0.0515733361, -0.500216305, 0.824575126, 0.264309883, -0.865900517, -0.476243556, -0.152997911, -0.000282393768, -0.305398107, 0.952224851   [was -37.5438881, 408.278076, -0.562375903, -0.500119925, 0.0643877089, 0.863559186, -0.865956247, -0.0371304452, -0.49873969, -4.83393669e-05, -0.997233987, 0.0743266344, 3 change(s)]
Alarms             Alarms.ReactorChamber.IndustrialAlarm.SpinnyPart.Part ~(-38.5, 408.8, -0.8).CFrame = -38.0250397, 408.556122, -1.18182516, 0.500216305, 0.86524725, 0.0336312056, 0.865900517, -0.499851346, -0.0191023033, 0.000282393768, 0.0386765562, -0.999251842   [was -38.5022049, 408.831543, -0.840776443, 0.500119925, 0.355840981, -0.7894665, 0.865956247, -0.205459654, 0.455967396, 4.83393669e-05, -0.911681712, -0.410897195, 3 change(s)]
Alarms             Alarms.ReactorChamber.IndustrialAlarm.SpinnyPart.Part ~(-38.5, 408.9, -0.6).CFrame = -38.2000885, 408.657227, -1.15419197, 0.500216305, 0.824575126, -0.264309883, 0.865900517, -0.476243556, 0.152997896, 0.000282393768, -0.305398107, -0.952224851   [was -38.5457344, 408.856689, -0.643033266, 0.500119925, 0.0643877089, -0.863559127, 0.865956247, -0.0371304452, 0.49873969, 4.83393669e-05, -0.997233987, -0.0743266642, 3 change(s)]
Alarms             Alarms.ReactorChamber.IndustrialAlarm.SpinnyPart.Part ~(-38.1, 408.5, -0.6) #2.CFrame = -38.0883102, 408.491425, -0.602587163, 0.500216305, 0.86524725, 0.0336312056, 0.865900517, -0.499851346, -0.0191023033, 0.000282393768, 0.0386765562, -0.999251842   [was -38.0883141, 408.491455, -0.60257715, 0.500119925, 0.355840981, -0.7894665, 0.865956247, -0.205459654, 0.455967396, 4.83393669e-05, -0.911681712, -0.410897195, 3 change(s)]
Alarms             Alarms.ReactorChamber.IndustrialAlarm.SpinnyPart.Part ~(-38.1, 408.6, -0.6).CFrame = -38.0500107, 408.557739, -0.602565587, 0.500216305, 0.86524725, 0.0336312056, 0.865900517, -0.499851346, -0.0191023033, 0.000282393768, 0.0386765562, -0.999251842   [was -38.0500221, 408.55777, -0.60257256, 0.500119925, 0.355840981, -0.7894665, 0.865956247, -0.205459654, 0.455967396, 4.83393669e-05, -0.911681712, -0.410897195, 3 change(s)]
Alarms             Alarms.ReactorChamber.IndustrialAlarm.SpinnyPart.Neon ~(-37.5, 408.3, -0.6).CFrame = -37.8803101, 408.472137, -0.020324409, -0.500216305, 0.824575126, 0.264309883, -0.865900517, -0.476243556, -0.152997911, -0.000282393768, -0.305398107, 0.952224851   [was -37.5155487, 408.261719, -0.559934556, -0.500119925, 0.0643877089, 0.863559186, -0.865956247, -0.0371304452, -0.49873969, -4.83393669e-05, -0.997233987, 0.0743266344, 3 change(s)]
Alarms             Alarms.ReactorChamber.IndustrialAlarm.SpinnyPart.Neon ~(-37.5, 408.3, -0.6).Color = 0, 0, 0   [was 0, 0, 0, 2 change(s)]
Alarms             Alarms.ReactorChamber.IndustrialAlarm.SpinnyPart.Part ~(-38.4, 408.8, -1.0).CFrame = -37.8523788, 408.45639, -1.13864231, 0.500216305, 0.801571548, 0.327516437, 0.865900517, -0.463177621, -0.188898787, 0.000282393768, 0.378086865, -0.925770164   [was -38.4027176, 408.774139, -1.00938487, 0.500119925, 0.60438025, -0.62016511, 0.865956247, -0.349010646, 0.358205944, 4.83393669e-05, -0.716181636, -0.697914004, 3 change(s)]
Alarms             Alarms.ReactorChamber.IndustrialAlarm.SpinnyPart.Part ~(-38.0, 408.6, -0.6).CFrame = -38.0445442, 408.5672, -0.602562487, 0.500216305, 0.801571548, 0.327516437, 0.865900517, -0.463177621, -0.188898787, 0.000282393768, 0.378086865, -0.925770164   [was -38.0445595, 408.56723, -0.602572918, 0.500119925, 0.60438025, -0.62016511, 0.865956247, -0.349010646, 0.358205944, 4.83393669e-05, -0.716181636, -0.697914004, 3 change(s)]
Alarms             Alarms.ReactorChamber.IndustrialAlarm.SpinnyPart.Part ~(-38.0, 408.6, -0.6) #2.CFrame = -38.0445442, 408.5672, -0.602562487, 0.500216305, 0.86524725, 0.0336312056, 0.865900517, -0.499851346, -0.0191023033, 0.000282393768, 0.0386765562, -0.999251842   [was -38.0445595, 408.56723, -0.602572024, 0.500119925, 0.355840981, -0.7894665, 0.865956247, -0.205459654, 0.455967396, 4.83393669e-05, -0.911681712, -0.410897195, 3 change(s)]
Alarms             Alarms.ReactorChamber.IndustrialAlarm.SpinnyPart.Neon ~(-37.7, 408.3, -0.2).CFrame = -38.2474251, 408.684204, -0.0367422104, -0.500216305, 0.801571548, -0.327516437, -0.865900517, -0.463177621, 0.188898802, -0.000282393768, 0.378086865, 0.925770164   [was -37.6665344, 408.348877, -0.1731188, -0.500119925, 0.60438025, 0.62016505, -0.865956247, -0.349010646, -0.358205944, -4.83393669e-05, -0.716181636, 0.697914004, 3 change(s)]
Alarms             Alarms.ReactorChamber.IndustrialAlarm.SpinnyPart.Neon ~(-37.7, 408.3, -0.2).Color = 0, 0, 0   [was 0, 0, 0, 2 change(s)]
Alarms             Alarms.ReactorChamber.IndustrialAlarm.SpinnyPart.Neon ~(-38.4, 408.8, -1.0).CFrame = -37.841629, 408.450195, -1.16902328, 0.500216305, 0.801571548, 0.327516437, 0.865900517, -0.463177621, -0.188898787, 0.000282393768, 0.378086865, -0.925770164   [was -38.4230728, 408.785889, -1.03228688, 0.500119925, 0.60438025, -0.62016511, 0.865956247, -0.349010646, 0.358205944, 4.83393669e-05, -0.716181636, -0.697914004, 3 change(s)]
Alarms             Alarms.ReactorChamber.IndustrialAlarm.SpinnyPart.Neon ~(-38.4, 408.8, -1.0).Color = 0, 0, 0   [was 0, 0, 0, 2 change(s)]
Alarms             Alarms.ReactorChamber.IndustrialAlarm.SpinnyPart.Part ~(-38.0, 408.6, -0.6) #3.CFrame = -38.0445442, 408.5672, -0.602562487, 0.500216305, 0.824575126, -0.264309883, 0.865900517, -0.476243556, 0.152997896, 0.000282393768, -0.305398107, -0.952224851   [was -38.0445595, 408.56723, -0.602572918, 0.500119925, 0.0643877089, -0.863559127, 0.865956247, -0.0371304452, 0.49873969, 4.83393669e-05, -0.997233987, -0.0743266642, 3 change(s)]
Alarms             Alarms.ReactorChamber.IndustrialAlarm.NeonLight ~(-38.5, 408.8, -0.9).CFrame = -38.0239372, 408.555481, -1.21461463, 0.500216305, 0.86524725, 0.0336312056, 0.865900517, -0.499851346, -0.0191023033, 0.000282393768, 0.0386765562, -0.999251842   [was -38.5281105, 408.846527, -0.85425961, 0.500119925, 0.355840981, -0.7894665, 0.865956247, -0.205459654, 0.455967396, 4.83393669e-05, -0.911681712, -0.410897195, 3 change(s)]
Alarms             Alarms.ReactorChamber.IndustrialAlarm.NeonLight ~(-38.5, 408.8, -0.9).Color = 0, 0, 0   [was 0, 0, 0, 2 change(s)]
Alarms             Alarms.ReactorChamber.IndustrialAlarm.NeonLight.IndustrialAlarmLight #15.Enabled = false   [was false, 2 change(s)]
Alarms             Alarms.ReactorChamber.IndustrialAlarm.NeonLight ~(-37.6, 408.3, -0.4).CFrame = -38.0651054, 408.578918, 0.00885742903, -0.500216305, 0.86524725, -0.0336312056, -0.865900517, -0.499851346, 0.0191023033, -0.000282393768, 0.0386765562, 0.999251842   [was -37.5614853, 408.288269, -0.35115853, -0.500119925, 0.355840981, 0.7894665, -0.865956247, -0.205459654, -0.455967396, -4.83393669e-05, -0.911681712, 0.410897195, 3 change(s)]
Alarms             Alarms.ReactorChamber.IndustrialAlarm.NeonLight ~(-37.6, 408.3, -0.4).Color = 0, 0, 0   [was 0, 0, 0, 2 change(s)]
Alarms             Alarms.ReactorChamber.IndustrialAlarm.NeonLight.IndustrialAlarmLight #16.Enabled = false   [was false, 2 change(s)]
Alarms             Alarms.ReactorChamber.IndustrialAlarm.Part ~(-38.0, 408.6, -0.6).CFrame = -38.0078125, 408.630859, -0.602539062, 0.500216305, 0.86524725, 0.0336312056, 0.865900517, -0.499851346, -0.0191023033, 0.000282393768, 0.0386765562, -0.999251842   [was -38.0078125, 408.630859, -0.602539062, 0.500119925, 0.355840981, -0.7894665, 0.865956247, -0.205459654, 0.455967396, 4.83393669e-05, -0.911681712, -0.410897195, 3 change(s)]
Alarms             Alarms.ReactorChamber.IndustrialAlarm.MoterPart.HingeConstraint #8.AngularVelocity = 0   [was 2.5, 3 change(s)]
Alarms             Alarms.ReactorChamber.IndustrialAlarm.MainAlarmPart.IndustrialAlarmSound #8.Playing = false   [was false, 2 change(s)]
Alarms             Alarms.Coolant.CoolantALARM.Union.CoolantBreachAlarm.Playing = false   [was false, 2 change(s)]
Alarms             Alarms.Coolant.CoolantALARM.Union.CoolantBreachAlarm.Looped = false   [was true, 3 change(s)]
Alarms             Alarms.Coolant.CoolantALARM.NeonPart.Color = 0, 0, 0   [was 0.0666667, 0.0666667, 0.0666667, 3 change(s)]
Alarms             Alarms.Coolant.CoolantALARM.NeonPart.PointLight.Enabled = false   [was false, 2 change(s)]
Alarms             Alarms.Coolant.CoolantALARM.NeonPart ~(517.2, 134.3, -0.7).Color = 0, 0, 0   [was 0.0666667, 0.0666667, 0.0666667, 3 change(s)]
Alarms             Alarms.Coolant.CoolantALARM.NeonPart.PointLight #2.Enabled = false   [was false, 2 change(s)]
Alarms             Alarms.Coolant.CoolantALARM.Union.CoolantBreachAlarm #2.Playing = false   [was false, 2 change(s)]
Alarms             Alarms.Coolant.CoolantALARM.Union.CoolantBreachAlarm #2.Looped = false   [was true, 3 change(s)]
Alarms             Alarms.Coolant.CoolantALARM.Union.CoolantBreachAlarm #3.Playing = false   [was false, 2 change(s)]
Alarms             Alarms.Coolant.CoolantALARM.Union.CoolantBreachAlarm #3.Looped = false   [was true, 3 change(s)]
Alarms             Alarms.Coolant.CoolantALARM.NeonPart ~(388.2, 136.9, -0.7).Color = 0, 0, 0   [was 0.0666667, 0.0666667, 0.0666667, 3 change(s)]
Alarms             Alarms.Coolant.CoolantALARM.NeonPart.PointLight #3.Enabled = false   [was false, 2 change(s)]
Alarms             Alarms.Coolant.CoolantALARM.NeonPart ~(452.7, 136.9, 38.3).Color = 0, 0, 0   [was 0.0666667, 0.0666667, 0.0666667, 3 change(s)]
Alarms             Alarms.Coolant.CoolantALARM.NeonPart.PointLight #4.Enabled = false   [was false, 2 change(s)]
Alarms             Alarms.Coolant.CoolantALARM.Union.CoolantBreachAlarm #4.Playing = false   [was false, 2 change(s)]
Alarms             Alarms.Coolant.CoolantALARM.Union.CoolantBreachAlarm #4.Looped = false   [was true, 3 change(s)]
Alarms             Alarms.Coolant.CoolantALARM.Union.CoolantBreachAlarm #5.Playing = false   [was false, 2 change(s)]
Alarms             Alarms.Coolant.CoolantALARM.Union.CoolantBreachAlarm #5.Looped = false   [was true, 3 change(s)]
Alarms             Alarms.Coolant.CoolantALARM.NeonPart ~(452.7, 136.9, -39.7).Color = 0, 0, 0   [was 0.0666667, 0.0666667, 0.0666667, 3 change(s)]
Alarms             Alarms.Coolant.CoolantALARM.NeonPart.PointLight #5.Enabled = false   [was false, 2 change(s)]
Alarms             Alarms.Coolant.CoolantALARM.Union.CoolantBreachAlarm #6.Playing = false   [was false, 2 change(s)]
Alarms             Alarms.Coolant.CoolantALARM.Union.CoolantBreachAlarm #6.Looped = false   [was true, 3 change(s)]
Alarms             Alarms.Coolant.CoolantALARM.NeonPart ~(517.2, 170.5, -98.3).Color = 0, 0, 0   [was 0.0666667, 0.0666667, 0.0666667, 3 change(s)]
Alarms             Alarms.Coolant.CoolantALARM.NeonPart.PointLight #6.Enabled = false   [was false, 2 change(s)]
Alarms             Alarms.Coolant.CoolantALARM.Union.CoolantBreachAlarm #7.Playing = false   [was false, 2 change(s)]
Alarms             Alarms.Coolant.CoolantALARM.Union.CoolantBreachAlarm #7.Looped = false   [was true, 3 change(s)]
Alarms             Alarms.Coolant.CoolantALARM.NeonPart ~(517.2, 134.3, -98.3).Color = 0, 0, 0   [was 0.0666667, 0.0666667, 0.0666667, 3 change(s)]
Alarms             Alarms.Coolant.CoolantALARM.NeonPart.PointLight #7.Enabled = false   [was false, 2 change(s)]
Alarms             Alarms.Coolant.CoolantALARM.Union.CoolantBreachAlarm #8.Playing = false   [was false, 2 change(s)]
Alarms             Alarms.Coolant.CoolantALARM.Union.CoolantBreachAlarm #8.Looped = false   [was true, 3 change(s)]
Alarms             Alarms.Coolant.CoolantALARM.NeonPart ~(388.2, 136.9, -98.3).Color = 0, 0, 0   [was 0.0666667, 0.0666667, 0.0666667, 3 change(s)]
Alarms             Alarms.Coolant.CoolantALARM.NeonPart.PointLight #8.Enabled = false   [was false, 2 change(s)]
Alarms             Alarms.Coolant.CoolantALARM.NeonPart ~(452.7, 136.9, -59.3).Color = 0, 0, 0   [was 0.0666667, 0.0666667, 0.0666667, 3 change(s)]
Alarms             Alarms.Coolant.CoolantALARM.NeonPart.PointLight #9.Enabled = false   [was false, 2 change(s)]
Alarms             Alarms.Coolant.CoolantALARM.Union.CoolantBreachAlarm #9.Playing = false   [was false, 2 change(s)]
Alarms             Alarms.Coolant.CoolantALARM.Union.CoolantBreachAlarm #9.Looped = false   [was true, 3 change(s)]
Alarms             Alarms.Coolant.CoolantALARM.NeonPart ~(517.2, 134.3, 97.0).Color = 0, 0, 0   [was 0.0666667, 0.0666667, 0.0666667, 3 change(s)]
Alarms             Alarms.Coolant.CoolantALARM.NeonPart.PointLight #10.Enabled = false   [was false, 2 change(s)]
Alarms             Alarms.Coolant.CoolantALARM.Union.CoolantBreachAlarm #10.Playing = false   [was false, 2 change(s)]
Alarms             Alarms.Coolant.CoolantALARM.Union.CoolantBreachAlarm #10.Looped = false   [was true, 3 change(s)]
Alarms             Alarms.Coolant.CoolantALARM.Union.CoolantBreachAlarm #11.Playing = false   [was false, 2 change(s)]
Alarms             Alarms.Coolant.CoolantALARM.Union.CoolantBreachAlarm #11.Looped = false   [was true, 3 change(s)]
Alarms             Alarms.Coolant.CoolantALARM.NeonPart ~(517.2, 170.5, 97.0).Color = 0, 0, 0   [was 0.0666667, 0.0666667, 0.0666667, 3 change(s)]
Alarms             Alarms.Coolant.CoolantALARM.NeonPart.PointLight #11.Enabled = false   [was false, 2 change(s)]
Alarms             Alarms.Coolant.CoolantALARM.NeonPart ~(452.7, 136.9, 58.0).Color = 0, 0, 0   [was 0.0666667, 0.0666667, 0.0666667, 3 change(s)]
Alarms             Alarms.Coolant.CoolantALARM.NeonPart.PointLight #12.Enabled = false   [was false, 2 change(s)]
Alarms             Alarms.Coolant.CoolantALARM.Union.CoolantBreachAlarm #12.Playing = false   [was false, 2 change(s)]
Alarms             Alarms.Coolant.CoolantALARM.Union.CoolantBreachAlarm #12.Looped = false   [was true, 3 change(s)]
Alarms             Alarms.Coolant.CoolantALARM.Union.CoolantBreachAlarm #13.Playing = false   [was false, 2 change(s)]
Alarms             Alarms.Coolant.CoolantALARM.Union.CoolantBreachAlarm #13.Looped = false   [was true, 3 change(s)]
Alarms             Alarms.Coolant.CoolantALARM.NeonPart ~(388.2, 136.9, 97.0).Color = 0, 0, 0   [was 0.0666667, 0.0666667, 0.0666667, 3 change(s)]
Alarms             Alarms.Coolant.CoolantALARM.NeonPart.PointLight #13.Enabled = false   [was false, 2 change(s)]
Alarms             Alarms.Coolant.CoolantALARM.Union.CoolantBreachAlarm #14.Playing = false   [was false, 2 change(s)]
Alarms             Alarms.Coolant.CoolantALARM.Union.CoolantBreachAlarm #14.Looped = false   [was true, 3 change(s)]
Alarms             Alarms.Coolant.CoolantALARM.NeonPart ~(452.7, 136.9, 136.0).Color = 0, 0, 0   [was 0.0666667, 0.0666667, 0.0666667, 3 change(s)]
Alarms             Alarms.Coolant.CoolantALARM.NeonPart.PointLight #14.Enabled = false   [was false, 2 change(s)]
Alarms             Alarms.Coolant.CoolantALARM.NeonPart ~(319.3, 136.9, -0.7).Color = 0, 0, 0   [was 0.0666667, 0.0666667, 0.0666667, 3 change(s)]
Alarms             Alarms.Coolant.CoolantALARM.NeonPart.PointLight #15.Enabled = false   [was false, 2 change(s)]
Alarms             Alarms.Coolant.CoolantALARM.Union.CoolantBreachAlarm #15.Playing = false   [was false, 2 change(s)]
Alarms             Alarms.Coolant.CoolantALARM.Union.CoolantBreachAlarm #15.Looped = false   [was true, 3 change(s)]
Alarms             Alarms.Coolant.CoolantALARM.NeonPart ~(452.7, 136.9, -137.3).Color = 0, 0, 0   [was 0.0666667, 0.0666667, 0.0666667, 3 change(s)]
Alarms             Alarms.Coolant.CoolantALARM.NeonPart.PointLight #16.Enabled = false   [was false, 2 change(s)]
Alarms             Alarms.Coolant.CoolantALARM.Union.CoolantBreachAlarm #16.Playing = false   [was false, 2 change(s)]
Alarms             Alarms.Coolant.CoolantALARM.Union.CoolantBreachAlarm #16.Looped = false   [was true, 3 change(s)]
Alarms             Alarms.Facility.ReactorALARM.SpinnyPart.Part.CFrame = 92.5459976, 287.856567, -28.8000603, -1.67386804e-09, 3.26633453e-05, -1, 1, 1.99073522e-10, -1.67386149e-09, 1.99018843e-10, -1, -3.26633453e-05   [was 92.5459976, 287.856567, -28.8000603, -1.67386782e-09, 3.26633453e-05, -1, 1, 1.99073522e-10, -1.67386127e-09, 1.99018843e-10, -1, -3.26633453e-05, 9 change(s)]
Alarms             Alarms.Facility.ReactorALARM.SpinnyPart.Union.CFrame = 92.5459976, 287.524048, -28.7999382, -1.67386804e-09, 3.26633453e-05, -1, 1, 1.99073522e-10, -1.67386149e-09, 1.99018843e-10, -1, -3.26633453e-05   [was 92.5459976, 287.524048, -28.7999382, -1.67386782e-09, 3.26633453e-05, -1, 1, 1.99073522e-10, -1.67386127e-09, 1.99018843e-10, -1, -3.26633453e-05, 9 change(s)]
Alarms             Alarms.Facility.ReactorALARM.SpinnyPart.NeonPart.CFrame = 92.5459976, 287.574036, -28.7999992, -1.67386804e-09, 3.26633453e-05, -1, 1, 1.99073522e-10, -1.67386149e-09, 1.99018843e-10, -1, -3.26633453e-05   [was 92.5459976, 287.574036, -28.7999992, -1.67386782e-09, 3.26633453e-05, -1, 1, 1.99073522e-10, -1.67386127e-09, 1.99018843e-10, -1, -3.26633453e-05, 9 change(s)]
Alarms             Alarms.Facility.ReactorALARM.SpinnyPart.Union ~(92.5, 287.5, 27.4).CFrame = 92.5459976, 287.524048, 27.4499397, 1.67386782e-09, 3.24249268e-05, 1, 1, 1.99184225e-10, -1.67387426e-09, -1.99238501e-10, 1, -3.24249268e-05   [was 92.5459976, 287.524048, 27.4499397, 1.67386804e-09, 3.24249268e-05, 1, 1, 1.99184225e-10, -1.67387448e-09, -1.99238501e-10, 1, -3.24249268e-05, 3 change(s)]
Alarms             Alarms.Facility.ReactorALARM.SpinnyPart.Part ~(92.5, 287.9, 27.5).CFrame = 92.5459976, 287.856567, 27.4500618, 1.67386782e-09, 3.24249268e-05, 1, 1, 1.99184225e-10, -1.67387426e-09, -1.99238501e-10, 1, -3.24249268e-05   [was 92.5459976, 287.856567, 27.4500618, 1.67386804e-09, 3.24249268e-05, 1, 1, 1.99184225e-10, -1.67387448e-09, -1.99238501e-10, 1, -3.24249268e-05, 3 change(s)]
Alarms             Alarms.Facility.ReactorALARM.SpinnyPart.NeonPart ~(92.5, 287.6, 27.4).CFrame = 92.5459976, 287.574036, 27.4499989, 1.67386782e-09, 3.24249268e-05, 1, 1, 1.99184225e-10, -1.67387426e-09, -1.99238501e-10, 1, -3.24249268e-05   [was 92.5459976, 287.574036, 27.4499989, 1.67386804e-09, 3.24249268e-05, 1, 1, 1.99184225e-10, -1.67387448e-09, -1.99238501e-10, 1, -3.24249268e-05, 3 change(s)]
Alarms             Alarms.Facility.ReactorALARM.SpinnyPart.NeonPart ~(225.0, 287.0, -0.7).CFrame = 225.048737, 286.962006, -0.665420473, -1, -3.9593e-21, -3.13202359e-32, 3.9593e-21, -1, -9.85551418e-10, 3.8707735e-30, -9.85551418e-10, 1   [was 225.048737, 286.962006, -0.665420473, -1, -2.6858404e-06, -1.86386297e-15, 2.6858404e-06, -1, -7.07614689e-10, 3.66770891e-17, -7.07614689e-10, 1, 10 change(s)]
Alarms             Alarms.Facility.ReactorALARM.SpinnyPart.Part ~(224.8, 287.0, -0.7).CFrame = 224.766205, 286.961945, -0.665420473, -1, -3.9593e-21, -3.13202359e-32, 3.9593e-21, -1, -9.85551418e-10, 3.8707735e-30, -9.85551418e-10, 1   [was 224.766205, 286.961945, -0.665420473, -1, -2.6858404e-06, -1.86386297e-15, 2.6858404e-06, -1, -7.07614689e-10, 3.66770891e-17, -7.07614689e-10, 1, 10 change(s)]
Alarms             Alarms.Facility.ReactorALARM.SpinnyPart.Union ~(225.1, 287.0, -0.7).CFrame = 225.098724, 286.962067, -0.665420473, -1, -3.9593e-21, -3.13202359e-32, 3.9593e-21, -1, -9.85551418e-10, 3.8707735e-30, -9.85551418e-10, 1   [was 225.098724, 286.962067, -0.665420473, -1, -2.6858404e-06, -1.86386297e-15, 2.6858404e-06, -1, -7.07614689e-10, 3.66770891e-17, -7.07614689e-10, 1, 10 change(s)]
Alarms             Alarms.Facility.ReactorALARM.SpinnyPart.Union ~(141.3, 285.6, -0.7).CFrame = 141.273621, 285.561676, -0.665420532, 1, 2.68584404e-06, 9.57585993e-16, 2.68584404e-06, -1, -3.56586372e-10, -1.49351402e-19, 3.56586372e-10, -1   [was 141.273621, 285.561676, -0.665420532, 1, 2.68584404e-06, 5.26217154e-16, 2.68584404e-06, -1, -2.03659284e-10, -2.07799466e-17, 2.03659284e-10, -1, 5 change(s)]
Alarms             Alarms.Facility.ReactorALARM.SpinnyPart.NeonPart ~(141.3, 285.6, -0.7).CFrame = 141.323608, 285.561615, -0.665420532, 1, 2.68584404e-06, 9.57585993e-16, 2.68584404e-06, -1, -3.56586372e-10, -1.49351402e-19, 3.56586372e-10, -1   [was 141.323608, 285.561615, -0.665420532, 1, 2.68584404e-06, 5.26217154e-16, 2.68584404e-06, -1, -2.03659284e-10, -2.07799466e-17, 2.03659284e-10, -1, 5 change(s)]
Alarms             Alarms.Facility.ReactorALARM.SpinnyPart.Part ~(141.6, 285.6, -0.7).CFrame = 141.60614, 285.561554, -0.665420532, 1, 2.68584404e-06, 9.57585993e-16, 2.68584404e-06, -1, -3.56586372e-10, -1.49351402e-19, 3.56586372e-10, -1   [was 141.60614, 285.561554, -0.665420532, 1, 2.68584404e-06, 5.26217154e-16, 2.68584404e-06, -1, -2.03659284e-10, -2.07799466e-17, 2.03659284e-10, -1, 5 change(s)]
Alarms             Alarms.Facility.ReactorALARM.SpinnyPart.NeonPart ~(258.3, 286.9, -0.7).CFrame = 258.348938, 286.937103, -0.664999962, 1, 2.68596909e-06, 1.8928245e-15, 2.68596909e-06, -1, -7.08731962e-10, -1.08076664e-17, 7.08731962e-10, -1   [was 258.348938, 286.937103, -0.664999962, 1, 2.68596909e-06, 1.17302713e-15, 2.68596909e-06, -1, -4.51310239e-10, -3.91782947e-17, 4.51310239e-10, -1, 3 change(s)]
Alarms             Alarms.Facility.ReactorALARM.SpinnyPart.Union ~(258.3, 286.9, -0.7).CFrame = 258.29895, 286.937164, -0.664999962, 1, 2.68596909e-06, 1.8928245e-15, 2.68596909e-06, -1, -7.08731962e-10, -1.08076664e-17, 7.08731962e-10, -1   [was 258.29895, 286.937164, -0.664999962, 1, 2.68596909e-06, 1.17302713e-15, 2.68596909e-06, -1, -4.51310239e-10, -3.91782947e-17, 4.51310239e-10, -1, 3 change(s)]
Alarms             Alarms.Facility.ReactorALARM.SpinnyPart.Part ~(258.6, 286.9, -0.7).CFrame = 258.63147, 286.936951, -0.665000021, 1, 2.68596909e-06, 1.8928245e-15, 2.68596909e-06, -1, -7.08731962e-10, -1.08076664e-17, 7.08731962e-10, -1   [was 258.63147, 286.936951, -0.665000021, 1, 2.68596909e-06, 1.17302713e-15, 2.68596909e-06, -1, -4.51310239e-10, -3.91782947e-17, 4.51310239e-10, -1, 3 change(s)]
Alarms             Alarms.Facility.ReactorALARM.SpinnyPart.Part ~(230.0, 137.1, -0.7).CFrame = 229.966232, 137.061554, -0.665415287, -1, -1.85057502e-07, 6.81176418e-17, 1.85057502e-07, -1, 3.01056763e-10, 1.24048248e-17, 3.01056763e-10, 1   [was 229.966232, 137.061554, -0.665415287, -1, -2.96091821e-06, 1.42039474e-15, 2.96091821e-06, -1, 3.92099908e-10, 2.59419034e-16, 3.92099908e-10, 1, 1 change(s)]
Alarms             Alarms.Facility.ReactorALARM.SpinnyPart.NeonPart ~(230.2, 137.1, -0.7).CFrame = 230.248764, 137.061615, -0.665415287, -1, -1.85057502e-07, 6.81176418e-17, 1.85057502e-07, -1, 3.01056763e-10, 1.24048248e-17, 3.01056763e-10, 1   [was 230.248764, 137.061615, -0.665415287, -1, -2.96091821e-06, 1.42039474e-15, 2.96091821e-06, -1, 3.92099908e-10, 2.59419034e-16, 3.92099908e-10, 1, 1 change(s)]
Alarms             Alarms.Facility.ReactorALARM.SpinnyPart.Union ~(230.3, 137.1, -0.7).CFrame = 230.298752, 137.061676, -0.665415287, -1, -1.85057502e-07, 6.81176418e-17, 1.85057502e-07, -1, 3.01056763e-10, 1.24048248e-17, 3.01056763e-10, 1   [was 230.298752, 137.061676, -0.665415287, -1, -2.96091821e-06, 1.42039474e-15, 2.96091821e-06, -1, 3.92099908e-10, 2.59419034e-16, 3.92099908e-10, 1, 1 change(s)]
Alarms             Alarms.Facility.ReactorALARM.SpinnyPart.Part ~(209.6, 286.9, -49.5).CFrame = 209.568283, 286.911499, -49.4676514, 1, 2.68584063e-06, 0, 2.68584063e-06, -1, 0, 0, 0, -1   [was 209.568283, 286.911499, -49.4676514, 1, 2.6858404e-06, 0, 2.6858404e-06, -1, 0, 0, 0, -1, 10 change(s)]
Alarms             Alarms.Facility.ReactorALARM.SpinnyPart.Union ~(209.2, 286.9, -49.5).CFrame = 209.235764, 286.911621, -49.4676514, 1, 2.68584063e-06, 0, 2.68584063e-06, -1, 0, 0, 0, -1   [was 209.235764, 286.911621, -49.4676514, 1, 2.6858404e-06, 0, 2.6858404e-06, -1, 0, 0, 0, -1, 10 change(s)]
Alarms             Alarms.Facility.ReactorALARM.SpinnyPart.NeonPart ~(209.3, 286.9, -49.5).CFrame = 209.285751, 286.91156, -49.4676514, 1, 2.68584063e-06, 0, 2.68584063e-06, -1, 0, 0, 0, -1   [was 209.285751, 286.91156, -49.4676514, 1, 2.6858404e-06, 0, 2.6858404e-06, -1, 0, 0, 0, -1, 10 change(s)]
Alarms             Alarms.Facility.ReactorALARM.SpinnyPart.Union ~(246.4, 285.2, 40.6).CFrame = 246.373596, 285.21637, 40.6100006, -1, -2.68584063e-06, 0, 2.68584063e-06, -1, 0, 0, 0, 1   [was 246.373596, 285.21637, 40.6100006, -1, -2.68584063e-06, 0, 2.68584063e-06, -1, 0, 0, 0, 1, 3 change(s)]
Alarms             Alarms.Facility.ReactorALARM.SpinnyPart.Part ~(246.0, 285.2, 40.6).CFrame = 246.041077, 285.216187, 40.6100006, -1, -2.68584063e-06, 0, 2.68584063e-06, -1, 0, 0, 0, 1   [was 246.041077, 285.216187, 40.6100006, -1, -2.68584063e-06, 0, 2.68584063e-06, -1, 0, 0, 0, 1, 3 change(s)]
Alarms             Alarms.Facility.ReactorALARM.SpinnyPart.NeonPart ~(246.3, 285.2, 40.6).CFrame = 246.323608, 285.216309, 40.6100006, -1, -2.68584063e-06, 0, 2.68584063e-06, -1, 0, 0, 0, 1   [was 246.323608, 285.216309, 40.6100006, -1, -2.68584063e-06, 0, 2.68584063e-06, -1, 0, 0, 0, 1, 3 change(s)]
Alarms             Alarms.Facility.ReactorALARM.SpinnyPart.NeonPart ~(205.4, 254.5, -30.4).CFrame = 205.385651, 254.511627, -30.4395046, -8.6791808e-25, -5.73092919e-12, 1, 2.68588656e-06, -1, -5.73092919e-12, 1, 2.68588656e-06, 1.53926252e-17   [was 205.385651, 254.511627, -30.4395046, 2.49070903e-22, 5.05976391e-13, 1, 2.68588974e-06, -1, 5.05976391e-13, 1, 2.68588974e-06, -1.35924593e-18, 12 change(s)]
Alarms             Alarms.Facility.ReactorALARM.SpinnyPart.Union ~(205.4, 254.5, -30.5).CFrame = 205.385651, 254.511688, -30.4894924, -8.6791808e-25, -5.73092919e-12, 1, 2.68588656e-06, -1, -5.73092919e-12, 1, 2.68588656e-06, 1.53926252e-17   [was 205.385651, 254.511688, -30.4894924, 2.49070903e-22, 5.05976391e-13, 1, 2.68588974e-06, -1, 5.05976391e-13, 1, 2.68588974e-06, -1.35924593e-18, 12 change(s)]
Alarms             Alarms.Facility.ReactorALARM.SpinnyPart.Part ~(205.4, 254.5, -30.2).CFrame = 205.385651, 254.511566, -30.1569729, -8.6791808e-25, -5.73092919e-12, 1, 2.68588656e-06, -1, -5.73092919e-12, 1, 2.68588656e-06, 1.53926252e-17   [was 205.385651, 254.511566, -30.1569729, 2.49070903e-22, 5.05976391e-13, 1, 2.68588974e-06, -1, 5.05976391e-13, 1, 2.68588974e-06, -1.35924593e-18, 12 change(s)]
Alarms             Alarms.Facility.ReactorALARM.SpinnyPart.NeonPart ~(137.4, 254.6, -0.7).CFrame = 137.430328, 254.579941, -0.666544974, 1, 2.68565873e-06, 1.81442335e-15, 2.68565873e-06, -1, -6.75861145e-10, -7.09194879e-19, 6.75861145e-10, -1   [was 137.430328, 254.579941, -0.666544974, 1, 2.68565873e-06, 9.31610987e-16, 2.68565873e-06, -1, -3.62289393e-10, -4.13746974e-17, 3.62289393e-10, -1, 6 change(s)]
Alarms             Alarms.Facility.ReactorALARM.SpinnyPart.Union ~(137.4, 254.6, -0.7).CFrame = 137.380341, 254.580002, -0.666544974, 1, 2.68565873e-06, 1.81442335e-15, 2.68565873e-06, -1, -6.75861145e-10, -7.09194879e-19, 6.75861145e-10, -1   [was 137.380341, 254.580002, -0.666544974, 1, 2.68565873e-06, 9.31610987e-16, 2.68565873e-06, -1, -3.62289393e-10, -4.13746974e-17, 3.62289393e-10, -1, 6 change(s)]
Alarms             Alarms.Facility.ReactorALARM.SpinnyPart.Part ~(137.7, 254.6, -0.7).CFrame = 137.71283, 254.57988, -0.666544974, 1, 2.68565873e-06, 1.81442335e-15, 2.68565873e-06, -1, -6.75861145e-10, -7.09194879e-19, 6.75861145e-10, -1   [was 137.71283, 254.57988, -0.666544974, 1, 2.68565873e-06, 9.31610987e-16, 2.68565873e-06, -1, -3.62289393e-10, -4.13746974e-17, 3.62289393e-10, -1, 6 change(s)]
Alarms             Alarms.Facility.ReactorALARM.SpinnyPart.NeonPart ~(219.4, 254.5, -49.5).CFrame = 219.41095, 254.512009, -49.4679985, 1, 3.95971359e-21, 0, 3.95971359e-21, -1, 0, 0, 0, -1   [was 219.41095, 254.512009, -49.4679985, 1, 2.6858404e-06, 0, 2.6858404e-06, -1, 0, 0, 0, -1, 7 change(s)]
Alarms             Alarms.Facility.ReactorALARM.SpinnyPart.Part ~(219.7, 254.5, -49.5).CFrame = 219.693481, 254.511932, -49.4679985, 1, 3.95971359e-21, 0, 3.95971359e-21, -1, 0, 0, 0, -1   [was 219.693481, 254.511932, -49.4679985, 1, 2.6858404e-06, 0, 2.6858404e-06, -1, 0, 0, 0, -1, 7 change(s)]
Alarms             Alarms.Facility.ReactorALARM.SpinnyPart.Union ~(219.4, 254.5, -49.5).CFrame = 219.360962, 254.51207, -49.4679985, 1, 3.95971359e-21, 0, 3.95971359e-21, -1, 0, 0, 0, -1   [was 219.360962, 254.51207, -49.4679985, 1, 2.6858404e-06, 0, 2.6858404e-06, -1, 0, 0, 0, -1, 7 change(s)]
Alarms             Alarms.Facility.ReactorALARM.SpinnyPart.NeonPart ~(-9.9, 391.1, 63.7).CFrame = -9.89799976, 391.088989, 63.6979599, -3.69190194e-15, 1.18186267e-06, -1, 1.74565749e-08, 1, 1.18186267e-06, 1, -1.74565749e-08, -2.43231779e-14   [was -9.89799976, 391.088989, 63.6979599, -3.69175541e-15, 1.32927187e-06, -1, 1.74565766e-08, 1, 1.32927187e-06, 1, -1.74565766e-08, -2.68962912e-14, 3 change(s)]
Alarms             Alarms.Facility.ReactorALARM.SpinnyPart.Part ~(-9.9, 391.1, 64.0).CFrame = -9.89799976, 391.08905, 63.9804916, -3.69190194e-15, 1.18186267e-06, -1, 1.74565749e-08, 1, 1.18186267e-06, 1, -1.74565749e-08, -2.43231779e-14   [was -9.89799976, 391.08905, 63.9804916, -3.69175541e-15, 1.32927187e-06, -1, 1.74565766e-08, 1, 1.32927187e-06, 1, -1.74565766e-08, -2.68962912e-14, 3 change(s)]
Alarms             Alarms.Facility.ReactorALARM.SpinnyPart.Union ~(-9.9, 391.1, 63.6).CFrame = -9.89799976, 391.088928, 63.6479721, -3.69190194e-15, 1.18186267e-06, -1, 1.74565749e-08, 1, 1.18186267e-06, 1, -1.74565749e-08, -2.43231779e-14   [was -9.89799976, 391.088928, 63.6479721, -3.69175541e-15, 1.32927187e-06, -1, 1.74565766e-08, 1, 1.32927187e-06, 1, -1.74565766e-08, -2.68962912e-14, 3 change(s)]
Alarms             Alarms.Mainframe.IndustrialAlarm.SpinnyPart.Part.CFrame = 397.844727, 277.447479, 35.7246017, 8.83149842e-05, -0.426971674, -0.904265046, -1, 2.67507403e-05, -0.00011029598, 7.12830224e-05, 0.904265046, -0.426971674   [was 397.844727, 277.447479, 35.7246094, 7.5574113e-05, -0.228165567, 0.973622441, -1, -3.65823216e-05, 6.9048634e-05, 1.98628477e-05, -0.973622441, -0.228165522, 30 change(s)]
Alarms             Alarms.Mainframe.IndustrialAlarm.SpinnyPart.Part ~(397.3, 277.4, 35.5).CFrame = 398.084534, 277.44754, 36.2522316, -8.83149842e-05, -0.908310294, 0.418297172, 1, -5.03999181e-05, 0.000101689002, -7.12830224e-05, 0.418297172, 0.908310294   [was 397.328766, 277.447449, 35.4606476, -7.5574113e-05, 0.451006114, -0.892520905, 1, 1.63563818e-05, -7.64097495e-05, -1.98628477e-05, -0.892520905, -0.451006114, 30 change(s)]
Alarms             Alarms.Mainframe.IndustrialAlarm.SpinnyPart.Part ~(398.4, 277.4, 35.8).CFrame = 397.436768, 277.447418, 35.3127441, 8.83149842e-05, -0.710482717, -0.703714728, -1, -1.25833594e-05, -0.000112793903, 7.12830224e-05, 0.703714728, -0.710482717   [was 398.420349, 277.44751, 35.793335, 7.5574113e-05, 0.118569985, 0.99294579, -1, -1.07619071e-05, 7.73961365e-05, 1.98628477e-05, -0.992945731, 0.118569992, 30 change(s)]
Alarms             Alarms.Mainframe.IndustrialAlarm.SpinnyPart.Part ~(398.4, 277.4, 36.0).CFrame = 397.604462, 277.447418, 35.1965218, 8.83149842e-05, -0.908310294, -0.418297172, -1, -5.03999181e-05, -0.000101689002, 7.12830224e-05, 0.418297172, -0.908310294   [was 398.361328, 277.44751, 35.9886475, 7.5574113e-05, 0.451006114, 0.892520905, -1, 1.63563818e-05, 7.64097495e-05, 1.98628477e-05, -0.892520905, 0.451006114, 30 change(s)]
Alarms             Alarms.Mainframe.IndustrialAlarm.SpinnyPart.Part ~(397.8, 277.4, 35.7).CFrame = 397.844727, 277.447479, 35.7246017, 8.83149842e-05, -0.908310294, -0.418297172, -1, -5.03999181e-05, -0.000101689002, 7.12830224e-05, 0.418297172, -0.908310294   [was 397.844727, 277.447479, 35.7246094, 7.5574113e-05, 0.451006114, 0.892520905, -1, 1.63563818e-05, 7.64097495e-05, 1.98628477e-05, -0.892520905, 0.451006114, 30 change(s)]
Alarms             Alarms.Mainframe.IndustrialAlarm.SpinnyPart.Part ~(397.3, 277.4, 35.7).CFrame = 398.252228, 277.44751, 36.1360168, -8.83149842e-05, -0.710482717, 0.703714728, 1, -1.25833594e-05, 0.000112793903, -7.12830224e-05, 0.703714728, 0.710482717   [was 397.269745, 277.447418, 35.6559448, -7.5574113e-05, 0.118569985, -0.99294579, 1, -1.07619071e-05, -7.73961365e-05, -1.98628477e-05, -0.992945731, -0.118569992, 30 change(s)]
Alarms             Alarms.Mainframe.IndustrialAlarm.SpinnyPart.Part ~(397.3, 277.4, 35.9).CFrame = 398.370026, 277.44754, 35.9694405, -8.83149842e-05, -0.426971674, 0.904265046, 1, 2.67507403e-05, 0.00011029598, -7.12830224e-05, 0.904265046, 0.426971674   [was 397.281128, 277.447449, 35.8596611, -7.5574113e-05, -0.228165567, -0.973622441, 1, -3.65823216e-05, -6.9048634e-05, -1.98628477e-05, -0.973622441, 0.228165552, 30 change(s)]
Alarms             Alarms.Mainframe.IndustrialAlarm.SpinnyPart.Neon.CFrame = 397.590759, 277.447418, 35.1667137, 8.83149842e-05, -0.908310294, -0.418297172, -1, -5.03999181e-05, -0.000101689002, 7.12830224e-05, 0.418297172, -0.908310294   [was 398.390625, 277.44754, 36.0034485, 7.5574113e-05, 0.451006114, 0.892520905, -1, 1.63563818e-05, 7.64097495e-05, 1.98628477e-05, -0.892520905, 0.451006114, 30 change(s)]
Alarms             Alarms.Mainframe.IndustrialAlarm.SpinnyPart.Part ~(397.8, 277.6, 35.7).CFrame = 397.844727, 277.56778, 35.7245941, 8.83149842e-05, -0.710482717, -0.703714728, -1, -1.25833594e-05, -0.000112793903, 7.12830224e-05, 0.703714728, -0.710482717   [was 397.844727, 277.56778, 35.7246056, 7.5574113e-05, 0.118569985, 0.99294579, -1, -1.07619071e-05, 7.73961365e-05, 1.98628477e-05, -0.992945731, 0.118569992, 30 change(s)]
Alarms             Alarms.Mainframe.IndustrialAlarm.SpinnyPart.Part ~(397.8, 277.4, 35.7) #2.CFrame = 397.844727, 277.447479, 35.7246017, 8.83149842e-05, -0.710482717, -0.703714728, -1, -1.25833594e-05, -0.000112793903, 7.12830224e-05, 0.703714728, -0.710482717   [was 397.844727, 277.447479, 35.7246094, 7.5574113e-05, 0.118569985, 0.99294579, -1, -1.07619071e-05, 7.73961365e-05, 1.98628477e-05, -0.992945731, 0.118569992, 30 change(s)]
Alarms             Alarms.Mainframe.IndustrialAlarm.SpinnyPart.Neon ~(397.2, 277.4, 35.9).CFrame = 398.399719, 277.44754, 35.9834518, -8.83149842e-05, -0.426971674, 0.904265046, 1, 2.67507403e-05, 0.00011029598, -7.12830224e-05, 0.904265046, 0.426971674   [was 397.249176, 277.447449, 35.8671494, -7.5574113e-05, -0.228165567, -0.973622441, 1, -3.65823216e-05, -6.9048634e-05, -1.98628477e-05, -0.973622441, 0.228165552, 30 change(s)]
Alarms             Alarms.Mainframe.IndustrialAlarm.SpinnyPart.Neon ~(398.4, 277.4, 35.6).CFrame = 397.289307, 277.447388, 35.4652977, 8.83149842e-05, -0.426971674, -0.904265046, -1, 2.67507403e-05, -0.00011029598, 7.12830224e-05, 0.904265046, -0.426971674   [was 398.440918, 277.447479, 35.5821495, 7.5574113e-05, -0.228165567, 0.973622441, -1, -3.65823216e-05, 6.9048634e-05, 1.98628477e-05, -0.973622441, -0.228165522, 30 change(s)]
Alarms             Alarms.Mainframe.IndustrialAlarm.SpinnyPart.Part ~(397.8, 277.5, 35.7).CFrame = 397.844727, 277.534973, 35.7245979, 8.83149842e-05, -0.710482717, -0.703714728, -1, -1.25833594e-05, -0.000112793903, 7.12830224e-05, 0.703714728, -0.710482717   [was 397.844727, 277.534973, 35.7246056, 7.5574113e-05, 0.118569985, 0.99294579, -1, -1.07619071e-05, 7.73961365e-05, 1.98628477e-05, -0.992945731, 0.118569992, 30 change(s)]
Alarms             Alarms.Mainframe.IndustrialAlarm.SpinnyPart.Part ~(397.8, 277.5, 35.7) #2.CFrame = 397.844727, 277.458405, 35.7246017, 8.83149842e-05, -0.710482717, -0.703714728, -1, -1.25833594e-05, -0.000112793903, 7.12830224e-05, 0.703714728, -0.710482717   [was 397.844727, 277.458405, 35.7246094, 7.5574113e-05, 0.118569985, 0.99294579, -1, -1.07619071e-05, 7.73961365e-05, 1.98628477e-05, -0.992945731, 0.118569992, 30 change(s)]
Alarms             Alarms.Mainframe.IndustrialAlarm.SpinnyPart.Neon ~(397.3, 277.4, 35.4).CFrame = 398.098267, 277.44754, 36.2820358, -8.83149842e-05, -0.908310294, 0.418297172, 1, -5.03999181e-05, 0.000101689002, -7.12830224e-05, 0.418297172, 0.908310294   [was 397.299469, 277.447418, 35.4458466, -7.5574113e-05, 0.451006114, -0.892520905, 1, 1.63563818e-05, -7.64097495e-05, -1.98628477e-05, -0.892520905, -0.451006114, 30 change(s)]
Alarms             Alarms.Mainframe.IndustrialAlarm.SpinnyPart.Part ~(398.4, 277.4, 35.6).CFrame = 397.31897, 277.447388, 35.4793091, 8.83149842e-05, -0.426971674, -0.904265046, -1, 2.67507403e-05, -0.00011029598, 7.12830224e-05, 0.904265046, -0.426971674   [was 398.408966, 277.447479, 35.5896339, 7.5574113e-05, -0.228165567, 0.973622441, -1, -3.65823216e-05, 6.9048634e-05, 1.98628477e-05, -0.973622441, -0.228165522, 30 change(s)]
Alarms             Alarms.Mainframe.IndustrialAlarm.NeonLight.CFrame = 397.413696, 277.447418, 35.2894325, 8.83149842e-05, -0.710482717, -0.703714728, -1, -1.25833594e-05, -0.000112793903, 7.12830224e-05, 0.703714728, -0.710482717   [was 398.452911, 277.44754, 35.797226, 7.5574113e-05, 0.118569985, 0.99294579, -1, -1.07619071e-05, 7.73961365e-05, 1.98628477e-05, -0.992945731, 0.118569992, 30 change(s)]
Alarms             Alarms.Mainframe.IndustrialAlarm.NeonLight ~(397.2, 277.4, 35.7).CFrame = 398.275299, 277.44751, 36.1593361, -8.83149842e-05, -0.710482717, 0.703714728, 1, -1.25833594e-05, 0.000112793903, -7.12830224e-05, 0.703714728, 0.710482717   [was 397.237152, 277.447388, 35.6520538, -7.5574113e-05, 0.118569985, -0.99294579, 1, -1.07619071e-05, -7.73961365e-05, -1.98628477e-05, -0.992945731, -0.118569992, 30 change(s)]
Alarms             Alarms.Mainframe.IndustrialAlarm.Part ~(397.8, 277.4, 35.7).CFrame = 397.844727, 277.374023, 35.7246094, 8.83149842e-05, -0.710482717, -0.703714728, -1, -1.25833594e-05, -0.000112793903, 7.12830224e-05, 0.703714728, -0.710482717   [was 397.844727, 277.374023, 35.7246094, 7.5574113e-05, 0.118569985, 0.99294579, -1, -1.07619071e-05, 7.73961365e-05, 1.98628477e-05, -0.992945731, 0.118569992, 30 change(s)]
Alarms             Alarms.Mainframe.IndustrialAlarm.SpinnyPart.Part ~(484.8, 277.5, 85.9).CFrame = 484.794922, 277.534973, 85.9247894, 8.83149842e-05, -0.710482717, -0.703714728, -1, -1.25833594e-05, -0.000112793903, 7.12830224e-05, 0.703714728, -0.710482717   [was 484.794922, 277.534973, 85.9248047, 7.5574113e-05, 0.118569985, 0.99294579, -1, -1.07619071e-05, 7.73961365e-05, 1.98628477e-05, -0.992945731, 0.118569992, 30 change(s)]
Alarms             Alarms.Mainframe.IndustrialAlarm.SpinnyPart.Part ~(484.8, 277.5, 85.9) #2.CFrame = 484.794922, 277.458405, 85.9247971, 8.83149842e-05, -0.710482717, -0.703714728, -1, -1.25833594e-05, -0.000112793903, 7.12830224e-05, 0.703714728, -0.710482717   [was 484.794922, 277.458405, 85.9248047, 7.5574113e-05, 0.118569985, 0.99294579, -1, -1.07619071e-05, 7.73961365e-05, 1.98628477e-05, -0.992945731, 0.118569992, 30 change(s)]
Alarms             Alarms.Mainframe.IndustrialAlarm.SpinnyPart.Neon ~(484.2, 277.4, 85.6).CFrame = 485.048462, 277.44754, 86.4822311, -8.83149842e-05, -0.908310294, 0.418297172, 1, -5.03999181e-05, 0.000101689002, -7.12830224e-05, 0.418297172, 0.908310294   [was 484.249664, 277.447418, 85.6460419, -7.5574113e-05, 0.451006114, -0.892520905, 1, 1.63563818e-05, -7.64097495e-05, -1.98628477e-05, -0.892520905, -0.451006114, 30 change(s)]
Alarms             Alarms.Mainframe.IndustrialAlarm.SpinnyPart.Part ~(485.4, 277.4, 85.8).CFrame = 484.269165, 277.447388, 85.6795044, 8.83149842e-05, -0.426971674, -0.904265046, -1, 2.67507403e-05, -0.00011029598, 7.12830224e-05, 0.904265046, -0.426971674   [was 485.359161, 277.447479, 85.7898331, 7.5574113e-05, -0.228165567, 0.973622441, -1, -3.65823216e-05, 6.9048634e-05, 1.98628477e-05, -0.973622441, -0.228165522, 30 change(s)]
Alarms             Alarms.Mainframe.IndustrialAlarm.SpinnyPart.Part ~(484.8, 277.6, 85.9).CFrame = 484.794922, 277.56778, 85.9247894, 8.83149842e-05, -0.710482717, -0.703714728, -1, -1.25833594e-05, -0.000112793903, 7.12830224e-05, 0.703714728, -0.710482717   [was 484.794922, 277.56778, 85.9248047, 7.5574113e-05, 0.118569985, 0.99294579, -1, -1.07619071e-05, 7.73961365e-05, 1.98628477e-05, -0.992945731, 0.118569992, 30 change(s)]
Alarms             Alarms.Mainframe.IndustrialAlarm.SpinnyPart.Part ~(484.8, 277.4, 85.9).CFrame = 484.794922, 277.447479, 85.9247971, 8.83149842e-05, -0.710482717, -0.703714728, -1, -1.25833594e-05, -0.000112793903, 7.12830224e-05, 0.703714728, -0.710482717   [was 484.794922, 277.447479, 85.9248047, 7.5574113e-05, 0.118569985, 0.99294579, -1, -1.07619071e-05, 7.73961365e-05, 1.98628477e-05, -0.992945731, 0.118569992, 30 change(s)]
Alarms             Alarms.Mainframe.IndustrialAlarm.SpinnyPart.Neon ~(484.2, 277.4, 86.1).CFrame = 485.349915, 277.44754, 86.1836472, -8.83149842e-05, -0.426971674, 0.904265046, 1, 2.67507403e-05, 0.00011029598, -7.12830224e-05, 0.904265046, 0.426971674   [was 484.199371, 277.447449, 86.0673447, -7.5574113e-05, -0.228165567, -0.973622441, 1, -3.65823216e-05, -6.9048634e-05, -1.98628477e-05, -0.973622441, 0.228165552, 30 change(s)]
Alarms             Alarms.Mainframe.IndustrialAlarm.SpinnyPart.Neon ~(485.4, 277.4, 85.8).CFrame = 484.239502, 277.447388, 85.6654892, 8.83149842e-05, -0.426971674, -0.904265046, -1, 2.67507403e-05, -0.00011029598, 7.12830224e-05, 0.904265046, -0.426971674   [was 485.391113, 277.447479, 85.782341, 7.5574113e-05, -0.228165567, 0.973622441, -1, -3.65823216e-05, 6.9048634e-05, 1.98628477e-05, -0.973622441, -0.228165522, 30 change(s)]
Alarms             Alarms.Mainframe.IndustrialAlarm.SpinnyPart.Part ~(484.8, 277.4, 85.9) #2.CFrame = 484.794922, 277.447479, 85.9247971, 8.83149842e-05, -0.908310294, -0.418297172, -1, -5.03999181e-05, -0.000101689002, 7.12830224e-05, 0.418297172, -0.908310294   [was 484.794922, 277.447479, 85.9248047, 7.5574113e-05, 0.451006114, 0.892520905, -1, 1.63563818e-05, 7.64097495e-05, 1.98628477e-05, -0.892520905, 0.451006114, 30 change(s)]
Alarms             Alarms.Mainframe.IndustrialAlarm.SpinnyPart.Part ~(484.2, 277.4, 85.9).CFrame = 485.202423, 277.44751, 86.3362122, -8.83149842e-05, -0.710482717, 0.703714728, 1, -1.25833594e-05, 0.000112793903, -7.12830224e-05, 0.703714728, 0.710482717   [was 484.21994, 277.447418, 85.8561401, -7.5574113e-05, 0.118569985, -0.99294579, 1, -1.07619071e-05, -7.73961365e-05, -1.98628477e-05, -0.992945731, -0.118569992, 30 change(s)]
Alarms             Alarms.Mainframe.IndustrialAlarm.SpinnyPart.Part ~(484.2, 277.4, 86.1).CFrame = 485.320221, 277.44754, 86.169632, -8.83149842e-05, -0.426971674, 0.904265046, 1, 2.67507403e-05, 0.00011029598, -7.12830224e-05, 0.904265046, 0.426971674   [was 484.231323, 277.447449, 86.0598526, -7.5574113e-05, -0.228165567, -0.973622441, 1, -3.65823216e-05, -6.9048634e-05, -1.98628477e-05, -0.973622441, 0.228165552, 30 change(s)]
Alarms             Alarms.Mainframe.IndustrialAlarm.SpinnyPart.Neon ~(485.3, 277.4, 86.2).CFrame = 484.540955, 277.447418, 85.3669128, 8.83149842e-05, -0.908310294, -0.418297172, -1, -5.03999181e-05, -0.000101689002, 7.12830224e-05, 0.418297172, -0.908310294   [was 485.34082, 277.44754, 86.2036438, 7.5574113e-05, 0.451006114, 0.892520905, -1, 1.63563818e-05, 7.64097495e-05, 1.98628477e-05, -0.892520905, 0.451006114, 30 change(s)]
Alarms             Alarms.Mainframe.IndustrialAlarm.SpinnyPart.Part ~(484.8, 277.4, 85.9) #3.CFrame = 484.794922, 277.447479, 85.9247971, 8.83149842e-05, -0.426971674, -0.904265046, -1, 2.67507403e-05, -0.00011029598, 7.12830224e-05, 0.904265046, -0.426971674   [was 484.794922, 277.447479, 85.9248047, 7.5574113e-05, -0.228165567, 0.973622441, -1, -3.65823216e-05, 6.9048634e-05, 1.98628477e-05, -0.973622441, -0.228165522, 30 change(s)]
Alarms             Alarms.Mainframe.IndustrialAlarm.SpinnyPart.Part ~(484.3, 277.4, 85.7).CFrame = 485.034729, 277.44754, 86.4524231, -8.83149842e-05, -0.908310294, 0.418297172, 1, -5.03999181e-05, 0.000101689002, -7.12830224e-05, 0.418297172, 0.908310294   [was 484.278961, 277.447449, 85.6608429, -7.5574113e-05, 0.451006114, -0.892520905, 1, 1.63563818e-05, -7.64097495e-05, -1.98628477e-05, -0.892520905, -0.451006114, 30 change(s)]
Alarms             Alarms.Mainframe.IndustrialAlarm.SpinnyPart.Part ~(485.4, 277.4, 86.0).CFrame = 484.386963, 277.447418, 85.5129395, 8.83149842e-05, -0.710482717, -0.703714728, -1, -1.25833594e-05, -0.000112793903, 7.12830224e-05, 0.703714728, -0.710482717   [was 485.370544, 277.44751, 85.9935303, 7.5574113e-05, 0.118569985, 0.99294579, -1, -1.07619071e-05, 7.73961365e-05, 1.98628477e-05, -0.992945731, 0.118569992, 30 change(s)]
Alarms             Alarms.Mainframe.IndustrialAlarm.SpinnyPart.Part ~(485.3, 277.4, 86.2).CFrame = 484.554657, 277.447418, 85.3967133, 8.83149842e-05, -0.908310294, -0.418297172, -1, -5.03999181e-05, -0.000101689002, 7.12830224e-05, 0.418297172, -0.908310294   [was 485.311523, 277.44751, 86.1888428, 7.5574113e-05, 0.451006114, 0.892520905, -1, 1.63563818e-05, 7.64097495e-05, 1.98628477e-05, -0.892520905, 0.451006114, 30 change(s)]
Alarms             Alarms.Mainframe.IndustrialAlarm.Part ~(484.8, 277.4, 85.9).CFrame = 484.794922, 277.374023, 85.9248047, 8.83149842e-05, -0.710482717, -0.703714728, -1, -1.25833594e-05, -0.000112793903, 7.12830224e-05, 0.703714728, -0.710482717   [was 484.794922, 277.374023, 85.9248047, 7.5574113e-05, 0.118569985, 0.99294579, -1, -1.07619071e-05, 7.73961365e-05, 1.98628477e-05, -0.992945731, 0.118569992, 30 change(s)]
Alarms             Alarms.Mainframe.IndustrialAlarm.NeonLight ~(484.2, 277.4, 85.9).CFrame = 485.225494, 277.44751, 86.3595276, -8.83149842e-05, -0.710482717, 0.703714728, 1, -1.25833594e-05, 0.000112793903, -7.12830224e-05, 0.703714728, 0.710482717   [was 484.187347, 277.447388, 85.8522491, -7.5574113e-05, 0.118569985, -0.99294579, 1, -1.07619071e-05, -7.73961365e-05, -1.98628477e-05, -0.992945731, -0.118569992, 30 change(s)]
Alarms             Alarms.Mainframe.IndustrialAlarm.NeonLight ~(485.4, 277.4, 86.0).CFrame = 484.363892, 277.447418, 85.489624, 8.83149842e-05, -0.710482717, -0.703714728, -1, -1.25833594e-05, -0.000112793903, 7.12830224e-05, 0.703714728, -0.710482717   [was 485.403107, 277.44754, 85.9974213, 7.5574113e-05, 0.118569985, 0.99294579, -1, -1.07619071e-05, 7.73961365e-05, 1.98628477e-05, -0.992945731, 0.118569992, 30 change(s)]
Alarms             Alarms.Mainframe.IndustrialAlarm.SpinnyPart.Part ~(397.8, 277.6, 85.9).CFrame = 397.844727, 277.56778, 85.9248276, 2.81554694e-05, 0.254496992, -0.967073619, -1, -0.000106794359, -5.72183053e-05, -0.000117839882, 0.967073619, 0.254496992   [was 397.844666, 277.56778, 85.9248428, 0.000228612655, -0.800541282, 0.599277556, -0.99999994, -5.42883354e-05, 0.000308959658, -0.00021480117, -0.599277616, -0.800541222, 30 change(s)]
Alarms             Alarms.Mainframe.IndustrialAlarm.SpinnyPart.Part ~(397.8, 277.4, 85.9).CFrame = 397.844727, 277.447479, 85.9248123, 2.81554694e-05, 0.254496992, -0.967073619, -1, -0.000106794359, -5.72183053e-05, -0.000117839882, 0.967073619, 0.254496992   [was 397.844696, 277.447479, 85.9248199, 0.000228612655, -0.800541282, 0.599277556, -0.99999994, -5.42883354e-05, 0.000308959658, -0.00021480117, -0.599277616, -0.800541222, 30 change(s)]
Alarms             Alarms.Mainframe.IndustrialAlarm.SpinnyPart.Neon ~(397.7, 277.4, 86.5).CFrame = 398.346283, 277.44754, 85.5734482, -2.81554694e-05, 0.569888532, 0.821722031, 1, -8.07861506e-05, 9.02915708e-05, 0.000117839882, 0.821722031, -0.569888592   [was 397.670288, 277.447327, 86.5118256, -0.000228612655, -0.957221031, -0.289357632, 0.99999994, -0.000156678478, -0.000271763041, 0.00021480117, -0.289357722, 0.957221031, 30 change(s)]
Alarms             Alarms.Mainframe.IndustrialAlarm.SpinnyPart.Neon ~(398.0, 277.4, 85.3).CFrame = 397.34256, 277.447388, 86.276329, 2.81554694e-05, 0.569888532, -0.821722031, -1, -8.07861506e-05, -9.02915635e-05, -0.000117839882, 0.821722031, 0.569888532   [was 398.019501, 277.447601, 85.3372955, 0.000228612655, -0.957221031, 0.289357662, -0.99999994, -0.000156678478, 0.000271763041, -0.00021480117, -0.289357722, -0.957221031, 30 change(s)]
Alarms             Alarms.Mainframe.IndustrialAlarm.SpinnyPart.Part ~(397.8, 277.5, 85.9).CFrame = 397.844727, 277.534973, 85.9248199, 2.81554694e-05, 0.254496992, -0.967073619, -1, -0.000106794359, -5.72183053e-05, -0.000117839882, 0.967073619, 0.254496992   [was 397.844666, 277.534973, 85.9248352, 0.000228612655, -0.800541282, 0.599277556, -0.99999994, -5.42883354e-05, 0.000308959658, -0.00021480117, -0.599277616, -0.800541222, 30 change(s)]
Alarms             Alarms.Mainframe.IndustrialAlarm.SpinnyPart.Part ~(397.8, 277.5, 85.9) #2.CFrame = 397.844727, 277.458405, 85.9248123, 2.81554694e-05, 0.254496992, -0.967073619, -1, -0.000106794359, -5.72183053e-05, -0.000117839882, 0.967073619, 0.254496992   [was 397.844696, 277.458405, 85.9248199, 0.000228612655, -0.800541282, 0.599277556, -0.99999994, -5.42883354e-05, 0.000308959658, -0.00021480117, -0.599277616, -0.800541222, 30 change(s)]
Alarms             Alarms.Mainframe.IndustrialAlarm.SpinnyPart.Neon ~(397.3, 277.4, 86.3).CFrame = 398.454254, 277.447479, 85.9837723, -2.81554694e-05, -0.0915866345, 0.995797157, 1, -0.000119923279, 1.72445725e-05, 0.000117839882, 0.995797157, 0.0915866643   [was 397.330597, 277.447296, 86.2575684, -0.000228612655, -0.547317147, -0.836925268, 0.99999994, 5.46489209e-05, -0.000308896095, 0.00021480117, -0.836925328, 0.547317028, 30 change(s)]
Alarms             Alarms.Mainframe.IndustrialAlarm.SpinnyPart.Part ~(398.0, 277.4, 85.4).CFrame = 397.369537, 277.447388, 86.2576294, 2.81554694e-05, 0.569888532, -0.821722031, -1, -8.07861506e-05, -9.02915635e-05, -0.000117839882, 0.821722031, 0.569888532   [was 398.01001, 277.447601, 85.3687057, 0.000228612655, -0.957221031, 0.289357662, -0.99999994, -0.000156678478, 0.000271763041, -0.00021480117, -0.289357722, -0.957221031, 30 change(s)]
Alarms             Alarms.Mainframe.IndustrialAlarm.SpinnyPart.Part ~(397.8, 277.4, 85.9) #2.CFrame = 397.844727, 277.447479, 85.9248123, 2.81554694e-05, 0.569888532, -0.821722031, -1, -8.07861506e-05, -9.02915635e-05, -0.000117839882, 0.821722031, 0.569888532   [was 397.844696, 277.447479, 85.9248199, 0.000228612655, -0.957221031, 0.289357662, -0.99999994, -0.000156678478, 0.000271763041, -0.00021480117, -0.289357722, -0.957221031, 30 change(s)]
Alarms             Alarms.Mainframe.IndustrialAlarm.SpinnyPart.Part ~(397.4, 277.4, 86.2).CFrame = 398.4216, 277.447479, 85.9807663, -2.81554694e-05, -0.0915866345, 0.995797157, 1, -0.000119923279, 1.72445725e-05, 0.000117839882, 0.995797157, 0.0915866643   [was 397.358063, 277.447296, 86.2396011, -0.000228612655, -0.547317147, -0.836925268, 0.99999994, 5.46489209e-05, -0.000308896095, 0.00021480117, -0.836925328, 0.547317028, 30 change(s)]
Alarms             Alarms.Mainframe.IndustrialAlarm.SpinnyPart.Part ~(398.2, 277.4, 85.5).CFrame = 397.284119, 277.447449, 86.0723495, 2.81554694e-05, 0.254496992, -0.967073619, -1, -0.000106794359, -5.72183053e-05, -0.000117839882, 0.967073619, 0.254496992   [was 398.192078, 277.447662, 85.4607391, 0.000228612655, -0.800541282, 0.599277556, -0.99999994, -5.42883354e-05, 0.000308959658, -0.00021480117, -0.599277616, -0.800541222, 30 change(s)]
Alarms             Alarms.Mainframe.IndustrialAlarm.SpinnyPart.Part ~(398.3, 277.4, 85.6).CFrame = 397.267242, 277.447479, 85.8690186, 2.81554694e-05, -0.0915866345, -0.995797157, -1, -0.000119923279, -1.72445762e-05, -0.000117839882, 0.995797157, -0.0915866345   [was 398.331696, 277.447662, 85.60952, 0.000228612655, -0.547317147, 0.836925268, -0.99999994, 5.46489209e-05, 0.000308896095, -0.00021480117, -0.836925328, -0.547317028, 30 change(s)]
Alarms             Alarms.Mainframe.IndustrialAlarm.SpinnyPart.Part ~(397.8, 277.4, 85.9) #3.CFrame = 397.844727, 277.447479, 85.9248123, 2.81554694e-05, -0.0915866345, -0.995797157, -1, -0.000119923279, -1.72445762e-05, -0.000117839882, 0.995797157, -0.0915866345   [was 397.844696, 277.447479, 85.9248199, 0.000228612655, -0.547317147, 0.836925268, -0.99999994, 5.46489209e-05, 0.000308896095, -0.00021480117, -0.836925328, -0.547317028, 30 change(s)]
Alarms             Alarms.Mainframe.IndustrialAlarm.SpinnyPart.Part ~(397.5, 277.4, 86.4).CFrame = 398.404724, 277.447479, 85.7774506, -2.81554694e-05, 0.254496992, 0.967073619, 1, -0.000106794359, 5.72183053e-05, 0.000117839882, 0.967073619, -0.254496992   [was 397.497681, 277.447266, 86.3883743, -0.000228612655, -0.800541282, -0.599277556, 0.99999994, -5.42883354e-05, -0.000308959658, 0.00021480117, -0.599277616, 0.800541222, 30 change(s)]
Alarms             Alarms.Mainframe.IndustrialAlarm.SpinnyPart.Part ~(397.7, 277.4, 86.5).CFrame = 398.319305, 277.44754, 85.5921555, -2.81554694e-05, 0.569888532, 0.821722031, 1, -8.07861506e-05, 9.02915708e-05, 0.000117839882, 0.821722031, -0.569888592   [was 397.679779, 277.447327, 86.4804153, -0.000228612655, -0.957221031, -0.289357632, 0.99999994, -0.000156678478, -0.000271763041, 0.00021480117, -0.289357722, 0.957221031, 30 change(s)]
Alarms             Alarms.Mainframe.IndustrialAlarm.SpinnyPart.Neon ~(398.4, 277.4, 85.6).CFrame = 397.234589, 277.447479, 85.8660126, 2.81554694e-05, -0.0915866345, -0.995797157, -1, -0.000119923279, -1.72445762e-05, -0.000117839882, 0.995797157, -0.0915866345   [was 398.359161, 277.447662, 85.591568, 0.000228612655, -0.547317147, 0.836925268, -0.99999994, 5.46489209e-05, 0.000308896095, -0.00021480117, -0.836925328, -0.547317028, 30 change(s)]
Alarms             Alarms.Mainframe.IndustrialAlarm.NeonLight ~(398.2, 277.4, 85.4).CFrame = 397.25238, 277.447449, 86.0807037, 2.81554694e-05, 0.254496992, -0.967073619, -1, -0.000106794359, -5.72183053e-05, -0.000117839882, 0.967073619, 0.254496992   [was 398.211761, 277.447662, 85.4344711, 0.000228612655, -0.800541282, 0.599277556, -0.99999994, -5.42883354e-05, 0.000308959658, -0.00021480117, -0.599277616, -0.800541222, 30 change(s)]
Alarms             Alarms.Mainframe.IndustrialAlarm.Part ~(397.8, 277.4, 85.9).CFrame = 397.844727, 277.374023, 85.9248047, 2.81554694e-05, 0.254496992, -0.967073619, -1, -0.000106794359, -5.72183053e-05, -0.000117839882, 0.967073619, 0.254496992   [was 397.844727, 277.374023, 85.9248047, 0.000228612655, -0.800541282, 0.599277556, -0.99999994, -5.42883354e-05, 0.000308959658, -0.00021480117, -0.599277616, -0.800541222, 30 change(s)]
Alarms             Alarms.Mainframe.IndustrialAlarm.NeonLight ~(397.5, 277.4, 86.4).CFrame = 398.436462, 277.447479, 85.7690964, -2.81554694e-05, 0.254496992, 0.967073619, 1, -0.000106794359, 5.72183053e-05, 0.000117839882, 0.967073619, -0.254496992   [was 397.477997, 277.447266, 86.41465, -0.000228612655, -0.800541282, -0.599277556, 0.99999994, -5.42883354e-05, -0.000308959658, 0.00021480117, -0.599277616, 0.800541222, 30 change(s)]
Alarms             Alarms.Mainframe.IndustrialAlarm.SpinnyPart.Part ~(484.8, 277.6, 35.7).CFrame = 484.794922, 277.56778, 35.7246361, 2.81554694e-05, 0.254496992, -0.967073619, -1, -0.000106794359, -5.72183053e-05, -0.000117839882, 0.967073619, 0.254496992   [was 484.794861, 277.56778, 35.7246513, 0.000228612655, -0.800541282, 0.599277556, -0.99999994, -5.42883354e-05, 0.000308959658, -0.00021480117, -0.599277616, -0.800541222, 30 change(s)]
Alarms             Alarms.Mainframe.IndustrialAlarm.SpinnyPart.Part ~(484.8, 277.4, 35.7).CFrame = 484.794922, 277.447479, 35.7246208, 2.81554694e-05, 0.254496992, -0.967073619, -1, -0.000106794359, -5.72183053e-05, -0.000117839882, 0.967073619, 0.254496992   [was 484.794891, 277.447479, 35.7246246, 0.000228612655, -0.800541282, 0.599277556, -0.99999994, -5.42883354e-05, 0.000308959658, -0.00021480117, -0.599277616, -0.800541222, 30 change(s)]
Alarms             Alarms.Mainframe.IndustrialAlarm.SpinnyPart.Neon ~(484.6, 277.4, 36.3).CFrame = 485.296478, 277.44754, 35.3732605, -2.81554694e-05, 0.569888532, 0.821722031, 1, -8.07861506e-05, 9.02915708e-05, 0.000117839882, 0.821722031, -0.569888592   [was 484.620483, 277.447327, 36.3116379, -0.000228612655, -0.957221031, -0.289357632, 0.99999994, -0.000156678478, -0.000271763041, 0.00021480117, -0.289357722, 0.957221031, 30 change(s)]
Alarms             Alarms.Mainframe.IndustrialAlarm.SpinnyPart.Neon ~(485.0, 277.4, 35.1).CFrame = 484.292755, 277.447388, 36.0761414, 2.81554694e-05, 0.569888532, -0.821722031, -1, -8.07861506e-05, -9.02915635e-05, -0.000117839882, 0.821722031, 0.569888532   [was 484.969696, 277.447601, 35.137104, 0.000228612655, -0.957221031, 0.289357662, -0.99999994, -0.000156678478, 0.000271763041, -0.00021480117, -0.289357722, -0.957221031, 30 change(s)]
Alarms             Alarms.Mainframe.IndustrialAlarm.SpinnyPart.Part ~(484.8, 277.4, 35.7) #2.CFrame = 484.794922, 277.447479, 35.7246208, 2.81554694e-05, -0.0915866345, -0.995797157, -1, -0.000119923279, -1.72445762e-05, -0.000117839882, 0.995797157, -0.0915866345   [was 484.794891, 277.447479, 35.7246246, 0.000228612655, -0.547317147, 0.836925268, -0.99999994, 5.46489209e-05, 0.000308896095, -0.00021480117, -0.836925328, -0.547317028, 30 change(s)]
Alarms             Alarms.Mainframe.IndustrialAlarm.SpinnyPart.Part ~(484.4, 277.4, 36.2).CFrame = 485.354919, 277.447479, 35.5772591, -2.81554694e-05, 0.254496992, 0.967073619, 1, -0.000106794359, 5.72183053e-05, 0.000117839882, 0.967073619, -0.254496992   [was 484.447876, 277.447266, 36.188179, -0.000228612655, -0.800541282, -0.599277556, 0.99999994, -5.42883354e-05, -0.000308959658, 0.00021480117, -0.599277616, 0.800541222, 30 change(s)]
Alarms             Alarms.Mainframe.IndustrialAlarm.SpinnyPart.Part ~(484.6, 277.4, 36.3).CFrame = 485.269501, 277.44754, 35.3919601, -2.81554694e-05, 0.569888532, 0.821722031, 1, -8.07861506e-05, 9.02915708e-05, 0.000117839882, 0.821722031, -0.569888592   [was 484.629974, 277.447327, 36.2802238, -0.000228612655, -0.957221031, -0.289357632, 0.99999994, -0.000156678478, -0.000271763041, 0.00021480117, -0.289357722, 0.957221031, 30 change(s)]
Alarms             Alarms.Mainframe.IndustrialAlarm.SpinnyPart.Neon ~(485.3, 277.4, 35.4).CFrame = 484.184784, 277.447479, 35.6658173, 2.81554694e-05, -0.0915866345, -0.995797157, -1, -0.000119923279, -1.72445762e-05, -0.000117839882, 0.995797157, -0.0915866345   [was 485.309357, 277.447662, 35.3913727, 0.000228612655, -0.547317147, 0.836925268, -0.99999994, 5.46489209e-05, 0.000308896095, -0.00021480117, -0.836925328, -0.547317028, 30 change(s)]
Alarms             Alarms.Mainframe.IndustrialAlarm.SpinnyPart.Part ~(484.8, 277.4, 35.7) #3.CFrame = 484.794922, 277.447479, 35.7246208, 2.81554694e-05, 0.569888532, -0.821722031, -1, -8.07861506e-05, -9.02915635e-05, -0.000117839882, 0.821722031, 0.569888532   [was 484.794891, 277.447479, 35.7246246, 0.000228612655, -0.957221031, 0.289357662, -0.99999994, -0.000156678478, 0.000271763041, -0.00021480117, -0.289357722, -0.957221031, 30 change(s)]
Alarms             Alarms.Mainframe.IndustrialAlarm.SpinnyPart.Part ~(484.3, 277.4, 36.0).CFrame = 485.371796, 277.447479, 35.7805748, -2.81554694e-05, -0.0915866345, 0.995797157, 1, -0.000119923279, 1.72445725e-05, 0.000117839882, 0.995797157, 0.0915866643   [was 484.308258, 277.447296, 36.0394135, -0.000228612655, -0.547317147, -0.836925268, 0.99999994, 5.46489209e-05, -0.000308896095, 0.00021480117, -0.836925328, 0.547317028, 30 change(s)]
Alarms             Alarms.Mainframe.IndustrialAlarm.SpinnyPart.Part ~(485.1, 277.4, 35.3).CFrame = 484.234314, 277.447449, 35.8721581, 2.81554694e-05, 0.254496992, -0.967073619, -1, -0.000106794359, -5.72183053e-05, -0.000117839882, 0.967073619, 0.254496992   [was 485.142273, 277.447662, 35.2605476, 0.000228612655, -0.800541282, 0.599277556, -0.99999994, -5.42883354e-05, 0.000308959658, -0.00021480117, -0.599277616, -0.800541222, 30 change(s)]
Alarms             Alarms.Mainframe.IndustrialAlarm.SpinnyPart.Part ~(485.3, 277.4, 35.4).CFrame = 484.217438, 277.447479, 35.6688271, 2.81554694e-05, -0.0915866345, -0.995797157, -1, -0.000119923279, -1.72445762e-05, -0.000117839882, 0.995797157, -0.0915866345   [was 485.281891, 277.447662, 35.4093246, 0.000228612655, -0.547317147, 0.836925268, -0.99999994, 5.46489209e-05, 0.000308896095, -0.00021480117, -0.836925328, -0.547317028, 30 change(s)]
Alarms             Alarms.Mainframe.IndustrialAlarm.SpinnyPart.Part ~(484.8, 277.5, 35.7).CFrame = 484.794922, 277.534973, 35.7246323, 2.81554694e-05, 0.254496992, -0.967073619, -1, -0.000106794359, -5.72183053e-05, -0.000117839882, 0.967073619, 0.254496992   [was 484.794861, 277.534973, 35.7246437, 0.000228612655, -0.800541282, 0.599277556, -0.99999994, -5.42883354e-05, 0.000308959658, -0.00021480117, -0.599277616, -0.800541222, 30 change(s)]
Alarms             Alarms.Mainframe.IndustrialAlarm.SpinnyPart.Part ~(484.8, 277.5, 35.7) #2.CFrame = 484.794922, 277.458405, 35.7246208, 2.81554694e-05, 0.254496992, -0.967073619, -1, -0.000106794359, -5.72183053e-05, -0.000117839882, 0.967073619, 0.254496992   [was 484.794891, 277.458405, 35.7246284, 0.000228612655, -0.800541282, 0.599277556, -0.99999994, -5.42883354e-05, 0.000308959658, -0.00021480117, -0.599277616, -0.800541222, 30 change(s)]
Alarms             Alarms.Mainframe.IndustrialAlarm.SpinnyPart.Neon ~(484.3, 277.4, 36.1).CFrame = 485.404449, 277.447479, 35.7835808, -2.81554694e-05, -0.0915866345, 0.995797157, 1, -0.000119923279, 1.72445725e-05, 0.000117839882, 0.995797157, 0.0915866643   [was 484.280792, 277.447296, 36.057373, -0.000228612655, -0.547317147, -0.836925268, 0.99999994, 5.46489209e-05, -0.000308896095, 0.00021480117, -0.836925328, 0.547317028, 30 change(s)]
Alarms             Alarms.Mainframe.IndustrialAlarm.SpinnyPart.Part ~(485.0, 277.4, 35.2).CFrame = 484.319733, 277.447388, 36.0574417, 2.81554694e-05, 0.569888532, -0.821722031, -1, -8.07861506e-05, -9.02915635e-05, -0.000117839882, 0.821722031, 0.569888532   [was 484.960205, 277.447601, 35.1685143, 0.000228612655, -0.957221031, 0.289357662, -0.99999994, -0.000156678478, 0.000271763041, -0.00021480117, -0.289357722, -0.957221031, 30 change(s)]
Alarms             Alarms.Mainframe.IndustrialAlarm.NeonLight ~(485.2, 277.4, 35.2).CFrame = 484.202576, 277.447449, 35.8805122, 2.81554694e-05, 0.254496992, -0.967073619, -1, -0.000106794359, -5.72183053e-05, -0.000117839882, 0.967073619, 0.254496992   [was 485.161957, 277.447662, 35.2342796, 0.000228612655, -0.800541282, 0.599277556, -0.99999994, -5.42883354e-05, 0.000308959658, -0.00021480117, -0.599277616, -0.800541222, 30 change(s)]
Alarms             Alarms.Mainframe.IndustrialAlarm.NeonLight ~(484.4, 277.4, 36.2).CFrame = 485.386658, 277.447479, 35.5689049, -2.81554694e-05, 0.254496992, 0.967073619, 1, -0.000106794359, 5.72183053e-05, 0.000117839882, 0.967073619, -0.254496992   [was 484.428192, 277.447266, 36.2144547, -0.000228612655, -0.800541282, -0.599277556, 0.99999994, -5.42883354e-05, -0.000308959658, 0.00021480117, -0.599277616, 0.800541222, 30 change(s)]
Alarms             Alarms.Mainframe.IndustrialAlarm.Part ~(484.8, 277.4, 35.7).CFrame = 484.794922, 277.374023, 35.7246094, 2.81554694e-05, 0.254496992, -0.967073619, -1, -0.000106794359, -5.72183053e-05, -0.000117839882, 0.967073619, 0.254496992   [was 484.794922, 277.374023, 35.7246094, 0.000228612655, -0.800541282, 0.599277556, -0.99999994, -5.42883354e-05, 0.000308959658, -0.00021480117, -0.599277616, -0.800541222, 30 change(s)]
CRC3               CRC3.ProcessorInterior.CalibrationConsole.PECScreen.SurfaceGui.ProcessorFrame.StabilityFrame.Bar.Size = {1, 0}, {0.987999976, 0}   [was {1, 0}, {1, 0}, 24 change(s)]
CRC3               CRC3.CoolantDoor.Union.CFrame = 500.91095, 86.4619522, 96.9822769, -1, 0, 0, 0, 1, 0, 0, 0, -1   [was 500.91095, 93.4619522, 96.9822769, -1, 0, 0, 0, 1, 0, 0, 0, -1, 1 change(s)]
CRC3               CRC3.CoolantDoor.Trapezoid (0.5 stud top).CFrame = 500.436035, 86.2245255, 97.7183456, 0, -1, 0, 0, 0, -1, 1, 0, 0   [was 500.436035, 93.2245255, 97.7183456, 0, -1, 0, 0, 0, -1, 1, 0, 0, 1 change(s)]
CRC3               CRC3.CoolantDoor.Trapezoid (0.5 stud top) ~(500.4, 93.2, 90.1).CFrame = 500.436005, 86.2245255, 90.120163, 0, -1, 0, 0, 0, -1, 1, 0, 0   [was 500.436005, 93.2245255, 90.120163, 0, -1, 0, 0, 0, -1, 1, 0, 0, 1 change(s)]
CRC3               CRC3.CoolantDoor.Trapezoid (0.5 stud top) ~(500.4, 93.2, 94.7).CFrame = 500.436035, 86.2245255, 94.6790848, 0, -1, 0, 0, 0, -1, 1, 0, 0   [was 500.436035, 93.2245255, 94.6790848, 0, -1, 0, 0, 0, -1, 1, 0, 0, 1 change(s)]
CRC3               CRC3.CoolantDoor.Trapezoid (0.5 stud top) ~(500.4, 93.2, 91.6).CFrame = 500.436035, 86.2245255, 91.639801, 0, -1, 0, 0, 0, -1, 1, 0, 0   [was 500.436035, 93.2245255, 91.639801, 0, -1, 0, 0, 0, -1, 1, 0, 0, 1 change(s)]
CRC3               CRC3.CoolantDoor.Trapezoid (0.5 stud top) ~(500.4, 93.2, 99.2).CFrame = 500.436035, 86.2245255, 99.2379837, 0, -1, 0, 0, 0, -1, 1, 0, 0   [was 500.436035, 93.2245255, 99.2379837, 0, -1, 0, 0, 0, -1, 1, 0, 0, 1 change(s)]
CRC3               CRC3.CoolantDoor.Trapezoid (0.5 stud top) ~(500.4, 93.2, 100.8).CFrame = 500.436035, 86.2245255, 100.757622, 0, -1, 0, 0, 0, -1, 1, 0, 0   [was 500.436035, 93.2245255, 100.757622, 0, -1, 0, 0, 0, -1, 1, 0, 0, 1 change(s)]
CRC3               CRC3.CoolantDoor.Trapezoid (0.5 stud top) ~(500.4, 93.2, 102.3).CFrame = 500.436066, 86.2245331, 102.277267, 0, -1, 0, 0, 0, -1, 1, 0, 0   [was 500.436066, 93.2245331, 102.277267, 0, -1, 0, 0, 0, -1, 1, 0, 0, 1 change(s)]
CRC3               CRC3.CoolantDoor.Trapezoid (0.5 stud top) ~(500.4, 93.2, 103.8).CFrame = 500.436035, 86.2245255, 103.796898, 0, -1, 0, 0, 0, -1, 1, 0, 0   [was 500.436035, 93.2245255, 103.796898, 0, -1, 0, 0, 0, -1, 1, 0, 0, 1 change(s)]
CRC3               CRC3.CoolantDoor.Trapezoid (0.5 stud top) ~(500.4, 93.2, 93.2).CFrame = 500.436005, 86.2245331, 93.1594391, 0, -1, 0, 0, 0, -1, 1, 0, 0   [was 500.436005, 93.2245331, 93.1594391, 0, -1, 0, 0, 0, -1, 1, 0, 0, 1 change(s)]
CRC3               CRC3.CoolantDoor.Trapezoid (0.5 stud top) ~(500.4, 93.2, 96.2).CFrame = 500.436005, 86.2245255, 96.1987152, 0, -1, 0, 0, 0, -1, 1, 0, 0   [was 500.436005, 93.2245255, 96.1987152, 0, -1, 0, 0, 0, -1, 1, 0, 0, 1 change(s)]
CRC3               CRC3.Coolant.Size = 110, 72, 60   [was 110, 2, 60, 1 change(s)]
CRC3               CRC3.Coolant.CoolantSound.Playing = false   [was false, 2 change(s)]
CRC3               CRC3.Coolant.CoolantSound.Volume = 0   [was 0.5, 1 change(s)]
CRC2               CRC2.ProcessorInterior.CalibrationConsole.PECScreen.SurfaceGui.ProcessorFrame.StabilityFrame.Bar.Size = {1, 0}, {0.987999976, 0}   [was {1, 0}, {1, 0}, 24 change(s)]
CRC2               CRC2.CoolantDoor.Union.CFrame = 500.911194, 86.4619522, -98.3169937, -1, 0, 0, 0, 1, 0, 0, 0, -1   [was 500.911194, 93.4619522, -98.3169937, -1, 0, 0, 0, 1, 0, 0, 0, -1, 1 change(s)]
CRC2               CRC2.CoolantDoor.Trapezoid (0.5 stud top).CFrame = 500.436279, 86.2245255, -96.0612869, 0, -1, 0, 0, 0, -1, 1, 0, 0   [was 500.436279, 93.2245255, -96.0612869, 0, -1, 0, 0, 0, -1, 1, 0, 0, 1 change(s)]
CRC2               CRC2.CoolantDoor.Trapezoid (0.5 stud top) ~(500.4, 93.2, -94.5).CFrame = 500.436279, 86.2245255, -94.5416489, 0, -1, 0, 0, 0, -1, 1, 0, 0   [was 500.436279, 93.2245255, -94.5416489, 0, -1, 0, 0, 0, -1, 1, 0, 0, 1 change(s)]
CRC2               CRC2.CoolantDoor.Trapezoid (0.5 stud top) ~(500.4, 93.2, -99.1).CFrame = 500.436249, 86.2245255, -99.1005554, 0, -1, 0, 0, 0, -1, 1, 0, 0   [was 500.436249, 93.2245255, -99.1005554, 0, -1, 0, 0, 0, -1, 1, 0, 0, 1 change(s)]
CRC2               CRC2.CoolantDoor.Trapezoid (0.5 stud top) ~(500.4, 93.2, -97.6).CFrame = 500.436279, 86.2245255, -97.580925, 0, -1, 0, 0, 0, -1, 1, 0, 0   [was 500.436279, 93.2245255, -97.580925, 0, -1, 0, 0, 0, -1, 1, 0, 0, 1 change(s)]
CRC2               CRC2.CoolantDoor.Trapezoid (0.5 stud top) ~(500.4, 93.2, -93.0).CFrame = 500.43631, 86.2245331, -93.0220032, 0, -1, 0, 0, 0, -1, 1, 0, 0   [was 500.43631, 93.2245331, -93.0220032, 0, -1, 0, 0, 0, -1, 1, 0, 0, 1 change(s)]
CRC2               CRC2.CoolantDoor.Trapezoid (0.5 stud top) ~(500.4, 93.2, -103.7).CFrame = 500.436279, 86.2245255, -103.65947, 0, -1, 0, 0, 0, -1, 1, 0, 0   [was 500.436279, 93.2245255, -103.65947, 0, -1, 0, 0, 0, -1, 1, 0, 0, 1 change(s)]
CRC2               CRC2.CoolantDoor.Trapezoid (0.5 stud top) ~(500.4, 93.2, -91.5).CFrame = 500.436279, 86.2245255, -91.5023727, 0, -1, 0, 0, 0, -1, 1, 0, 0   [was 500.436279, 93.2245255, -91.5023727, 0, -1, 0, 0, 0, -1, 1, 0, 0, 1 change(s)]
CRC2               CRC2.CoolantDoor.Trapezoid (0.5 stud top) ~(500.4, 93.2, -102.1).CFrame = 500.436249, 86.2245331, -102.139832, 0, -1, 0, 0, 0, -1, 1, 0, 0   [was 500.436249, 93.2245331, -102.139832, 0, -1, 0, 0, 0, -1, 1, 0, 0, 1 change(s)]
CRC2               CRC2.CoolantDoor.Trapezoid (0.5 stud top) ~(500.4, 93.2, -100.6).CFrame = 500.436279, 86.2245255, -100.620186, 0, -1, 0, 0, 0, -1, 1, 0, 0   [was 500.436279, 93.2245255, -100.620186, 0, -1, 0, 0, 0, -1, 1, 0, 0, 1 change(s)]
CRC2               CRC2.CoolantDoor.Trapezoid (0.5 stud top) ~(500.4, 93.2, -105.2).CFrame = 500.436249, 86.2245255, -105.179108, 0, -1, 0, 0, 0, -1, 1, 0, 0   [was 500.436249, 93.2245255, -105.179108, 0, -1, 0, 0, 0, -1, 1, 0, 0, 1 change(s)]
CRC2               CRC2.Coolant.Size = 110, 72, 60   [was 110, 2, 60, 1 change(s)]
CRC2               CRC2.Coolant.CoolantSound.Playing = false   [was false, 2 change(s)]
CRC2               CRC2.Coolant.CoolantSound.Volume = 0   [was 0.5, 1 change(s)]
CRC1               CRC1.ProcessorInterior.CalibrationConsole.PECLever2.LeverUnion.CFrame = 580.775024, 167.108994, -0.665000021, -1.03712082e-05, -0.34203434, 0.93968749, -1.81794167e-06, 0.939687431, 0.34203434, -1, 1.81794167e-06, -1.03712082e-05   [was 580.775146, 167.108551, -0.664994061, -1.03712082e-05, -0.34203434, 0.93968749, -1.81794167e-06, 0.939687431, 0.34203434, -1, 1.81794167e-06, -1.03712082e-05, 2 change(s)]
CRC1               CRC1.ProcessorInterior.CalibrationConsole.PECLever1.LeverUnion.CFrame = 580.775024, 167.108994, -2.11500001, -1.03712082e-05, -0.34203434, 0.93968749, -1.81794167e-06, 0.939687431, 0.34203434, -1, 1.81794167e-06, -1.03712082e-05   [was 580.775146, 167.108551, -2.11499405, -1.03712082e-05, -0.34203434, 0.93968749, -1.81794167e-06, 0.939687431, 0.34203434, -1, 1.81794167e-06, -1.03712082e-05, 2 change(s)]
CRC1               CRC1.ProcessorInterior.CalibrationConsole.PECScreen.SurfaceGui.ProcessorFrame.PEC1Frame.NodeContainer.Node10.Visible = true   [was true, 2 change(s)]
CRC1               CRC1.ProcessorInterior.CalibrationConsole.PECScreen.SurfaceGui.ProcessorFrame.PEC1Frame.NodeContainer.Node9.Visible = true   [was true, 2 change(s)]
CRC1               CRC1.ProcessorInterior.CalibrationConsole.PECScreen.SurfaceGui.ProcessorFrame.PEC1Frame.NodeContainer.Node8.Visible = true   [was true, 2 change(s)]
CRC1               CRC1.ProcessorInterior.CalibrationConsole.PECScreen.SurfaceGui.ProcessorFrame.PEC1Frame.NodeContainer.Node1.BackgroundColor3 = 0.333333, 1, 1   [was 0.333333, 1, 1, 2 change(s)]
CRC1               CRC1.ProcessorInterior.CalibrationConsole.PECScreen.SurfaceGui.ProcessorFrame.PEC2Frame.NodeContainer.Node10.Visible = true   [was true, 2 change(s)]
CRC1               CRC1.ProcessorInterior.CalibrationConsole.PECScreen.SurfaceGui.ProcessorFrame.PEC2Frame.NodeContainer.Node9.Visible = true   [was true, 2 change(s)]
CRC1               CRC1.ProcessorInterior.CalibrationConsole.PECScreen.SurfaceGui.ProcessorFrame.PEC2Frame.NodeContainer.Node8.Visible = true   [was true, 2 change(s)]
CRC1               CRC1.ProcessorInterior.CalibrationConsole.PECScreen.SurfaceGui.ProcessorFrame.PEC2Frame.NodeContainer.Node7.Visible = true   [was true, 2 change(s)]
CRC1               CRC1.ProcessorInterior.CalibrationConsole.PECScreen.SurfaceGui.ProcessorFrame.PEC2Frame.NodeContainer.Node6.Visible = true   [was true, 2 change(s)]
CRC1               CRC1.ProcessorInterior.CalibrationConsole.PECScreen.SurfaceGui.ProcessorFrame.PEC2Frame.NodeContainer.Node5.Visible = true   [was true, 2 change(s)]
CRC1               CRC1.ProcessorInterior.CalibrationConsole.PECScreen.SurfaceGui.ProcessorFrame.PEC2Frame.NodeContainer.Node4.Visible = true   [was true, 2 change(s)]
CRC1               CRC1.ProcessorInterior.CalibrationConsole.PECScreen.SurfaceGui.ProcessorFrame.PEC2Frame.NodeContainer.Node3.Visible = true   [was true, 2 change(s)]
CRC1               CRC1.ProcessorInterior.CalibrationConsole.PECScreen.SurfaceGui.ProcessorFrame.PEC2Frame.NodeContainer.Node2.Visible = true   [was true, 2 change(s)]
CRC1               CRC1.ProcessorInterior.CalibrationConsole.PECScreen.SurfaceGui.ProcessorFrame.PEC2Frame.NodeContainer.Node1.BackgroundColor3 = 0.333333, 1, 1   [was 0.333333, 1, 1, 3 change(s)]
CRC1               CRC1.ProcessorInterior.CalibrationConsole.PECScreen.SurfaceGui.ProcessorFrame.StabilityFrame.Bar.Size = {1, 0}, {0.994000018, 0}   [was {1, 0}, {1, 0}, 24 change(s)]
CRC1               CRC1.CoolantRegulator.RegulatorLight.NeonPart.Color = 0.929412, 0.917647, 0.917647   [was 0.929412, 0.917647, 0.917647, 3 change(s)]
CRC1               CRC1.CoolantRegulator.RegulatorLight.NeonPart.PointLight.Color = 0.666667, 1, 0.498039   [was 0.666667, 1, 0.498039, 3 change(s)]
CRC1               CRC1.CoolantRegulator.RegulatorLight.NeonPart ~(522.8, 169.3, -26.5).Color = 0.929412, 0.917647, 0.917647   [was 0.929412, 0.917647, 0.917647, 3 change(s)]
CRC1               CRC1.CoolantRegulator.RegulatorLight.NeonPart.PointLight #2.Color = 0.666667, 1, 0.498039   [was 0.666667, 1, 0.498039, 3 change(s)]
CRC1               CRC1.MalfunctionALARM.SpinnyPart.Part.CFrame = 517.466797, 140.1875, -0.6640625, 0.99999994, 3.17040438e-08, -7.38035553e-08, -3.17040438e-08, -0.6884287, -0.725303948, -7.38035553e-08, 0.725304008, -0.68842864   [was 517.466736, 140.186554, -0.665008724, 1, 0, 0, 0, -1, 0, 0, 0, -1, 3 change(s)]
CRC1               CRC1.MalfunctionALARM.SpinnyPart.Part.HingeConstraint.AngularVelocity = 0   [was 0, 2 change(s)]
CRC1               CRC1.MalfunctionALARM.SpinnyPart.Union.CFrame = 517.134277, 140.187592, -0.664151013, 0.99999994, 3.17040438e-08, -7.38035553e-08, -3.17040438e-08, -0.6884287, -0.725303948, -7.38035553e-08, 0.725304008, -0.68842864   [was 517.134216, 140.186676, -0.665008724, 1, 0, 0, 0, -1, 0, 0, 0, -1, 3 change(s)]
CRC1               CRC1.MalfunctionALARM.SpinnyPart.NeonPart.CFrame = 517.184265, 140.187546, -0.664108157, 0.99999994, 3.17040438e-08, -7.38035553e-08, -3.17040438e-08, -0.6884287, -0.725303948, -7.38035553e-08, 0.725304008, -0.68842864   [was 517.184204, 140.186615, -0.665008724, 1, 0, 0, 0, -1, 0, 0, 0, -1, 3 change(s)]
CRC1               CRC1.MalfunctionALARM.SpinnyPart.NeonPart.Color = 0, 0, 0   [was 0.0666667, 0.0666667, 0.0666667, 2 change(s)]
CRC1               CRC1.MalfunctionALARM.SpinnyPart.NeonPart.SurfaceLight.Enabled = false   [was false, 2 change(s)]
CRC1               CRC1.MalfunctionALARM.MainAlarmPart.ProcessorMalfunctionAlarm.Playing = false   [was false, 2 change(s)]
CRC1               CRC1.CoolantRegulator.RegulatorLight.NeonPart ~(522.8, 169.3, -15.0).Color = 0.929412, 0.917647, 0.917647   [was 0.929412, 0.917647, 0.917647, 3 change(s)]
CRC1               CRC1.CoolantRegulator.RegulatorLight.NeonPart.PointLight #3.Color = 0.666667, 1, 0.498039   [was 0.666667, 1, 0.498039, 3 change(s)]
CRC1               CRC1.CoolantRegulator.RegulatorLight.NeonPart ~(522.8, 169.3, 13.7).Color = 0.929412, 0.917647, 0.917647   [was 0.929412, 0.917647, 0.917647, 3 change(s)]
CRC1               CRC1.CoolantRegulator.RegulatorLight.NeonPart.PointLight #4.Color = 0.666667, 1, 0.498039   [was 0.666667, 1, 0.498039, 3 change(s)]
CRC1               CRC1.CoolantDoor.Union.CFrame = 500.911072, 79.4619522, -0.667991936, -1, 0, 0, 0, 1, 0, 0, 0, -1   [was 500.911072, 93.4619522, -0.667991936, -1, 0, 0, 0, 1, 0, 0, 0, -1, 2 change(s)]
CRC1               CRC1.CoolantDoor.Trapezoid (0.5 stud top).CFrame = 500.436157, 79.2245255, 0.0680767894, 0, -1, 0, 0, 0, -1, 1, 0, 0   [was 500.436157, 93.2245255, 0.0680767894, 0, -1, 0, 0, 0, -1, 1, 0, 0, 2 change(s)]
CRC1               CRC1.CoolantDoor.Trapezoid (0.5 stud top) ~(500.4, 93.2, -1.5).CFrame = 500.436127, 79.2245255, -1.45155358, 0, -1, 0, 0, 0, -1, 1, 0, 0   [was 500.436127, 93.2245255, -1.45155358, 0, -1, 0, 0, 0, -1, 1, 0, 0, 2 change(s)]
CRC1               CRC1.CoolantDoor.Trapezoid (0.5 stud top) ~(500.4, 93.2, -6.0).CFrame = 500.436157, 79.2245255, -6.01046801, 0, -1, 0, 0, 0, -1, 1, 0, 0   [was 500.436157, 93.2245255, -6.01046801, 0, -1, 0, 0, 0, -1, 1, 0, 0, 2 change(s)]
CRC1               CRC1.CoolantDoor.Trapezoid (0.5 stud top) ~(500.4, 93.2, -7.5).CFrame = 500.436127, 79.2245255, -7.53010607, 0, -1, 0, 0, 0, -1, 1, 0, 0   [was 500.436127, 93.2245255, -7.53010607, 0, -1, 0, 0, 0, -1, 1, 0, 0, 2 change(s)]
CRC1               CRC1.CoolantDoor.Trapezoid (0.5 stud top) ~(500.4, 93.2, -3.0).CFrame = 500.436157, 79.2245255, -2.97118402, 0, -1, 0, 0, 0, -1, 1, 0, 0   [was 500.436157, 93.2245255, -2.97118402, 0, -1, 0, 0, 0, -1, 1, 0, 0, 2 change(s)]
CRC1               CRC1.CoolantDoor.Trapezoid (0.5 stud top) ~(500.4, 93.2, -4.5).CFrame = 500.436127, 79.2245331, -4.49082994, 0, -1, 0, 0, 0, -1, 1, 0, 0   [was 500.436127, 93.2245331, -4.49082994, 0, -1, 0, 0, 0, -1, 1, 0, 0, 2 change(s)]
CRC1               CRC1.CoolantDoor.Trapezoid (0.5 stud top) ~(500.4, 93.2, 3.1).CFrame = 500.436157, 79.2245255, 3.10735297, 0, -1, 0, 0, 0, -1, 1, 0, 0   [was 500.436157, 93.2245255, 3.10735297, 0, -1, 0, 0, 0, -1, 1, 0, 0, 2 change(s)]
CRC1               CRC1.CoolantDoor.Trapezoid (0.5 stud top) ~(500.4, 93.2, 1.6).CFrame = 500.436157, 79.2245255, 1.58771491, 0, -1, 0, 0, 0, -1, 1, 0, 0   [was 500.436157, 93.2245255, 1.58771491, 0, -1, 0, 0, 0, -1, 1, 0, 0, 2 change(s)]
CRC1               CRC1.CoolantDoor.Trapezoid (0.5 stud top) ~(500.4, 93.2, 4.6).CFrame = 500.436188, 79.2245331, 4.62699842, 0, -1, 0, 0, 0, -1, 1, 0, 0   [was 500.436188, 93.2245331, 4.62699842, 0, -1, 0, 0, 0, -1, 1, 0, 0, 2 change(s)]
CRC1               CRC1.CoolantDoor.Trapezoid (0.5 stud top) ~(500.4, 93.2, 6.1).CFrame = 500.436157, 79.2245255, 6.14662886, 0, -1, 0, 0, 0, -1, 1, 0, 0   [was 500.436157, 93.2245255, 6.14662886, 0, -1, 0, 0, 0, -1, 1, 0, 0, 2 change(s)]
CRC1               CRC1.Coolant.Size = 110, 72, 60   [was 110, 2, 60, 5 change(s)]
CRC1               CRC1.Coolant.CoolantSound.Playing = true   [was false, 3 change(s)]
CRC1               CRC1.Coolant.CoolantSound.Volume = 0   [was 0.5, 3 change(s)]
CRC1               CRC1.Grate.WaterEffect.Enabled = true   [was false, 1 change(s)]
CRC1               CRC1.ProcessorInteriorSoundBlock.ProcessorOn.Playing = false   [was false, 2 change(s)]
CRC1               CRC1.SoundPart.CoolantRegulatorAmbience.Volume = 1.5   [was 1.5, 2 change(s)]
CRC1               CRC1.SoundPart2.CoolantRegulatorAmbience.Volume = 1.5   [was 1.5, 2 change(s)]
GravitationShafts  GravitationShafts.RM_LRM_AscendingShaft.BottomInterface.Neon2.Color = 0, 0.992157, 0   [was 0.00392157, 0.921569, 0.00392157, 30 change(s)]
GravitationShafts  GravitationShafts.RM_LRM_AscendingShaft.BottomInterface.Neon1.Color = 0, 0.992157, 0   [was 0.00392157, 0.921569, 0.00392157, 30 change(s)]
GravitationShafts  GravitationShafts.RM_LRM_AscendingShaft.TopInterface.Neon2.Color = 0.992157, 0, 0   [was 0.921569, 0.00392157, 0.00392157, 29 change(s)]
GravitationShafts  GravitationShafts.RM_LRM_AscendingShaft.TopInterface.Neon1.Color = 0.992157, 0, 0   [was 0.921569, 0.00392157, 0.00392157, 29 change(s)]
GravitationShafts  GravitationShafts.RM_LRM_DescendingShaft.BottomInterface.Neon1.Color = 0.992157, 0, 0   [was 0.921569, 0.00392157, 0.00392157, 29 change(s)]
GravitationShafts  GravitationShafts.RM_LRM_DescendingShaft.BottomInterface.Neon2.Color = 0.992157, 0, 0   [was 0.921569, 0.00392157, 0.00392157, 29 change(s)]
GravitationShafts  GravitationShafts.RM_LRM_DescendingShaft.TopInterface.Neon2.Color = 0, 0.992157, 0   [was 0.00392157, 0.921569, 0.00392157, 29 change(s)]
GravitationShafts  GravitationShafts.RM_LRM_DescendingShaft.TopInterface.Neon1.Color = 0, 0.992157, 0   [was 0.00392157, 0.921569, 0.00392157, 29 change(s)]
GravitationShafts  GravitationShafts.RM_HM_AscendingShaft.BottomInterface.Neon1.Color = 0.00392157, 0.894118, 0.00392157   [was 0.00392157, 0.921569, 0.00392157, 29 change(s)]
GravitationShafts  GravitationShafts.RM_HM_AscendingShaft.BottomInterface.Neon2.Color = 0.00392157, 0.894118, 0.00392157   [was 0.00392157, 0.921569, 0.00392157, 29 change(s)]
GravitationShafts  GravitationShafts.RM_HM_AscendingShaft.TopInterface.Neon2.Color = 0.894118, 0.00392157, 0.00392157   [was 0.858824, 0.00784314, 0.00784314, 29 change(s)]
GravitationShafts  GravitationShafts.RM_HM_AscendingShaft.TopInterface.Neon1.Color = 0.894118, 0.00392157, 0.00392157   [was 0.858824, 0.00784314, 0.00784314, 29 change(s)]
GravitationShafts  GravitationShafts.RM_HM_AscendingShaft.BottomInterface.Neon1 ~(245.2, 130.7, -10.5).Color = 0.00392157, 0.894118, 0.00392157   [was 0.0156863, 0.764706, 0.0156863, 29 change(s)]
GravitationShafts  GravitationShafts.RM_HM_AscendingShaft.BottomInterface.Neon2 ~(249.5, 130.7, -10.5).Color = 0.00392157, 0.894118, 0.00392157   [was 0.0156863, 0.764706, 0.0156863, 29 change(s)]
GravitationShafts  GravitationShafts.RM_HM_AscendingShaft.TopInterface.Neon1 ~(245.2, 280.7, -10.5).Color = 0.894118, 0.00392157, 0.00392157   [was 0.764706, 0.0156863, 0.0156863, 29 change(s)]
GravitationShafts  GravitationShafts.RM_HM_AscendingShaft.TopInterface.Neon2 ~(249.5, 280.7, -10.5).Color = 0.894118, 0.00392157, 0.00392157   [was 0.764706, 0.0156863, 0.0156863, 29 change(s)]
GravitationShafts  GravitationShafts.RM_HM_DescendingShaft.BottomInterface.Neon2.Color = 0.858824, 0.00784314, 0.00784314   [was 0.764706, 0.0156863, 0.0156863, 30 change(s)]
GravitationShafts  GravitationShafts.RM_HM_DescendingShaft.BottomInterface.Neon1.Color = 0.858824, 0.00784314, 0.00784314   [was 0.764706, 0.0156863, 0.0156863, 30 change(s)]
GravitationShafts  GravitationShafts.RM_HM_DescendingShaft.TopInterface.Neon2.Color = 0.00784314, 0.858824, 0.00784314   [was 0.0196078, 0.701961, 0.0196078, 30 change(s)]
GravitationShafts  GravitationShafts.RM_HM_DescendingShaft.TopInterface.Neon1.Color = 0.00784314, 0.858824, 0.00784314   [was 0.0196078, 0.701961, 0.0196078, 30 change(s)]
GravitationShafts  GravitationShafts.RM_HM_DescendingShaft.BottomInterface.Neon2 ~(255.5, 130.7, -10.5).Color = 0.858824, 0.00784314, 0.00784314   [was 0.580392, 0.027451, 0.027451, 30 change(s)]
GravitationShafts  GravitationShafts.RM_HM_DescendingShaft.BottomInterface.Neon1 ~(251.2, 130.7, -10.5).Color = 0.858824, 0.00784314, 0.00784314   [was 0.580392, 0.027451, 0.027451, 30 change(s)]
GravitationShafts  GravitationShafts.RM_HM_DescendingShaft.TopInterface.Neon1 ~(251.2, 280.7, -10.5).Color = 0.00784314, 0.858824, 0.00784314   [was 0.027451, 0.580392, 0.027451, 30 change(s)]
GravitationShafts  GravitationShafts.RM_HM_DescendingShaft.TopInterface.Neon2 ~(255.5, 280.7, -10.5).Color = 0.00784314, 0.858824, 0.00784314   [was 0.027451, 0.580392, 0.027451, 30 change(s)]
MonitorsFacility   MonitorsFacility.DisplayMonitor.Monitor.Screen.Color = 0.101961, 0.160784, 0.203922   [was 0.105882, 0.164706, 0.207843, 1 change(s)]
MonitorsFacility   MonitorsFacility.DisplayMonitor.Monitor.Screen.CBLMonitoring.DisconnectFrame.Visible = true   [was true, 2 change(s)]
MonitorsFacility   MonitorsFacility.DisplayMonitor.Monitor.Screen.CBLMonitoring.MainMonitorFrame.Visible = false   [was false, 2 change(s)]
MonitorsFacility   MonitorsFacility.DisplayMonitor.Monitor.Screen.CBLMonitoring.MainMonitorFrame.CBL2Frame.StressLabel.Text = 0 %   [was ERR %, 21 change(s)]
MonitorsFacility   MonitorsFacility.DisplayMonitor.Monitor.Screen.CBLMonitoring.MainMonitorFrame.CBL2Frame.GraphFrame.GraphFrame.GraphImageLabel.Size = {2, 0}, {0, 15}   [was {2, 0}, {0.75, 0}, 25 change(s)]
MonitorsFacility   MonitorsFacility.DisplayMonitor.Monitor.Screen.CBLMonitoring.MainMonitorFrame.CBL2Frame.CBLImageLabel.ImageColor3 = 1, 0.305882, 0.305882   [was 1, 1, 1, 1 change(s)]
MonitorsFacility   MonitorsFacility.DisplayMonitor.Monitor.Screen.CBLMonitoring.MainMonitorFrame.CBL3Frame.StressLabel.Text = 0 %   [was ERR %, 16 change(s)]
MonitorsFacility   MonitorsFacility.DisplayMonitor.Monitor.Screen.CBLMonitoring.MainMonitorFrame.CBL3Frame.GraphFrame.GraphFrame.GraphImageLabel.Size = {2, 0}, {0, -108}   [was {2, 0}, {0.75, 0}, 21 change(s)]
MonitorsFacility   MonitorsFacility.DisplayMonitor.Monitor.Screen.CBLMonitoring.MainMonitorFrame.CBL3Frame.CBLImageLabel.ImageColor3 = 1, 0.305882, 0.305882   [was 1, 1, 1, 3 change(s)]
MonitorsFacility   MonitorsFacility.DisplayMonitor.Monitor.Screen.CBLMonitoring.MainMonitorFrame.CBL1Frame.StressLabel.Text = 0 %   [was ERR %, 21 change(s)]
MonitorsFacility   MonitorsFacility.DisplayMonitor.Monitor.Screen.CBLMonitoring.MainMonitorFrame.CBL1Frame.GraphFrame.GraphFrame.GraphImageLabel.Size = {2, 0}, {0, 10}   [was {2, 0}, {0.75, 0}, 24 change(s)]
MonitorsFacility   MonitorsFacility.DisplayMonitor.Monitor.Screen.CBLMonitoring.MainMonitorFrame.CBL1Frame.CBLImageLabel.ImageColor3 = 1, 0.305882, 0.305882   [was 1, 1, 1, 1 change(s)]
MonitorsFacility   MonitorsFacility.DisplayMonitor.Monitor.Screen.CBLMonitoring.RebootFrame.Visible = false   [was false, 2 change(s)]
MonitorsFacility   MonitorsFacility.DisplayMonitor.Monitor.Screen ~(241.8, 286.0, -7.7).Color = 0.101961, 0.160784, 0.203922   [was 0.105882, 0.164706, 0.207843, 1 change(s)]
MonitorsFacility   MonitorsFacility.DisplayMonitor.Monitor.Screen.ReactorMonitoring.MainMonitorFrame.Visible = false   [was false, 2 change(s)]
MonitorsFacility   MonitorsFacility.DisplayMonitor.Monitor.Screen.ReactorMonitoring.MainMonitorFrame.TempLabel.Text = 792 F   [was ERR F, 24 change(s)]
MonitorsFacility   MonitorsFacility.DisplayMonitor.Monitor.Screen.ReactorMonitoring.MainMonitorFrame.FluctuationLabel.Text = -1100 F   [was ERR F, 25 change(s)]
MonitorsFacility   MonitorsFacility.DisplayMonitor.Monitor.Screen.ReactorMonitoring.MainMonitorFrame.PressureLabel.Text = 0 PSI   [was ERR PSI, 23 change(s)]
MonitorsFacility   MonitorsFacility.DisplayMonitor.Monitor.Screen.ReactorMonitoring.MainMonitorFrame.GraphFrame.GraphFrame.GraphImageLabel.Position = {1.57443774, 0}, {1, 0}   [was {1.72445655, 0}, {1, 0}, 30 change(s)]
MonitorsFacility   MonitorsFacility.DisplayMonitor.Monitor.Screen.ReactorMonitoring.DisconnectFrame.Visible = true   [was true, 2 change(s)]
MonitorsFacility   MonitorsFacility.DisplayMonitor.Monitor.Screen.ReactorMonitoring.RebootFrame.Visible = false   [was false, 2 change(s)]
MonitorsFacility   MonitorsFacility.DisplayMonitor.Monitor.Screen ~(314.6, 137.1, -5.5).Color = 0.101961, 0.160784, 0.203922   [was 0.105882, 0.164706, 0.207843, 1 change(s)]
MonitorsFacility   MonitorsFacility.DisplayMonitor.Monitor.Screen.CoolantMonitoring.MainMonitorFrame.Visible = false   [was false, 2 change(s)]
MonitorsFacility   MonitorsFacility.DisplayMonitor.Monitor.Screen.CoolantMonitoring.MainMonitorFrame.C1Frame.CPumpImageLabel.ImageColor3 = 1, 1, 1   [was 1, 1, 1, 4 change(s)]
MonitorsFacility   MonitorsFacility.DisplayMonitor.Monitor.Screen.CoolantMonitoring.MainMonitorFrame.C1Frame.GraphFrame.BarFrame.Size = {1, 0}, {1, 0}   [was {1, 0}, {1, 0}, 2 change(s)]
MonitorsFacility   MonitorsFacility.DisplayMonitor.Monitor.Screen.CoolantMonitoring.MainMonitorFrame.C3Frame.CPumpImageLabel.ImageColor3 = 1, 1, 1   [was 1, 1, 1, 4 change(s)]
MonitorsFacility   MonitorsFacility.DisplayMonitor.Monitor.Screen.CoolantMonitoring.MainMonitorFrame.C3Frame.GraphFrame.BarFrame.Size = {1, 0}, {1, 0}   [was {1, 0}, {1, 0}, 2 change(s)]
MonitorsFacility   MonitorsFacility.DisplayMonitor.Monitor.Screen.CoolantMonitoring.MainMonitorFrame.C2Frame.CPumpImageLabel.ImageColor3 = 1, 1, 1   [was 1, 1, 1, 4 change(s)]
MonitorsFacility   MonitorsFacility.DisplayMonitor.Monitor.Screen.CoolantMonitoring.MainMonitorFrame.C2Frame.GraphFrame.BarFrame.Size = {1, 0}, {1, 0}   [was {1, 0}, {1, 0}, 2 change(s)]
MonitorsFacility   MonitorsFacility.DisplayMonitor.Monitor.Screen.CoolantMonitoring.DisconnectFrame.Visible = true   [was true, 2 change(s)]
MonitorsFacility   MonitorsFacility.DisplayMonitor.Monitor.Screen.CoolantMonitoring.RebootFrame.Visible = false   [was false, 2 change(s)]
MonitorsFacility   MonitorsFacility.DisplayMonitor.Monitor.Screen ~(314.6, 137.1, 4.2).Color = 0.101961, 0.160784, 0.203922   [was 0.105882, 0.164706, 0.207843, 1 change(s)]
MonitorsFacility   MonitorsFacility.DisplayMonitor.Monitor.Screen.ReactorMonitoring.MainMonitorFrame #2.Visible = false   [was false, 2 change(s)]
MonitorsFacility   MonitorsFacility.DisplayMonitor.Monitor.Screen.ReactorMonitoring.MainMonitorFrame.TempLabel #2.Text = 792 F   [was ERR F, 24 change(s)]
MonitorsFacility   MonitorsFacility.DisplayMonitor.Monitor.Screen.ReactorMonitoring.MainMonitorFrame.FluctuationLabel #2.Text = -1100 F   [was ERR F, 25 change(s)]
MonitorsFacility   MonitorsFacility.DisplayMonitor.Monitor.Screen.ReactorMonitoring.MainMonitorFrame.PressureLabel #2.Text = 0 PSI   [was ERR PSI, 23 change(s)]
MonitorsFacility   MonitorsFacility.DisplayMonitor.Monitor.Screen.ReactorMonitoring.MainMonitorFrame.GraphFrame.GraphFrame.GraphImageLabel #2.Position = {1.57443774, 0}, {1, 0}   [was {1.77445924, 0}, {1, 0}, 30 change(s)]
MonitorsFacility   MonitorsFacility.DisplayMonitor.Monitor.Screen.ReactorMonitoring.DisconnectFrame #2.Visible = true   [was true, 2 change(s)]
MonitorsFacility   MonitorsFacility.DisplayMonitor.Monitor.Screen.ReactorMonitoring.RebootFrame #2.Visible = false   [was false, 2 change(s)]
MonitorsFacility   MonitorsFacility.DisplayMonitor.Monitor.Screen ~(529.5, 177.1, -14.8).Color = 0.101961, 0.160784, 0.203922   [was 0.105882, 0.164706, 0.207843, 1 change(s)]
MonitorsFacility   MonitorsFacility.DisplayMonitor.Monitor.Screen.ReactorMonitoring.MainMonitorFrame #3.Visible = false   [was false, 2 change(s)]
MonitorsFacility   MonitorsFacility.DisplayMonitor.Monitor.Screen.ReactorMonitoring.MainMonitorFrame.TempLabel #3.Text = 792 F   [was ERR F, 24 change(s)]
MonitorsFacility   MonitorsFacility.DisplayMonitor.Monitor.Screen.ReactorMonitoring.MainMonitorFrame.FluctuationLabel #3.Text = -1100 F   [was ERR F, 25 change(s)]
MonitorsFacility   MonitorsFacility.DisplayMonitor.Monitor.Screen.ReactorMonitoring.MainMonitorFrame.PressureLabel #3.Text = 0 PSI   [was ERR PSI, 23 change(s)]
MonitorsFacility   MonitorsFacility.DisplayMonitor.Monitor.Screen.ReactorMonitoring.DisconnectFrame #3.Visible = true   [was true, 2 change(s)]
MonitorsFacility   MonitorsFacility.DisplayMonitor.Monitor.Screen.ReactorMonitoring.RebootFrame #3.Visible = false   [was false, 2 change(s)]
MonitorsFacility   MonitorsFacility.DisplayMonitor.Monitor.Screen ~(529.5, 177.1, 13.5).Color = 0.101961, 0.160784, 0.203922   [was 0.105882, 0.164706, 0.207843, 1 change(s)]
MonitorsFacility   MonitorsFacility.DisplayMonitor.Monitor.Screen.CoolantMonitoring.MainMonitorFrame #2.Visible = false   [was false, 2 change(s)]
MonitorsFacility   MonitorsFacility.DisplayMonitor.Monitor.Screen.CoolantMonitoring.MainMonitorFrame.C1Frame.CPumpImageLabel #2.ImageColor3 = 1, 1, 1   [was 1, 1, 1, 4 change(s)]
MonitorsFacility   MonitorsFacility.DisplayMonitor.Monitor.Screen.CoolantMonitoring.MainMonitorFrame.C1Frame.GraphFrame.BarFrame #2.Size = {1, 0}, {1, 0}   [was {1, 0}, {1, 0}, 2 change(s)]
MonitorsFacility   MonitorsFacility.DisplayMonitor.Monitor.Screen.CoolantMonitoring.MainMonitorFrame.C3Frame.CPumpImageLabel #2.ImageColor3 = 1, 1, 1   [was 1, 1, 1, 4 change(s)]
MonitorsFacility   MonitorsFacility.DisplayMonitor.Monitor.Screen.CoolantMonitoring.MainMonitorFrame.C3Frame.GraphFrame.BarFrame #2.Size = {1, 0}, {1, 0}   [was {1, 0}, {1, 0}, 2 change(s)]
MonitorsFacility   MonitorsFacility.DisplayMonitor.Monitor.Screen.CoolantMonitoring.MainMonitorFrame.C2Frame.CPumpImageLabel #2.ImageColor3 = 1, 1, 1   [was 1, 1, 1, 4 change(s)]
MonitorsFacility   MonitorsFacility.DisplayMonitor.Monitor.Screen.CoolantMonitoring.MainMonitorFrame.C2Frame.GraphFrame.BarFrame #2.Size = {1, 0}, {1, 0}   [was {1, 0}, {1, 0}, 2 change(s)]
MonitorsFacility   MonitorsFacility.DisplayMonitor.Monitor.Screen.CoolantMonitoring.DisconnectFrame #2.Visible = true   [was true, 2 change(s)]
MonitorsFacility   MonitorsFacility.DisplayMonitor.Monitor.Screen.CoolantMonitoring.RebootFrame #2.Visible = false   [was false, 2 change(s)]
MonitorsFacility   MonitorsFacility.DisplayMonitor.Monitor.Screen ~(529.5, 177.1, -112.4).Color = 0.101961, 0.160784, 0.203922   [was 0.105882, 0.164706, 0.207843, 1 change(s)]
MonitorsFacility   MonitorsFacility.DisplayMonitor.Monitor.Screen.ReactorMonitoring.MainMonitorFrame #4.Visible = false   [was false, 2 change(s)]
MonitorsFacility   MonitorsFacility.DisplayMonitor.Monitor.Screen.ReactorMonitoring.MainMonitorFrame.TempLabel #4.Text = 792 F   [was ERR F, 24 change(s)]
MonitorsFacility   MonitorsFacility.DisplayMonitor.Monitor.Screen.ReactorMonitoring.MainMonitorFrame.FluctuationLabel #4.Text = -1100 F   [was ERR F, 25 change(s)]
MonitorsFacility   MonitorsFacility.DisplayMonitor.Monitor.Screen.ReactorMonitoring.MainMonitorFrame.PressureLabel #4.Text = 0 PSI   [was ERR PSI, 23 change(s)]
MonitorsFacility   MonitorsFacility.DisplayMonitor.Monitor.Screen.ReactorMonitoring.DisconnectFrame #4.Visible = true   [was true, 2 change(s)]
MonitorsFacility   MonitorsFacility.DisplayMonitor.Monitor.Screen.ReactorMonitoring.RebootFrame #4.Visible = false   [was false, 2 change(s)]
MonitorsFacility   MonitorsFacility.DisplayMonitor.Monitor.Screen ~(529.5, 177.1, -84.2).Color = 0.101961, 0.160784, 0.203922   [was 0.105882, 0.164706, 0.207843, 1 change(s)]
MonitorsFacility   MonitorsFacility.DisplayMonitor.Monitor.Screen.CoolantMonitoring.MainMonitorFrame #3.Visible = false   [was false, 2 change(s)]
MonitorsFacility   MonitorsFacility.DisplayMonitor.Monitor.Screen.CoolantMonitoring.MainMonitorFrame.C1Frame.CPumpImageLabel #3.ImageColor3 = 1, 1, 1   [was 1, 1, 1, 4 change(s)]
MonitorsFacility   MonitorsFacility.DisplayMonitor.Monitor.Screen.CoolantMonitoring.MainMonitorFrame.C1Frame.GraphFrame.BarFrame #3.Size = {1, 0}, {1, 0}   [was {1, 0}, {1, 0}, 2 change(s)]
MonitorsFacility   MonitorsFacility.DisplayMonitor.Monitor.Screen.CoolantMonitoring.MainMonitorFrame.C3Frame.CPumpImageLabel #3.ImageColor3 = 1, 1, 1   [was 1, 1, 1, 4 change(s)]
MonitorsFacility   MonitorsFacility.DisplayMonitor.Monitor.Screen.CoolantMonitoring.MainMonitorFrame.C3Frame.GraphFrame.BarFrame #3.Size = {1, 0}, {1, 0}   [was {1, 0}, {1, 0}, 2 change(s)]
MonitorsFacility   MonitorsFacility.DisplayMonitor.Monitor.Screen.CoolantMonitoring.MainMonitorFrame.C2Frame.CPumpImageLabel #3.ImageColor3 = 1, 1, 1   [was 1, 1, 1, 4 change(s)]
MonitorsFacility   MonitorsFacility.DisplayMonitor.Monitor.Screen.CoolantMonitoring.MainMonitorFrame.C2Frame.GraphFrame.BarFrame #3.Size = {1, 0}, {1, 0}   [was {1, 0}, {1, 0}, 2 change(s)]
MonitorsFacility   MonitorsFacility.DisplayMonitor.Monitor.Screen.CoolantMonitoring.DisconnectFrame #3.Visible = true   [was true, 2 change(s)]
MonitorsFacility   MonitorsFacility.DisplayMonitor.Monitor.Screen.CoolantMonitoring.RebootFrame #3.Visible = false   [was false, 2 change(s)]
MonitorsFacility   MonitorsFacility.DisplayMonitor.Monitor.Screen ~(529.5, 177.1, 111.1).Color = 0.101961, 0.160784, 0.203922   [was 0.105882, 0.164706, 0.207843, 1 change(s)]
MonitorsFacility   MonitorsFacility.DisplayMonitor.Monitor.Screen.CoolantMonitoring.MainMonitorFrame #4.Visible = false   [was false, 2 change(s)]
MonitorsFacility   MonitorsFacility.DisplayMonitor.Monitor.Screen.CoolantMonitoring.MainMonitorFrame.C1Frame.CPumpImageLabel #4.ImageColor3 = 1, 1, 1   [was 1, 1, 1, 4 change(s)]
MonitorsFacility   MonitorsFacility.DisplayMonitor.Monitor.Screen.CoolantMonitoring.MainMonitorFrame.C1Frame.GraphFrame.BarFrame #4.Size = {1, 0}, {1, 0}   [was {1, 0}, {1, 0}, 2 change(s)]
MonitorsFacility   MonitorsFacility.DisplayMonitor.Monitor.Screen.CoolantMonitoring.MainMonitorFrame.C3Frame.CPumpImageLabel #4.ImageColor3 = 1, 1, 1   [was 1, 1, 1, 4 change(s)]
MonitorsFacility   MonitorsFacility.DisplayMonitor.Monitor.Screen.CoolantMonitoring.MainMonitorFrame.C3Frame.GraphFrame.BarFrame #4.Size = {1, 0}, {1, 0}   [was {1, 0}, {1, 0}, 2 change(s)]
MonitorsFacility   MonitorsFacility.DisplayMonitor.Monitor.Screen.CoolantMonitoring.MainMonitorFrame.C2Frame.CPumpImageLabel #4.ImageColor3 = 1, 1, 1   [was 1, 1, 1, 4 change(s)]
MonitorsFacility   MonitorsFacility.DisplayMonitor.Monitor.Screen.CoolantMonitoring.MainMonitorFrame.C2Frame.GraphFrame.BarFrame #4.Size = {1, 0}, {1, 0}   [was {1, 0}, {1, 0}, 2 change(s)]
MonitorsFacility   MonitorsFacility.DisplayMonitor.Monitor.Screen.CoolantMonitoring.DisconnectFrame #4.Visible = true   [was true, 2 change(s)]
MonitorsFacility   MonitorsFacility.DisplayMonitor.Monitor.Screen.CoolantMonitoring.RebootFrame #4.Visible = false   [was false, 2 change(s)]
MonitorsFacility   MonitorsFacility.DisplayMonitor.Monitor.Screen ~(529.5, 177.1, 82.9).Color = 0.101961, 0.160784, 0.203922   [was 0.105882, 0.164706, 0.207843, 1 change(s)]
MonitorsFacility   MonitorsFacility.DisplayMonitor.Monitor.Screen.ReactorMonitoring.MainMonitorFrame #5.Visible = false   [was false, 2 change(s)]
MonitorsFacility   MonitorsFacility.DisplayMonitor.Monitor.Screen.ReactorMonitoring.MainMonitorFrame.TempLabel #5.Text = 792 F   [was ERR F, 24 change(s)]
MonitorsFacility   MonitorsFacility.DisplayMonitor.Monitor.Screen.ReactorMonitoring.MainMonitorFrame.FluctuationLabel #5.Text = -1100 F   [was ERR F, 25 change(s)]
MonitorsFacility   MonitorsFacility.DisplayMonitor.Monitor.Screen.ReactorMonitoring.MainMonitorFrame.PressureLabel #5.Text = 0 PSI   [was ERR PSI, 23 change(s)]
MonitorsFacility   MonitorsFacility.DisplayMonitor.Monitor.Screen.ReactorMonitoring.DisconnectFrame #5.Visible = true   [was true, 2 change(s)]
MonitorsFacility   MonitorsFacility.DisplayMonitor.Monitor.Screen.ReactorMonitoring.RebootFrame #5.Visible = false   [was false, 2 change(s)]
MonitorsFacility   MonitorsFacility.DisplayMonitor.Monitor.Screen ~(236.7, 136.0, -7.8).Color = 0.101961, 0.160784, 0.203922   [was 0.105882, 0.164706, 0.207843, 1 change(s)]
MonitorsFacility   MonitorsFacility.DisplayMonitor.Monitor.Screen.ReactorMonitoring.MainMonitorFrame #6.Visible = false   [was false, 2 change(s)]
MonitorsFacility   MonitorsFacility.DisplayMonitor.Monitor.Screen.ReactorMonitoring.MainMonitorFrame.TempLabel #6.Text = 792 F   [was ERR F, 24 change(s)]
MonitorsFacility   MonitorsFacility.DisplayMonitor.Monitor.Screen.ReactorMonitoring.MainMonitorFrame.FluctuationLabel #6.Text = -1100 F   [was ERR F, 25 change(s)]
MonitorsFacility   MonitorsFacility.DisplayMonitor.Monitor.Screen.ReactorMonitoring.MainMonitorFrame.PressureLabel #6.Text = 0 PSI   [was ERR PSI, 23 change(s)]
MonitorsFacility   MonitorsFacility.DisplayMonitor.Monitor.Screen.ReactorMonitoring.MainMonitorFrame.GraphFrame.GraphFrame.GraphImageLabel #6.Position = {1.6453774, 0}, {1, 0}   [was {1.82472277, 0}, {1, 0}, 30 change(s)]
MonitorsFacility   MonitorsFacility.DisplayMonitor.Monitor.Screen.ReactorMonitoring.DisconnectFrame #6.Visible = true   [was true, 2 change(s)]
MonitorsFacility   MonitorsFacility.DisplayMonitor.Monitor.Screen.ReactorMonitoring.RebootFrame #6.Visible = false   [was false, 2 change(s)]
MonitorsFacility   MonitorsFacility.DisplayMonitor.Monitor.Screen ~(236.8, 136.0, 6.5).Color = 0.101961, 0.160784, 0.203922   [was 0.105882, 0.164706, 0.207843, 1 change(s)]
MonitorsFacility   MonitorsFacility.DisplayMonitor.Monitor.Screen.CBLMonitoring.DisconnectFrame #2.Visible = true   [was true, 2 change(s)]
MonitorsFacility   MonitorsFacility.DisplayMonitor.Monitor.Screen.CBLMonitoring.MainMonitorFrame #2.Visible = false   [was false, 2 change(s)]
MonitorsFacility   MonitorsFacility.DisplayMonitor.Monitor.Screen.CBLMonitoring.MainMonitorFrame.CBL2Frame.StressLabel #2.Text = 0 %   [was ERR %, 21 change(s)]
MonitorsFacility   MonitorsFacility.DisplayMonitor.Monitor.Screen.CBLMonitoring.MainMonitorFrame.CBL2Frame.GraphFrame.GraphFrame.GraphImageLabel #2.Size = {2, 0}, {0, 15}   [was {2, 0}, {0.75, 0}, 25 change(s)]
MonitorsFacility   MonitorsFacility.DisplayMonitor.Monitor.Screen.CBLMonitoring.MainMonitorFrame.CBL2Frame.CBLImageLabel #2.ImageColor3 = 1, 0.305882, 0.305882   [was 1, 1, 1, 1 change(s)]
MonitorsFacility   MonitorsFacility.DisplayMonitor.Monitor.Screen.CBLMonitoring.MainMonitorFrame.CBL3Frame.StressLabel #2.Text = 0 %   [was ERR %, 16 change(s)]
MonitorsFacility   MonitorsFacility.DisplayMonitor.Monitor.Screen.CBLMonitoring.MainMonitorFrame.CBL3Frame.GraphFrame.GraphFrame.GraphImageLabel #2.Size = {2, 0}, {0, -108}   [was {2, 0}, {0.75, 0}, 22 change(s)]
MonitorsFacility   MonitorsFacility.DisplayMonitor.Monitor.Screen.CBLMonitoring.MainMonitorFrame.CBL3Frame.CBLImageLabel #2.ImageColor3 = 1, 0.305882, 0.305882   [was 1, 1, 1, 3 change(s)]
MonitorsFacility   MonitorsFacility.DisplayMonitor.Monitor.Screen.CBLMonitoring.MainMonitorFrame.CBL1Frame.StressLabel #2.Text = 0 %   [was ERR %, 21 change(s)]
MonitorsFacility   MonitorsFacility.DisplayMonitor.Monitor.Screen.CBLMonitoring.MainMonitorFrame.CBL1Frame.GraphFrame.GraphFrame.GraphImageLabel #2.Size = {2, 0}, {0, 10}   [was {2, 0}, {0.75, 0}, 24 change(s)]
MonitorsFacility   MonitorsFacility.DisplayMonitor.Monitor.Screen.CBLMonitoring.MainMonitorFrame.CBL1Frame.CBLImageLabel #2.ImageColor3 = 1, 0.305882, 0.305882   [was 1, 1, 1, 1 change(s)]
MonitorsFacility   MonitorsFacility.DisplayMonitor.Monitor.Screen.CBLMonitoring.RebootFrame #2.Visible = false   [was false, 2 change(s)]
MonitorsFacility   MonitorsFacility.VitaMonitor4.Monitor.Screen.Color = 0.101961, 0.160784, 0.203922   [was 0.105882, 0.164706, 0.207843, 1 change(s)]
MonitorsFacility   MonitorsFacility.VitaMonitor4.Monitor.Screen.VitalMonitoring.DisconnectFrame.Visible = true   [was true, 2 change(s)]
MonitorsFacility   MonitorsFacility.VitaMonitor4.Monitor.Screen.VitalMonitoring.RebootFrame.Visible = false   [was false, 2 change(s)]
MonitorsFacility   MonitorsFacility.VitaMonitor4.Monitor.Screen.VitalMonitoring.MainMonitorFrame.HPFrame.HealthFrame.Container.ImageLabel2.Position = {1, 343}, {0.5, 0}   [was {1, 472}, {0.5, 0}, 30 change(s)]
MonitorsFacility   MonitorsFacility.VitaMonitor4.Monitor.Screen.VitalMonitoring.MainMonitorFrame.HPFrame.HealthFrame.Container.ImageLabel1.Position = {1, 343}, {0.5, 2}   [was {1, 472}, {0.5, 2}, 30 change(s)]
MonitorsFacility   MonitorsFacility.VitaMonitor3.Monitor.Screen.Color = 0.101961, 0.160784, 0.203922   [was 0.105882, 0.164706, 0.207843, 1 change(s)]
MonitorsFacility   MonitorsFacility.VitaMonitor3.Monitor.Screen.VitalMonitoring.DisconnectFrame.Visible = true   [was true, 2 change(s)]
MonitorsFacility   MonitorsFacility.VitaMonitor3.Monitor.Screen.VitalMonitoring.RebootFrame.Visible = false   [was false, 2 change(s)]
MonitorsFacility   MonitorsFacility.VitaMonitor3.Monitor.Screen.VitalMonitoring.MainMonitorFrame.HPFrame.HealthFrame.Container.ImageLabel2.Position = {1, 343}, {0.5, 0}   [was {1, 472}, {0.5, 0}, 30 change(s)]
MonitorsFacility   MonitorsFacility.VitaMonitor3.Monitor.Screen.VitalMonitoring.MainMonitorFrame.HPFrame.HealthFrame.Container.ImageLabel1.Position = {1, 343}, {0.5, 2}   [was {1, 472}, {0.5, 2}, 30 change(s)]
MonitorsFacility   MonitorsFacility.VitaMonitor2.Monitor.Screen.Color = 0.101961, 0.160784, 0.203922   [was 0.105882, 0.164706, 0.207843, 1 change(s)]
MonitorsFacility   MonitorsFacility.VitaMonitor2.Monitor.Screen.VitalMonitoring.DisconnectFrame.Visible = true   [was true, 2 change(s)]
MonitorsFacility   MonitorsFacility.VitaMonitor2.Monitor.Screen.VitalMonitoring.RebootFrame.Visible = false   [was false, 2 change(s)]
MonitorsFacility   MonitorsFacility.VitaMonitor2.Monitor.Screen.VitalMonitoring.MainMonitorFrame.HPFrame.HealthFrame.Container.ImageLabel2.Position = {1, 343}, {0.5, 0}   [was {1, 472}, {0.5, 0}, 30 change(s)]
MonitorsFacility   MonitorsFacility.VitaMonitor2.Monitor.Screen.VitalMonitoring.MainMonitorFrame.HPFrame.HealthFrame.Container.ImageLabel1.Position = {1, 343}, {0.5, 2}   [was {1, 472}, {0.5, 2}, 30 change(s)]
MonitorsFacility   MonitorsFacility.VitaMonitor1.Monitor.Screen.Color = 0.101961, 0.160784, 0.203922   [was 0.105882, 0.164706, 0.207843, 1 change(s)]
MonitorsFacility   MonitorsFacility.VitaMonitor1.Monitor.Screen.VitalMonitoring.DisconnectFrame.Visible = true   [was false, 1 change(s)]
MonitorsFacility   MonitorsFacility.VitaMonitor1.Monitor.Screen.VitalMonitoring.RebootFrame.Visible = false   [was false, 2 change(s)]
MonitorsFacility   MonitorsFacility.VitaMonitor1.Monitor.Screen.VitalMonitoring.MainMonitorFrame.Visible = false   [was true, 1 change(s)]
MonitorsFacility   MonitorsFacility.VitaMonitor1.Monitor.Screen.VitalMonitoring.MainMonitorFrame.HPFrame.HealthFrame.Container.ImageLabel2.Position = {1, 343}, {0.5, 0}   [was {1, 488}, {0.5, 0}, 30 change(s)]
MonitorsFacility   MonitorsFacility.VitaMonitor1.Monitor.Screen.VitalMonitoring.MainMonitorFrame.HPFrame.HealthFrame.Container.ImageLabel1.Position = {1, 343}, {0.5, 2}   [was {1, 488}, {0.5, 2}, 30 change(s)]
MonitorsFacility   MonitorsFacility.DisplayMonitor.Monitor.Screen ~(196.1, 287.1, -45.0).Color = 0.101961, 0.160784, 0.203922   [was 0.105882, 0.164706, 0.207843, 1 change(s)]
MonitorsFacility   MonitorsFacility.DisplayMonitor.Monitor.Screen.RadMonitoring.MainMonitorFrame.Visible = false   [was false, 2 change(s)]
MonitorsFacility   MonitorsFacility.DisplayMonitor.Monitor.Screen.RadMonitoring.MainMonitorFrame.RadFrame.RadLabel.Text = 557 RAD UNITS   [was ERR RAD UNITS, 24 change(s)]
MonitorsFacility   MonitorsFacility.DisplayMonitor.Monitor.Screen.RadMonitoring.DisconnectFrame.Visible = true   [was true, 2 change(s)]
MonitorsFacility   MonitorsFacility.DisplayMonitor.Monitor.Screen.RadMonitoring.RebootFrame.Visible = false   [was false, 2 change(s)]
MonitorsFacility   MonitorsFacility.DisplayMonitor.Monitor.Screen ~(196.1, 287.1, -53.9).Color = 0.101961, 0.160784, 0.203922   [was 0.105882, 0.164706, 0.207843, 1 change(s)]
MonitorsFacility   MonitorsFacility.DisplayMonitor.Monitor.Screen.ReactorMonitoring.MainMonitorFrame #7.Visible = false   [was false, 2 change(s)]
MonitorsFacility   MonitorsFacility.DisplayMonitor.Monitor.Screen.ReactorMonitoring.MainMonitorFrame.TempLabel #7.Text = 792 F   [was ERR F, 24 change(s)]
MonitorsFacility   MonitorsFacility.DisplayMonitor.Monitor.Screen.ReactorMonitoring.MainMonitorFrame.FluctuationLabel #7.Text = -1100 F   [was ERR F, 25 change(s)]
MonitorsFacility   MonitorsFacility.DisplayMonitor.Monitor.Screen.ReactorMonitoring.MainMonitorFrame.PressureLabel #7.Text = 0 PSI   [was ERR PSI, 23 change(s)]
MonitorsFacility   MonitorsFacility.DisplayMonitor.Monitor.Screen.ReactorMonitoring.MainMonitorFrame.GraphFrame.GraphFrame.GraphImageLabel #7.Position = {1.6453774, 0}, {1, 0}   [was {1.88301086, 0}, {1, 0}, 30 change(s)]
MonitorsFacility   MonitorsFacility.DisplayMonitor.Monitor.Screen.ReactorMonitoring.DisconnectFrame #7.Visible = true   [was true, 2 change(s)]
MonitorsFacility   MonitorsFacility.DisplayMonitor.Monitor.Screen.ReactorMonitoring.RebootFrame #7.Visible = false   [was false, 2 change(s)]
MonitorsFacility   MonitorsFacility.DisplayMonitor.Monitor.Screen ~(195.6, 254.7, -35.2).Color = 0.101961, 0.160784, 0.203922   [was 0.105882, 0.164706, 0.207843, 1 change(s)]
MonitorsFacility   MonitorsFacility.DisplayMonitor.Monitor.Screen.RadMonitoring.DisconnectFrame #2.Visible = true   [was true, 2 change(s)]
MonitorsFacility   MonitorsFacility.DisplayMonitor.Monitor.Screen.RadMonitoring.RebootFrame #2.Visible = false   [was false, 2 change(s)]
MonitorsFacility   MonitorsFacility.DisplayMonitor.Monitor.Screen.RadMonitoring.MainMonitorFrame #2.Visible = false   [was false, 2 change(s)]
MonitorsFacility   MonitorsFacility.DisplayMonitor.Monitor.Screen.RadMonitoring.MainMonitorFrame.RadFrame.RadLabel #2.Text = 557 RAD UNITS   [was ERR RAD UNITS, 24 change(s)]
MonitorsFacility   MonitorsFacility.DisplayMonitor.Monitor.Screen ~(215.2, 254.7, -35.2).Color = 0.101961, 0.160784, 0.203922   [was 0.105882, 0.164706, 0.207843, 1 change(s)]
MonitorsFacility   MonitorsFacility.DisplayMonitor.Monitor.Screen.ReactorMonitoring.MainMonitorFrame #8.Visible = false   [was false, 2 change(s)]
MonitorsFacility   MonitorsFacility.DisplayMonitor.Monitor.Screen.ReactorMonitoring.MainMonitorFrame.TempLabel #8.Text = 792 F   [was ERR F, 24 change(s)]
MonitorsFacility   MonitorsFacility.DisplayMonitor.Monitor.Screen.ReactorMonitoring.MainMonitorFrame.FluctuationLabel #8.Text = -1100 F   [was ERR F, 25 change(s)]
MonitorsFacility   MonitorsFacility.DisplayMonitor.Monitor.Screen.ReactorMonitoring.MainMonitorFrame.PressureLabel #8.Text = 0 PSI   [was ERR PSI, 23 change(s)]
MonitorsFacility   MonitorsFacility.DisplayMonitor.Monitor.Screen.ReactorMonitoring.MainMonitorFrame.GraphFrame.GraphFrame.GraphImageLabel #8.Position = {1.6453774, 0}, {1, 0}   [was {1.90784252, 0}, {1, 0}, 30 change(s)]
MonitorsFacility   MonitorsFacility.DisplayMonitor.Monitor.Screen.ReactorMonitoring.DisconnectFrame #8.Visible = true   [was true, 2 change(s)]
MonitorsFacility   MonitorsFacility.DisplayMonitor.Monitor.Screen.ReactorMonitoring.RebootFrame #8.Visible = false   [was false, 2 change(s)]
MonitorsFacility   MonitorsFacility.DisplayMonitor.Monitor.Screen ~(302.8, 282.9, 97.5).Color = 0.101961, 0.160784, 0.203922   [was 0.105882, 0.164706, 0.207843, 1 change(s)]
MonitorsFacility   MonitorsFacility.DisplayMonitor.Monitor.Screen.ReactorMonitoring.MainMonitorFrame #9.Visible = false   [was false, 2 change(s)]
MonitorsFacility   MonitorsFacility.DisplayMonitor.Monitor.Screen.ReactorMonitoring.MainMonitorFrame.TempLabel #9.Text = 792 F   [was ERR F, 24 change(s)]
MonitorsFacility   MonitorsFacility.DisplayMonitor.Monitor.Screen.ReactorMonitoring.MainMonitorFrame.FluctuationLabel #9.Text = -1100 F   [was ERR F, 25 change(s)]
MonitorsFacility   MonitorsFacility.DisplayMonitor.Monitor.Screen.ReactorMonitoring.MainMonitorFrame.PressureLabel #9.Text = 0 PSI   [was ERR PSI, 23 change(s)]
MonitorsFacility   MonitorsFacility.DisplayMonitor.Monitor.Screen.ReactorMonitoring.MainMonitorFrame.GraphFrame.GraphFrame.GraphImageLabel #9.Position = {1.6453774, 0}, {1, 0}   [was {1.90784252, 0}, {1, 0}, 30 change(s)]
MonitorsFacility   MonitorsFacility.DisplayMonitor.Monitor.Screen.ReactorMonitoring.DisconnectFrame #9.Visible = true   [was true, 2 change(s)]
MonitorsFacility   MonitorsFacility.DisplayMonitor.Monitor.Screen.ReactorMonitoring.RebootFrame #9.Visible = false   [was false, 2 change(s)]
MonitorsFacility   MonitorsFacility.DisplayMonitor.Monitor.Screen ~(312.2, 282.9, 81.3).Color = 0.101961, 0.160784, 0.203922   [was 0.105882, 0.164706, 0.207843, 1 change(s)]
MonitorsFacility   MonitorsFacility.DisplayMonitor.Monitor.Screen.CBLMonitoring.DisconnectFrame #3.Visible = true   [was true, 2 change(s)]
MonitorsFacility   MonitorsFacility.DisplayMonitor.Monitor.Screen.CBLMonitoring.MainMonitorFrame #3.Visible = false   [was false, 2 change(s)]
MonitorsFacility   MonitorsFacility.DisplayMonitor.Monitor.Screen.CBLMonitoring.MainMonitorFrame.CBL2Frame.StressLabel #3.Text = 0 %   [was ERR %, 21 change(s)]
MonitorsFacility   MonitorsFacility.DisplayMonitor.Monitor.Screen.CBLMonitoring.MainMonitorFrame.CBL2Frame.GraphFrame.GraphFrame.GraphImageLabel #3.Size = {2, 0}, {0, 15}   [was {2, 0}, {0.75, 0}, 25 change(s)]
MonitorsFacility   MonitorsFacility.DisplayMonitor.Monitor.Screen.CBLMonitoring.MainMonitorFrame.CBL2Frame.CBLImageLabel #3.ImageColor3 = 1, 0.305882, 0.305882   [was 1, 1, 1, 1 change(s)]
MonitorsFacility   MonitorsFacility.DisplayMonitor.Monitor.Screen.CBLMonitoring.MainMonitorFrame.CBL3Frame.StressLabel #3.Text = 0 %   [was ERR %, 16 change(s)]
MonitorsFacility   MonitorsFacility.DisplayMonitor.Monitor.Screen.CBLMonitoring.MainMonitorFrame.CBL3Frame.GraphFrame.GraphFrame.GraphImageLabel #3.Size = {2, 0}, {0, -108}   [was {2, 0}, {0.75, 0}, 22 change(s)]
MonitorsFacility   MonitorsFacility.DisplayMonitor.Monitor.Screen.CBLMonitoring.MainMonitorFrame.CBL3Frame.CBLImageLabel #3.ImageColor3 = 1, 0.305882, 0.305882   [was 1, 1, 1, 3 change(s)]
MonitorsFacility   MonitorsFacility.DisplayMonitor.Monitor.Screen.CBLMonitoring.MainMonitorFrame.CBL1Frame.StressLabel #3.Text = 0 %   [was ERR %, 21 change(s)]
MonitorsFacility   MonitorsFacility.DisplayMonitor.Monitor.Screen.CBLMonitoring.MainMonitorFrame.CBL1Frame.GraphFrame.GraphFrame.GraphImageLabel #3.Size = {2, 0}, {0, 10}   [was {2, 0}, {0.75, 0}, 24 change(s)]
MonitorsFacility   MonitorsFacility.DisplayMonitor.Monitor.Screen.CBLMonitoring.MainMonitorFrame.CBL1Frame.CBLImageLabel #3.ImageColor3 = 1, 0.305882, 0.305882   [was 1, 1, 1, 1 change(s)]
MonitorsFacility   MonitorsFacility.DisplayMonitor.Monitor.Screen.CBLMonitoring.RebootFrame #3.Visible = false   [was false, 2 change(s)]
Lights             Lights.SynthWallLights.SynthWallLight.NeonPart.Color = 0, 0, 0   [was 1, 0.65098, 0.415686, 5 change(s)]
Lights             Lights.SynthWallLights.SynthWallLight.NeonPart.MainframeLight.Enabled = false   [was true, 3 change(s)]
Lights             Lights.SynthWallLights.SynthWallLight.NeonPart.MainframeLight.Brightness = 1   [was 1, 2 change(s)]
Lights             Lights.SynthWallLights.SynthWallLight.NeonPart ~(339.9, 288.2, 91.6).Color = 0, 0, 0   [was 1, 0.65098, 0.415686, 4 change(s)]
Lights             Lights.SynthWallLights.SynthWallLight.NeonPart.MainframeLight #2.Enabled = false   [was true, 3 change(s)]
Lights             Lights.SynthWallLights.SynthWallLight.NeonPart.MainframeLight #2.Brightness = 1   [was 1, 2 change(s)]
Lights             Lights.SynthWallLights.SynthWallLight.NeonPart ~(345.1, 288.2, 111.1).Color = 0, 0, 0   [was 1, 0.65098, 0.415686, 6 change(s)]
Lights             Lights.SynthWallLights.SynthWallLight.NeonPart.MainframeLight #3.Enabled = false   [was true, 5 change(s)]
Lights             Lights.SynthWallLights.SynthWallLight.NeonPart.MainframeLight #3.Brightness = 1   [was 1, 2 change(s)]
Lights             Lights.ClampLights.LightModel.Neon.Color = 0, 0, 0   [was 0, 0, 0, 5 change(s)]
Lights             Lights.ClampLights.LightModel.Neon ~(41.1, 255.8, -89.3).Color = 0, 0, 0   [was 0, 0, 0, 7 change(s)]
Lights             Lights.ClampLights.LightModel.Neon ~(40.3, 255.8, -88.0).Color = 0, 0, 0   [was 0, 0, 0, 7 change(s)]
Lights             Lights.ClampLights.LightModel.Neon ~(61.3, 255.8, 71.0).Color = 0, 0, 0   [was 0, 0, 0, 6 change(s)]
Lights             Lights.ClampLights.LightModel.Neon ~(61.8, 255.8, 71.5).Color = 0, 0, 0   [was 0, 0, 0, 7 change(s)]
Lights             Lights.ClampLights.LightModel.Neon ~(62.4, 255.8, 72.1).Color = 0, 0, 0   [was 0, 0, 0, 4 change(s)]
Lights             Lights.ClampLights.LightModel.Neon ~(17.2, 255.8, 96.9).Color = 0, 0, 0   [was 0, 0, 0, 6 change(s)]
Lights             Lights.ClampLights.LightModel.Neon ~(17.4, 255.8, 97.6).Color = 0, 0, 0   [was 0, 0, 0, 7 change(s)]
Lights             Lights.ClampLights.LightModel.Neon ~(17.0, 255.8, 96.2).Color = 0, 0, 0   [was 0, 0, 0, 5 change(s)]
Lights             Lights.ClampLights.LightModel.Neon ~(17.0, 255.8, -97.9).Color = 0, 0, 0   [was 0, 0, 0, 6 change(s)]
Lights             Lights.ClampLights.LightModel.Neon ~(17.1, 255.8, -98.6).Color = 0, 0, 0   [was 0, 0, 0, 5 change(s)]
Lights             Lights.ClampLights.LightModel.Neon ~(17.3, 255.8, -99.3).Color = 0, 0, 0   [was 0, 0, 0, 6 change(s)]
Lights             Lights.ClampLights.LightModel.Neon ~(-108.9, 255.8, -26.8).Color = 0, 0, 0   [was 0, 0, 0, 5 change(s)]
Lights             Lights.ClampLights.LightModel.Neon ~(-108.2, 255.8, -26.6).Color = 0, 0, 0   [was 0, 0, 0, 7 change(s)]
Lights             Lights.ClampLights.LightModel.Neon ~(-107.5, 255.8, -26.4).Color = 0, 0, 0   [was 0, 0, 0, 5 change(s)]
Lights             Lights.ClampLights.LightModel.Neon ~(-111.0, 255.8, -0.6).Color = 0, 0, 0   [was 0, 0, 0, 7 change(s)]
Lights             Lights.ClampLights.LightModel.Neon ~(-111.8, 255.8, -0.6).Color = 0, 0, 0   [was 0, 0, 0, 4 change(s)]
Lights             Lights.ClampLights.LightModel.Neon ~(-112.5, 255.8, -0.6).Color = 0, 0, 0   [was 0, 0, 0, 7 change(s)]
Lights             Lights.ClampLights.LightModel.Neon ~(62.0, 255.8, -73.1).Color = 0, 0, 0   [was 0, 0, 0, 5 change(s)]
Lights             Lights.ClampLights.LightModel.Neon ~(60.9, 255.8, -72.0).Color = 0, 0, 0   [was 0, 0, 0, 6 change(s)]
Lights             Lights.ClampLights.LightModel.Neon ~(61.4, 255.8, -72.6).Color = 0, 0, 0   [was 0, 0, 0, 7 change(s)]
Lights             Lights.ClampLights.LightModel.Neon ~(41.1, 255.8, 86.3).Color = 0, 0, 0   [was 0, 0, 0, 6 change(s)]
Lights             Lights.ClampLights.LightModel.Neon ~(41.5, 255.8, 87.0).Color = 0, 0, 0   [was 0, 0, 0, 5 change(s)]
Lights             Lights.ClampLights.LightModel.Neon ~(41.8, 255.8, 87.6).Color = 0, 0, 0   [was 0, 0, 0, 7 change(s)]
Lights             Lights.ClampLights.LightModel.Neon ~(-108.6, 255.8, 24.8).Color = 0, 0, 0   [was 0, 0, 0, 6 change(s)]
Lights             Lights.ClampLights.LightModel.Neon ~(-107.9, 255.8, 24.6).Color = 0, 0, 0   [was 0, 0, 0, 5 change(s)]
Lights             Lights.ClampLights.LightModel.Neon ~(-109.3, 255.8, 24.9).Color = 0, 0, 0   [was 0, 0, 0, 6 change(s)]
Lights             Lights.ClampLights.LightModel2.Neon.Color = 0, 0, 0   [was 0, 0, 0, 7 change(s)]
Lights             Lights.ClampLights.LightModel2.Neon ~(53.8, 251.7, 79.0).Color = 0, 0, 0   [was 0, 0, 0, 5 change(s)]
Lights             Lights.ClampLights.LightModel2.Neon ~(29.3, 251.7, 93.4).Color = 0, 0, 0   [was 0, 0, 0, 7 change(s)]
Lights             Lights.ClampLights.LightModel2.Neon ~(28.3, 251.7, 93.7).Color = 0, 0, 0   [was 0, 0, 0, 4 change(s)]
Lights             Lights.ClampLights.LightModel2.Neon ~(53.1, 251.7, -80.6).Color = 0, 0, 0   [was 0, 0, 0, 7 change(s)]
Lights             Lights.ClampLights.LightModel2.Neon ~(-111.0, 251.7, 14.1).Color = 0, 0, 0   [was 0, 0, 0, 6 change(s)]
Lights             Lights.ClampLights.LightModel2.Neon ~(-111.3, 251.7, -14.3).Color = 0, 0, 0   [was 0, 0, 0, 5 change(s)]
Lights             Lights.ClampLights.LightModel2.Neon ~(-111.3, 251.7, 13.1).Color = 0, 0, 0   [was 0, 0, 0, 5 change(s)]
Lights             Lights.ClampLights.LightModel2.Neon ~(28.6, 251.7, -95.0).Color = 0, 0, 0   [was 0, 0, 0, 7 change(s)]
Lights             Lights.ClampLights.LightModel2.Neon ~(52.3, 251.7, -81.3).Color = 0, 0, 0   [was 0, 0, 0, 7 change(s)]
Lights             Lights.ClampLights.LightModel2.Neon ~(27.6, 251.7, -95.3).Color = 0, 0, 0   [was 0, 0, 0, 4 change(s)]
Lights             Lights.ClampLights.LightModel2.Neon ~(-111.0, 251.7, -15.3).Color = 0, 0, 0   [was 0, 0, 0, 4 change(s)]
Lights             Lights.ClampLights.LightPart.SurfaceLight.Enabled = false   [was false, 4 change(s)]
Lights             Lights.ClampLights.LightPart.SurfaceLight.Brightness = 1   [was 1, 2 change(s)]
Lights             Lights.ClampLights.LightPart.SurfaceLight #2.Enabled = false   [was false, 4 change(s)]
Lights             Lights.ClampLights.LightPart.SurfaceLight #2.Brightness = 1   [was 1, 2 change(s)]
Lights             Lights.ClampLights.LightPart.SurfaceLight #3.Enabled = false   [was false, 6 change(s)]
Lights             Lights.ClampLights.LightPart.SurfaceLight #3.Brightness = 1   [was 1, 2 change(s)]
Lights             Lights.ClampLights.LightPart.SurfaceLight #4.Enabled = false   [was false, 4 change(s)]
Lights             Lights.ClampLights.LightPart.SurfaceLight #4.Brightness = 1   [was 1, 2 change(s)]
Lights             Lights.ClampLights.LightPart.SurfaceLight #5.Enabled = false   [was false, 6 change(s)]
Lights             Lights.ClampLights.LightPart.SurfaceLight #5.Brightness = 1   [was 1, 2 change(s)]
Lights             Lights.ClampLights.LightPart.SurfaceLight #6.Enabled = false   [was false, 6 change(s)]
Lights             Lights.ClampLights.LightPart.SurfaceLight #6.Brightness = 1   [was 1, 2 change(s)]
Lights             Lights.ClampLights.LightPart.SurfaceLight #7.Enabled = false   [was false, 6 change(s)]
Lights             Lights.ClampLights.LightPart.SurfaceLight #7.Brightness = 1   [was 1, 2 change(s)]
Lights             Lights.ClampLights.LightPart.SurfaceLight #8.Enabled = false   [was false, 6 change(s)]
Lights             Lights.ClampLights.LightPart.SurfaceLight #8.Brightness = 1   [was 1, 2 change(s)]
Lights             Lights.ClampLights.LightPart.SurfaceLight #9.Enabled = false   [was false, 6 change(s)]
Lights             Lights.ClampLights.LightPart.SurfaceLight #9.Brightness = 1   [was 1, 2 change(s)]
Lights             Lights.GatewayLights.GatewayLight.NeonPart.Color = 0, 0, 0   [was 1, 1, 1, 6 change(s)]
Lights             Lights.GatewayLights.GatewayLight.NeonPart.PointLight.Enabled = false   [was true, 5 change(s)]
Lights             Lights.GatewayLights.GatewayLight.NeonPart.PointLight.Brightness = 0.5   [was 0.5, 2 change(s)]
Lights             Lights.GatewayLights.GatewayLight.NeonPart ~(280.8, 137.3, -5.4).Color = 0, 0, 0   [was 1, 1, 1, 6 change(s)]
Lights             Lights.GatewayLights.GatewayLight.NeonPart.PointLight #2.Enabled = false   [was true, 5 change(s)]
Lights             Lights.GatewayLights.GatewayLight.NeonPart.PointLight #2.Brightness = 0.5   [was 0.5, 2 change(s)]
Lights             Lights.GatewayLights.GatewayLight.NeonPart ~(297.3, 137.3, -5.4).Color = 0, 0, 0   [was 1, 1, 1, 5 change(s)]
Lights             Lights.GatewayLights.GatewayLight.NeonPart.PointLight #3.Enabled = false   [was true, 3 change(s)]
Lights             Lights.GatewayLights.GatewayLight.NeonPart.PointLight #3.Brightness = 0.5   [was 0.5, 2 change(s)]
Lights             Lights.GatewayLights.GatewayLight.NeonPart ~(280.8, 137.3, 4.1).Color = 0, 0, 0   [was 1, 1, 1, 4 change(s)]
Lights             Lights.GatewayLights.GatewayLight.NeonPart.PointLight #4.Enabled = false   [was true, 3 change(s)]
Lights             Lights.GatewayLights.GatewayLight.NeonPart.PointLight #4.Brightness = 0.5   [was 0.5, 2 change(s)]
Lights             Lights.GatewayLights.GatewayLight.NeonPart ~(297.3, 137.3, 4.1).Color = 0, 0, 0   [was 1, 1, 1, 4 change(s)]
Lights             Lights.GatewayLights.GatewayLight.NeonPart.PointLight #5.Enabled = false   [was true, 3 change(s)]
Lights             Lights.GatewayLights.GatewayLight.NeonPart.PointLight #5.Brightness = 0.5   [was 0.5, 2 change(s)]
Lights             Lights.GatewayLights.GatewayLight.NeonPart ~(289.1, 137.3, 8.9).Color = 0, 0, 0   [was 1, 1, 1, 4 change(s)]
Lights             Lights.GatewayLights.GatewayLight.NeonPart.PointLight #6.Enabled = false   [was true, 3 change(s)]
Lights             Lights.GatewayLights.GatewayLight.NeonPart.PointLight #6.Brightness = 0.5   [was 0.5, 2 change(s)]
Lights             Lights.GatewayLights.GatewayLight.NeonPart ~(270.7, 287.3, 8.9).Color = 0, 0, 0   [was 1, 1, 1, 3 change(s)]
Lights             Lights.GatewayLights.GatewayLight.NeonPart.PointLight #7.Enabled = false   [was true, 1 change(s)]
Lights             Lights.GatewayLights.GatewayLight.NeonPart.PointLight #7.Brightness = 0.5   [was 0.5, 2 change(s)]
Lights             Lights.GatewayLights.GatewayLight.NeonPart ~(278.9, 287.3, -5.4).Color = 0, 0, 0   [was 1, 1, 1, 4 change(s)]
Lights             Lights.GatewayLights.GatewayLight.NeonPart.PointLight #8.Enabled = false   [was true, 3 change(s)]
Lights             Lights.GatewayLights.GatewayLight.NeonPart.PointLight #8.Brightness = 0.5   [was 0.5, 2 change(s)]
Lights             Lights.GatewayLights.GatewayLight.NeonPart ~(278.9, 287.3, 4.1).Color = 0, 0, 0   [was 1, 1, 1, 5 change(s)]
Lights             Lights.GatewayLights.GatewayLight.NeonPart.PointLight #9.Enabled = false   [was true, 3 change(s)]
Lights             Lights.GatewayLights.GatewayLight.NeonPart.PointLight #9.Brightness = 0.5   [was 0.5, 2 change(s)]
Lights             Lights.GatewayLights.GatewayLight.NeonPart ~(262.4, 287.3, 4.1).Color = 0, 0, 0   [was 1, 1, 1, 5 change(s)]
Lights             Lights.GatewayLights.GatewayLight.NeonPart.PointLight #10.Enabled = false   [was true, 3 change(s)]
Lights             Lights.GatewayLights.GatewayLight.NeonPart.PointLight #10.Brightness = 0.5   [was 0.5, 2 change(s)]
Lights             Lights.GatewayLights.GatewayLight.NeonPart ~(270.7, 287.3, -10.2).Color = 0, 0, 0   [was 1, 1, 1, 6 change(s)]
Lights             Lights.GatewayLights.GatewayLight.NeonPart.PointLight #11.Enabled = false   [was true, 5 change(s)]
Lights             Lights.GatewayLights.GatewayLight.NeonPart.PointLight #11.Brightness = 0.5   [was 0.5, 2 change(s)]
Lights             Lights.GatewayLights.GatewayLight.NeonPart ~(262.4, 287.3, -5.4).Color = 0, 0, 0   [was 1, 1, 1, 4 change(s)]
Lights             Lights.GatewayLights.GatewayLight.NeonPart.PointLight #12.Enabled = false   [was true, 3 change(s)]
Lights             Lights.GatewayLights.GatewayLight.NeonPart.PointLight #12.Brightness = 0.5   [was 0.5, 2 change(s)]
Lights             Lights.MedStationLights.WallLight.NeonPart.Color = 0, 0, 0   [was 1, 0.905882, 0.686275, 5 change(s)]
Lights             Lights.MedStationLights.WallLight.NeonPart.SurfaceLight.Enabled = false   [was true, 3 change(s)]
Lights             Lights.MedStationLights.WallLight.NeonPart.SurfaceLight.Brightness = 0.5   [was 0.5, 2 change(s)]
Lights             Lights.MedStationLights.WallLight.NeonPart ~(264.3, 285.3, 29.4).Color = 0, 0, 0   [was 1, 0.905882, 0.686275, 6 change(s)]
Lights             Lights.MedStationLights.WallLight.NeonPart.SurfaceLight #2.Enabled = false   [was true, 5 change(s)]
Lights             Lights.MedStationLights.WallLight.NeonPart.SurfaceLight #2.Brightness = 0.5   [was 0.5, 2 change(s)]
Lights             Lights.MedStationLights.WallLight.NeonPart ~(264.3, 285.3, 44.4).Color = 0, 0, 0   [was 1, 0.905882, 0.686275, 4 change(s)]
Lights             Lights.MedStationLights.WallLight.NeonPart.SurfaceLight #3.Enabled = false   [was true, 3 change(s)]
Lights             Lights.MedStationLights.WallLight.NeonPart.SurfaceLight #3.Brightness = 0.5   [was 0.5, 2 change(s)]
Lights             Lights.MedStationLights.WallLight.NeonPart ~(264.3, 285.3, 51.9).Color = 0, 0, 0   [was 1, 0.905882, 0.686275, 3 change(s)]
Lights             Lights.MedStationLights.WallLight.NeonPart.SurfaceLight #4.Enabled = false   [was true, 1 change(s)]
Lights             Lights.MedStationLights.WallLight.NeonPart.SurfaceLight #4.Brightness = 0.5   [was 0.5, 2 change(s)]
Lights             Lights.ControlRoomLowerLights.RoomLight.NeonPart.Color = 0, 0, 0   [was 0.972549, 0.929412, 0.717647, 4 change(s)]
Lights             Lights.ControlRoomLowerLights.RoomLight.NeonPart.PointLight.Enabled = false   [was true, 3 change(s)]
Lights             Lights.ControlRoomLowerLights.RoomLight.NeonPart.PointLight.Brightness = 0.25   [was 0.25, 2 change(s)]
Lights             Lights.ControlRoomLowerLights.RoomLight.NeonPart ~(101.8, 283.1, 33.8).Color = 0, 0, 0   [was 0.972549, 0.929412, 0.717647, 4 change(s)]
Lights             Lights.ControlRoomLowerLights.RoomLight.NeonPart.PointLight #2.Enabled = false   [was true, 1 change(s)]
Lights             Lights.ControlRoomLowerLights.RoomLight.NeonPart.PointLight #2.Brightness = 0.25   [was 0.25, 2 change(s)]
Lights             Lights.ControlRoomLowerLights.RoomLight.NeonPart ~(109.6, 277.3, 33.9).Color = 0, 0, 0   [was 1, 1, 1, 6 change(s)]
Lights             Lights.ControlRoomLowerLights.RoomLight.NeonPart.SurfaceLight.Enabled = false   [was true, 5 change(s)]
Lights             Lights.ControlRoomLowerLights.RoomLight.NeonPart.SurfaceLight.Brightness = 0.25   [was 0.25, 2 change(s)]
Lights             Lights.ControlRoomLowerLights.RoomLight.NeonPart ~(122.9, 277.3, 33.8).Color = 0, 0, 0   [was 1, 1, 1, 6 change(s)]
Lights             Lights.ControlRoomLowerLights.RoomLight.NeonPart.SurfaceLight #2.Enabled = false   [was true, 5 change(s)]
Lights             Lights.ControlRoomLowerLights.RoomLight.NeonPart.SurfaceLight #2.Brightness = 0.25   [was 0.25, 2 change(s)]
Lights             Lights.ControlRoomLowerLights.RoomLight.NeonPart ~(131.2, 277.3, 29.9).Color = 0, 0, 0   [was 1, 1, 1, 4 change(s)]
Lights             Lights.ControlRoomLowerLights.RoomLight.NeonPart.SurfaceLight #3.Enabled = false   [was true, 3 change(s)]
Lights             Lights.ControlRoomLowerLights.RoomLight.NeonPart.SurfaceLight #3.Brightness = 0.25   [was 0.25, 2 change(s)]
Lights             Lights.ControlRoomLowerLights.RoomLight.NeonPart ~(138.1, 277.3, 23.0).Color = 0, 0, 0   [was 1, 1, 1, 6 change(s)]
Lights             Lights.ControlRoomLowerLights.RoomLight.NeonPart.SurfaceLight #4.Enabled = false   [was true, 5 change(s)]
Lights             Lights.ControlRoomLowerLights.RoomLight.NeonPart.SurfaceLight #4.Brightness = 0.25   [was 0.25, 2 change(s)]
Lights             Lights.ControlRoomLowerLights.RoomLight.NeonPart ~(109.6, 277.3, -35.1).Color = 0, 0, 0   [was 1, 1, 1, 4 change(s)]
Lights             Lights.ControlRoomLowerLights.RoomLight.NeonPart.SurfaceLight #5.Enabled = false   [was true, 3 change(s)]
Lights             Lights.ControlRoomLowerLights.RoomLight.NeonPart.SurfaceLight #5.Brightness = 0.25   [was 0.25, 2 change(s)]
Lights             Lights.ControlRoomLowerLights.RoomLight.NeonPart ~(122.9, 277.3, -35.1).Color = 0, 0, 0   [was 1, 1, 1, 4 change(s)]
Lights             Lights.ControlRoomLowerLights.RoomLight.NeonPart.SurfaceLight #6.Enabled = false   [was true, 3 change(s)]
Lights             Lights.ControlRoomLowerLights.RoomLight.NeonPart.SurfaceLight #6.Brightness = 0.25   [was 0.25, 2 change(s)]
Lights             Lights.ControlRoomLowerLights.RoomLight.NeonPart ~(131.2, 277.3, -31.2).Color = 0, 0, 0   [was 1, 1, 1, 6 change(s)]
Lights             Lights.ControlRoomLowerLights.RoomLight.NeonPart.SurfaceLight #7.Enabled = false   [was true, 5 change(s)]
Lights             Lights.ControlRoomLowerLights.RoomLight.NeonPart.SurfaceLight #7.Brightness = 0.25   [was 0.25, 2 change(s)]
Lights             Lights.ControlRoomLowerLights.RoomLight.NeonPart ~(138.1, 277.3, -24.3).Color = 0, 0, 0   [was 1, 1, 1, 4 change(s)]
Lights             Lights.ControlRoomLowerLights.RoomLight.NeonPart.SurfaceLight #8.Enabled = false   [was true, 3 change(s)]
Lights             Lights.ControlRoomLowerLights.RoomLight.NeonPart.SurfaceLight #8.Brightness = 0.25   [was 0.25, 2 change(s)]
Lights             Lights.ChamberLights.ChamberVentLights.Light23.Color = 0, 0, 0   [was 0, 0, 0, 4 change(s)]
Lights             Lights.ChamberLights.ChamberVentLights.Light23.SurfaceLight.Enabled = false   [was false, 2 change(s)]
Lights             Lights.ChamberLights.ChamberVentLights.Light23.SurfaceLight.Brightness = 1   [was 1, 2 change(s)]
Lights             Lights.ChamberLights.ChamberVentLights.Light24.Color = 0, 0, 0   [was 0, 0, 0, 7 change(s)]
Lights             Lights.ChamberLights.ChamberVentLights.Light24.SurfaceLight.Enabled = false   [was false, 6 change(s)]
Lights             Lights.ChamberLights.ChamberVentLights.Light24.SurfaceLight.Brightness = 1   [was 1, 2 change(s)]
Lights             Lights.ChamberLights.ChamberVentLights.Light1.Color = 0, 0, 0   [was 0, 0, 0, 5 change(s)]
Lights             Lights.ChamberLights.ChamberVentLights.Light1.SurfaceLight.Enabled = false   [was false, 4 change(s)]
Lights             Lights.ChamberLights.ChamberVentLights.Light1.SurfaceLight.Brightness = 1   [was 1, 2 change(s)]
Lights             Lights.ChamberLights.ChamberVentLights.Light3.Color = 0, 0, 0   [was 0, 0, 0, 7 change(s)]
Lights             Lights.ChamberLights.ChamberVentLights.Light3.SurfaceLight.Enabled = false   [was false, 6 change(s)]
Lights             Lights.ChamberLights.ChamberVentLights.Light3.SurfaceLight.Brightness = 1   [was 1, 2 change(s)]
Lights             Lights.ChamberLights.ChamberVentLights.Light2.Color = 0, 0, 0   [was 0, 0, 0, 7 change(s)]
Lights             Lights.ChamberLights.ChamberVentLights.Light2.SurfaceLight.Enabled = false   [was false, 6 change(s)]
Lights             Lights.ChamberLights.ChamberVentLights.Light2.SurfaceLight.Brightness = 1   [was 1, 2 change(s)]
Lights             Lights.ChamberLights.ChamberVentLights.Light20.Color = 0, 0, 0   [was 0, 0, 0, 7 change(s)]
Lights             Lights.ChamberLights.ChamberVentLights.Light20.SurfaceLight.Enabled = false   [was false, 6 change(s)]
Lights             Lights.ChamberLights.ChamberVentLights.Light20.SurfaceLight.Brightness = 1   [was 1, 2 change(s)]
Lights             Lights.ChamberLights.ChamberVentLights.Light21.Color = 0, 0, 0   [was 0, 0, 0, 5 change(s)]
Lights             Lights.ChamberLights.ChamberVentLights.Light21.SurfaceLight.Enabled = false   [was false, 4 change(s)]
Lights             Lights.ChamberLights.ChamberVentLights.Light21.SurfaceLight.Brightness = 1   [was 1, 2 change(s)]
Lights             Lights.ChamberLights.ChamberVentLights.Light22.Color = 0, 0, 0   [was 0, 0, 0, 4 change(s)]
Lights             Lights.ChamberLights.ChamberVentLights.Light22.SurfaceLight.Enabled = false   [was false, 2 change(s)]
Lights             Lights.ChamberLights.ChamberVentLights.Light22.SurfaceLight.Brightness = 1   [was 1, 2 change(s)]
Lights             Lights.ChamberLights.ChamberVentLights.Light6.Color = 0, 0, 0   [was 0, 0, 0, 7 change(s)]
Lights             Lights.ChamberLights.ChamberVentLights.Light6.SurfaceLight.Enabled = false   [was false, 6 change(s)]
Lights             Lights.ChamberLights.ChamberVentLights.Light6.SurfaceLight.Brightness = 1   [was 1, 2 change(s)]
Lights             Lights.ChamberLights.ChamberVentLights.Light5.Color = 0, 0, 0   [was 0, 0, 0, 7 change(s)]
Lights             Lights.ChamberLights.ChamberVentLights.Light5.SurfaceLight.Enabled = false   [was false, 6 change(s)]
Lights             Lights.ChamberLights.ChamberVentLights.Light5.SurfaceLight.Brightness = 1   [was 1, 2 change(s)]
Lights             Lights.ChamberLights.ChamberVentLights.Light4.Color = 0, 0, 0   [was 0, 0, 0, 4 change(s)]
Lights             Lights.ChamberLights.ChamberVentLights.Light4.SurfaceLight.Enabled = false   [was false, 2 change(s)]
Lights             Lights.ChamberLights.ChamberVentLights.Light4.SurfaceLight.Brightness = 1   [was 1, 2 change(s)]
Lights             Lights.ChamberLights.ChamberVentLights.Light18.Color = 0, 0, 0   [was 0, 0, 0, 7 change(s)]
Lights             Lights.ChamberLights.ChamberVentLights.Light18.SurfaceLight.Enabled = false   [was false, 6 change(s)]
Lights             Lights.ChamberLights.ChamberVentLights.Light18.SurfaceLight.Brightness = 1   [was 1, 2 change(s)]
Lights             Lights.ChamberLights.ChamberVentLights.Light17.Color = 0, 0, 0   [was 0, 0, 0, 5 change(s)]
Lights             Lights.ChamberLights.ChamberVentLights.Light17.SurfaceLight.Enabled = false   [was false, 4 change(s)]
Lights             Lights.ChamberLights.ChamberVentLights.Light17.SurfaceLight.Brightness = 1   [was 1, 2 change(s)]
Lights             Lights.ChamberLights.ChamberVentLights.Light19.Color = 0, 0, 0   [was 0, 0, 0, 7 change(s)]
Lights             Lights.ChamberLights.ChamberVentLights.Light19.SurfaceLight.Enabled = false   [was false, 6 change(s)]
Lights             Lights.ChamberLights.ChamberVentLights.Light19.SurfaceLight.Brightness = 1   [was 1, 2 change(s)]
Lights             Lights.ChamberLights.ChamberVentLights.Light7.Color = 0, 0, 0   [was 0, 0, 0, 5 change(s)]
Lights             Lights.ChamberLights.ChamberVentLights.Light7.SurfaceLight.Enabled = false   [was false, 4 change(s)]
Lights             Lights.ChamberLights.ChamberVentLights.Light7.SurfaceLight.Brightness = 1   [was 1, 2 change(s)]
Lights             Lights.ChamberLights.ChamberVentLights.Light8.Color = 0, 0, 0   [was 0, 0, 0, 7 change(s)]
Lights             Lights.ChamberLights.ChamberVentLights.Light8.SurfaceLight.Enabled = false   [was false, 6 change(s)]
Lights             Lights.ChamberLights.ChamberVentLights.Light8.SurfaceLight.Brightness = 1   [was 1, 2 change(s)]
Lights             Lights.ChamberLights.ChamberVentLights.Light9.Color = 0, 0, 0   [was 0, 0, 0, 4 change(s)]
Lights             Lights.ChamberLights.ChamberVentLights.Light9.SurfaceLight.Enabled = false   [was false, 2 change(s)]
Lights             Lights.ChamberLights.ChamberVentLights.Light9.SurfaceLight.Brightness = 1   [was 1, 2 change(s)]
Lights             Lights.ChamberLights.ChamberVentLights.Light16.Color = 0, 0, 0   [was 0, 0, 0, 7 change(s)]
Lights             Lights.ChamberLights.ChamberVentLights.Light16.SurfaceLight.Enabled = false   [was false, 6 change(s)]
Lights             Lights.ChamberLights.ChamberVentLights.Light16.SurfaceLight.Brightness = 1   [was 1, 2 change(s)]
Lights             Lights.ChamberLights.ChamberVentLights.Light15.Color = 0, 0, 0   [was 0, 0, 0, 7 change(s)]
Lights             Lights.ChamberLights.ChamberVentLights.Light15.SurfaceLight.Enabled = false   [was false, 6 change(s)]
Lights             Lights.ChamberLights.ChamberVentLights.Light15.SurfaceLight.Brightness = 1   [was 1, 2 change(s)]
Lights             Lights.ChamberLights.ChamberVentLights.Light13.Color = 0, 0, 0   [was 0, 0, 0, 5 change(s)]
Lights             Lights.ChamberLights.ChamberVentLights.Light13.SurfaceLight.Enabled = false   [was false, 4 change(s)]
Lights             Lights.ChamberLights.ChamberVentLights.Light13.SurfaceLight.Brightness = 1   [was 1, 2 change(s)]
Lights             Lights.ChamberLights.ChamberVentLights.Light14.Color = 0, 0, 0   [was 0, 0, 0, 7 change(s)]
Lights             Lights.ChamberLights.ChamberVentLights.Light14.SurfaceLight.Enabled = false   [was false, 6 change(s)]
Lights             Lights.ChamberLights.ChamberVentLights.Light14.SurfaceLight.Brightness = 1   [was 1, 2 change(s)]
Lights             Lights.ChamberLights.ChamberVentLights.Light12.Color = 0, 0, 0   [was 0, 0, 0, 7 change(s)]
Lights             Lights.ChamberLights.ChamberVentLights.Light12.SurfaceLight.Enabled = false   [was false, 6 change(s)]
Lights             Lights.ChamberLights.ChamberVentLights.Light12.SurfaceLight.Brightness = 1   [was 1, 2 change(s)]
Lights             Lights.ChamberLights.ChamberVentLights.Light11.Color = 0, 0, 0   [was 0, 0, 0, 6 change(s)]
Lights             Lights.ChamberLights.ChamberVentLights.Light11.SurfaceLight.Enabled = false   [was false, 4 change(s)]
Lights             Lights.ChamberLights.ChamberVentLights.Light11.SurfaceLight.Brightness = 1   [was 1, 2 change(s)]
Lights             Lights.ChamberLights.ChamberVentLights.Light10.Color = 0, 0, 0   [was 0, 0, 0, 7 change(s)]
Lights             Lights.ChamberLights.ChamberVentLights.Light10.SurfaceLight.Enabled = false   [was false, 6 change(s)]
Lights             Lights.ChamberLights.ChamberVentLights.Light10.SurfaceLight.Brightness = 1   [was 1, 2 change(s)]
Lights             Lights.ChamberLights.UpperChamberLights.Light6.Color = 0, 0, 0   [was 0, 0, 0, 5 change(s)]
Lights             Lights.ChamberLights.UpperChamberLights.Light1.Color = 0, 0, 0   [was 0, 0, 0, 5 change(s)]
Lights             Lights.ChamberLights.UpperChamberLights.Light5.Color = 0, 0, 0   [was 0, 0, 0, 6 change(s)]
Lights             Lights.ChamberLights.UpperChamberLights.Light2.Color = 0, 0, 0   [was 0, 0, 0, 7 change(s)]
Lights             Lights.ChamberLights.UpperChamberLights.Light3.Color = 0, 0, 0   [was 0, 0, 0, 7 change(s)]
Lights             Lights.ChamberLights.UpperChamberLights.Light4.Color = 0, 0, 0   [was 0, 0, 0, 7 change(s)]
Lights             Lights.ChamberLights.RoofChamberLights.Light20.Color = 0, 0, 0   [was 0, 0, 0, 7 change(s)]
Lights             Lights.ChamberLights.RoofChamberLights.Light20.SurfaceLight.Enabled = false   [was false, 6 change(s)]
Lights             Lights.ChamberLights.RoofChamberLights.Light20.SurfaceLight.Brightness = 0.10000000149011612   [was 0.10000000149011612, 2 change(s)]
Lights             Lights.ChamberLights.RoofChamberLights.Light21.Color = 0, 0, 0   [was 0, 0, 0, 6 change(s)]
Lights             Lights.ChamberLights.RoofChamberLights.Light21.SurfaceLight.Enabled = false   [was false, 4 change(s)]
Lights             Lights.ChamberLights.RoofChamberLights.Light21.SurfaceLight.Brightness = 0.10000000149011612   [was 0.10000000149011612, 2 change(s)]
Lights             Lights.ChamberLights.RoofChamberLights.Light1.Color = 0, 0, 0   [was 0, 0, 0, 5 change(s)]
Lights             Lights.ChamberLights.RoofChamberLights.Light1.SurfaceLight.Enabled = false   [was false, 4 change(s)]
Lights             Lights.ChamberLights.RoofChamberLights.Light1.SurfaceLight.Brightness = 0.10000000149011612   [was 0.10000000149011612, 2 change(s)]
Lights             Lights.ChamberLights.RoofChamberLights.Light22.Color = 0, 0, 0   [was 0, 0, 0, 7 change(s)]
Lights             Lights.ChamberLights.RoofChamberLights.Light22.SurfaceLight.Enabled = false   [was false, 6 change(s)]
Lights             Lights.ChamberLights.RoofChamberLights.Light22.SurfaceLight.Brightness = 0.10000000149011612   [was 0.10000000149011612, 2 change(s)]
Lights             Lights.ChamberLights.RoofChamberLights.Light23.Color = 0, 0, 0   [was 0, 0, 0, 5 change(s)]
Lights             Lights.ChamberLights.RoofChamberLights.Light23.SurfaceLight.Enabled = false   [was false, 4 change(s)]
Lights             Lights.ChamberLights.RoofChamberLights.Light23.SurfaceLight.Brightness = 0.10000000149011612   [was 0.10000000149011612, 2 change(s)]
Lights             Lights.ChamberLights.RoofChamberLights.Light24.Color = 0, 0, 0   [was 0, 0, 0, 5 change(s)]
Lights             Lights.ChamberLights.RoofChamberLights.Light24.SurfaceLight.Enabled = false   [was false, 4 change(s)]
Lights             Lights.ChamberLights.RoofChamberLights.Light24.SurfaceLight.Brightness = 0.10000000149011612   [was 0.10000000149011612, 2 change(s)]
Lights             Lights.ChamberLights.RoofChamberLights.Light6.Color = 0, 0, 0   [was 0, 0, 0, 5 change(s)]
Lights             Lights.ChamberLights.RoofChamberLights.Light6.SurfaceLight.Enabled = false   [was false, 4 change(s)]
Lights             Lights.ChamberLights.RoofChamberLights.Light6.SurfaceLight.Brightness = 0.10000000149011612   [was 0.10000000149011612, 2 change(s)]
Lights             Lights.ChamberLights.RoofChamberLights.Light5.Color = 0, 0, 0   [was 0, 0, 0, 7 change(s)]
Lights             Lights.ChamberLights.RoofChamberLights.Light5.SurfaceLight.Enabled = false   [was false, 6 change(s)]
Lights             Lights.ChamberLights.RoofChamberLights.Light5.SurfaceLight.Brightness = 0.10000000149011612   [was 0.10000000149011612, 2 change(s)]
Lights             Lights.ChamberLights.RoofChamberLights.Light2.Color = 0, 0, 0   [was 0, 0, 0, 5 change(s)]
Lights             Lights.ChamberLights.RoofChamberLights.Light2.SurfaceLight.Enabled = false   [was false, 4 change(s)]
Lights             Lights.ChamberLights.RoofChamberLights.Light2.SurfaceLight.Brightness = 0.10000000149011612   [was 0.10000000149011612, 2 change(s)]
Lights             Lights.ChamberLights.RoofChamberLights.Light4.Color = 0, 0, 0   [was 0, 0, 0, 7 change(s)]
Lights             Lights.ChamberLights.RoofChamberLights.Light4.SurfaceLight.Enabled = false   [was false, 6 change(s)]
Lights             Lights.ChamberLights.RoofChamberLights.Light4.SurfaceLight.Brightness = 0.10000000149011612   [was 0.10000000149011612, 2 change(s)]
Lights             Lights.ChamberLights.RoofChamberLights.Light3.Color = 0, 0, 0   [was 0, 0, 0, 5 change(s)]
Lights             Lights.ChamberLights.RoofChamberLights.Light3.SurfaceLight.Enabled = false   [was false, 4 change(s)]
Lights             Lights.ChamberLights.RoofChamberLights.Light3.SurfaceLight.Brightness = 0.10000000149011612   [was 0.10000000149011612, 2 change(s)]
Lights             Lights.ChamberLights.RoofChamberLights.Light17.Color = 0, 0, 0   [was 0, 0, 0, 6 change(s)]
Lights             Lights.ChamberLights.RoofChamberLights.Light17.SurfaceLight.Enabled = false   [was false, 4 change(s)]
Lights             Lights.ChamberLights.RoofChamberLights.Light17.SurfaceLight.Brightness = 0.09999999403953552   [was 0.10000000149011612, 3 change(s)]
Lights             Lights.ChamberLights.RoofChamberLights.Light18.Color = 0, 0, 0   [was 0, 0, 0, 6 change(s)]
Lights             Lights.ChamberLights.RoofChamberLights.Light18.SurfaceLight.Enabled = false   [was false, 4 change(s)]
Lights             Lights.ChamberLights.RoofChamberLights.Light18.SurfaceLight.Brightness = 0.10000000894069672   [was 0.10000000149011612, 2 change(s)]
Lights             Lights.ChamberLights.RoofChamberLights.Light19.Color = 0, 0, 0   [was 0, 0, 0, 7 change(s)]
Lights             Lights.ChamberLights.RoofChamberLights.Light19.SurfaceLight.Enabled = false   [was false, 6 change(s)]
Lights             Lights.ChamberLights.RoofChamberLights.Light19.SurfaceLight.Brightness = 0.09999999403953552   [was 0.10000000149011612, 2 change(s)]
Lights             Lights.ChamberLights.RoofChamberLights.Light16.Color = 0, 0, 0   [was 0, 0, 0, 6 change(s)]
Lights             Lights.ChamberLights.RoofChamberLights.Light16.SurfaceLight.Enabled = false   [was false, 4 change(s)]
Lights             Lights.ChamberLights.RoofChamberLights.Light16.SurfaceLight.Brightness = 0.10000000149011612   [was 0.10000000149011612, 3 change(s)]
Lights             Lights.ChamberLights.RoofChamberLights.Light8.Color = 0, 0, 0   [was 0, 0, 0, 7 change(s)]
Lights             Lights.ChamberLights.RoofChamberLights.Light8.SurfaceLight.Enabled = false   [was false, 6 change(s)]
Lights             Lights.ChamberLights.RoofChamberLights.Light8.SurfaceLight.Brightness = 0.10000000149011612   [was 0.10000000149011612, 2 change(s)]
Lights             Lights.ChamberLights.RoofChamberLights.Light10.Color = 0, 0, 0   [was 0, 0, 0, 4 change(s)]
Lights             Lights.ChamberLights.RoofChamberLights.Light10.SurfaceLight.Enabled = false   [was false, 2 change(s)]
Lights             Lights.ChamberLights.RoofChamberLights.Light10.SurfaceLight.Brightness = 0.10000000149011612   [was 0.10000000149011612, 3 change(s)]
Lights             Lights.ChamberLights.RoofChamberLights.Light9.Color = 0, 0, 0   [was 0, 0, 0, 6 change(s)]
Lights             Lights.ChamberLights.RoofChamberLights.Light9.SurfaceLight.Enabled = false   [was false, 4 change(s)]
Lights             Lights.ChamberLights.RoofChamberLights.Light9.SurfaceLight.Brightness = 0.10000000149011612   [was 0.10000000149011612, 2 change(s)]
Lights             Lights.ChamberLights.RoofChamberLights.Light7.Color = 0, 0, 0   [was 0, 0, 0, 5 change(s)]
Lights             Lights.ChamberLights.RoofChamberLights.Light7.SurfaceLight.Enabled = false   [was false, 4 change(s)]
Lights             Lights.ChamberLights.RoofChamberLights.Light7.SurfaceLight.Brightness = 0.10000000149011612   [was 0.10000000149011612, 2 change(s)]
Lights             Lights.ChamberLights.RoofChamberLights.Light13.Color = 0, 0, 0   [was 0, 0, 0, 5 change(s)]
Lights             Lights.ChamberLights.RoofChamberLights.Light13.SurfaceLight.Enabled = false   [was false, 4 change(s)]
Lights             Lights.ChamberLights.RoofChamberLights.Light13.SurfaceLight.Brightness = 0.10000000149011612   [was 0.10000000149011612, 3 change(s)]
Lights             Lights.ChamberLights.RoofChamberLights.Light14.Color = 0, 0, 0   [was 0, 0, 0, 7 change(s)]
Lights             Lights.ChamberLights.RoofChamberLights.Light14.SurfaceLight.Enabled = false   [was false, 6 change(s)]
Lights             Lights.ChamberLights.RoofChamberLights.Light14.SurfaceLight.Brightness = 0.10000000149011612   [was 0.10000000149011612, 2 change(s)]
Lights             Lights.ChamberLights.RoofChamberLights.Light15.Color = 0, 0, 0   [was 0, 0, 0, 5 change(s)]
Lights             Lights.ChamberLights.RoofChamberLights.Light15.SurfaceLight.Enabled = false   [was false, 4 change(s)]
Lights             Lights.ChamberLights.RoofChamberLights.Light15.SurfaceLight.Brightness = 0.10000000149011612   [was 0.10000000149011612, 2 change(s)]
Lights             Lights.ChamberLights.RoofChamberLights.Light11.Color = 0, 0, 0   [was 0, 0, 0, 7 change(s)]
Lights             Lights.ChamberLights.RoofChamberLights.Light11.SurfaceLight.Enabled = false   [was false, 6 change(s)]
Lights             Lights.ChamberLights.RoofChamberLights.Light11.SurfaceLight.Brightness = 0.10000000149011612   [was 0.10000000149011612, 2 change(s)]
Lights             Lights.ChamberLights.RoofChamberLights.Light12.Color = 0, 0, 0   [was 0, 0, 0, 7 change(s)]
Lights             Lights.ChamberLights.RoofChamberLights.Light12.SurfaceLight.Enabled = false   [was false, 6 change(s)]
Lights             Lights.ChamberLights.RoofChamberLights.Light12.SurfaceLight.Brightness = 0.10000000149011612   [was 0.10000000149011612, 2 change(s)]
Lights             Lights.ChamberLights.LowerChamberLights.Light20.Color = 0, 0, 0   [was 0, 0, 0, 4 change(s)]
Lights             Lights.ChamberLights.LowerChamberLights.Light20.SurfaceLight.Enabled = false   [was false, 2 change(s)]
Lights             Lights.ChamberLights.LowerChamberLights.Light20.SurfaceLight.Brightness = 1   [was 1, 2 change(s)]
Lights             Lights.ChamberLights.LowerChamberLights.Light1.Color = 0, 0, 0   [was 0, 0, 0, 5 change(s)]
Lights             Lights.ChamberLights.LowerChamberLights.Light1.SurfaceLight.Enabled = false   [was false, 4 change(s)]
Lights             Lights.ChamberLights.LowerChamberLights.Light1.SurfaceLight.Brightness = 1   [was 1, 2 change(s)]
Lights             Lights.ChamberLights.LowerChamberLights.Light24.Color = 0, 0, 0   [was 0, 0, 0, 7 change(s)]
Lights             Lights.ChamberLights.LowerChamberLights.Light24.SurfaceLight.Enabled = false   [was false, 6 change(s)]
Lights             Lights.ChamberLights.LowerChamberLights.Light24.SurfaceLight.Brightness = 1   [was 1, 2 change(s)]
Lights             Lights.ChamberLights.LowerChamberLights.Light21.Color = 0, 0, 0   [was 0, 0, 0, 7 change(s)]
Lights             Lights.ChamberLights.LowerChamberLights.Light21.SurfaceLight.Enabled = false   [was false, 6 change(s)]
Lights             Lights.ChamberLights.LowerChamberLights.Light21.SurfaceLight.Brightness = 1   [was 1, 2 change(s)]
Lights             Lights.ChamberLights.LowerChamberLights.Light23.Color = 0, 0, 0   [was 0, 0, 0, 7 change(s)]
Lights             Lights.ChamberLights.LowerChamberLights.Light23.SurfaceLight.Enabled = false   [was false, 6 change(s)]
Lights             Lights.ChamberLights.LowerChamberLights.Light23.SurfaceLight.Brightness = 1   [was 1, 2 change(s)]
Lights             Lights.ChamberLights.LowerChamberLights.Light22.Color = 0, 0, 0   [was 0, 0, 0, 6 change(s)]
Lights             Lights.ChamberLights.LowerChamberLights.Light22.SurfaceLight.Enabled = false   [was false, 4 change(s)]
Lights             Lights.ChamberLights.LowerChamberLights.Light22.SurfaceLight.Brightness = 1   [was 1, 2 change(s)]
Lights             Lights.ChamberLights.LowerChamberLights.Light6.Color = 0, 0, 0   [was 0, 0, 0, 7 change(s)]
Lights             Lights.ChamberLights.LowerChamberLights.Light6.SurfaceLight.Enabled = false   [was false, 6 change(s)]
Lights             Lights.ChamberLights.LowerChamberLights.Light6.SurfaceLight.Brightness = 1   [was 1, 2 change(s)]
Lights             Lights.ChamberLights.LowerChamberLights.Light2.Color = 0, 0, 0   [was 0, 0, 0, 7 change(s)]
Lights             Lights.ChamberLights.LowerChamberLights.Light2.SurfaceLight.Enabled = false   [was false, 6 change(s)]
Lights             Lights.ChamberLights.LowerChamberLights.Light2.SurfaceLight.Brightness = 1   [was 1, 2 change(s)]
Lights             Lights.ChamberLights.LowerChamberLights.Light3.Color = 0, 0, 0   [was 0, 0, 0, 7 change(s)]
Lights             Lights.ChamberLights.LowerChamberLights.Light3.SurfaceLight.Enabled = false   [was false, 6 change(s)]
Lights             Lights.ChamberLights.LowerChamberLights.Light3.SurfaceLight.Brightness = 1   [was 1, 2 change(s)]
Lights             Lights.ChamberLights.LowerChamberLights.Light5.Color = 0, 0, 0   [was 0, 0, 0, 5 change(s)]
Lights             Lights.ChamberLights.LowerChamberLights.Light5.SurfaceLight.Enabled = false   [was false, 4 change(s)]
Lights             Lights.ChamberLights.LowerChamberLights.Light5.SurfaceLight.Brightness = 1   [was 1, 2 change(s)]
Lights             Lights.ChamberLights.LowerChamberLights.Light4.Color = 0, 0, 0   [was 0, 0, 0, 7 change(s)]
Lights             Lights.ChamberLights.LowerChamberLights.Light4.SurfaceLight.Enabled = false   [was false, 6 change(s)]
Lights             Lights.ChamberLights.LowerChamberLights.Light4.SurfaceLight.Brightness = 1   [was 1, 2 change(s)]
Lights             Lights.ChamberLights.LowerChamberLights.Light18.Color = 0, 0, 0   [was 0, 0, 0, 4 change(s)]
Lights             Lights.ChamberLights.LowerChamberLights.Light18.SurfaceLight.Enabled = false   [was false, 2 change(s)]
Lights             Lights.ChamberLights.LowerChamberLights.Light18.SurfaceLight.Brightness = 1   [was 1, 2 change(s)]
Lights             Lights.ChamberLights.LowerChamberLights.Light19.Color = 0, 0, 0   [was 0, 0, 0, 5 change(s)]
Lights             Lights.ChamberLights.LowerChamberLights.Light19.SurfaceLight.Enabled = false   [was false, 4 change(s)]
Lights             Lights.ChamberLights.LowerChamberLights.Light19.SurfaceLight.Brightness = 1   [was 1, 2 change(s)]
Lights             Lights.ChamberLights.LowerChamberLights.Light16.Color = 0, 0, 0   [was 0, 0, 0, 7 change(s)]
Lights             Lights.ChamberLights.LowerChamberLights.Light16.SurfaceLight.Enabled = false   [was false, 6 change(s)]
Lights             Lights.ChamberLights.LowerChamberLights.Light16.SurfaceLight.Brightness = 1   [was 1, 2 change(s)]
Lights             Lights.ChamberLights.LowerChamberLights.Light17.Color = 0, 0, 0   [was 0, 0, 0, 4 change(s)]
Lights             Lights.ChamberLights.LowerChamberLights.Light17.SurfaceLight.Enabled = false   [was false, 2 change(s)]
Lights             Lights.ChamberLights.LowerChamberLights.Light17.SurfaceLight.Brightness = 1   [was 1, 2 change(s)]
Lights             Lights.ChamberLights.LowerChamberLights.Light8.Color = 0, 0, 0   [was 0, 0, 0, 7 change(s)]
Lights             Lights.ChamberLights.LowerChamberLights.Light8.SurfaceLight.Enabled = false   [was false, 6 change(s)]
Lights             Lights.ChamberLights.LowerChamberLights.Light8.SurfaceLight.Brightness = 1   [was 1, 2 change(s)]
Lights             Lights.ChamberLights.LowerChamberLights.Light9.Color = 0, 0, 0   [was 0, 0, 0, 5 change(s)]
Lights             Lights.ChamberLights.LowerChamberLights.Light9.SurfaceLight.Enabled = false   [was false, 4 change(s)]
Lights             Lights.ChamberLights.LowerChamberLights.Light9.SurfaceLight.Brightness = 1   [was 1, 2 change(s)]
Lights             Lights.ChamberLights.LowerChamberLights.Light10.Color = 0, 0, 0   [was 0, 0, 0, 7 change(s)]
Lights             Lights.ChamberLights.LowerChamberLights.Light10.SurfaceLight.Enabled = false   [was false, 6 change(s)]
Lights             Lights.ChamberLights.LowerChamberLights.Light10.SurfaceLight.Brightness = 1   [was 1, 2 change(s)]
Lights             Lights.ChamberLights.LowerChamberLights.Light7.Color = 0, 0, 0   [was 0, 0, 0, 5 change(s)]
Lights             Lights.ChamberLights.LowerChamberLights.Light7.SurfaceLight.Enabled = false   [was false, 4 change(s)]
Lights             Lights.ChamberLights.LowerChamberLights.Light7.SurfaceLight.Brightness = 1   [was 1, 2 change(s)]
Lights             Lights.ChamberLights.LowerChamberLights.Light13.Color = 0, 0, 0   [was 0, 0, 0, 7 change(s)]
Lights             Lights.ChamberLights.LowerChamberLights.Light13.SurfaceLight.Enabled = false   [was false, 6 change(s)]
Lights             Lights.ChamberLights.LowerChamberLights.Light13.SurfaceLight.Brightness = 1   [was 1, 2 change(s)]
Lights             Lights.ChamberLights.LowerChamberLights.Light14.Color = 0, 0, 0   [was 0, 0, 0, 7 change(s)]
Lights             Lights.ChamberLights.LowerChamberLights.Light14.SurfaceLight.Enabled = false   [was false, 6 change(s)]
Lights             Lights.ChamberLights.LowerChamberLights.Light14.SurfaceLight.Brightness = 1   [was 1, 2 change(s)]
Lights             Lights.ChamberLights.LowerChamberLights.Light15.Color = 0, 0, 0   [was 0, 0, 0, 5 change(s)]
Lights             Lights.ChamberLights.LowerChamberLights.Light15.SurfaceLight.Enabled = false   [was false, 4 change(s)]
Lights             Lights.ChamberLights.LowerChamberLights.Light15.SurfaceLight.Brightness = 1   [was 1, 2 change(s)]
Lights             Lights.ChamberLights.LowerChamberLights.Light11.Color = 0, 0, 0   [was 0, 0, 0, 7 change(s)]
Lights             Lights.ChamberLights.LowerChamberLights.Light11.SurfaceLight.Enabled = false   [was false, 6 change(s)]
Lights             Lights.ChamberLights.LowerChamberLights.Light11.SurfaceLight.Brightness = 1   [was 1, 2 change(s)]
Lights             Lights.ChamberLights.LowerChamberLights.Light12.Color = 0, 0, 0   [was 0, 0, 0, 7 change(s)]
Lights             Lights.ChamberLights.LowerChamberLights.Light12.SurfaceLight.Enabled = false   [was false, 6 change(s)]
Lights             Lights.ChamberLights.LowerChamberLights.Light12.SurfaceLight.Brightness = 1   [was 1, 2 change(s)]
Lights             Lights.HallwayLights.HallwayLight.NeonPart.Color = 0, 0, 0   [was 0.972549, 0.929412, 0.717647, 7 change(s)]
Lights             Lights.HallwayLights.HallwayLight.NeonPart.PointLight.Enabled = false   [was true, 5 change(s)]
Lights             Lights.HallwayLights.HallwayLight.NeonPart.PointLight.Brightness = 0.5   [was 0.5, 2 change(s)]
Lights             Lights.HallwayLights.HallwayLight.NeonPart ~(174.0, 280.7, 6.0).Color = 0, 0, 0   [was 0.972549, 0.929412, 0.717647, 5 change(s)]
Lights             Lights.HallwayLights.HallwayLight.NeonPart.PointLight #2.Enabled = false   [was true, 3 change(s)]
Lights             Lights.HallwayLights.HallwayLight.NeonPart.PointLight #2.Brightness = 0.4000000059604645   [was 0.4000000059604645, 2 change(s)]
Lights             Lights.HallwayLights.HallwayLight.NeonPart ~(219.1, 280.7, 71.4).Color = 0, 0, 0   [was 0.972549, 0.929412, 0.717647, 5 change(s)]
Lights             Lights.HallwayLights.HallwayLight.NeonPart.PointLight #3.Enabled = false   [was true, 3 change(s)]
Lights             Lights.HallwayLights.HallwayLight.NeonPart.PointLight #3.Brightness = 0.5   [was 0.5, 2 change(s)]
Lights             Lights.HallwayLights.HallwayLight.NeonPart ~(186.7, 280.7, 71.4).Color = 0, 0, 0   [was 0.972549, 0.929412, 0.717647, 5 change(s)]
Lights             Lights.HallwayLights.HallwayLight.NeonPart.PointLight #4.Enabled = false   [was true, 3 change(s)]
Lights             Lights.HallwayLights.HallwayLight.NeonPart.PointLight #4.Brightness = 0.5   [was 0.5, 2 change(s)]
Lights             Lights.HallwayLights.HallwayLight.NeonPart ~(201.7, 280.7, 84.8).Color = 0, 0, 0   [was 0.972549, 0.929412, 0.717647, 6 change(s)]
Lights             Lights.HallwayLights.HallwayLight.NeonPart.PointLight #5.Enabled = false   [was true, 5 change(s)]
Lights             Lights.HallwayLights.HallwayLight.NeonPart.PointLight #5.Brightness = 0.5   [was 0.5, 2 change(s)]
Lights             Lights.HallwayLights.HallwayLight.NeonPart ~(201.7, 280.7, 71.4).Color = 0, 0, 0   [was 0.972549, 0.929412, 0.717647, 6 change(s)]
Lights             Lights.HallwayLights.HallwayLight.NeonPart.PointLight #6.Enabled = false   [was true, 5 change(s)]
Lights             Lights.HallwayLights.HallwayLight.NeonPart.PointLight #6.Brightness = 0.5   [was 0.5, 2 change(s)]
Lights             Lights.HallwayLights.HallwayLight.NeonPart ~(219.1, 280.7, 84.8).Color = 0, 0, 0   [was 0.972549, 0.929412, 0.717647, 6 change(s)]
Lights             Lights.HallwayLights.HallwayLight.NeonPart.PointLight #7.Enabled = false   [was true, 5 change(s)]
Lights             Lights.HallwayLights.HallwayLight.NeonPart.PointLight #7.Brightness = 0.5   [was 0.5, 2 change(s)]
Lights             Lights.HallwayLights.HallwayLight.NeonPart ~(186.7, 280.7, 84.8).Color = 0, 0, 0   [was 0.972549, 0.929412, 0.717647, 7 change(s)]
Lights             Lights.HallwayLights.HallwayLight.NeonPart.PointLight #8.Enabled = false   [was true, 5 change(s)]
Lights             Lights.HallwayLights.HallwayLight.NeonPart.PointLight #8.Brightness = 0.5   [was 0.5, 2 change(s)]
Lights             Lights.HallwayLights.HallwayLight.NeonPart ~(240.8, 280.7, 78.1).Color = 0, 0, 0   [was 0.972549, 0.929412, 0.717647, 6 change(s)]
Lights             Lights.HallwayLights.HallwayLight.NeonPart.PointLight #9.Enabled = false   [was true, 5 change(s)]
Lights             Lights.HallwayLights.HallwayLight.NeonPart.PointLight #9.Brightness = 0.5   [was 0.5, 2 change(s)]
Lights             Lights.HallwayLights.HallwayLight.NeonPart ~(181.6, 280.7, 6.0).Color = 0, 0, 0   [was 0.972549, 0.929412, 0.717647, 6 change(s)]
Lights             Lights.HallwayLights.HallwayLight.NeonPart.PointLight #10.Enabled = false   [was true, 5 change(s)]
Lights             Lights.HallwayLights.HallwayLight.NeonPart.PointLight #10.Brightness = 0.5   [was 0.5, 2 change(s)]
Lights             Lights.HallwayLights.HallwayLight.NeonPart ~(459.3, 130.7, -49.5).Color = 0, 0, 0   [was 0.972549, 0.929412, 0.717647, 6 change(s)]
Lights             Lights.HallwayLights.HallwayLight.NeonPart.PointLight #11.Enabled = false   [was true, 1 change(s)]
Lights             Lights.HallwayLights.HallwayLight.NeonPart.PointLight #11.Brightness = 0.5   [was 0.5, 2 change(s)]
Lights             Lights.HallwayLights.HallwayLight.NeonPart ~(166.6, 280.7, -7.3).Color = 0, 0, 0   [was 0.972549, 0.929412, 0.717647, 6 change(s)]
Lights             Lights.HallwayLights.HallwayLight.NeonPart.PointLight #12.Enabled = false   [was true, 3 change(s)]
Lights             Lights.HallwayLights.HallwayLight.NeonPart.PointLight #12.Brightness = 0.4000000059604645   [was 0.4000000059604645, 2 change(s)]
Lights             Lights.HallwayLights.HallwayLight.NeonPart ~(166.6, 280.7, 6.0).Color = 0, 0, 0   [was 0.972549, 0.929412, 0.717647, 6 change(s)]
Lights             Lights.HallwayLights.HallwayLight.NeonPart.PointLight #13.Enabled = false   [was true, 5 change(s)]
Lights             Lights.HallwayLights.HallwayLight.NeonPart.PointLight #13.Brightness = 0.4000000059604645   [was 0.4000000059604645, 2 change(s)]
Lights             Lights.HallwayLights.HallwayLight.NeonPart ~(240.8, 280.7, 93.1).Color = 0, 0, 0   [was 0.972549, 0.929412, 0.717647, 5 change(s)]
Lights             Lights.HallwayLights.HallwayLight.NeonPart.PointLight #14.Enabled = false   [was true, 1 change(s)]
Lights             Lights.HallwayLights.HallwayLight.NeonPart.PointLight #14.Brightness = 0.5   [was 0.5, 2 change(s)]
Lights             Lights.HallwayLights.HallwayLight.NeonPart ~(227.4, 280.7, 93.1).Color = 0, 0, 0   [was 0.972549, 0.929412, 0.717647, 6 change(s)]
Lights             Lights.HallwayLights.HallwayLight.NeonPart.PointLight #15.Enabled = false   [was true, 5 change(s)]
Lights             Lights.HallwayLights.HallwayLight.NeonPart.PointLight #15.Brightness = 0.5   [was 0.5, 2 change(s)]
Lights             Lights.HallwayLights.HallwayLight.NeonPart ~(446.0, 130.7, -49.5).Color = 0, 0, 0   [was 0.972549, 0.929412, 0.717647, 6 change(s)]
Lights             Lights.HallwayLights.HallwayLight.NeonPart.PointLight #16.Enabled = false   [was true, 5 change(s)]
Lights             Lights.HallwayLights.HallwayLight.NeonPart.PointLight #16.Brightness = 0.5   [was 0.5, 2 change(s)]
Lights             Lights.HallwayLights.HallwayLight.NeonPart ~(459.3, 130.7, 48.2).Color = 0, 0, 0   [was 0.972549, 0.929412, 0.717647, 4 change(s)]
Lights             Lights.HallwayLights.HallwayLight.NeonPart.PointLight #17.Enabled = false   [was true, 3 change(s)]
Lights             Lights.HallwayLights.HallwayLight.NeonPart.PointLight #17.Brightness = 0.5   [was 0.5, 2 change(s)]
Lights             Lights.HallwayLights.HallwayLight.NeonPart ~(240.8, 280.7, 63.1).Color = 0, 0, 0   [was 0.972549, 0.929412, 0.717647, 4 change(s)]
Lights             Lights.HallwayLights.HallwayLight.NeonPart.PointLight #18.Enabled = false   [was true, 3 change(s)]
Lights             Lights.HallwayLights.HallwayLight.NeonPart.PointLight #18.Brightness = 0.5   [was 0.5, 2 change(s)]
Lights             Lights.HallwayLights.HallwayLight.NeonPart ~(227.4, 280.7, 63.1).Color = 0, 0, 0   [was 0.972549, 0.929412, 0.717647, 5 change(s)]
Lights             Lights.HallwayLights.HallwayLight.NeonPart.PointLight #19.Enabled = false   [was true, 3 change(s)]
Lights             Lights.HallwayLights.HallwayLight.NeonPart.PointLight #19.Brightness = 0.5   [was 0.5, 2 change(s)]
Lights             Lights.HallwayLights.HallwayLight.NeonPart ~(240.8, 280.7, 47.8).Color = 0, 0, 0   [was 0.972549, 0.929412, 0.717647, 6 change(s)]
Lights             Lights.HallwayLights.HallwayLight.NeonPart.PointLight #20.Enabled = false   [was true, 5 change(s)]
Lights             Lights.HallwayLights.HallwayLight.NeonPart.PointLight #20.Brightness = 0.5   [was 0.5, 2 change(s)]
Lights             Lights.HallwayLights.HallwayLight.NeonPart ~(227.4, 280.7, 47.8).Color = 0, 0, 0   [was 0.972549, 0.929412, 0.717647, 6 change(s)]
Lights             Lights.HallwayLights.HallwayLight.NeonPart.PointLight #21.Enabled = false   [was true, 5 change(s)]
Lights             Lights.HallwayLights.HallwayLight.NeonPart.PointLight #21.Brightness = 0.5   [was 0.5, 2 change(s)]
Lights             Lights.HallwayLights.HallwayLight.NeonPart ~(240.8, 280.7, 33.3).Color = 0, 0, 0   [was 0.972549, 0.929412, 0.717647, 7 change(s)]
Lights             Lights.HallwayLights.HallwayLight.NeonPart.PointLight #22.Enabled = false   [was true, 5 change(s)]
Lights             Lights.HallwayLights.HallwayLight.NeonPart.PointLight #22.Brightness = 0.5   [was 0.5, 2 change(s)]
Lights             Lights.HallwayLights.HallwayLight.NeonPart ~(227.4, 280.7, 33.3).Color = 0, 0, 0   [was 0.972549, 0.929412, 0.717647, 4 change(s)]
Lights             Lights.HallwayLights.HallwayLight.NeonPart.PointLight #23.Enabled = false   [was true, 3 change(s)]
Lights             Lights.HallwayLights.HallwayLight.NeonPart.PointLight #23.Brightness = 0.5   [was 0.5, 2 change(s)]
Lights             Lights.HallwayLights.HallwayLight.NeonPart ~(317.1, 130.7, -34.4).Color = 0, 0, 0   [was 0.972549, 0.929412, 0.717647, 4 change(s)]
Lights             Lights.HallwayLights.HallwayLight.NeonPart.PointLight #24.Enabled = false   [was true, 3 change(s)]
Lights             Lights.HallwayLights.HallwayLight.NeonPart.PointLight #24.Brightness = 0.5   [was 0.5, 2 change(s)]
Lights             Lights.HallwayLights.HallwayLight.NeonPart ~(303.7, 130.7, -34.4).Color = 0, 0, 0   [was 0.972549, 0.929412, 0.717647, 6 change(s)]
Lights             Lights.HallwayLights.HallwayLight.NeonPart.PointLight #25.Enabled = false   [was true, 5 change(s)]
Lights             Lights.HallwayLights.HallwayLight.NeonPart.PointLight #25.Brightness = 0.5   [was 0.5, 2 change(s)]
Lights             Lights.HallwayLights.HallwayLight.NeonPart ~(317.1, 130.7, 33.1).Color = 0, 0, 0   [was 0.972549, 0.929412, 0.717647, 6 change(s)]
Lights             Lights.HallwayLights.HallwayLight.NeonPart.PointLight #26.Enabled = false   [was true, 5 change(s)]
Lights             Lights.HallwayLights.HallwayLight.NeonPart.PointLight #26.Brightness = 0.5   [was 0.5, 2 change(s)]
Lights             Lights.HallwayLights.HallwayLight.NeonPart ~(165.9, 248.3, 6.0).Color = 0, 0, 0   [was 0.972549, 0.929412, 0.717647, 6 change(s)]
Lights             Lights.HallwayLights.HallwayLight.NeonPart.PointLight #27.Enabled = false   [was true, 5 change(s)]
Lights             Lights.HallwayLights.HallwayLight.NeonPart.PointLight #27.Brightness = 0.5   [was 0.5, 2 change(s)]
Lights             Lights.HallwayLights.HallwayLight.NeonPart ~(196.6, 280.7, 6.0).Color = 0, 0, 0   [was 0.972549, 0.929412, 0.717647, 6 change(s)]
Lights             Lights.HallwayLights.HallwayLight.NeonPart.PointLight #28.Enabled = false   [was true, 5 change(s)]
Lights             Lights.HallwayLights.HallwayLight.NeonPart.PointLight #28.Brightness = 0.5   [was 0.5, 2 change(s)]
Lights             Lights.HallwayLights.HallwayLight.NeonPart ~(204.0, 280.7, 6.0).Color = 0, 0, 0   [was 0.972549, 0.929412, 0.717647, 6 change(s)]
Lights             Lights.HallwayLights.HallwayLight.NeonPart.PointLight #29.Enabled = false   [was true, 5 change(s)]
Lights             Lights.HallwayLights.HallwayLight.NeonPart.PointLight #29.Brightness = 0.5   [was 0.5, 2 change(s)]
Lights             Lights.HallwayLights.HallwayLight.NeonPart ~(219.0, 280.7, 6.0).Color = 0, 0, 0   [was 0.972549, 0.929412, 0.717647, 7 change(s)]
Lights             Lights.HallwayLights.HallwayLight.NeonPart.PointLight #30.Enabled = false   [was true, 5 change(s)]
Lights             Lights.HallwayLights.HallwayLight.NeonPart.PointLight #30.Brightness = 0.5   [was 0.5, 2 change(s)]
Lights             Lights.HallwayLights.HallwayLight.NeonPart ~(211.6, 280.7, -7.3).Color = 0, 0, 0   [was 0.972549, 0.929412, 0.717647, 7 change(s)]
Lights             Lights.HallwayLights.HallwayLight.NeonPart.PointLight #31.Enabled = false   [was true, 5 change(s)]
Lights             Lights.HallwayLights.HallwayLight.NeonPart.PointLight #31.Brightness = 0.5   [was 0.5, 2 change(s)]
Lights             Lights.HallwayLights.HallwayLight.NeonPart ~(211.6, 280.7, 6.0).Color = 0, 0, 0   [was 0.972549, 0.929412, 0.717647, 6 change(s)]
Lights             Lights.HallwayLights.HallwayLight.NeonPart.PointLight #32.Enabled = false   [was true, 5 change(s)]
Lights             Lights.HallwayLights.HallwayLight.NeonPart.PointLight #32.Brightness = 0.5   [was 0.5, 2 change(s)]
Lights             Lights.HallwayLights.HallwayLight.NeonPart ~(219.0, 280.7, -7.3).Color = 0, 0, 0   [was 0.972549, 0.929412, 0.717647, 7 change(s)]
Lights             Lights.HallwayLights.HallwayLight.NeonPart.PointLight #33.Enabled = false   [was true, 5 change(s)]
Lights             Lights.HallwayLights.HallwayLight.NeonPart.PointLight #33.Brightness = 0.5   [was 0.5, 2 change(s)]
Lights             Lights.HallwayLights.HallwayLight.NeonPart ~(249.1, 280.7, 116.4).Color = 0, 0, 0   [was 0.972549, 0.929412, 0.717647, 6 change(s)]
Lights             Lights.HallwayLights.HallwayLight.NeonPart.PointLight #34.Enabled = false   [was true, 5 change(s)]
Lights             Lights.HallwayLights.HallwayLight.NeonPart.PointLight #34.Brightness = 0.5   [was 0.5, 2 change(s)]
Lights             Lights.HallwayLights.HallwayLight.NeonPart ~(196.6, 280.7, -7.3).Color = 0, 0, 0   [was 0.972549, 0.929412, 0.717647, 7 change(s)]
Lights             Lights.HallwayLights.HallwayLight.NeonPart.PointLight #35.Enabled = false   [was true, 5 change(s)]
Lights             Lights.HallwayLights.HallwayLight.NeonPart.PointLight #35.Brightness = 0.5   [was 0.5, 2 change(s)]
Lights             Lights.HallwayLights.HallwayLight.NeonPart ~(204.0, 280.7, -7.3).Color = 0, 0, 0   [was 0.972549, 0.929412, 0.717647, 6 change(s)]
Lights             Lights.HallwayLights.HallwayLight.NeonPart.PointLight #36.Enabled = false   [was true, 5 change(s)]
Lights             Lights.HallwayLights.HallwayLight.NeonPart.PointLight #36.Brightness = 0.5   [was 0.5, 2 change(s)]
Lights             Lights.HallwayLights.HallwayLight.NeonPart ~(249.1, 280.7, 129.8).Color = 0, 0, 0   [was 0.972549, 0.929412, 0.717647, 6 change(s)]
Lights             Lights.HallwayLights.HallwayLight.NeonPart.PointLight #37.Enabled = false   [was true, 5 change(s)]
Lights             Lights.HallwayLights.HallwayLight.NeonPart.PointLight #37.Brightness = 0.5   [was 0.5, 2 change(s)]
Lights             Lights.HallwayLights.HallwayLight.NeonPart ~(181.6, 280.7, -7.3).Color = 0, 0, 0   [was 0.972549, 0.929412, 0.717647, 4 change(s)]
Lights             Lights.HallwayLights.HallwayLight.NeonPart.PointLight #38.Enabled = false   [was true, 3 change(s)]
Lights             Lights.HallwayLights.HallwayLight.NeonPart.PointLight #38.Brightness = 0.5   [was 0.5, 2 change(s)]
Lights             Lights.HallwayLights.HallwayLight.NeonPart ~(189.0, 280.7, 6.0).Color = 0, 0, 0   [was 0.972549, 0.929412, 0.717647, 6 change(s)]
Lights             Lights.HallwayLights.HallwayLight.NeonPart.PointLight #39.Enabled = false   [was true, 5 change(s)]
Lights             Lights.HallwayLights.HallwayLight.NeonPart.PointLight #39.Brightness = 0.5   [was 0.5, 2 change(s)]
Lights             Lights.HallwayLights.HallwayLight.NeonPart ~(227.4, 280.7, 18.1).Color = 0, 0, 0   [was 0.972549, 0.929412, 0.717647, 3 change(s)]
Lights             Lights.HallwayLights.HallwayLight.NeonPart.PointLight #40.Enabled = false   [was true, 1 change(s)]
Lights             Lights.HallwayLights.HallwayLight.NeonPart.PointLight #40.Brightness = 0.5   [was 0.5, 2 change(s)]
Lights             Lights.HallwayLights.HallwayLight.NeonPart ~(240.8, 280.7, 18.1).Color = 0, 0, 0   [was 0.972549, 0.929412, 0.717647, 6 change(s)]
Lights             Lights.HallwayLights.HallwayLight.NeonPart.PointLight #41.Enabled = false   [was true, 3 change(s)]
Lights             Lights.HallwayLights.HallwayLight.NeonPart.PointLight #41.Brightness = 0.5   [was 0.5, 2 change(s)]
Lights             Lights.HallwayLights.HallwayLight.NeonPart ~(378.3, 130.7, -7.3).Color = 0, 0, 0   [was 0.972549, 0.929412, 0.717647, 5 change(s)]
Lights             Lights.HallwayLights.HallwayLight.NeonPart.PointLight #42.Enabled = false   [was true, 3 change(s)]
Lights             Lights.HallwayLights.HallwayLight.NeonPart.PointLight #42.Brightness = 0.5   [was 0.5, 2 change(s)]
Lights             Lights.HallwayLights.HallwayLight.NeonPart ~(174.0, 280.7, -7.3).Color = 0, 0, 0   [was 0.972549, 0.929412, 0.717647, 6 change(s)]
Lights             Lights.HallwayLights.HallwayLight.NeonPart.PointLight #43.Enabled = false   [was true, 5 change(s)]
Lights             Lights.HallwayLights.HallwayLight.NeonPart.PointLight #43.Brightness = 0.40000003576278687   [was 0.4000000059604645, 2 change(s)]
Lights             Lights.HallwayLights.HallwayLight.NeonPart ~(378.3, 130.7, 6.0).Color = 0, 0, 0   [was 0.972549, 0.929412, 0.717647, 7 change(s)]
Lights             Lights.HallwayLights.HallwayLight.NeonPart.PointLight #44.Enabled = false   [was true, 5 change(s)]
Lights             Lights.HallwayLights.HallwayLight.NeonPart.PointLight #44.Brightness = 0.5   [was 0.5, 2 change(s)]
Lights             Lights.HallwayLights.HallwayLight.NeonPart ~(207.2, 248.3, 6.0).Color = 0, 0, 0   [was 0.972549, 0.929412, 0.717647, 6 change(s)]
Lights             Lights.HallwayLights.HallwayLight.NeonPart.PointLight #45.Enabled = false   [was true, 5 change(s)]
Lights             Lights.HallwayLights.HallwayLight.NeonPart.PointLight #45.Brightness = 0.5   [was 0.5, 2 change(s)]
Lights             Lights.HallwayLights.HallwayLight.NeonPart ~(348.3, 130.7, -7.3).Color = 0, 0, 0   [was 0.972549, 0.929412, 0.717647, 4 change(s)]
Lights             Lights.HallwayLights.HallwayLight.NeonPart.PointLight #46.Enabled = false   [was true, 3 change(s)]
Lights             Lights.HallwayLights.HallwayLight.NeonPart.PointLight #46.Brightness = 0.5   [was 0.5, 2 change(s)]
Lights             Lights.HallwayLights.HallwayLight.NeonPart ~(192.2, 248.3, 6.0).Color = 0, 0, 0   [was 0.972549, 0.929412, 0.717647, 6 change(s)]
Lights             Lights.HallwayLights.HallwayLight.NeonPart.PointLight #47.Enabled = false   [was true, 3 change(s)]
Lights             Lights.HallwayLights.HallwayLight.NeonPart.PointLight #47.Brightness = 0.5   [was 0.5, 2 change(s)]
Lights             Lights.HallwayLights.HallwayLight.NeonPart ~(348.3, 130.7, 6.0).Color = 0, 0, 0   [was 0.972549, 0.929412, 0.717647, 6 change(s)]
Lights             Lights.HallwayLights.HallwayLight.NeonPart.PointLight #48.Enabled = false   [was true, 5 change(s)]
Lights             Lights.HallwayLights.HallwayLight.NeonPart.PointLight #48.Brightness = 0.5   [was 0.5, 2 change(s)]
Lights             Lights.HallwayLights.HallwayLight.NeonPart ~(363.3, 130.7, 6.0).Color = 0, 0, 0   [was 0.972549, 0.929412, 0.717647, 7 change(s)]
Lights             Lights.HallwayLights.HallwayLight.NeonPart.PointLight #49.Enabled = false   [was true, 5 change(s)]
Lights             Lights.HallwayLights.HallwayLight.NeonPart.PointLight #49.Brightness = 0.5   [was 0.5, 2 change(s)]
Lights             Lights.HallwayLights.HallwayLight.NeonPart ~(363.3, 130.7, -7.3).Color = 0, 0, 0   [was 0.972549, 0.929412, 0.717647, 6 change(s)]
Lights             Lights.HallwayLights.HallwayLight.NeonPart.PointLight #50.Enabled = false   [was true, 5 change(s)]
Lights             Lights.HallwayLights.HallwayLight.NeonPart.PointLight #50.Brightness = 0.5   [was 0.5, 2 change(s)]
Lights             Lights.HallwayLights.HallwayLight.NeonPart ~(317.1, 130.7, -19.4).Color = 0, 0, 0   [was 0.972549, 0.929412, 0.717647, 4 change(s)]
Lights             Lights.HallwayLights.HallwayLight.NeonPart.PointLight #51.Enabled = false   [was true, 3 change(s)]
Lights             Lights.HallwayLights.HallwayLight.NeonPart.PointLight #51.Brightness = 0.5   [was 0.5, 2 change(s)]
Lights             Lights.HallwayLights.HallwayLight.NeonPart ~(303.7, 130.7, -19.4).Color = 0, 0, 0   [was 0.972549, 0.929412, 0.717647, 6 change(s)]
Lights             Lights.HallwayLights.HallwayLight.NeonPart.PointLight #52.Enabled = false   [was true, 5 change(s)]
Lights             Lights.HallwayLights.HallwayLight.NeonPart.PointLight #52.Brightness = 0.5   [was 0.5, 2 change(s)]
Lights             Lights.HallwayLights.HallwayLight.NeonPart ~(189.0, 280.7, -7.3).Color = 0, 0, 0   [was 0.972549, 0.929412, 0.717647, 6 change(s)]
Lights             Lights.HallwayLights.HallwayLight.NeonPart.PointLight #53.Enabled = false   [was true, 3 change(s)]
Lights             Lights.HallwayLights.HallwayLight.NeonPart.PointLight #53.Brightness = 0.5   [was 0.5, 2 change(s)]
Lights             Lights.HallwayLights.HallwayLight.NeonPart ~(240.8, 280.7, 138.1).Color = 0, 0, 0   [was 0.972549, 0.929412, 0.717647, 6 change(s)]
Lights             Lights.HallwayLights.HallwayLight.NeonPart.PointLight #54.Enabled = false   [was true, 3 change(s)]
Lights             Lights.HallwayLights.HallwayLight.NeonPart.PointLight #54.Brightness = 0.5   [was 0.5, 2 change(s)]
Lights             Lights.HallwayLights.HallwayLight.NeonPart ~(227.4, 280.7, 108.1).Color = 0, 0, 0   [was 0.972549, 0.929412, 0.717647, 4 change(s)]
Lights             Lights.HallwayLights.HallwayLight.NeonPart.PointLight #55.Enabled = false   [was true, 3 change(s)]
Lights             Lights.HallwayLights.HallwayLight.NeonPart.PointLight #55.Brightness = 0.5   [was 0.5, 2 change(s)]
Lights             Lights.HallwayLights.HallwayLight.NeonPart ~(227.4, 280.7, 138.1).Color = 0, 0, 0   [was 0.972549, 0.929412, 0.717647, 6 change(s)]
Lights             Lights.HallwayLights.HallwayLight.NeonPart.PointLight #56.Enabled = false   [was true, 5 change(s)]
Lights             Lights.HallwayLights.HallwayLight.NeonPart.PointLight #56.Brightness = 0.5   [was 0.5, 2 change(s)]
Lights             Lights.HallwayLights.HallwayLight.NeonPart ~(227.4, 280.7, 123.1).Color = 0, 0, 0   [was 0.972549, 0.929412, 0.717647, 5 change(s)]
Lights             Lights.HallwayLights.HallwayLight.NeonPart.PointLight #57.Enabled = false   [was true, 3 change(s)]
Lights             Lights.HallwayLights.HallwayLight.NeonPart.PointLight #57.Brightness = 0.5   [was 0.5, 2 change(s)]
Lights             Lights.HallwayLights.HallwayLight.NeonPart ~(240.8, 280.7, -19.5).Color = 0, 0, 0   [was 0.972549, 0.929412, 0.717647, 4 change(s)]
Lights             Lights.HallwayLights.HallwayLight.NeonPart.PointLight #58.Enabled = false   [was true, 3 change(s)]
Lights             Lights.HallwayLights.HallwayLight.NeonPart.PointLight #58.Brightness = 0.5   [was 0.5, 2 change(s)]
Lights             Lights.HallwayLights.HallwayLight.NeonPart ~(227.4, 280.7, -19.5).Color = 0, 0, 0   [was 0.972549, 0.929412, 0.717647, 6 change(s)]
Lights             Lights.HallwayLights.HallwayLight.NeonPart.PointLight #59.Enabled = false   [was true, 5 change(s)]
Lights             Lights.HallwayLights.HallwayLight.NeonPart.PointLight #59.Brightness = 0.5   [was 0.5, 2 change(s)]
Lights             Lights.HallwayLights.HallwayLight.NeonPart ~(240.8, 280.7, -34.5).Color = 0, 0, 0   [was 0.972549, 0.929412, 0.717647, 6 change(s)]
Lights             Lights.HallwayLights.HallwayLight.NeonPart.PointLight #60.Enabled = false   [was true, 3 change(s)]
Lights             Lights.HallwayLights.HallwayLight.NeonPart.PointLight #60.Brightness = 0.5   [was 0.5, 2 change(s)]
Lights             Lights.HallwayLights.HallwayLight.NeonPart ~(227.4, 280.7, -34.5).Color = 0, 0, 0   [was 0.972549, 0.929412, 0.717647, 7 change(s)]
Lights             Lights.HallwayLights.HallwayLight.NeonPart.PointLight #61.Enabled = false   [was true, 5 change(s)]
Lights             Lights.HallwayLights.HallwayLight.NeonPart.PointLight #61.Brightness = 0.5   [was 0.5, 2 change(s)]
Lights             Lights.HallwayLights.HallwayLight.NeonPart ~(249.1, 280.7, -56.1).Color = 0, 0, 0   [was 0.972549, 0.929412, 0.717647, 6 change(s)]
Lights             Lights.HallwayLights.HallwayLight.NeonPart.PointLight #62.Enabled = false   [was true, 5 change(s)]
Lights             Lights.HallwayLights.HallwayLight.NeonPart.PointLight #62.Brightness = 0.5   [was 0.5, 2 change(s)]
Lights             Lights.HallwayLights.HallwayLight.NeonPart ~(234.1, 280.7, -56.1).Color = 0, 0, 0   [was 0.972549, 0.929412, 0.717647, 5 change(s)]
Lights             Lights.HallwayLights.HallwayLight.NeonPart.PointLight #63.Enabled = false   [was true, 3 change(s)]
Lights             Lights.HallwayLights.HallwayLight.NeonPart.PointLight #63.Brightness = 0.5   [was 0.5, 2 change(s)]
Lights             Lights.HallwayLights.HallwayLight.NeonPart ~(219.1, 280.7, -42.8).Color = 0, 0, 0   [was 0.972549, 0.929412, 0.717647, 4 change(s)]
Lights             Lights.HallwayLights.HallwayLight.NeonPart.PointLight #64.Enabled = false   [was true, 3 change(s)]
Lights             Lights.HallwayLights.HallwayLight.NeonPart.PointLight #64.Brightness = 0.5   [was 0.5, 2 change(s)]
Lights             Lights.HallwayLights.HallwayLight.NeonPart ~(219.1, 280.7, -56.1).Color = 0, 0, 0   [was 0.972549, 0.929412, 0.717647, 4 change(s)]
Lights             Lights.HallwayLights.HallwayLight.NeonPart.PointLight #65.Enabled = false   [was true, 3 change(s)]
Lights             Lights.HallwayLights.HallwayLight.NeonPart.PointLight #65.Brightness = 0.5   [was 0.5, 2 change(s)]
Lights             Lights.HallwayLights.HallwayLight.NeonPart ~(249.1, 280.7, -42.8).Color = 0, 0, 0   [was 0.972549, 0.929412, 0.717647, 6 change(s)]
Lights             Lights.HallwayLights.HallwayLight.NeonPart.PointLight #66.Enabled = false   [was true, 3 change(s)]
Lights             Lights.HallwayLights.HallwayLight.NeonPart.PointLight #66.Brightness = 0.5   [was 0.5, 2 change(s)]
Lights             Lights.HallwayLights.HallwayLight.NeonPart ~(265.6, 280.7, 116.4).Color = 0, 0, 0   [was 0.972549, 0.929412, 0.717647, 6 change(s)]
Lights             Lights.HallwayLights.HallwayLight.NeonPart.PointLight #67.Enabled = false   [was true, 5 change(s)]
Lights             Lights.HallwayLights.HallwayLight.NeonPart.PointLight #67.Brightness = 0.5   [was 0.5, 2 change(s)]
Lights             Lights.HallwayLights.HallwayLight.NeonPart ~(265.6, 280.7, 129.8).Color = 0, 0, 0   [was 0.972549, 0.929412, 0.717647, 4 change(s)]
Lights             Lights.HallwayLights.HallwayLight.NeonPart.PointLight #68.Enabled = false   [was true, 3 change(s)]
Lights             Lights.HallwayLights.HallwayLight.NeonPart.PointLight #68.Brightness = 0.5   [was 0.5, 2 change(s)]
Lights             Lights.HallwayLights.HallwayLight.NeonPart ~(280.6, 280.7, 116.4).Color = 0, 0, 0   [was 0.972549, 0.929412, 0.717647, 7 change(s)]
Lights             Lights.HallwayLights.HallwayLight.NeonPart.PointLight #69.Enabled = false   [was true, 5 change(s)]
Lights             Lights.HallwayLights.HallwayLight.NeonPart.PointLight #69.Brightness = 0.5   [was 0.5, 2 change(s)]
Lights             Lights.HallwayLights.HallwayLight.NeonPart ~(280.6, 280.7, 129.8).Color = 0, 0, 0   [was 0.972549, 0.929412, 0.717647, 4 change(s)]
Lights             Lights.HallwayLights.HallwayLight.NeonPart.PointLight #70.Enabled = false   [was true, 3 change(s)]
Lights             Lights.HallwayLights.HallwayLight.NeonPart.PointLight #70.Brightness = 0.5   [was 0.5, 2 change(s)]
Lights             Lights.HallwayLights.HallwayLight.NeonPart ~(212.1, 248.3, -5.6).Color = 0, 0, 0   [was 0.972549, 0.929412, 0.717647, 6 change(s)]
Lights             Lights.HallwayLights.HallwayLight.NeonPart.PointLight #71.Enabled = false   [was true, 5 change(s)]
Lights             Lights.HallwayLights.HallwayLight.NeonPart.PointLight #71.Brightness = 0.5   [was 0.5, 2 change(s)]
Lights             Lights.HallwayLights.HallwayLight.NeonPart ~(306.5, 280.7, 114.9).Color = 0, 0, 0   [was 0.972549, 0.929412, 0.717647, 6 change(s)]
Lights             Lights.HallwayLights.HallwayLight.NeonPart.PointLight #72.Enabled = false   [was true, 5 change(s)]
Lights             Lights.HallwayLights.HallwayLight.NeonPart.PointLight #72.Brightness = 0.5   [was 0.5, 2 change(s)]
Lights             Lights.HallwayLights.HallwayLight.NeonPart ~(297.9, 280.7, 129.9).Color = 0, 0, 0   [was 0.972549, 0.929412, 0.717647, 6 change(s)]
Lights             Lights.HallwayLights.HallwayLight.NeonPart.PointLight #73.Enabled = false   [was true, 3 change(s)]
Lights             Lights.HallwayLights.HallwayLight.NeonPart.PointLight #73.Brightness = 0.5   [was 0.5, 2 change(s)]
Lights             Lights.HallwayLights.HallwayLight.NeonPart ~(314.2, 280.7, 101.7).Color = 0, 0, 0   [was 0.972549, 0.929412, 0.717647, 6 change(s)]
Lights             Lights.HallwayLights.HallwayLight.NeonPart.PointLight #74.Enabled = false   [was true, 5 change(s)]
Lights             Lights.HallwayLights.HallwayLight.NeonPart.PointLight #74.Brightness = 0.5   [was 0.5, 2 change(s)]
Lights             Lights.HallwayLights.HallwayLight.NeonPart ~(177.2, 248.3, 6.0).Color = 0, 0, 0   [was 0.972549, 0.929412, 0.717647, 6 change(s)]
Lights             Lights.HallwayLights.HallwayLight.NeonPart.PointLight #75.Enabled = false   [was true, 3 change(s)]
Lights             Lights.HallwayLights.HallwayLight.NeonPart.PointLight #75.Brightness = 0.5   [was 0.5, 2 change(s)]
Lights             Lights.HallwayLights.HallwayLight.NeonPart ~(321.4, 280.7, 89.1).Color = 0, 0, 0   [was 0.972549, 0.929412, 0.717647, 7 change(s)]
Lights             Lights.HallwayLights.HallwayLight.NeonPart.PointLight #76.Enabled = false   [was true, 5 change(s)]
Lights             Lights.HallwayLights.HallwayLight.NeonPart.PointLight #76.Brightness = 0.5   [was 0.5, 2 change(s)]
Lights             Lights.HallwayLights.HallwayLight.NeonPart ~(358.4, 280.7, 54.2).Color = 0, 0, 0   [was 0.972549, 0.929412, 0.717647, 6 change(s)]
Lights             Lights.HallwayLights.HallwayLight.NeonPart.PointLight #77.Enabled = false   [was true, 5 change(s)]
Lights             Lights.HallwayLights.HallwayLight.NeonPart.PointLight #77.Brightness = 0.5   [was 0.5, 2 change(s)]
Lights             Lights.HallwayLights.HallwayLight.NeonPart ~(358.4, 280.7, 67.6).Color = 0, 0, 0   [was 0.972549, 0.929412, 0.717647, 6 change(s)]
Lights             Lights.HallwayLights.HallwayLight.NeonPart.PointLight #78.Enabled = false   [was true, 5 change(s)]
Lights             Lights.HallwayLights.HallwayLight.NeonPart.PointLight #78.Brightness = 0.5   [was 0.5, 2 change(s)]
Lights             Lights.HallwayLights.HallwayLight.NeonPart ~(343.4, 280.7, 54.2).Color = 0, 0, 0   [was 0.972549, 0.929412, 0.717647, 6 change(s)]
Lights             Lights.HallwayLights.HallwayLight.NeonPart.PointLight #79.Enabled = false   [was true, 5 change(s)]
Lights             Lights.HallwayLights.HallwayLight.NeonPart.PointLight #79.Brightness = 0.5   [was 0.5, 2 change(s)]
Lights             Lights.HallwayLights.HallwayLight.NeonPart ~(343.4, 280.7, 67.6).Color = 0, 0, 0   [was 0.972549, 0.929412, 0.717647, 6 change(s)]
Lights             Lights.HallwayLights.HallwayLight.NeonPart.PointLight #80.Enabled = false   [was true, 5 change(s)]
Lights             Lights.HallwayLights.HallwayLight.NeonPart.PointLight #80.Brightness = 0.5   [was 0.5, 2 change(s)]
Lights             Lights.HallwayLights.HallwayLight.NeonPart ~(326.0, 280.7, 54.1).Color = 0, 0, 0   [was 0.972549, 0.929412, 0.717647, 7 change(s)]
Lights             Lights.HallwayLights.HallwayLight.NeonPart.PointLight #81.Enabled = false   [was true, 5 change(s)]
Lights             Lights.HallwayLights.HallwayLight.NeonPart.PointLight #81.Brightness = 0.5   [was 0.5, 2 change(s)]
Lights             Lights.HallwayLights.HallwayLight.NeonPart ~(328.9, 280.7, 76.1).Color = 0, 0, 0   [was 0.972549, 0.929412, 0.717647, 7 change(s)]
Lights             Lights.HallwayLights.HallwayLight.NeonPart.PointLight #82.Enabled = false   [was true, 3 change(s)]
Lights             Lights.HallwayLights.HallwayLight.NeonPart.PointLight #82.Brightness = 0.5   [was 0.5, 2 change(s)]
Lights             Lights.HallwayLights.HallwayLight.NeonPart ~(177.2, 248.3, -7.3).Color = 0, 0, 0   [was 0.972549, 0.929412, 0.717647, 6 change(s)]
Lights             Lights.HallwayLights.HallwayLight.NeonPart.PointLight #83.Enabled = false   [was true, 5 change(s)]
Lights             Lights.HallwayLights.HallwayLight.NeonPart.PointLight #83.Brightness = 0.5   [was 0.5, 2 change(s)]
Lights             Lights.HallwayLights.HallwayLight.NeonPart ~(198.8, 130.7, 6.8).Color = 0, 0, 0   [was 0.972549, 0.929412, 0.717647, 6 change(s)]
Lights             Lights.HallwayLights.HallwayLight.NeonPart.PointLight #84.Enabled = false   [was true, 3 change(s)]
Lights             Lights.HallwayLights.HallwayLight.NeonPart.PointLight #84.Brightness = 0.5   [was 0.5, 2 change(s)]
Lights             Lights.HallwayLights.HallwayLight.NeonPart ~(198.8, 130.7, -8.2).Color = 0, 0, 0   [was 0.972549, 0.929412, 0.717647, 6 change(s)]
Lights             Lights.HallwayLights.HallwayLight.NeonPart.PointLight #85.Enabled = false   [was true, 5 change(s)]
Lights             Lights.HallwayLights.HallwayLight.NeonPart.PointLight #85.Brightness = 0.5   [was 0.5, 2 change(s)]
Lights             Lights.HallwayLights.HallwayLight.NeonPart ~(303.7, 130.7, 63.1).Color = 0, 0, 0   [was 0.972549, 0.929412, 0.717647, 6 change(s)]
Lights             Lights.HallwayLights.HallwayLight.NeonPart.PointLight #86.Enabled = false   [was true, 5 change(s)]
Lights             Lights.HallwayLights.HallwayLight.NeonPart.PointLight #86.Brightness = 0.5   [was 0.5, 2 change(s)]
Lights             Lights.HallwayLights.HallwayLight.NeonPart ~(317.1, 130.7, 63.1).Color = 0, 0, 0   [was 0.972549, 0.929412, 0.717647, 6 change(s)]
Lights             Lights.HallwayLights.HallwayLight.NeonPart.PointLight #87.Enabled = false   [was true, 3 change(s)]
Lights             Lights.HallwayLights.HallwayLight.NeonPart.PointLight #87.Brightness = 0.5   [was 0.5, 2 change(s)]
Lights             Lights.HallwayLights.HallwayLight.NeonPart ~(317.1, 130.7, 93.1).Color = 0, 0, 0   [was 0.972549, 0.929412, 0.717647, 6 change(s)]
Lights             Lights.HallwayLights.HallwayLight.NeonPart.PointLight #88.Enabled = false   [was true, 5 change(s)]
Lights             Lights.HallwayLights.HallwayLight.NeonPart.PointLight #88.Brightness = 0.5   [was 0.5, 2 change(s)]
Lights             Lights.HallwayLights.HallwayLight.NeonPart ~(317.1, 130.7, 78.1).Color = 0, 0, 0   [was 0.972549, 0.929412, 0.717647, 6 change(s)]
Lights             Lights.HallwayLights.HallwayLight.NeonPart.PointLight #89.Enabled = false   [was true, 5 change(s)]
Lights             Lights.HallwayLights.HallwayLight.NeonPart.PointLight #89.Brightness = 0.5   [was 0.5, 2 change(s)]
Lights             Lights.HallwayLights.HallwayLight.NeonPart ~(303.7, 130.7, 93.1).Color = 0, 0, 0   [was 0.972549, 0.929412, 0.717647, 6 change(s)]
Lights             Lights.HallwayLights.HallwayLight.NeonPart.PointLight #90.Enabled = false   [was true, 3 change(s)]
Lights             Lights.HallwayLights.HallwayLight.NeonPart.PointLight #90.Brightness = 0.5   [was 0.5, 2 change(s)]
Lights             Lights.HallwayLights.HallwayLight.NeonPart ~(295.4, 130.7, 71.4).Color = 0, 0, 0   [was 0.972549, 0.929412, 0.717647, 6 change(s)]
Lights             Lights.HallwayLights.HallwayLight.NeonPart.PointLight #91.Enabled = false   [was true, 3 change(s)]
Lights             Lights.HallwayLights.HallwayLight.NeonPart.PointLight #91.Brightness = 0.5   [was 0.5, 2 change(s)]
Lights             Lights.HallwayLights.HallwayLight.NeonPart ~(295.4, 130.7, 84.8).Color = 0, 0, 0   [was 0.972549, 0.929412, 0.717647, 6 change(s)]
Lights             Lights.HallwayLights.HallwayLight.NeonPart.PointLight #92.Enabled = false   [was true, 5 change(s)]
Lights             Lights.HallwayLights.HallwayLight.NeonPart.PointLight #92.Brightness = 0.5   [was 0.5, 2 change(s)]
Lights             Lights.HallwayLights.HallwayLight.NeonPart ~(280.4, 130.7, 84.8).Color = 0, 0, 0   [was 0.972549, 0.929412, 0.717647, 5 change(s)]
Lights             Lights.HallwayLights.HallwayLight.NeonPart.PointLight #93.Enabled = false   [was true, 3 change(s)]
Lights             Lights.HallwayLights.HallwayLight.NeonPart.PointLight #93.Brightness = 0.5   [was 0.5, 2 change(s)]
Lights             Lights.HallwayLights.HallwayLight.NeonPart ~(280.4, 130.7, 71.4).Color = 0, 0, 0   [was 0.972549, 0.929412, 0.717647, 6 change(s)]
Lights             Lights.HallwayLights.HallwayLight.NeonPart.PointLight #94.Enabled = false   [was true, 5 change(s)]
Lights             Lights.HallwayLights.HallwayLight.NeonPart.PointLight #94.Brightness = 0.5   [was 0.5, 2 change(s)]
Lights             Lights.HallwayLights.HallwayLight.NeonPart ~(265.4, 130.7, 84.8).Color = 0, 0, 0   [was 0.972549, 0.929412, 0.717647, 6 change(s)]
Lights             Lights.HallwayLights.HallwayLight.NeonPart.PointLight #95.Enabled = false   [was true, 5 change(s)]
Lights             Lights.HallwayLights.HallwayLight.NeonPart.PointLight #95.Brightness = 0.5   [was 0.5, 2 change(s)]
Lights             Lights.HallwayLights.HallwayLight.NeonPart ~(265.4, 130.7, 71.4).Color = 0, 0, 0   [was 0.972549, 0.929412, 0.717647, 6 change(s)]
Lights             Lights.HallwayLights.HallwayLight.NeonPart.PointLight #96.Enabled = false   [was true, 5 change(s)]
Lights             Lights.HallwayLights.HallwayLight.NeonPart.PointLight #96.Brightness = 0.5   [was 0.5, 2 change(s)]
Lights             Lights.HallwayLights.HallwayLight.NeonPart ~(250.4, 130.7, 84.8).Color = 0, 0, 0   [was 0.972549, 0.929412, 0.717647, 5 change(s)]
Lights             Lights.HallwayLights.HallwayLight.NeonPart.PointLight #97.Enabled = false   [was true, 3 change(s)]
Lights             Lights.HallwayLights.HallwayLight.NeonPart.PointLight #97.Brightness = 0.5   [was 0.5, 2 change(s)]
Lights             Lights.HallwayLights.HallwayLight.NeonPart ~(250.4, 130.7, 71.4).Color = 0, 0, 0   [was 0.972549, 0.929412, 0.717647, 5 change(s)]
Lights             Lights.HallwayLights.HallwayLight.NeonPart.PointLight #98.Enabled = false   [was true, 3 change(s)]
Lights             Lights.HallwayLights.HallwayLight.NeonPart.PointLight #98.Brightness = 0.5   [was 0.5, 2 change(s)]
Lights             Lights.HallwayLights.HallwayLight.NeonPart ~(235.4, 130.7, 84.8).Color = 0, 0, 0   [was 0.972549, 0.929412, 0.717647, 4 change(s)]
Lights             Lights.HallwayLights.HallwayLight.NeonPart.PointLight #99.Enabled = false   [was true, 3 change(s)]
Lights             Lights.HallwayLights.HallwayLight.NeonPart.PointLight #99.Brightness = 0.5   [was 0.5, 2 change(s)]
Lights             Lights.HallwayLights.HallwayLight.NeonPart ~(235.4, 130.7, 71.4).Color = 0, 0, 0   [was 0.972549, 0.929412, 0.717647, 6 change(s)]
Lights             Lights.HallwayLights.HallwayLight.NeonPart.PointLight #100.Enabled = false   [was true, 3 change(s)]
Lights             Lights.HallwayLights.HallwayLight.NeonPart.PointLight #100.Brightness = 0.5   [was 0.5, 2 change(s)]
Lights             Lights.HallwayLights.HallwayLight.NeonPart ~(220.4, 130.7, 84.8).Color = 0, 0, 0   [was 0.972549, 0.929412, 0.717647, 6 change(s)]
Lights             Lights.HallwayLights.HallwayLight.NeonPart.PointLight #101.Enabled = false   [was true, 5 change(s)]
Lights             Lights.HallwayLights.HallwayLight.NeonPart.PointLight #101.Brightness = 0.5   [was 0.5, 2 change(s)]
Lights             Lights.HallwayLights.HallwayLight.NeonPart ~(220.4, 130.7, 71.4).Color = 0, 0, 0   [was 0.972549, 0.929412, 0.717647, 6 change(s)]
Lights             Lights.HallwayLights.HallwayLight.NeonPart.PointLight #102.Enabled = false   [was true, 5 change(s)]
Lights             Lights.HallwayLights.HallwayLight.NeonPart.PointLight #102.Brightness = 0.5   [was 0.5, 2 change(s)]
Lights             Lights.HallwayLights.HallwayLight.NeonPart ~(190.4, 130.7, 84.8).Color = 0, 0, 0   [was 0.972549, 0.929412, 0.717647, 7 change(s)]
Lights             Lights.HallwayLights.HallwayLight.NeonPart.PointLight #103.Enabled = false   [was true, 5 change(s)]
Lights             Lights.HallwayLights.HallwayLight.NeonPart.PointLight #103.Brightness = 0.5   [was 0.5, 2 change(s)]
Lights             Lights.HallwayLights.HallwayLight.NeonPart ~(190.4, 130.7, 71.4).Color = 0, 0, 0   [was 0.972549, 0.929412, 0.717647, 6 change(s)]
Lights             Lights.HallwayLights.HallwayLight.NeonPart.PointLight #104.Enabled = false   [was true, 3 change(s)]
Lights             Lights.HallwayLights.HallwayLight.NeonPart.PointLight #104.Brightness = 0.5   [was 0.5, 2 change(s)]
Lights             Lights.HallwayLights.HallwayLight.NeonPart ~(212.1, 130.7, 63.1).Color = 0, 0, 0   [was 0.972549, 0.929412, 0.717647, 7 change(s)]
Lights             Lights.HallwayLights.HallwayLight.NeonPart.PointLight #105.Enabled = false   [was true, 5 change(s)]
Lights             Lights.HallwayLights.HallwayLight.NeonPart.PointLight #105.Brightness = 0.5   [was 0.5, 2 change(s)]
Lights             Lights.HallwayLights.HallwayLight.NeonPart ~(205.4, 130.7, 84.8).Color = 0, 0, 0   [was 0.972549, 0.929412, 0.717647, 7 change(s)]
Lights             Lights.HallwayLights.HallwayLight.NeonPart.PointLight #106.Enabled = false   [was true, 5 change(s)]
Lights             Lights.HallwayLights.HallwayLight.NeonPart.PointLight #106.Brightness = 0.5   [was 0.5, 2 change(s)]
Lights             Lights.HallwayLights.HallwayLight.NeonPart ~(198.8, 130.7, 63.1).Color = 0, 0, 0   [was 0.972549, 0.929412, 0.717647, 6 change(s)]
Lights             Lights.HallwayLights.HallwayLight.NeonPart.PointLight #107.Enabled = false   [was true, 5 change(s)]
Lights             Lights.HallwayLights.HallwayLight.NeonPart.PointLight #107.Brightness = 0.5   [was 0.5, 2 change(s)]
Lights             Lights.HallwayLights.HallwayLight.NeonPart ~(212.1, 130.7, 48.1).Color = 0, 0, 0   [was 0.972549, 0.929412, 0.717647, 6 change(s)]
Lights             Lights.HallwayLights.HallwayLight.NeonPart.PointLight #108.Enabled = false   [was true, 5 change(s)]
Lights             Lights.HallwayLights.HallwayLight.NeonPart.PointLight #108.Brightness = 0.5   [was 0.5, 2 change(s)]
Lights             Lights.HallwayLights.HallwayLight.NeonPart ~(198.8, 130.7, 48.1).Color = 0, 0, 0   [was 0.972549, 0.929412, 0.717647, 6 change(s)]
Lights             Lights.HallwayLights.HallwayLight.NeonPart.PointLight #109.Enabled = false   [was true, 3 change(s)]
Lights             Lights.HallwayLights.HallwayLight.NeonPart.PointLight #109.Brightness = 0.5   [was 0.5, 2 change(s)]
Lights             Lights.HallwayLights.HallwayLight.NeonPart ~(212.1, 130.7, 33.1).Color = 0, 0, 0   [was 0.972549, 0.929412, 0.717647, 7 change(s)]
Lights             Lights.HallwayLights.HallwayLight.NeonPart.PointLight #110.Enabled = false   [was true, 3 change(s)]
Lights             Lights.HallwayLights.HallwayLight.NeonPart.PointLight #110.Brightness = 0.5   [was 0.5, 2 change(s)]
Lights             Lights.HallwayLights.HallwayLight.NeonPart ~(198.8, 130.7, 33.1).Color = 0, 0, 0   [was 0.972549, 0.929412, 0.717647, 6 change(s)]
Lights             Lights.HallwayLights.HallwayLight.NeonPart.PointLight #111.Enabled = false   [was true, 3 change(s)]
Lights             Lights.HallwayLights.HallwayLight.NeonPart.PointLight #111.Brightness = 0.5   [was 0.5, 2 change(s)]
Lights             Lights.HallwayLights.HallwayLight.NeonPart ~(212.1, 130.7, 14.3).Color = 0, 0, 0   [was 0.972549, 0.929412, 0.717647, 6 change(s)]
Lights             Lights.HallwayLights.HallwayLight.NeonPart.PointLight #112.Enabled = false   [was true, 5 change(s)]
Lights             Lights.HallwayLights.HallwayLight.NeonPart.PointLight #112.Brightness = 0.5   [was 0.5, 2 change(s)]
Lights             Lights.HallwayLights.HallwayLight.NeonPart ~(165.9, 248.3, -7.3).Color = 0, 0, 0   [was 0.972549, 0.929412, 0.717647, 6 change(s)]
Lights             Lights.HallwayLights.HallwayLight.NeonPart.PointLight #113.Enabled = false   [was true, 5 change(s)]
Lights             Lights.HallwayLights.HallwayLight.NeonPart.PointLight #113.Brightness = 0.5   [was 0.5, 2 change(s)]
Lights             Lights.HallwayLights.HallwayLight.NeonPart ~(192.2, 248.3, -7.3).Color = 0, 0, 0   [was 0.972549, 0.929412, 0.717647, 5 change(s)]
Lights             Lights.HallwayLights.HallwayLight.NeonPart.PointLight #114.Enabled = false   [was true, 3 change(s)]
Lights             Lights.HallwayLights.HallwayLight.NeonPart.PointLight #114.Brightness = 0.5   [was 0.5, 2 change(s)]
Lights             Lights.HallwayLights.HallwayLight.NeonPart ~(220.4, 130.7, -7.3).Color = 0, 0, 0   [was 0.972549, 0.929412, 0.717647, 6 change(s)]
Lights             Lights.HallwayLights.HallwayLight.NeonPart.PointLight #115.Enabled = false   [was true, 5 change(s)]
Lights             Lights.HallwayLights.HallwayLight.NeonPart.PointLight #115.Brightness = 0.5   [was 0.5, 2 change(s)]
Lights             Lights.HallwayLights.HallwayLight.NeonPart ~(198.8, 130.7, -30.7).Color = 0, 0, 0   [was 0.972549, 0.929412, 0.717647, 6 change(s)]
Lights             Lights.HallwayLights.HallwayLight.NeonPart.PointLight #116.Enabled = false   [was true, 5 change(s)]
Lights             Lights.HallwayLights.HallwayLight.NeonPart.PointLight #116.Brightness = 0.5   [was 0.5, 2 change(s)]
Lights             Lights.HallwayLights.HallwayLight.NeonPart ~(212.1, 130.7, -30.7).Color = 0, 0, 0   [was 0.972549, 0.929412, 0.717647, 5 change(s)]
Lights             Lights.HallwayLights.HallwayLight.NeonPart.PointLight #117.Enabled = false   [was true, 3 change(s)]
Lights             Lights.HallwayLights.HallwayLight.NeonPart.PointLight #117.Brightness = 0.5   [was 0.5, 2 change(s)]
Lights             Lights.HallwayLights.HallwayLight.NeonPart ~(198.8, 130.7, -15.7).Color = 0, 0, 0   [was 0.972549, 0.929412, 0.717647, 6 change(s)]
Lights             Lights.HallwayLights.HallwayLight.NeonPart.PointLight #118.Enabled = false   [was true, 5 change(s)]
Lights             Lights.HallwayLights.HallwayLight.NeonPart.PointLight #118.Brightness = 0.5   [was 0.5, 2 change(s)]
Lights             Lights.HallwayLights.HallwayLight.NeonPart ~(212.1, 130.7, -15.7).Color = 0, 0, 0   [was 0.972549, 0.929412, 0.717647, 4 change(s)]
Lights             Lights.HallwayLights.HallwayLight.NeonPart.PointLight #119.Enabled = false   [was true, 3 change(s)]
Lights             Lights.HallwayLights.HallwayLight.NeonPart.PointLight #119.Brightness = 0.5   [was 0.5, 2 change(s)]
Lights             Lights.HallwayLights.HallwayLight.NeonPart ~(220.4, 130.7, 6.0).Color = 0, 0, 0   [was 0.972549, 0.929412, 0.717647, 6 change(s)]
Lights             Lights.HallwayLights.HallwayLight.NeonPart.PointLight #120.Enabled = false   [was true, 5 change(s)]
Lights             Lights.HallwayLights.HallwayLight.NeonPart.PointLight #120.Brightness = 0.5   [was 0.5, 2 change(s)]
Lights             Lights.HallwayLights.HallwayLight.NeonPart ~(198.8, 130.7, 14.3).Color = 0, 0, 0   [was 0.972549, 0.929412, 0.717647, 4 change(s)]
Lights             Lights.HallwayLights.HallwayLight.NeonPart.PointLight #121.Enabled = false   [was true, 3 change(s)]
Lights             Lights.HallwayLights.HallwayLight.NeonPart.PointLight #121.Brightness = 0.5   [was 0.5, 2 change(s)]
Lights             Lights.HallwayLights.HallwayLight.NeonPart ~(240.8, 280.7, 108.1).Color = 0, 0, 0   [was 0.972549, 0.929412, 0.717647, 6 change(s)]
Lights             Lights.HallwayLights.HallwayLight.NeonPart.PointLight #122.Enabled = false   [was true, 5 change(s)]
Lights             Lights.HallwayLights.HallwayLight.NeonPart.PointLight #122.Brightness = 0.5   [was 0.5, 2 change(s)]
Lights             Lights.HallwayLights.HallwayLight.NeonPart ~(317.1, 130.7, 48.1).Color = 0, 0, 0   [was 0.972549, 0.929412, 0.717647, 6 change(s)]
Lights             Lights.HallwayLights.HallwayLight.NeonPart.PointLight #123.Enabled = false   [was true, 3 change(s)]
Lights             Lights.HallwayLights.HallwayLight.NeonPart.PointLight #123.Brightness = 0.5   [was 0.5, 2 change(s)]
Lights             Lights.HallwayLights.HallwayLight.NeonPart ~(303.7, 130.7, 48.1).Color = 0, 0, 0   [was 0.972549, 0.929412, 0.717647, 6 change(s)]
Lights             Lights.HallwayLights.HallwayLight.NeonPart.PointLight #124.Enabled = false   [was true, 5 change(s)]
Lights             Lights.HallwayLights.HallwayLight.NeonPart.PointLight #124.Brightness = 0.5   [was 0.5, 2 change(s)]
Lights             Lights.MaintFacilityLights.WallLight.NeonPart.Color = 0, 0, 0   [was 0.972549, 0.972549, 0.972549, 7 change(s)]
Lights             Lights.MaintFacilityLights.WallLight.NeonPart.MainframeLight.Enabled = false   [was true, 5 change(s)]
Lights             Lights.MaintFacilityLights.WallLight.NeonPart.MainframeLight.Brightness = 0.5   [was 0.5, 2 change(s)]
Lights             Lights.MaintFacilityLights.WallLight.NeonPart ~(312.2, 285.0, 67.2).Color = 0, 0, 0   [was 0.972549, 0.972549, 0.972549, 7 change(s)]
Lights             Lights.MaintFacilityLights.WallLight.NeonPart.MainframeLight #2.Enabled = false   [was true, 5 change(s)]
Lights             Lights.MaintFacilityLights.WallLight.NeonPart.MainframeLight #2.Brightness = 0.5   [was 0.5, 2 change(s)]
Lights             Lights.MaintFacilityLights.WallLight.NeonPart ~(307.3, 285.0, 75.7).Color = 0, 0, 0   [was 0.972549, 0.972549, 0.972549, 3 change(s)]
Lights             Lights.MaintFacilityLights.WallLight.NeonPart.MainframeLight #3.Enabled = false   [was true, 1 change(s)]
Lights             Lights.MaintFacilityLights.WallLight.NeonPart.MainframeLight #3.Brightness = 0.5   [was 0.5, 2 change(s)]
Lights             Lights.MaintFacilityLights.SuitRepairWallLight.NeonPart.Color = 0, 0, 0   [was 1, 0.65098, 0.415686, 7 change(s)]
Lights             Lights.MaintFacilityLights.SuitRepairWallLight.NeonPart.MainframeLight.Enabled = false   [was true, 5 change(s)]
Lights             Lights.MaintFacilityLights.SuitRepairWallLight.NeonPart.MainframeLight.Brightness = 0.5   [was 0.5, 2 change(s)]
Lights             Lights.MaintFacilityLights.SuitRepairWallLight.NeonPart ~(297.8, 285.0, 92.2).Color = 0, 0, 0   [was 1, 0.65098, 0.415686, 6 change(s)]
Lights             Lights.MaintFacilityLights.SuitRepairWallLight.NeonPart.MainframeLight #2.Enabled = false   [was true, 5 change(s)]
Lights             Lights.MaintFacilityLights.SuitRepairWallLight.NeonPart.MainframeLight #2.Brightness = 1   [was 1, 2 change(s)]
Lights             Lights.MaintFacilityLights.SuitRepairWallLight.NeonPart ~(305.0, 285.0, 79.6).Color = 0, 0, 0   [was 1, 0.65098, 0.415686, 6 change(s)]
Lights             Lights.MaintFacilityLights.SuitRepairWallLight.NeonPart.MainframeLight #3.Enabled = false   [was true, 5 change(s)]
Lights             Lights.MaintFacilityLights.SuitRepairWallLight.NeonPart.MainframeLight #3.Brightness = 1   [was 1, 2 change(s)]
Lights             Lights.MaintFacilityLights.SuitRepairWallLight.NeonPart ~(298.2, 135.0, 44.1).Color = 0, 0, 0   [was 1, 0.65098, 0.415686, 7 change(s)]
Lights             Lights.MaintFacilityLights.SuitRepairWallLight.NeonPart.MainframeLight #4.Enabled = false   [was true, 5 change(s)]
Lights             Lights.MaintFacilityLights.SuitRepairWallLight.NeonPart.MainframeLight #4.Brightness = 1   [was 1, 2 change(s)]
Lights             Lights.MaintFacilityLights.SuitRepairWallLight.NeonPart ~(293.2, 135.0, 36.9).Color = 0, 0, 0   [was 1, 0.65098, 0.415686, 3 change(s)]
Lights             Lights.MaintFacilityLights.SuitRepairWallLight.NeonPart.MainframeLight #5.Enabled = false   [was true, 1 change(s)]
Lights             Lights.MaintFacilityLights.SuitRepairWallLight.NeonPart.MainframeLight #5.Brightness = 0.5   [was 0.5, 2 change(s)]
Lights             Lights.MaintFacilityLights.SuitRepairWallLight.NeonPart ~(298.2, 135.0, 29.6).Color = 0, 0, 0   [was 1, 0.65098, 0.415686, 6 change(s)]
Lights             Lights.MaintFacilityLights.SuitRepairWallLight.NeonPart.MainframeLight #6.Enabled = false   [was true, 3 change(s)]
Lights             Lights.MaintFacilityLights.SuitRepairWallLight.NeonPart.MainframeLight #6.Brightness = 1   [was 1, 2 change(s)]
Lights             Lights.MaintFacilityLights.FieldKitStationWallLight.NeonPart.Color = 0, 0, 0   [was 0.666667, 1, 0.498039, 7 change(s)]
Lights             Lights.MaintFacilityLights.FieldKitStationWallLight.NeonPart.MainframeLight.Enabled = false   [was true, 5 change(s)]
Lights             Lights.MaintFacilityLights.FieldKitStationWallLight.NeonPart.MainframeLight.Brightness = 0.25   [was 0.25, 2 change(s)]
Lights             Lights.MaintFacilityLights.FieldKitStationWallLight.NeonPart ~(293.2, 135.0, 18.1).Color = 0, 0, 0   [was 0.666667, 1, 0.498039, 6 change(s)]
Lights             Lights.MaintFacilityLights.FieldKitStationWallLight.NeonPart.MainframeLight #2.Enabled = false   [was true, 5 change(s)]
Lights             Lights.MaintFacilityLights.FieldKitStationWallLight.NeonPart.MainframeLight #2.Brightness = 1   [was 1, 2 change(s)]
Lights             Lights.MaintFacilityLights.FieldKitStationWallLight.NeonPart ~(298.2, 135.0, 24.5).Color = 0, 0, 0   [was 0.666667, 1, 0.498039, 6 change(s)]
Lights             Lights.MaintFacilityLights.FieldKitStationWallLight.NeonPart.MainframeLight #3.Enabled = false   [was true, 5 change(s)]
Lights             Lights.MaintFacilityLights.FieldKitStationWallLight.NeonPart.MainframeLight #3.Brightness = 0.5   [was 0.5, 2 change(s)]
Lights             Lights.MaintFacilityLights.FieldKitStationWallLight.NeonPart ~(288.8, 285.0, 107.7).Color = 0, 0, 0   [was 0.666667, 1, 0.498039, 6 change(s)]
Lights             Lights.MaintFacilityLights.FieldKitStationWallLight.NeonPart.MainframeLight #4.Enabled = false   [was true, 5 change(s)]
Lights             Lights.MaintFacilityLights.FieldKitStationWallLight.NeonPart.MainframeLight #4.Brightness = 0.5   [was 0.5, 2 change(s)]
Lights             Lights.MaintFacilityLights.FieldKitStationWallLight.NeonPart ~(287.7, 285.0, 99.7).Color = 0, 0, 0   [was 0.666667, 1, 0.498039, 7 change(s)]
Lights             Lights.MaintFacilityLights.FieldKitStationWallLight.NeonPart.MainframeLight #5.Enabled = false   [was true, 5 change(s)]
Lights             Lights.MaintFacilityLights.FieldKitStationWallLight.NeonPart.MainframeLight #5.Brightness = 1   [was 1, 2 change(s)]
Lights             Lights.MaintFacilityLights.FieldKitStationWallLight.NeonPart ~(295.2, 285.0, 96.7).Color = 0, 0, 0   [was 0.666667, 1, 0.498039, 7 change(s)]
Lights             Lights.MaintFacilityLights.FieldKitStationWallLight.NeonPart.MainframeLight #6.Enabled = false   [was true, 5 change(s)]
Lights             Lights.MaintFacilityLights.FieldKitStationWallLight.NeonPart.MainframeLight #6.Brightness = 0.25   [was 0.25, 2 change(s)]
Lights             Lights.MaintFacilityLights.FieldKitStationWallLight.NeonPart ~(217.6, 252.6, -14.0).Color = 0, 0, 0   [was 0.666667, 1, 0.498039, 7 change(s)]
Lights             Lights.MaintFacilityLights.FieldKitStationWallLight.NeonPart.MainframeLight #7.Enabled = false   [was true, 5 change(s)]
Lights             Lights.MaintFacilityLights.FieldKitStationWallLight.NeonPart.MainframeLight #7.Brightness = 0.25   [was 0.25, 2 change(s)]
Lights             Lights.MaintFacilityLights.FieldKitStationWallLight.NeonPart ~(222.6, 252.6, -20.3).Color = 0, 0, 0   [was 0.666667, 1, 0.498039, 6 change(s)]
Lights             Lights.MaintFacilityLights.FieldKitStationWallLight.NeonPart.MainframeLight #8.Enabled = false   [was true, 5 change(s)]
Lights             Lights.MaintFacilityLights.FieldKitStationWallLight.NeonPart.MainframeLight #8.Brightness = 1   [was 1, 2 change(s)]
Lights             Lights.MaintFacilityLights.FieldKitStationWallLight.NeonPart ~(217.6, 252.6, -26.7).Color = 0, 0, 0   [was 0.666667, 1, 0.498039, 6 change(s)]
Lights             Lights.MaintFacilityLights.FieldKitStationWallLight.NeonPart.MainframeLight #9.Enabled = false   [was true, 3 change(s)]
Lights             Lights.MaintFacilityLights.FieldKitStationWallLight.NeonPart.MainframeLight #9.Brightness = 0.5   [was 0.5, 2 change(s)]
Lights             Lights.MaintFacilityLights.SuitRepairWallLight.NeonPart ~(193.2, 252.6, -13.1).Color = 0, 0, 0   [was 1, 0.65098, 0.415686, 7 change(s)]
Lights             Lights.MaintFacilityLights.SuitRepairWallLight.NeonPart.MainframeLight #7.Enabled = false   [was true, 5 change(s)]
Lights             Lights.MaintFacilityLights.SuitRepairWallLight.NeonPart.MainframeLight #7.Brightness = 1   [was 1, 2 change(s)]
Lights             Lights.MaintFacilityLights.SuitRepairWallLight.NeonPart ~(188.2, 252.6, -20.4).Color = 0, 0, 0   [was 1, 0.65098, 0.415686, 6 change(s)]
Lights             Lights.MaintFacilityLights.SuitRepairWallLight.NeonPart.MainframeLight #8.Enabled = false   [was true, 3 change(s)]
Lights             Lights.MaintFacilityLights.SuitRepairWallLight.NeonPart.MainframeLight #8.Brightness = 0.5   [was 0.5, 2 change(s)]
Lights             Lights.MaintFacilityLights.SuitRepairWallLight.NeonPart ~(193.2, 252.6, -27.6).Color = 0, 0, 0   [was 1, 0.65098, 0.415686, 4 change(s)]
Lights             Lights.MaintFacilityLights.SuitRepairWallLight.NeonPart.MainframeLight #9.Enabled = false   [was true, 3 change(s)]
Lights             Lights.MaintFacilityLights.SuitRepairWallLight.NeonPart.MainframeLight #9.Brightness = 1   [was 1, 2 change(s)]
Lights             Lights.MaintFacilityLights.WallLight.NeonPart ~(327.6, 135.0, 20.2).Color = 0, 0, 0   [was 0.972549, 0.972549, 0.972549, 6 change(s)]
Lights             Lights.MaintFacilityLights.WallLight.NeonPart.MainframeLight #4.Enabled = false   [was true, 3 change(s)]
Lights             Lights.MaintFacilityLights.WallLight.NeonPart.MainframeLight #4.Brightness = 0.5   [was 0.5, 2 change(s)]
Lights             Lights.MaintFacilityLights.WallLight.NeonPart ~(322.6, 135.0, 15.2).Color = 0, 0, 0   [was 0.972549, 0.972549, 0.972549, 7 change(s)]
Lights             Lights.MaintFacilityLights.WallLight.NeonPart.MainframeLight #5.Enabled = false   [was true, 5 change(s)]
Lights             Lights.MaintFacilityLights.WallLight.NeonPart.MainframeLight #5.Brightness = 0.5   [was 0.5, 2 change(s)]
Lights             Lights.MaintFacilityLights.WallLight.NeonPart ~(322.6, 135.0, 25.1).Color = 0, 0, 0   [was 0.972549, 0.972549, 0.972549, 6 change(s)]
Lights             Lights.MaintFacilityLights.WallLight.NeonPart.MainframeLight #6.Enabled = false   [was true, 5 change(s)]
Lights             Lights.MaintFacilityLights.WallLight.NeonPart.MainframeLight #6.Brightness = 0.5   [was 0.5, 2 change(s)]
Lights             Lights.SynthWallLights.SynthWallLight.NeonPart ~(181.5, 138.2, 13.6).Color = 0, 0, 0   [was 1, 0.65098, 0.415686, 6 change(s)]
Lights             Lights.SynthWallLights.SynthWallLight.NeonPart.MainframeLight #4.Enabled = false   [was true, 5 change(s)]
Lights             Lights.SynthWallLights.SynthWallLight.NeonPart.MainframeLight #4.Brightness = 1   [was 1, 2 change(s)]
Lights             Lights.SynthWallLights.SynthWallLight.NeonPart ~(181.5, 138.2, -14.9).Color = 0, 0, 0   [was 1, 0.65098, 0.415686, 6 change(s)]
Lights             Lights.SynthWallLights.SynthWallLight.NeonPart.MainframeLight #5.Enabled = false   [was true, 5 change(s)]
Lights             Lights.SynthWallLights.SynthWallLight.NeonPart.MainframeLight #5.Brightness = 1   [was 1, 2 change(s)]
Lights             Lights.SynthWallLights.SynthWallLight.NeonPart ~(167.2, 138.2, -0.7).Color = 0, 0, 0   [was 1, 0.65098, 0.415686, 7 change(s)]
Lights             Lights.SynthWallLights.SynthWallLight.NeonPart.MainframeLight #6.Enabled = false   [was true, 5 change(s)]
Lights             Lights.SynthWallLights.SynthWallLight.NeonPart.MainframeLight #6.Brightness = 1   [was 1, 2 change(s)]
Lights             Lights.SynthWallLights.SynthWallLight.NeonPart ~(236.7, 255.9, -35.2).Color = 0, 0, 0   [was 1, 0.65098, 0.415686, 3 change(s)]
Lights             Lights.SynthWallLights.SynthWallLight.NeonPart.MainframeLight #7.Enabled = false   [was true, 1 change(s)]
Lights             Lights.SynthWallLights.SynthWallLight.NeonPart.MainframeLight #7.Brightness = 1   [was 1, 2 change(s)]
Lights             Lights.SynthWallLights.SynthWallLight.NeonPart ~(251.0, 255.9, -49.5).Color = 0, 0, 0   [was 1, 0.65098, 0.415686, 5 change(s)]
Lights             Lights.SynthWallLights.SynthWallLight.NeonPart.MainframeLight #8.Enabled = false   [was true, 3 change(s)]
Lights             Lights.SynthWallLights.SynthWallLight.NeonPart.MainframeLight #8.Brightness = 1   [was 1, 2 change(s)]
Lights             Lights.SynthWallLights.SynthWallLight.NeonPart ~(236.7, 255.9, -63.7).Color = 0, 0, 0   [was 1, 0.65098, 0.415686, 6 change(s)]
Lights             Lights.SynthWallLights.SynthWallLight.NeonPart.MainframeLight #9.Enabled = false   [was true, 5 change(s)]
Lights             Lights.SynthWallLights.SynthWallLight.NeonPart.MainframeLight #9.Brightness = 1   [was 1, 2 change(s)]
Lights             Lights.CRC1LowerLights.CoolantRoomLight.NeonPart.Color = 0, 0, 0   [was 0.972549, 0.972549, 0.972549, 7 change(s)]
Lights             Lights.CRC1LowerLights.CoolantRoomLight.NeonPart.SurfaceLight.Enabled = false   [was true, 5 change(s)]
Lights             Lights.CRC1LowerLights.CoolantRoomLight.NeonPart.SurfaceLight.Brightness = 0.5   [was 0.5, 2 change(s)]
Lights             Lights.CRC1LowerLights.CoolantRoomLight.NeonPart ~(410.2, 132.6, 38.6).Color = 0, 0, 0   [was 0.972549, 0.972549, 0.972549, 7 change(s)]
Lights             Lights.CRC1LowerLights.CoolantRoomLight.NeonPart.SurfaceLight #2.Enabled = false   [was true, 5 change(s)]
Lights             Lights.CRC1LowerLights.CoolantRoomLight.NeonPart.SurfaceLight #2.Brightness = 0.5   [was 0.5, 2 change(s)]
Lights             Lights.CRC1LowerLights.CoolantRoomLight.NeonPart ~(495.1, 132.6, 38.6).Color = 0, 0, 0   [was 0.972549, 0.972549, 0.972549, 4 change(s)]
Lights             Lights.CRC1LowerLights.CoolantRoomLight.NeonPart.SurfaceLight #3.Enabled = false   [was true, 3 change(s)]
Lights             Lights.CRC1LowerLights.CoolantRoomLight.NeonPart.SurfaceLight #3.Brightness = 0.5   [was 0.5, 2 change(s)]
Lights             Lights.CRC1LowerLights.CoolantRoomLight.NeonPart ~(517.4, 132.6, 35.3).Color = 0, 0, 0   [was 0.972549, 0.972549, 0.972549, 5 change(s)]
Lights             Lights.CRC1LowerLights.CoolantRoomLight.NeonPart.SurfaceLight #4.Enabled = false   [was true, 3 change(s)]
Lights             Lights.CRC1LowerLights.CoolantRoomLight.NeonPart.SurfaceLight #4.Brightness = 0.5   [was 0.5, 2 change(s)]
Lights             Lights.CRC1LowerLights.CoolantRoomLight.NeonPart ~(517.9, 137.2, -0.7).Color = 0, 0, 0   [was 0.972549, 0.972549, 0.972549, 6 change(s)]
Lights             Lights.CRC1LowerLights.CoolantRoomLight.NeonPart.SurfaceLight #5.Enabled = false   [was true, 5 change(s)]
Lights             Lights.CRC1LowerLights.CoolantRoomLight.NeonPart.SurfaceLight #5.Brightness = 0.5   [was 0.5, 2 change(s)]
Lights             Lights.CRC1LowerLights.CoolantRoomLight.NeonPart ~(495.1, 132.6, -39.9).Color = 0, 0, 0   [was 0.972549, 0.972549, 0.972549, 7 change(s)]
Lights             Lights.CRC1LowerLights.CoolantRoomLight.NeonPart.SurfaceLight #6.Enabled = false   [was true, 5 change(s)]
Lights             Lights.CRC1LowerLights.CoolantRoomLight.NeonPart.SurfaceLight #6.Brightness = 0.5   [was 0.5, 2 change(s)]
Lights             Lights.CRC1LowerLights.CoolantRoomLight.NeonPart ~(517.4, 132.6, -18.2).Color = 0, 0, 0   [was 0.972549, 0.972549, 0.972549, 4 change(s)]
Lights             Lights.CRC1LowerLights.CoolantRoomLight.NeonPart.SurfaceLight #7.Enabled = false   [was true, 3 change(s)]
Lights             Lights.CRC1LowerLights.CoolantRoomLight.NeonPart.SurfaceLight #7.Brightness = 0.5   [was 0.5, 2 change(s)]
Lights             Lights.CRC1LowerLights.CoolantRoomLight.NeonPart ~(387.9, 132.6, 16.9).Color = 0, 0, 0   [was 0.972549, 0.972549, 0.972549, 7 change(s)]
Lights             Lights.CRC1LowerLights.CoolantRoomLight.NeonPart.SurfaceLight #8.Enabled = false   [was true, 5 change(s)]
Lights             Lights.CRC1LowerLights.CoolantRoomLight.NeonPart.SurfaceLight #8.Brightness = 0.5   [was 0.5, 2 change(s)]
Lights             Lights.CRC1LowerLights.CoolantRoomLight.NeonPart ~(513.9, 132.6, -39.9).Color = 0, 0, 0   [was 0.972549, 0.972549, 0.972549, 6 change(s)]
Lights             Lights.CRC1LowerLights.CoolantRoomLight.NeonPart.SurfaceLight #9.Enabled = false   [was true, 5 change(s)]
Lights             Lights.CRC1LowerLights.CoolantRoomLight.NeonPart.SurfaceLight #9.Brightness = 0.5   [was 0.5, 2 change(s)]
Lights             Lights.CRC1LowerLights.CoolantRoomLight.NeonPart ~(476.4, 132.6, -39.9).Color = 0, 0, 0   [was 0.972549, 0.972549, 0.972549, 7 change(s)]
Lights             Lights.CRC1LowerLights.CoolantRoomLight.NeonPart.SurfaceLight #10.Enabled = false   [was true, 5 change(s)]
Lights             Lights.CRC1LowerLights.CoolantRoomLight.NeonPart.SurfaceLight #10.Brightness = 0.5   [was 0.5, 2 change(s)]
Lights             Lights.CRC1LowerLights.CoolantRoomLight.NeonPart ~(410.2, 132.6, -39.9).Color = 0, 0, 0   [was 0.972549, 0.972549, 0.972549, 6 change(s)]
Lights             Lights.CRC1LowerLights.CoolantRoomLight.NeonPart.SurfaceLight #11.Enabled = false   [was true, 3 change(s)]
Lights             Lights.CRC1LowerLights.CoolantRoomLight.NeonPart.SurfaceLight #11.Brightness = 0.5   [was 0.5, 2 change(s)]
Lights             Lights.CRC1LowerLights.CoolantRoomLight.NeonPart ~(392.5, 132.6, -35.3).Color = 0, 0, 0   [was 0.972549, 0.972549, 0.972549, 6 change(s)]
Lights             Lights.CRC1LowerLights.CoolantRoomLight.NeonPart.SurfaceLight #12.Enabled = false   [was true, 5 change(s)]
Lights             Lights.CRC1LowerLights.CoolantRoomLight.NeonPart.SurfaceLight #12.Brightness = 0.5   [was 0.5, 2 change(s)]
Lights             Lights.CRC1LowerLights.CoolantRoomLight.NeonPart ~(517.4, 132.6, -36.6).Color = 0, 0, 0   [was 0.972549, 0.972549, 0.972549, 6 change(s)]
Lights             Lights.CRC1LowerLights.CoolantRoomLight.NeonPart.SurfaceLight #13.Enabled = false   [was true, 5 change(s)]
Lights             Lights.CRC1LowerLights.CoolantRoomLight.NeonPart.SurfaceLight #13.Brightness = 0.5   [was 0.5, 2 change(s)]
Lights             Lights.CRC1LowerLights.CoolantRoomLight.NeonPart ~(429.0, 132.6, -39.9).Color = 0, 0, 0   [was 0.972549, 0.972549, 0.972549, 6 change(s)]
Lights             Lights.CRC1LowerLights.CoolantRoomLight.NeonPart.SurfaceLight #14.Enabled = false   [was true, 5 change(s)]
Lights             Lights.CRC1LowerLights.CoolantRoomLight.NeonPart.SurfaceLight #14.Brightness = 0.5   [was 0.5, 2 change(s)]
Lights             Lights.CRC1LowerLights.PoolLight.NeonPart.Color = 0, 0, 0   [was 1, 0.639216, 0.341176, 6 change(s)]
Lights             Lights.CRC1LowerLights.PoolLight.NeonPart.SurfaceLight.Enabled = false   [was true, 5 change(s)]
Lights             Lights.CRC1LowerLights.PoolLight.NeonPart.SurfaceLight.Brightness = 1   [was 1, 2 change(s)]
Lights             Lights.CRC1LowerLights.PoolLight.NeonPart ~(500.0, 118.5, -10.7).Color = 0, 0, 0   [was 1, 0.639216, 0.341176, 4 change(s)]
Lights             Lights.CRC1LowerLights.PoolLight.NeonPart.SurfaceLight #2.Enabled = false   [was true, 3 change(s)]
Lights             Lights.CRC1LowerLights.PoolLight.NeonPart.SurfaceLight #2.Brightness = 1   [was 1, 2 change(s)]
Lights             Lights.CRC1LowerLights.PoolLight.NeonPart ~(487.6, 118.5, 21.7).Color = 0, 0, 0   [was 1, 0.639216, 0.341176, 6 change(s)]
Lights             Lights.CRC1LowerLights.PoolLight.NeonPart.SurfaceLight #3.Enabled = false   [was true, 5 change(s)]
Lights             Lights.CRC1LowerLights.PoolLight.NeonPart.SurfaceLight #3.Brightness = 1   [was 1, 2 change(s)]
Lights             Lights.CRC1LowerLights.PoolLight.NeonPart ~(500.0, 118.5, 9.3).Color = 0, 0, 0   [was 1, 0.639216, 0.341176, 6 change(s)]
Lights             Lights.CRC1LowerLights.PoolLight.NeonPart.SurfaceLight #4.Enabled = false   [was true, 5 change(s)]
Lights             Lights.CRC1LowerLights.PoolLight.NeonPart.SurfaceLight #4.Brightness = 1   [was 1, 2 change(s)]
Lights             Lights.CRC1LowerLights.PoolLight.NeonPart ~(502.3, 93.5, 7.7).Color = 0, 0, 0   [was 0.666667, 0.333333, 0, 6 change(s)]
Lights             Lights.CRC1LowerLights.PoolLight.NeonPart.PointLight.Enabled = false   [was true, 5 change(s)]
Lights             Lights.CRC1LowerLights.PoolLight.NeonPart.PointLight.Brightness = 0.5   [was 0.5, 2 change(s)]
Lights             Lights.CRC1LowerLights.PoolLight.NeonPart ~(500.0, 93.5, 9.3).Color = 0, 0, 0   [was 1, 0.639216, 0.341176, 5 change(s)]
Lights             Lights.CRC1LowerLights.PoolLight.NeonPart.SurfaceLight #5.Enabled = false   [was true, 3 change(s)]
Lights             Lights.CRC1LowerLights.PoolLight.NeonPart.SurfaceLight #5.Brightness = 1   [was 1, 2 change(s)]
Lights             Lights.CRC1LowerLights.PoolLight.NeonPart ~(467.6, 93.5, 21.7).Color = 0, 0, 0   [was 1, 0.639216, 0.341176, 5 change(s)]
Lights             Lights.CRC1LowerLights.PoolLight.NeonPart.SurfaceLight #6.Enabled = false   [was true, 3 change(s)]
Lights             Lights.CRC1LowerLights.PoolLight.NeonPart.SurfaceLight #6.Brightness = 1   [was 1, 2 change(s)]
Lights             Lights.CRC1LowerLights.PoolLight.NeonPart ~(487.6, 93.5, 21.7).Color = 0, 0, 0   [was 1, 0.639216, 0.341176, 6 change(s)]
Lights             Lights.CRC1LowerLights.PoolLight.NeonPart.SurfaceLight #7.Enabled = false   [was true, 5 change(s)]
Lights             Lights.CRC1LowerLights.PoolLight.NeonPart.SurfaceLight #7.Brightness = 1   [was 1, 2 change(s)]
Lights             Lights.CRC1LowerLights.PoolLight.NeonPart ~(467.6, 118.5, 21.7).Color = 0, 0, 0   [was 1, 0.639216, 0.341176, 6 change(s)]
Lights             Lights.CRC1LowerLights.PoolLight.NeonPart.SurfaceLight #8.Enabled = false   [was true, 5 change(s)]
Lights             Lights.CRC1LowerLights.PoolLight.NeonPart.SurfaceLight #8.Brightness = 1   [was 1, 2 change(s)]
Lights             Lights.CRC1LowerLights.PoolLight.NeonPart ~(437.6, 93.5, 21.7).Color = 0, 0, 0   [was 1, 0.639216, 0.341176, 6 change(s)]
Lights             Lights.CRC1LowerLights.PoolLight.NeonPart.SurfaceLight #9.Enabled = false   [was true, 5 change(s)]
Lights             Lights.CRC1LowerLights.PoolLight.NeonPart.SurfaceLight #9.Brightness = 1   [was 1, 2 change(s)]
Lights             Lights.CRC1LowerLights.PoolLight.NeonPart ~(467.6, 118.5, -23.1).Color = 0, 0, 0   [was 1, 0.639216, 0.341176, 6 change(s)]
Lights             Lights.CRC1LowerLights.PoolLight.NeonPart.SurfaceLight #10.Enabled = false   [was true, 5 change(s)]
Lights             Lights.CRC1LowerLights.PoolLight.NeonPart.SurfaceLight #10.Brightness = 1   [was 1, 2 change(s)]
Lights             Lights.CRC1LowerLights.PoolLight.NeonPart ~(487.6, 118.5, -23.1).Color = 0, 0, 0   [was 1, 0.639216, 0.341176, 6 change(s)]
Lights             Lights.CRC1LowerLights.PoolLight.NeonPart.SurfaceLight #11.Enabled = false   [was true, 5 change(s)]
Lights             Lights.CRC1LowerLights.PoolLight.NeonPart.SurfaceLight #11.Brightness = 1   [was 1, 2 change(s)]
Lights             Lights.CRC1LowerLights.PoolLight.NeonPart ~(502.3, 93.5, -9.0).Color = 0, 0, 0   [was 0.666667, 0.333333, 0, 6 change(s)]
Lights             Lights.CRC1LowerLights.PoolLight.NeonPart.PointLight #2.Enabled = false   [was true, 5 change(s)]
Lights             Lights.CRC1LowerLights.PoolLight.NeonPart.PointLight #2.Brightness = 0.5   [was 0.5, 2 change(s)]
Lights             Lights.CRC1LowerLights.PoolLight.NeonPart ~(500.0, 93.5, -10.7).Color = 0, 0, 0   [was 1, 0.639216, 0.341176, 5 change(s)]
Lights             Lights.CRC1LowerLights.PoolLight.NeonPart.SurfaceLight #12.Enabled = false   [was true, 3 change(s)]
Lights             Lights.CRC1LowerLights.PoolLight.NeonPart.SurfaceLight #12.Brightness = 1   [was 1, 2 change(s)]
Lights             Lights.CRC1LowerLights.PoolLight.NeonPart ~(437.6, 118.5, 21.7).Color = 0, 0, 0   [was 1, 0.639216, 0.341176, 4 change(s)]
Lights             Lights.CRC1LowerLights.PoolLight.NeonPart.SurfaceLight #13.Enabled = false   [was true, 3 change(s)]
Lights             Lights.CRC1LowerLights.PoolLight.NeonPart.SurfaceLight #13.Brightness = 1   [was 1, 2 change(s)]
Lights             Lights.CRC1LowerLights.PoolLight.NeonPart ~(417.6, 93.5, 21.7).Color = 0, 0, 0   [was 1, 0.639216, 0.341176, 4 change(s)]
Lights             Lights.CRC1LowerLights.PoolLight.NeonPart.SurfaceLight #14.Enabled = false   [was true, 3 change(s)]
Lights             Lights.CRC1LowerLights.PoolLight.NeonPart.SurfaceLight #14.Brightness = 1   [was 1, 2 change(s)]
Lights             Lights.CRC1LowerLights.PoolLight.NeonPart ~(437.6, 118.5, -23.1).Color = 0, 0, 0   [was 1, 0.639216, 0.341176, 6 change(s)]
Lights             Lights.CRC1LowerLights.PoolLight.NeonPart.SurfaceLight #15.Enabled = false   [was true, 5 change(s)]
Lights             Lights.CRC1LowerLights.PoolLight.NeonPart.SurfaceLight #15.Brightness = 1   [was 1, 2 change(s)]
Lights             Lights.CRC1LowerLights.PoolLight.NeonPart ~(417.6, 118.5, 21.7).Color = 0, 0, 0   [was 1, 0.639216, 0.341176, 6 change(s)]
Lights             Lights.CRC1LowerLights.PoolLight.NeonPart.SurfaceLight #16.Enabled = false   [was true, 5 change(s)]
Lights             Lights.CRC1LowerLights.PoolLight.NeonPart.SurfaceLight #16.Brightness = 1   [was 1, 2 change(s)]
Lights             Lights.CRC1LowerLights.PoolLight.NeonPart ~(405.2, 93.5, 9.3).Color = 0, 0, 0   [was 1, 0.639216, 0.341176, 4 change(s)]
Lights             Lights.CRC1LowerLights.PoolLight.NeonPart.SurfaceLight #17.Enabled = false   [was true, 3 change(s)]
Lights             Lights.CRC1LowerLights.PoolLight.NeonPart.SurfaceLight #17.Brightness = 1   [was 1, 2 change(s)]
Lights             Lights.CRC1LowerLights.PoolLight.NeonPart ~(417.6, 93.5, -23.1).Color = 0, 0, 0   [was 1, 0.639216, 0.341176, 5 change(s)]
Lights             Lights.CRC1LowerLights.PoolLight.NeonPart.SurfaceLight #18.Enabled = false   [was true, 3 change(s)]
Lights             Lights.CRC1LowerLights.PoolLight.NeonPart.SurfaceLight #18.Brightness = 1   [was 1, 2 change(s)]
Lights             Lights.CRC1LowerLights.PoolLight.NeonPart ~(437.6, 93.5, -23.1).Color = 0, 0, 0   [was 1, 0.639216, 0.341176, 6 change(s)]
Lights             Lights.CRC1LowerLights.PoolLight.NeonPart.SurfaceLight #19.Enabled = false   [was true, 5 change(s)]
Lights             Lights.CRC1LowerLights.PoolLight.NeonPart.SurfaceLight #19.Brightness = 1   [was 1, 2 change(s)]
Lights             Lights.CRC1LowerLights.PoolLight.NeonPart ~(467.6, 93.5, -23.1).Color = 0, 0, 0   [was 1, 0.639216, 0.341176, 6 change(s)]
Lights             Lights.CRC1LowerLights.PoolLight.NeonPart.SurfaceLight #20.Enabled = false   [was true, 5 change(s)]
Lights             Lights.CRC1LowerLights.PoolLight.NeonPart.SurfaceLight #20.Brightness = 1   [was 1, 2 change(s)]
Lights             Lights.CRC1LowerLights.PoolLight.NeonPart ~(487.6, 93.5, -23.1).Color = 0, 0, 0   [was 1, 0.639216, 0.341176, 6 change(s)]
Lights             Lights.CRC1LowerLights.PoolLight.NeonPart.SurfaceLight #21.Enabled = false   [was true, 5 change(s)]
Lights             Lights.CRC1LowerLights.PoolLight.NeonPart.SurfaceLight #21.Brightness = 1   [was 1, 2 change(s)]
Lights             Lights.CRC1LowerLights.PoolLight.NeonPart ~(405.2, 93.5, -10.7).Color = 0, 0, 0   [was 1, 0.639216, 0.341176, 5 change(s)]
Lights             Lights.CRC1LowerLights.PoolLight.NeonPart.SurfaceLight #22.Enabled = false   [was true, 3 change(s)]
Lights             Lights.CRC1LowerLights.PoolLight.NeonPart.SurfaceLight #22.Brightness = 1   [was 1, 2 change(s)]
Lights             Lights.CRC1LowerLights.PoolLight.NeonPart ~(405.2, 118.5, 9.3).Color = 0, 0, 0   [was 1, 0.639216, 0.341176, 4 change(s)]
Lights             Lights.CRC1LowerLights.PoolLight.NeonPart.SurfaceLight #23.Enabled = false   [was true, 3 change(s)]
Lights             Lights.CRC1LowerLights.PoolLight.NeonPart.SurfaceLight #23.Brightness = 1   [was 1, 2 change(s)]
Lights             Lights.CRC1LowerLights.PoolLight.NeonPart ~(405.2, 118.5, -10.7).Color = 0, 0, 0   [was 1, 0.639216, 0.341176, 5 change(s)]
Lights             Lights.CRC1LowerLights.PoolLight.NeonPart.SurfaceLight #24.Enabled = false   [was true, 3 change(s)]
Lights             Lights.CRC1LowerLights.PoolLight.NeonPart.SurfaceLight #24.Brightness = 1   [was 1, 2 change(s)]
Lights             Lights.CRC1LowerLights.CoolantRoomLight.NeonPart ~(387.9, 132.6, -18.2).Color = 0, 0, 0   [was 0.972549, 0.972549, 0.972549, 6 change(s)]
Lights             Lights.CRC1LowerLights.CoolantRoomLight.NeonPart.SurfaceLight #15.Enabled = false   [was true, 5 change(s)]
Lights             Lights.CRC1LowerLights.CoolantRoomLight.NeonPart.SurfaceLight #15.Brightness = 0.5   [was 0.5, 2 change(s)]
Lights             Lights.CRC1LowerLights.CoolantRoomLight.NeonPart ~(513.9, 132.6, 38.6).Color = 0, 0, 0   [was 0.972549, 0.972549, 0.972549, 6 change(s)]
Lights             Lights.CRC1LowerLights.CoolantRoomLight.NeonPart.SurfaceLight #16.Enabled = false   [was true, 3 change(s)]
Lights             Lights.CRC1LowerLights.CoolantRoomLight.NeonPart.SurfaceLight #16.Brightness = 0.5   [was 0.5, 2 change(s)]
Lights             Lights.CRC1LowerLights.CoolantRoomLight.NeonPart ~(392.5, 132.6, 34.0).Color = 0, 0, 0   [was 0.972549, 0.972549, 0.972549, 6 change(s)]
Lights             Lights.CRC1LowerLights.CoolantRoomLight.NeonPart.SurfaceLight #17.Enabled = false   [was true, 5 change(s)]
Lights             Lights.CRC1LowerLights.CoolantRoomLight.NeonPart.SurfaceLight #17.Brightness = 0.5   [was 0.5, 2 change(s)]
Lights             Lights.CRC1LowerLights.CoolantRoomLight.NeonPart ~(429.0, 132.6, 38.6).Color = 0, 0, 0   [was 0.972549, 0.972549, 0.972549, 6 change(s)]
Lights             Lights.CRC1LowerLights.CoolantRoomLight.NeonPart.SurfaceLight #18.Enabled = false   [was true, 5 change(s)]
Lights             Lights.CRC1LowerLights.CoolantRoomLight.NeonPart.SurfaceLight #18.Brightness = 0.5   [was 0.5, 2 change(s)]
Lights             Lights.CRC1LowerLights.CoolantRoomLight.NeonPart ~(517.4, 132.6, 16.9).Color = 0, 0, 0   [was 0.972549, 0.972549, 0.972549, 6 change(s)]
Lights             Lights.CRC1LowerLights.CoolantRoomLight.NeonPart.SurfaceLight #19.Enabled = false   [was true, 5 change(s)]
Lights             Lights.CRC1LowerLights.CoolantRoomLight.NeonPart.SurfaceLight #19.Brightness = 0.5   [was 0.5, 2 change(s)]
Lights             Lights.CRC2LowerLights.CoolantRoomLight.NeonPart.Color = 0, 0, 0   [was 0.972549, 0.972549, 0.972549, 6 change(s)]
Lights             Lights.CRC2LowerLights.CoolantRoomLight.NeonPart.SurfaceLight.Enabled = false   [was true, 5 change(s)]
Lights             Lights.CRC2LowerLights.CoolantRoomLight.NeonPart.SurfaceLight.Brightness = 0.5   [was 0.5, 2 change(s)]
Lights             Lights.CRC2LowerLights.CoolantRoomLight.NeonPart ~(476.4, 132.6, -59.1).Color = 0, 0, 0   [was 0.972549, 0.972549, 0.972549, 6 change(s)]
Lights             Lights.CRC2LowerLights.CoolantRoomLight.NeonPart.SurfaceLight #2.Enabled = false   [was true, 5 change(s)]
Lights             Lights.CRC2LowerLights.CoolantRoomLight.NeonPart.SurfaceLight #2.Brightness = 0.5   [was 0.5, 2 change(s)]
Lights             Lights.CRC2LowerLights.CoolantRoomLight.NeonPart ~(410.2, 132.6, -59.1).Color = 0, 0, 0   [was 0.972549, 0.972549, 0.972549, 6 change(s)]
Lights             Lights.CRC2LowerLights.CoolantRoomLight.NeonPart.SurfaceLight #3.Enabled = false   [was true, 5 change(s)]
Lights             Lights.CRC2LowerLights.CoolantRoomLight.NeonPart.SurfaceLight #3.Brightness = 0.5   [was 0.5, 2 change(s)]
Lights             Lights.CRC2LowerLights.CoolantRoomLight.NeonPart ~(513.9, 132.6, -59.1).Color = 0, 0, 0   [was 0.972549, 0.972549, 0.972549, 4 change(s)]
Lights             Lights.CRC2LowerLights.CoolantRoomLight.NeonPart.SurfaceLight #4.Enabled = false   [was true, 3 change(s)]
Lights             Lights.CRC2LowerLights.CoolantRoomLight.NeonPart.SurfaceLight #4.Brightness = 0.5   [was 0.5, 2 change(s)]
Lights             Lights.CRC2LowerLights.CoolantRoomLight.NeonPart ~(517.4, 132.6, -80.8).Color = 0, 0, 0   [was 0.972549, 0.972549, 0.972549, 6 change(s)]
Lights             Lights.CRC2LowerLights.CoolantRoomLight.NeonPart.SurfaceLight #5.Enabled = false   [was true, 5 change(s)]
Lights             Lights.CRC2LowerLights.CoolantRoomLight.NeonPart.SurfaceLight #5.Brightness = 0.5   [was 0.5, 2 change(s)]
Lights             Lights.CRC2LowerLights.CoolantRoomLight.NeonPart ~(476.4, 132.6, -137.6).Color = 0, 0, 0   [was 0.972549, 0.972549, 0.972549, 6 change(s)]
Lights             Lights.CRC2LowerLights.CoolantRoomLight.NeonPart.SurfaceLight #6.Enabled = false   [was true, 5 change(s)]
Lights             Lights.CRC2LowerLights.CoolantRoomLight.NeonPart.SurfaceLight #6.Brightness = 0.5   [was 0.5, 2 change(s)]
Lights             Lights.CRC2LowerLights.CoolantRoomLight.NeonPart ~(495.1, 132.6, -137.6).Color = 0, 0, 0   [was 0.972549, 0.972549, 0.972549, 4 change(s)]
Lights             Lights.CRC2LowerLights.CoolantRoomLight.NeonPart.SurfaceLight #7.Enabled = false   [was true, 3 change(s)]
Lights             Lights.CRC2LowerLights.CoolantRoomLight.NeonPart.SurfaceLight #7.Brightness = 0.5   [was 0.5, 2 change(s)]
Lights             Lights.CRC2LowerLights.CoolantRoomLight.NeonPart ~(387.9, 132.6, -80.8).Color = 0, 0, 0   [was 0.972549, 0.972549, 0.972549, 7 change(s)]
Lights             Lights.CRC2LowerLights.CoolantRoomLight.NeonPart.SurfaceLight #8.Enabled = false   [was true, 5 change(s)]
Lights             Lights.CRC2LowerLights.CoolantRoomLight.NeonPart.SurfaceLight #8.Brightness = 0.5   [was 0.5, 2 change(s)]
Lights             Lights.CRC2LowerLights.CoolantRoomLight.NeonPart ~(517.4, 132.6, -115.9).Color = 0, 0, 0   [was 0.972549, 0.972549, 0.972549, 6 change(s)]
Lights             Lights.CRC2LowerLights.CoolantRoomLight.NeonPart.SurfaceLight #9.Enabled = false   [was true, 5 change(s)]
Lights             Lights.CRC2LowerLights.CoolantRoomLight.NeonPart.SurfaceLight #9.Brightness = 0.5   [was 0.5, 2 change(s)]
Lights             Lights.CRC2LowerLights.CoolantRoomLight.NeonPart ~(513.9, 132.6, -137.6).Color = 0, 0, 0   [was 0.972549, 0.972549, 0.972549, 6 change(s)]
Lights             Lights.CRC2LowerLights.CoolantRoomLight.NeonPart.SurfaceLight #10.Enabled = false   [was true, 5 change(s)]
Lights             Lights.CRC2LowerLights.CoolantRoomLight.NeonPart.SurfaceLight #10.Brightness = 0.5   [was 0.5, 2 change(s)]
Lights             Lights.CRC2LowerLights.CoolantRoomLight.NeonPart ~(410.2, 132.6, -137.6).Color = 0, 0, 0   [was 0.972549, 0.972549, 0.972549, 6 change(s)]
Lights             Lights.CRC2LowerLights.CoolantRoomLight.NeonPart.SurfaceLight #11.Enabled = false   [was true, 5 change(s)]
Lights             Lights.CRC2LowerLights.CoolantRoomLight.NeonPart.SurfaceLight #11.Brightness = 0.5   [was 0.5, 2 change(s)]
Lights             Lights.CRC2LowerLights.CoolantRoomLight.NeonPart ~(392.5, 132.6, -133.0).Color = 0, 0, 0   [was 0.972549, 0.972549, 0.972549, 6 change(s)]
Lights             Lights.CRC2LowerLights.CoolantRoomLight.NeonPart.SurfaceLight #12.Enabled = false   [was true, 5 change(s)]
Lights             Lights.CRC2LowerLights.CoolantRoomLight.NeonPart.SurfaceLight #12.Brightness = 0.5   [was 0.5, 2 change(s)]
Lights             Lights.CRC2LowerLights.CoolantRoomLight.NeonPart ~(429.0, 132.6, -137.6).Color = 0, 0, 0   [was 0.972549, 0.972549, 0.972549, 6 change(s)]
Lights             Lights.CRC2LowerLights.CoolantRoomLight.NeonPart.SurfaceLight #13.Enabled = false   [was true, 5 change(s)]
Lights             Lights.CRC2LowerLights.CoolantRoomLight.NeonPart.SurfaceLight #13.Brightness = 0.5   [was 0.5, 2 change(s)]
Lights             Lights.CRC2LowerLights.CoolantRoomLight.NeonPart ~(517.4, 132.6, -134.3).Color = 0, 0, 0   [was 0.972549, 0.972549, 0.972549, 7 change(s)]
Lights             Lights.CRC2LowerLights.CoolantRoomLight.NeonPart.SurfaceLight #14.Enabled = false   [was true, 5 change(s)]
Lights             Lights.CRC2LowerLights.CoolantRoomLight.NeonPart.SurfaceLight #14.Brightness = 0.5   [was 0.5, 2 change(s)]
Lights             Lights.CRC2LowerLights.PoolLight.NeonPart.Color = 0, 0, 0   [was 1, 0.639216, 0.341176, 6 change(s)]
Lights             Lights.CRC2LowerLights.PoolLight.NeonPart.SurfaceLight.Enabled = false   [was true, 5 change(s)]
Lights             Lights.CRC2LowerLights.PoolLight.NeonPart.SurfaceLight.Brightness = 1   [was 1, 2 change(s)]
Lights             Lights.CRC2LowerLights.PoolLight.NeonPart ~(500.0, 93.5, -108.3).Color = 0, 0, 0   [was 1, 0.639216, 0.341176, 6 change(s)]
Lights             Lights.CRC2LowerLights.PoolLight.NeonPart.SurfaceLight #2.Enabled = false   [was true, 5 change(s)]
Lights             Lights.CRC2LowerLights.PoolLight.NeonPart.SurfaceLight #2.Brightness = 1   [was 1, 2 change(s)]
Lights             Lights.CRC2LowerLights.PoolLight.NeonPart ~(467.6, 93.5, -75.9).Color = 0, 0, 0   [was 1, 0.639216, 0.341176, 6 change(s)]
Lights             Lights.CRC2LowerLights.PoolLight.NeonPart.SurfaceLight #3.Enabled = false   [was true, 5 change(s)]
Lights             Lights.CRC2LowerLights.PoolLight.NeonPart.SurfaceLight #3.Brightness = 1   [was 1, 2 change(s)]
Lights             Lights.CRC2LowerLights.PoolLight.NeonPart ~(417.6, 93.5, -120.7).Color = 0, 0, 0   [was 1, 0.639216, 0.341176, 6 change(s)]
Lights             Lights.CRC2LowerLights.PoolLight.NeonPart.SurfaceLight #4.Enabled = false   [was true, 5 change(s)]
Lights             Lights.CRC2LowerLights.PoolLight.NeonPart.SurfaceLight #4.Brightness = 1   [was 1, 2 change(s)]
Lights             Lights.CRC2LowerLights.PoolLight.NeonPart ~(467.6, 93.5, -120.7).Color = 0, 0, 0   [was 1, 0.639216, 0.341176, 6 change(s)]
Lights             Lights.CRC2LowerLights.PoolLight.NeonPart.SurfaceLight #5.Enabled = false   [was true, 5 change(s)]
Lights             Lights.CRC2LowerLights.PoolLight.NeonPart.SurfaceLight #5.Brightness = 1   [was 1, 2 change(s)]
Lights             Lights.CRC2LowerLights.PoolLight.NeonPart ~(417.6, 93.5, -75.9).Color = 0, 0, 0   [was 1, 0.639216, 0.341176, 6 change(s)]
Lights             Lights.CRC2LowerLights.PoolLight.NeonPart.SurfaceLight #6.Enabled = false   [was true, 5 change(s)]
Lights             Lights.CRC2LowerLights.PoolLight.NeonPart.SurfaceLight #6.Brightness = 1   [was 1, 2 change(s)]
Lights             Lights.CRC2LowerLights.PoolLight.NeonPart ~(417.6, 118.5, -75.9).Color = 0, 0, 0   [was 1, 0.639216, 0.341176, 6 change(s)]
Lights             Lights.CRC2LowerLights.PoolLight.NeonPart.SurfaceLight #7.Enabled = false   [was true, 5 change(s)]
Lights             Lights.CRC2LowerLights.PoolLight.NeonPart.SurfaceLight #7.Brightness = 1   [was 1, 2 change(s)]
Lights             Lights.CRC2LowerLights.PoolLight.NeonPart ~(417.6, 118.5, -120.7).Color = 0, 0, 0   [was 1, 0.639216, 0.341176, 6 change(s)]
Lights             Lights.CRC2LowerLights.PoolLight.NeonPart.SurfaceLight #8.Enabled = false   [was true, 5 change(s)]
Lights             Lights.CRC2LowerLights.PoolLight.NeonPart.SurfaceLight #8.Brightness = 1   [was 1, 2 change(s)]
Lights             Lights.CRC2LowerLights.PoolLight.NeonPart ~(437.6, 93.5, -75.9).Color = 0, 0, 0   [was 1, 0.639216, 0.341176, 6 change(s)]
Lights             Lights.CRC2LowerLights.PoolLight.NeonPart.SurfaceLight #9.Enabled = false   [was true, 5 change(s)]
Lights             Lights.CRC2LowerLights.PoolLight.NeonPart.SurfaceLight #9.Brightness = 1   [was 1, 2 change(s)]
Lights             Lights.CRC2LowerLights.PoolLight.NeonPart ~(437.6, 118.5, -120.7).Color = 0, 0, 0   [was 1, 0.639216, 0.341176, 5 change(s)]
Lights             Lights.CRC2LowerLights.PoolLight.NeonPart.SurfaceLight #10.Enabled = false   [was true, 3 change(s)]
Lights             Lights.CRC2LowerLights.PoolLight.NeonPart.SurfaceLight #10.Brightness = 1   [was 1, 2 change(s)]
Lights             Lights.CRC2LowerLights.PoolLight.NeonPart ~(487.6, 118.5, -75.9).Color = 0, 0, 0   [was 1, 0.639216, 0.341176, 6 change(s)]
Lights             Lights.CRC2LowerLights.PoolLight.NeonPart.SurfaceLight #11.Enabled = false   [was true, 5 change(s)]
Lights             Lights.CRC2LowerLights.PoolLight.NeonPart.SurfaceLight #11.Brightness = 1   [was 1, 2 change(s)]
Lights             Lights.CRC2LowerLights.PoolLight.NeonPart ~(405.2, 93.5, -88.3).Color = 0, 0, 0   [was 1, 0.639216, 0.341176, 6 change(s)]
Lights             Lights.CRC2LowerLights.PoolLight.NeonPart.SurfaceLight #12.Enabled = false   [was true, 5 change(s)]
Lights             Lights.CRC2LowerLights.PoolLight.NeonPart.SurfaceLight #12.Brightness = 1   [was 1, 2 change(s)]
Lights             Lights.CRC2LowerLights.PoolLight.NeonPart ~(502.3, 93.5, -106.7).Color = 0, 0, 0   [was 0.666667, 0.333333, 0, 6 change(s)]
Lights             Lights.CRC2LowerLights.PoolLight.NeonPart.PointLight.Enabled = false   [was true, 5 change(s)]
Lights             Lights.CRC2LowerLights.PoolLight.NeonPart.PointLight.Brightness = 0.5   [was 0.5, 2 change(s)]
Lights             Lights.CRC2LowerLights.PoolLight.NeonPart ~(437.6, 93.5, -120.7).Color = 0, 0, 0   [was 1, 0.639216, 0.341176, 6 change(s)]
Lights             Lights.CRC2LowerLights.PoolLight.NeonPart.SurfaceLight #13.Enabled = false   [was true, 5 change(s)]
Lights             Lights.CRC2LowerLights.PoolLight.NeonPart.SurfaceLight #13.Brightness = 1   [was 1, 2 change(s)]
Lights             Lights.CRC2LowerLights.PoolLight.NeonPart ~(405.2, 93.5, -108.3).Color = 0, 0, 0   [was 1, 0.639216, 0.341176, 6 change(s)]
Lights             Lights.CRC2LowerLights.PoolLight.NeonPart.SurfaceLight #14.Enabled = false   [was true, 5 change(s)]
Lights             Lights.CRC2LowerLights.PoolLight.NeonPart.SurfaceLight #14.Brightness = 1   [was 1, 2 change(s)]
Lights             Lights.CRC2LowerLights.PoolLight.NeonPart ~(500.0, 93.5, -88.3).Color = 0, 0, 0   [was 1, 0.639216, 0.341176, 6 change(s)]
Lights             Lights.CRC2LowerLights.PoolLight.NeonPart.SurfaceLight #15.Enabled = false   [was true, 5 change(s)]
Lights             Lights.CRC2LowerLights.PoolLight.NeonPart.SurfaceLight #15.Brightness = 1   [was 1, 2 change(s)]
Lights             Lights.CRC2LowerLights.PoolLight.NeonPart ~(500.0, 118.5, -108.3).Color = 0, 0, 0   [was 1, 0.639216, 0.341176, 4 change(s)]
Lights             Lights.CRC2LowerLights.PoolLight.NeonPart.SurfaceLight #16.Enabled = false   [was true, 3 change(s)]
Lights             Lights.CRC2LowerLights.PoolLight.NeonPart.SurfaceLight #16.Brightness = 1   [was 1, 2 change(s)]
Lights             Lights.CRC2LowerLights.PoolLight.NeonPart ~(487.6, 93.5, -120.7).Color = 0, 0, 0   [was 1, 0.639216, 0.341176, 6 change(s)]
Lights             Lights.CRC2LowerLights.PoolLight.NeonPart.SurfaceLight #17.Enabled = false   [was true, 5 change(s)]
Lights             Lights.CRC2LowerLights.PoolLight.NeonPart.SurfaceLight #17.Brightness = 1   [was 1, 2 change(s)]
Lights             Lights.CRC2LowerLights.PoolLight.NeonPart ~(467.6, 118.5, -120.7).Color = 0, 0, 0   [was 1, 0.639216, 0.341176, 6 change(s)]
Lights             Lights.CRC2LowerLights.PoolLight.NeonPart.SurfaceLight #18.Enabled = false   [was true, 5 change(s)]
Lights             Lights.CRC2LowerLights.PoolLight.NeonPart.SurfaceLight #18.Brightness = 1   [was 1, 2 change(s)]
Lights             Lights.CRC2LowerLights.PoolLight.NeonPart ~(405.2, 118.5, -88.3).Color = 0, 0, 0   [was 1, 0.639216, 0.341176, 4 change(s)]
Lights             Lights.CRC2LowerLights.PoolLight.NeonPart.SurfaceLight #19.Enabled = false   [was true, 3 change(s)]
Lights             Lights.CRC2LowerLights.PoolLight.NeonPart.SurfaceLight #19.Brightness = 1   [was 1, 2 change(s)]
Lights             Lights.CRC2LowerLights.PoolLight.NeonPart ~(487.6, 93.5, -75.9).Color = 0, 0, 0   [was 1, 0.639216, 0.341176, 6 change(s)]
Lights             Lights.CRC2LowerLights.PoolLight.NeonPart.SurfaceLight #20.Enabled = false   [was true, 5 change(s)]
Lights             Lights.CRC2LowerLights.PoolLight.NeonPart.SurfaceLight #20.Brightness = 1   [was 1, 2 change(s)]
Lights             Lights.CRC2LowerLights.PoolLight.NeonPart ~(467.6, 118.5, -75.9).Color = 0, 0, 0   [was 1, 0.639216, 0.341176, 4 change(s)]
Lights             Lights.CRC2LowerLights.PoolLight.NeonPart.SurfaceLight #21.Enabled = false   [was true, 3 change(s)]
Lights             Lights.CRC2LowerLights.PoolLight.NeonPart.SurfaceLight #21.Brightness = 1   [was 1, 2 change(s)]
Lights             Lights.CRC2LowerLights.PoolLight.NeonPart ~(405.2, 118.5, -108.3).Color = 0, 0, 0   [was 1, 0.639216, 0.341176, 6 change(s)]
Lights             Lights.CRC2LowerLights.PoolLight.NeonPart.SurfaceLight #22.Enabled = false   [was true, 5 change(s)]
Lights             Lights.CRC2LowerLights.PoolLight.NeonPart.SurfaceLight #22.Brightness = 1   [was 1, 2 change(s)]
Lights             Lights.CRC2LowerLights.PoolLight.NeonPart ~(437.6, 118.5, -75.9).Color = 0, 0, 0   [was 1, 0.639216, 0.341176, 6 change(s)]
Lights             Lights.CRC2LowerLights.PoolLight.NeonPart.SurfaceLight #23.Enabled = false   [was true, 5 change(s)]
Lights             Lights.CRC2LowerLights.PoolLight.NeonPart.SurfaceLight #23.Brightness = 1   [was 1, 2 change(s)]
Lights             Lights.CRC2LowerLights.PoolLight.NeonPart ~(500.0, 118.5, -88.3).Color = 0, 0, 0   [was 1, 0.639216, 0.341176, 6 change(s)]
Lights             Lights.CRC2LowerLights.PoolLight.NeonPart.SurfaceLight #24.Enabled = false   [was true, 5 change(s)]
Lights             Lights.CRC2LowerLights.PoolLight.NeonPart.SurfaceLight #24.Brightness = 1   [was 1, 2 change(s)]
Lights             Lights.CRC2LowerLights.PoolLight.NeonPart ~(502.3, 93.5, -89.9).Color = 0, 0, 0   [was 0.666667, 0.333333, 0, 6 change(s)]
Lights             Lights.CRC2LowerLights.PoolLight.NeonPart.PointLight #2.Enabled = false   [was true, 5 change(s)]
Lights             Lights.CRC2LowerLights.PoolLight.NeonPart.PointLight #2.Brightness = 0.5   [was 0.5, 2 change(s)]
Lights             Lights.CRC2LowerLights.CoolantRoomLight.NeonPart ~(387.9, 132.6, -115.9).Color = 0, 0, 0   [was 0.972549, 0.972549, 0.972549, 6 change(s)]
Lights             Lights.CRC2LowerLights.CoolantRoomLight.NeonPart.SurfaceLight #15.Enabled = false   [was true, 5 change(s)]
Lights             Lights.CRC2LowerLights.CoolantRoomLight.NeonPart.SurfaceLight #15.Brightness = 0.5   [was 0.5, 2 change(s)]
Lights             Lights.CRC2LowerLights.CoolantRoomLight.NeonPart ~(495.1, 132.6, -59.1).Color = 0, 0, 0   [was 0.972549, 0.972549, 0.972549, 6 change(s)]
Lights             Lights.CRC2LowerLights.CoolantRoomLight.NeonPart.SurfaceLight #16.Enabled = false   [was true, 5 change(s)]
Lights             Lights.CRC2LowerLights.CoolantRoomLight.NeonPart.SurfaceLight #16.Brightness = 0.5   [was 0.5, 2 change(s)]
Lights             Lights.CRC2LowerLights.CoolantRoomLight.NeonPart ~(392.5, 132.6, -63.7).Color = 0, 0, 0   [was 0.972549, 0.972549, 0.972549, 6 change(s)]
Lights             Lights.CRC2LowerLights.CoolantRoomLight.NeonPart.SurfaceLight #17.Enabled = false   [was true, 3 change(s)]
Lights             Lights.CRC2LowerLights.CoolantRoomLight.NeonPart.SurfaceLight #17.Brightness = 0.5   [was 0.5, 2 change(s)]
Lights             Lights.CRC2LowerLights.CoolantRoomLight.NeonPart ~(429.0, 132.6, -59.1).Color = 0, 0, 0   [was 0.972549, 0.972549, 0.972549, 7 change(s)]
Lights             Lights.CRC2LowerLights.CoolantRoomLight.NeonPart.SurfaceLight #18.Enabled = false   [was true, 5 change(s)]
Lights             Lights.CRC2LowerLights.CoolantRoomLight.NeonPart.SurfaceLight #18.Brightness = 0.5   [was 0.5, 2 change(s)]
Lights             Lights.CRC2LowerLights.CoolantRoomLight.NeonPart ~(517.9, 137.2, -98.3).Color = 0, 0, 0   [was 0.972549, 0.972549, 0.972549, 6 change(s)]
Lights             Lights.CRC2LowerLights.CoolantRoomLight.NeonPart.SurfaceLight #19.Enabled = false   [was true, 3 change(s)]
Lights             Lights.CRC2LowerLights.CoolantRoomLight.NeonPart.SurfaceLight #19.Brightness = 0.5   [was 0.5, 2 change(s)]
Lights             Lights.CRC3LowerLights.CoolantRoomLight.NeonPart.Color = 0, 0, 0   [was 0.972549, 0.972549, 0.972549, 6 change(s)]
Lights             Lights.CRC3LowerLights.CoolantRoomLight.NeonPart.SurfaceLight.Enabled = false   [was true, 5 change(s)]
Lights             Lights.CRC3LowerLights.CoolantRoomLight.NeonPart.SurfaceLight.Brightness = 0.5   [was 0.5, 2 change(s)]
Lights             Lights.CRC3LowerLights.CoolantRoomLight.NeonPart ~(429.0, 132.6, 136.2).Color = 0, 0, 0   [was 0.972549, 0.972549, 0.972549, 6 change(s)]
Lights             Lights.CRC3LowerLights.CoolantRoomLight.NeonPart.SurfaceLight #2.Enabled = false   [was true, 5 change(s)]
Lights             Lights.CRC3LowerLights.CoolantRoomLight.NeonPart.SurfaceLight #2.Brightness = 0.5   [was 0.5, 2 change(s)]
Lights             Lights.CRC3LowerLights.CoolantRoomLight.NeonPart ~(495.1, 132.6, 136.2).Color = 0, 0, 0   [was 0.972549, 0.972549, 0.972549, 6 change(s)]
Lights             Lights.CRC3LowerLights.CoolantRoomLight.NeonPart.SurfaceLight #3.Enabled = false   [was true, 5 change(s)]
Lights             Lights.CRC3LowerLights.CoolantRoomLight.NeonPart.SurfaceLight #3.Brightness = 0.5   [was 0.5, 2 change(s)]
Lights             Lights.CRC3LowerLights.CoolantRoomLight.NeonPart ~(517.4, 132.6, 132.9).Color = 0, 0, 0   [was 0.972549, 0.972549, 0.972549, 6 change(s)]
Lights             Lights.CRC3LowerLights.CoolantRoomLight.NeonPart.SurfaceLight #4.Enabled = false   [was true, 5 change(s)]
Lights             Lights.CRC3LowerLights.CoolantRoomLight.NeonPart.SurfaceLight #4.Brightness = 0.5   [was 0.5, 2 change(s)]
Lights             Lights.CRC3LowerLights.CoolantRoomLight.NeonPart ~(517.4, 132.6, 114.5).Color = 0, 0, 0   [was 0.972549, 0.972549, 0.972549, 6 change(s)]
Lights             Lights.CRC3LowerLights.CoolantRoomLight.NeonPart.SurfaceLight #5.Enabled = false   [was true, 5 change(s)]
Lights             Lights.CRC3LowerLights.CoolantRoomLight.NeonPart.SurfaceLight #5.Brightness = 0.5   [was 0.5, 2 change(s)]
Lights             Lights.CRC3LowerLights.CoolantRoomLight.NeonPart ~(387.9, 132.6, 114.5).Color = 0, 0, 0   [was 0.972549, 0.972549, 0.972549, 5 change(s)]
Lights             Lights.CRC3LowerLights.CoolantRoomLight.NeonPart.SurfaceLight #6.Enabled = false   [was true, 3 change(s)]
Lights             Lights.CRC3LowerLights.CoolantRoomLight.NeonPart.SurfaceLight #6.Brightness = 0.5   [was 0.5, 2 change(s)]
Lights             Lights.CRC3LowerLights.CoolantRoomLight.NeonPart ~(517.4, 132.6, 79.4).Color = 0, 0, 0   [was 0.972549, 0.972549, 0.972549, 6 change(s)]
Lights             Lights.CRC3LowerLights.CoolantRoomLight.NeonPart.SurfaceLight #7.Enabled = false   [was true, 5 change(s)]
Lights             Lights.CRC3LowerLights.CoolantRoomLight.NeonPart.SurfaceLight #7.Brightness = 0.5   [was 0.5, 2 change(s)]
Lights             Lights.CRC3LowerLights.CoolantRoomLight.NeonPart ~(513.9, 132.6, 57.7).Color = 0, 0, 0   [was 0.972549, 0.972549, 0.972549, 7 change(s)]
Lights             Lights.CRC3LowerLights.CoolantRoomLight.NeonPart.SurfaceLight #8.Enabled = false   [was true, 5 change(s)]
Lights             Lights.CRC3LowerLights.CoolantRoomLight.NeonPart.SurfaceLight #8.Brightness = 0.5   [was 0.5, 2 change(s)]
Lights             Lights.CRC3LowerLights.CoolantRoomLight.NeonPart ~(495.1, 132.6, 57.7).Color = 0, 0, 0   [was 0.972549, 0.972549, 0.972549, 6 change(s)]
Lights             Lights.CRC3LowerLights.CoolantRoomLight.NeonPart.SurfaceLight #9.Enabled = false   [was true, 5 change(s)]
Lights             Lights.CRC3LowerLights.CoolantRoomLight.NeonPart.SurfaceLight #9.Brightness = 0.5   [was 0.5, 2 change(s)]
Lights             Lights.CRC3LowerLights.CoolantRoomLight.NeonPart ~(476.4, 132.6, 57.7).Color = 0, 0, 0   [was 0.972549, 0.972549, 0.972549, 7 change(s)]
Lights             Lights.CRC3LowerLights.CoolantRoomLight.NeonPart.SurfaceLight #10.Enabled = false   [was true, 5 change(s)]
Lights             Lights.CRC3LowerLights.CoolantRoomLight.NeonPart.SurfaceLight #10.Brightness = 0.5   [was 0.5, 2 change(s)]
Lights             Lights.CRC3LowerLights.CoolantRoomLight.NeonPart ~(517.4, 132.6, 61.0).Color = 0, 0, 0   [was 0.972549, 0.972549, 0.972549, 6 change(s)]
Lights             Lights.CRC3LowerLights.CoolantRoomLight.NeonPart.SurfaceLight #11.Enabled = false   [was true, 5 change(s)]
Lights             Lights.CRC3LowerLights.CoolantRoomLight.NeonPart.SurfaceLight #11.Brightness = 0.5   [was 0.5, 2 change(s)]
Lights             Lights.CRC3LowerLights.CoolantRoomLight.NeonPart ~(392.5, 132.6, 62.3).Color = 0, 0, 0   [was 0.972549, 0.972549, 0.972549, 6 change(s)]
Lights             Lights.CRC3LowerLights.CoolantRoomLight.NeonPart.SurfaceLight #12.Enabled = false   [was true, 5 change(s)]
Lights             Lights.CRC3LowerLights.CoolantRoomLight.NeonPart.SurfaceLight #12.Brightness = 0.5   [was 0.5, 2 change(s)]
Lights             Lights.CRC3LowerLights.CoolantRoomLight.NeonPart ~(410.2, 132.6, 57.7).Color = 0, 0, 0   [was 0.972549, 0.972549, 0.972549, 6 change(s)]
Lights             Lights.CRC3LowerLights.CoolantRoomLight.NeonPart.SurfaceLight #13.Enabled = false   [was true, 5 change(s)]
Lights             Lights.CRC3LowerLights.CoolantRoomLight.NeonPart.SurfaceLight #13.Brightness = 0.5   [was 0.5, 2 change(s)]
Lights             Lights.CRC3LowerLights.CoolantRoomLight.NeonPart ~(429.0, 132.6, 57.7).Color = 0, 0, 0   [was 0.972549, 0.972549, 0.972549, 7 change(s)]
Lights             Lights.CRC3LowerLights.CoolantRoomLight.NeonPart.SurfaceLight #14.Enabled = false   [was true, 5 change(s)]
Lights             Lights.CRC3LowerLights.CoolantRoomLight.NeonPart.SurfaceLight #14.Brightness = 0.5   [was 0.5, 2 change(s)]
Lights             Lights.CRC3LowerLights.PoolLight.NeonPart.Color = 0, 0, 0   [was 1, 0.639216, 0.341176, 6 change(s)]
Lights             Lights.CRC3LowerLights.PoolLight.NeonPart.SurfaceLight.Enabled = false   [was true, 5 change(s)]
Lights             Lights.CRC3LowerLights.PoolLight.NeonPart.SurfaceLight.Brightness = 1   [was 1, 2 change(s)]
Lights             Lights.CRC3LowerLights.PoolLight.NeonPart ~(500.0, 93.5, 107.0).Color = 0, 0, 0   [was 1, 0.639216, 0.341176, 6 change(s)]
Lights             Lights.CRC3LowerLights.PoolLight.NeonPart.SurfaceLight #2.Enabled = false   [was true, 5 change(s)]
Lights             Lights.CRC3LowerLights.PoolLight.NeonPart.SurfaceLight #2.Brightness = 1   [was 1, 2 change(s)]
Lights             Lights.CRC3LowerLights.PoolLight.NeonPart ~(437.6, 93.5, 119.4).Color = 0, 0, 0   [was 1, 0.639216, 0.341176, 5 change(s)]
Lights             Lights.CRC3LowerLights.PoolLight.NeonPart.SurfaceLight #3.Enabled = false   [was true, 3 change(s)]
Lights             Lights.CRC3LowerLights.PoolLight.NeonPart.SurfaceLight #3.Brightness = 1   [was 1, 2 change(s)]
Lights             Lights.CRC3LowerLights.PoolLight.NeonPart ~(500.0, 93.5, 87.0).Color = 0, 0, 0   [was 1, 0.639216, 0.341176, 6 change(s)]
Lights             Lights.CRC3LowerLights.PoolLight.NeonPart.SurfaceLight #4.Enabled = false   [was true, 5 change(s)]
Lights             Lights.CRC3LowerLights.PoolLight.NeonPart.SurfaceLight #4.Brightness = 1   [was 1, 2 change(s)]
Lights             Lights.CRC3LowerLights.PoolLight.NeonPart ~(405.2, 93.5, 107.0).Color = 0, 0, 0   [was 1, 0.639216, 0.341176, 5 change(s)]
Lights             Lights.CRC3LowerLights.PoolLight.NeonPart.SurfaceLight #5.Enabled = false   [was true, 3 change(s)]
Lights             Lights.CRC3LowerLights.PoolLight.NeonPart.SurfaceLight #5.Brightness = 1   [was 1, 2 change(s)]
Lights             Lights.CRC3LowerLights.PoolLight.NeonPart ~(417.6, 118.5, 119.4).Color = 0, 0, 0   [was 1, 0.639216, 0.341176, 6 change(s)]
Lights             Lights.CRC3LowerLights.PoolLight.NeonPart.SurfaceLight #6.Enabled = false   [was true, 5 change(s)]
Lights             Lights.CRC3LowerLights.PoolLight.NeonPart.SurfaceLight #6.Brightness = 1   [was 1, 2 change(s)]
Lights             Lights.CRC3LowerLights.PoolLight.NeonPart ~(487.6, 93.5, 119.4).Color = 0, 0, 0   [was 1, 0.639216, 0.341176, 6 change(s)]
Lights             Lights.CRC3LowerLights.PoolLight.NeonPart.SurfaceLight #7.Enabled = false   [was true, 5 change(s)]
Lights             Lights.CRC3LowerLights.PoolLight.NeonPart.SurfaceLight #7.Brightness = 1   [was 1, 2 change(s)]
Lights             Lights.CRC3LowerLights.PoolLight.NeonPart ~(467.6, 93.5, 119.4).Color = 0, 0, 0   [was 1, 0.639216, 0.341176, 6 change(s)]
Lights             Lights.CRC3LowerLights.PoolLight.NeonPart.SurfaceLight #8.Enabled = false   [was true, 5 change(s)]
Lights             Lights.CRC3LowerLights.PoolLight.NeonPart.SurfaceLight #8.Brightness = 1   [was 1, 2 change(s)]
Lights             Lights.CRC3LowerLights.PoolLight.NeonPart ~(467.6, 118.5, 119.4).Color = 0, 0, 0   [was 1, 0.639216, 0.341176, 6 change(s)]
Lights             Lights.CRC3LowerLights.PoolLight.NeonPart.SurfaceLight #9.Enabled = false   [was true, 5 change(s)]
Lights             Lights.CRC3LowerLights.PoolLight.NeonPart.SurfaceLight #9.Brightness = 1   [was 1, 2 change(s)]
Lights             Lights.CRC3LowerLights.PoolLight.NeonPart ~(487.6, 118.5, 74.6).Color = 0, 0, 0   [was 1, 0.639216, 0.341176, 6 change(s)]
Lights             Lights.CRC3LowerLights.PoolLight.NeonPart.SurfaceLight #10.Enabled = false   [was true, 5 change(s)]
Lights             Lights.CRC3LowerLights.PoolLight.NeonPart.SurfaceLight #10.Brightness = 1   [was 1, 2 change(s)]
Lights             Lights.CRC3LowerLights.PoolLight.NeonPart ~(417.6, 118.5, 74.6).Color = 0, 0, 0   [was 1, 0.639216, 0.341176, 6 change(s)]
Lights             Lights.CRC3LowerLights.PoolLight.NeonPart.SurfaceLight #11.Enabled = false   [was true, 5 change(s)]
Lights             Lights.CRC3LowerLights.PoolLight.NeonPart.SurfaceLight #11.Brightness = 1   [was 1, 2 change(s)]
Lights             Lights.CRC3LowerLights.PoolLight.NeonPart ~(487.6, 118.5, 119.4).Color = 0, 0, 0   [was 1, 0.639216, 0.341176, 6 change(s)]
Lights             Lights.CRC3LowerLights.PoolLight.NeonPart.SurfaceLight #12.Enabled = false   [was true, 5 change(s)]
Lights             Lights.CRC3LowerLights.PoolLight.NeonPart.SurfaceLight #12.Brightness = 1   [was 1, 2 change(s)]
Lights             Lights.CRC3LowerLights.PoolLight.NeonPart ~(500.0, 118.5, 107.0).Color = 0, 0, 0   [was 1, 0.639216, 0.341176, 6 change(s)]
Lights             Lights.CRC3LowerLights.PoolLight.NeonPart.SurfaceLight #13.Enabled = false   [was true, 5 change(s)]
Lights             Lights.CRC3LowerLights.PoolLight.NeonPart.SurfaceLight #13.Brightness = 1   [was 1, 2 change(s)]
Lights             Lights.CRC3LowerLights.PoolLight.NeonPart ~(502.3, 93.5, 105.4).Color = 0, 0, 0   [was 0.666667, 0.333333, 0, 4 change(s)]
Lights             Lights.CRC3LowerLights.PoolLight.NeonPart.PointLight.Enabled = false   [was true, 3 change(s)]
Lights             Lights.CRC3LowerLights.PoolLight.NeonPart.PointLight.Brightness = 0.5   [was 0.5, 2 change(s)]
Lights             Lights.CRC3LowerLights.PoolLight.NeonPart ~(500.0, 118.5, 87.0).Color = 0, 0, 0   [was 1, 0.639216, 0.341176, 6 change(s)]
Lights             Lights.CRC3LowerLights.PoolLight.NeonPart.SurfaceLight #14.Enabled = false   [was true, 5 change(s)]
Lights             Lights.CRC3LowerLights.PoolLight.NeonPart.SurfaceLight #14.Brightness = 1   [was 1, 2 change(s)]
Lights             Lights.CRC3LowerLights.PoolLight.NeonPart ~(467.6, 118.5, 74.6).Color = 0, 0, 0   [was 1, 0.639216, 0.341176, 5 change(s)]
Lights             Lights.CRC3LowerLights.PoolLight.NeonPart.SurfaceLight #15.Enabled = false   [was true, 3 change(s)]
Lights             Lights.CRC3LowerLights.PoolLight.NeonPart.SurfaceLight #15.Brightness = 1   [was 1, 2 change(s)]
Lights             Lights.CRC3LowerLights.PoolLight.NeonPart ~(502.3, 93.5, 88.6).Color = 0, 0, 0   [was 0.666667, 0.333333, 0, 6 change(s)]
Lights             Lights.CRC3LowerLights.PoolLight.NeonPart.PointLight #2.Enabled = false   [was true, 5 change(s)]
Lights             Lights.CRC3LowerLights.PoolLight.NeonPart.PointLight #2.Brightness = 0.5   [was 0.5, 2 change(s)]
Lights             Lights.CRC3LowerLights.PoolLight.NeonPart ~(437.6, 118.5, 119.4).Color = 0, 0, 0   [was 1, 0.639216, 0.341176, 6 change(s)]
Lights             Lights.CRC3LowerLights.PoolLight.NeonPart.SurfaceLight #16.Enabled = false   [was true, 5 change(s)]
Lights             Lights.CRC3LowerLights.PoolLight.NeonPart.SurfaceLight #16.Brightness = 1   [was 1, 2 change(s)]
Lights             Lights.CRC3LowerLights.PoolLight.NeonPart ~(417.6, 93.5, 119.4).Color = 0, 0, 0   [was 1, 0.639216, 0.341176, 6 change(s)]
Lights             Lights.CRC3LowerLights.PoolLight.NeonPart.SurfaceLight #17.Enabled = false   [was true, 5 change(s)]
Lights             Lights.CRC3LowerLights.PoolLight.NeonPart.SurfaceLight #17.Brightness = 1   [was 1, 2 change(s)]
Lights             Lights.CRC3LowerLights.PoolLight.NeonPart ~(417.6, 93.5, 74.6).Color = 0, 0, 0   [was 1, 0.639216, 0.341176, 5 change(s)]
Lights             Lights.CRC3LowerLights.PoolLight.NeonPart.SurfaceLight #18.Enabled = false   [was true, 3 change(s)]
Lights             Lights.CRC3LowerLights.PoolLight.NeonPart.SurfaceLight #18.Brightness = 1   [was 1, 2 change(s)]
Lights             Lights.CRC3LowerLights.PoolLight.NeonPart ~(467.6, 93.5, 74.6).Color = 0, 0, 0   [was 1, 0.639216, 0.341176, 6 change(s)]
Lights             Lights.CRC3LowerLights.PoolLight.NeonPart.SurfaceLight #19.Enabled = false   [was true, 5 change(s)]
Lights             Lights.CRC3LowerLights.PoolLight.NeonPart.SurfaceLight #19.Brightness = 1   [was 1, 2 change(s)]
Lights             Lights.CRC3LowerLights.PoolLight.NeonPart ~(487.6, 93.5, 74.6).Color = 0, 0, 0   [was 1, 0.639216, 0.341176, 6 change(s)]
Lights             Lights.CRC3LowerLights.PoolLight.NeonPart.SurfaceLight #20.Enabled = false   [was true, 5 change(s)]
Lights             Lights.CRC3LowerLights.PoolLight.NeonPart.SurfaceLight #20.Brightness = 1   [was 1, 2 change(s)]
Lights             Lights.CRC3LowerLights.PoolLight.NeonPart ~(437.6, 93.5, 74.6).Color = 0, 0, 0   [was 1, 0.639216, 0.341176, 6 change(s)]
Lights             Lights.CRC3LowerLights.PoolLight.NeonPart.SurfaceLight #21.Enabled = false   [was true, 5 change(s)]
Lights             Lights.CRC3LowerLights.PoolLight.NeonPart.SurfaceLight #21.Brightness = 1   [was 1, 2 change(s)]
Lights             Lights.CRC3LowerLights.PoolLight.NeonPart ~(405.2, 118.5, 107.0).Color = 0, 0, 0   [was 1, 0.639216, 0.341176, 6 change(s)]
Lights             Lights.CRC3LowerLights.PoolLight.NeonPart.SurfaceLight #22.Enabled = false   [was true, 5 change(s)]
Lights             Lights.CRC3LowerLights.PoolLight.NeonPart.SurfaceLight #22.Brightness = 1   [was 1, 2 change(s)]
Lights             Lights.CRC3LowerLights.PoolLight.NeonPart ~(405.2, 118.5, 87.0).Color = 0, 0, 0   [was 1, 0.639216, 0.341176, 5 change(s)]
Lights             Lights.CRC3LowerLights.PoolLight.NeonPart.SurfaceLight #23.Enabled = false   [was true, 3 change(s)]
Lights             Lights.CRC3LowerLights.PoolLight.NeonPart.SurfaceLight #23.Brightness = 1   [was 1, 2 change(s)]
Lights             Lights.CRC3LowerLights.PoolLight.NeonPart ~(405.2, 93.5, 87.0).Color = 0, 0, 0   [was 1, 0.639216, 0.341176, 5 change(s)]
Lights             Lights.CRC3LowerLights.PoolLight.NeonPart.SurfaceLight #24.Enabled = false   [was true, 3 change(s)]
Lights             Lights.CRC3LowerLights.PoolLight.NeonPart.SurfaceLight #24.Brightness = 1   [was 1, 2 change(s)]
Lights             Lights.CRC3LowerLights.CoolantRoomLight.NeonPart ~(387.9, 132.6, 79.4).Color = 0, 0, 0   [was 0.972549, 0.972549, 0.972549, 7 change(s)]
Lights             Lights.CRC3LowerLights.CoolantRoomLight.NeonPart.SurfaceLight #15.Enabled = false   [was true, 5 change(s)]
Lights             Lights.CRC3LowerLights.CoolantRoomLight.NeonPart.SurfaceLight #15.Brightness = 0.5   [was 0.5, 2 change(s)]
Lights             Lights.CRC3LowerLights.CoolantRoomLight.NeonPart ~(410.2, 132.6, 136.2).Color = 0, 0, 0   [was 0.972549, 0.972549, 0.972549, 6 change(s)]
Lights             Lights.CRC3LowerLights.CoolantRoomLight.NeonPart.SurfaceLight #16.Enabled = false   [was true, 5 change(s)]
Lights             Lights.CRC3LowerLights.CoolantRoomLight.NeonPart.SurfaceLight #16.Brightness = 0.5   [was 0.5, 2 change(s)]
Lights             Lights.CRC3LowerLights.CoolantRoomLight.NeonPart ~(513.9, 132.6, 136.2).Color = 0, 0, 0   [was 0.972549, 0.972549, 0.972549, 6 change(s)]
Lights             Lights.CRC3LowerLights.CoolantRoomLight.NeonPart.SurfaceLight #17.Enabled = false   [was true, 5 change(s)]
Lights             Lights.CRC3LowerLights.CoolantRoomLight.NeonPart.SurfaceLight #17.Brightness = 0.5   [was 0.5, 2 change(s)]
Lights             Lights.CRC3LowerLights.CoolantRoomLight.NeonPart ~(392.5, 132.6, 131.6).Color = 0, 0, 0   [was 0.972549, 0.972549, 0.972549, 7 change(s)]
Lights             Lights.CRC3LowerLights.CoolantRoomLight.NeonPart.SurfaceLight #18.Enabled = false   [was true, 5 change(s)]
Lights             Lights.CRC3LowerLights.CoolantRoomLight.NeonPart.SurfaceLight #18.Brightness = 0.5   [was 0.5, 2 change(s)]
Lights             Lights.CRC3LowerLights.CoolantRoomLight.NeonPart ~(517.9, 137.2, 97.0).Color = 0, 0, 0   [was 0.972549, 0.972549, 0.972549, 6 change(s)]
Lights             Lights.CRC3LowerLights.CoolantRoomLight.NeonPart.SurfaceLight #19.Enabled = false   [was true, 5 change(s)]
Lights             Lights.CRC3LowerLights.CoolantRoomLight.NeonPart.SurfaceLight #19.Brightness = 0.5   [was 0.5, 2 change(s)]
Lights             Lights.METULights.UpperWallLight3.NeonPart.Color = 0, 0, 0   [was 0, 0, 0, 7 change(s)]
Lights             Lights.METULights.UpperWallLight3.NeonPart.METULight.Enabled = false   [was false, 6 change(s)]
Lights             Lights.METULights.UpperWallLight3.NeonPart.METULight.Brightness = 0.5   [was 0.5, 2 change(s)]
Lights             Lights.METULights.UpperWallLight11.NeonPart.Color = 0, 0, 0   [was 0, 0, 0, 6 change(s)]
Lights             Lights.METULights.UpperWallLight11.NeonPart.METULight.Enabled = false   [was false, 4 change(s)]
Lights             Lights.METULights.UpperWallLight11.NeonPart.METULight.Brightness = 0.5   [was 0.5, 2 change(s)]
Lights             Lights.METULights.UpperWallLight1.NeonPart.Color = 0, 0, 0   [was 0, 0, 0, 7 change(s)]
Lights             Lights.METULights.UpperWallLight1.NeonPart.METULight.Enabled = false   [was false, 6 change(s)]
Lights             Lights.METULights.UpperWallLight1.NeonPart.METULight.Brightness = 0.5   [was 0.5, 2 change(s)]
Lights             Lights.METULights.UpperWallLight2.NeonPart.Color = 0, 0, 0   [was 0, 0, 0, 7 change(s)]
Lights             Lights.METULights.UpperWallLight2.NeonPart.METULight.Enabled = false   [was false, 6 change(s)]
Lights             Lights.METULights.UpperWallLight2.NeonPart.METULight.Brightness = 0.5   [was 0.5, 2 change(s)]
Lights             Lights.METULights.UpperWallLight6.NeonPart.Color = 0, 0, 0   [was 0, 0, 0, 5 change(s)]
Lights             Lights.METULights.UpperWallLight6.NeonPart.METULight.Enabled = false   [was false, 4 change(s)]
Lights             Lights.METULights.UpperWallLight6.NeonPart.METULight.Brightness = 0.5   [was 0.5, 2 change(s)]
Lights             Lights.METULights.UpperWallLight18.NeonPart.Color = 0, 0, 0   [was 0, 0, 0, 7 change(s)]
Lights             Lights.METULights.UpperWallLight18.NeonPart.METULight.Enabled = false   [was false, 6 change(s)]
Lights             Lights.METULights.UpperWallLight18.NeonPart.METULight.Brightness = 0.5   [was 0.5, 2 change(s)]
Lights             Lights.METULights.UpperWallLight7.NeonPart.Color = 0, 0, 0   [was 0, 0, 0, 7 change(s)]
Lights             Lights.METULights.UpperWallLight7.NeonPart.METULight.Enabled = false   [was false, 6 change(s)]
Lights             Lights.METULights.UpperWallLight7.NeonPart.METULight.Brightness = 0.5   [was 0.5, 2 change(s)]
Lights             Lights.METULights.UpperWallLight10.NeonPart.Color = 0, 0, 0   [was 0, 0, 0, 6 change(s)]
Lights             Lights.METULights.UpperWallLight10.NeonPart.METULight.Enabled = false   [was false, 4 change(s)]
Lights             Lights.METULights.UpperWallLight10.NeonPart.METULight.Brightness = 0.5   [was 0.5, 2 change(s)]
Lights             Lights.METULights.UpperWallLight14.NeonPart.Color = 0, 0, 0   [was 0, 0, 0, 6 change(s)]
Lights             Lights.METULights.UpperWallLight14.NeonPart.METULight.Enabled = false   [was false, 4 change(s)]
Lights             Lights.METULights.UpperWallLight14.NeonPart.METULight.Brightness = 0.5   [was 0.5, 2 change(s)]
Lights             Lights.METULights.UpperWallLight4.NeonPart.Color = 0, 0, 0   [was 0, 0, 0, 7 change(s)]
Lights             Lights.METULights.UpperWallLight4.NeonPart.METULight.Enabled = false   [was false, 6 change(s)]
Lights             Lights.METULights.UpperWallLight4.NeonPart.METULight.Brightness = 0.5   [was 0.5, 2 change(s)]
Lights             Lights.METULights.UpperWallLight17.NeonPart.Color = 0, 0, 0   [was 0, 0, 0, 7 change(s)]
Lights             Lights.METULights.UpperWallLight17.NeonPart.METULight.Enabled = false   [was false, 6 change(s)]
Lights             Lights.METULights.UpperWallLight17.NeonPart.METULight.Brightness = 0.5   [was 0.5, 2 change(s)]
Lights             Lights.METULights.UpperWallLight5.NeonPart.Color = 0, 0, 0   [was 0, 0, 0, 7 change(s)]
Lights             Lights.METULights.UpperWallLight5.NeonPart.METULight.Enabled = false   [was false, 6 change(s)]
Lights             Lights.METULights.UpperWallLight5.NeonPart.METULight.Brightness = 0.5   [was 0.5, 2 change(s)]
Lights             Lights.METULights.UpperWallLight13.NeonPart.Color = 0, 0, 0   [was 0, 0, 0, 7 change(s)]
Lights             Lights.METULights.UpperWallLight13.NeonPart.METULight.Enabled = false   [was false, 6 change(s)]
Lights             Lights.METULights.UpperWallLight13.NeonPart.METULight.Brightness = 0.5   [was 0.5, 2 change(s)]
Lights             Lights.METULights.UpperWallLight16.NeonPart.Color = 0, 0, 0   [was 0, 0, 0, 7 change(s)]
Lights             Lights.METULights.UpperWallLight16.NeonPart.METULight.Enabled = false   [was false, 6 change(s)]
Lights             Lights.METULights.UpperWallLight16.NeonPart.METULight.Brightness = 0.5   [was 0.5, 2 change(s)]
Lights             Lights.METULights.UpperWallLight15.NeonPart.Color = 0, 0, 0   [was 0, 0, 0, 7 change(s)]
Lights             Lights.METULights.UpperWallLight15.NeonPart.METULight.Enabled = false   [was false, 6 change(s)]
Lights             Lights.METULights.UpperWallLight15.NeonPart.METULight.Brightness = 0.5   [was 0.5, 2 change(s)]
Lights             Lights.METULights.UpperWallLight12.NeonPart.Color = 0, 0, 0   [was 0, 0, 0, 5 change(s)]
Lights             Lights.METULights.UpperWallLight12.NeonPart.METULight.Enabled = false   [was false, 4 change(s)]
Lights             Lights.METULights.UpperWallLight12.NeonPart.METULight.Brightness = 0.5   [was 0.5, 2 change(s)]
Lights             Lights.METULights.UpperWallLight8.NeonPart.Color = 0, 0, 0   [was 0, 0, 0, 7 change(s)]
Lights             Lights.METULights.UpperWallLight8.NeonPart.METULight.Enabled = false   [was false, 6 change(s)]
Lights             Lights.METULights.UpperWallLight8.NeonPart.METULight.Brightness = 0.5   [was 0.5, 2 change(s)]
Lights             Lights.METULights.UpperWallLight9.NeonPart.Color = 0, 0, 0   [was 0, 0, 0, 7 change(s)]
Lights             Lights.METULights.UpperWallLight9.NeonPart.METULight.Enabled = false   [was false, 6 change(s)]
Lights             Lights.METULights.UpperWallLight9.NeonPart.METULight.Brightness = 0.5   [was 0.5, 2 change(s)]
Lights             Lights.METULights.WallLight.NeonPart.Color = 0, 0, 0   [was 0.666667, 1, 1, 6 change(s)]
Lights             Lights.METULights.WallLight.NeonPart.SurfaceLight.Enabled = false   [was true, 5 change(s)]
Lights             Lights.METULights.WallLight.NeonPart.SurfaceLight.Brightness = 2   [was 2, 2 change(s)]
Lights             Lights.METULights.WallLight.NeonPart ~(-0.7, 363.7, -0.6).Color = 0, 0, 0   [was 0.666667, 1, 1, 6 change(s)]
Lights             Lights.METULights.WallLight.NeonPart.SurfaceLight #2.Enabled = false   [was true, 5 change(s)]
Lights             Lights.METULights.WallLight.NeonPart.SurfaceLight #2.Brightness = 2   [was 2, 2 change(s)]
Lights             Lights.METULights.WallLight.NeonPart ~(9.9, 391.4, -0.6).Color = 0, 0, 0   [was 0.835294, 0.45098, 0.239216, 6 change(s)]
Lights             Lights.METULights.WallLight.NeonPart.SurfaceLight #3.Enabled = false   [was true, 3 change(s)]
Lights             Lights.METULights.WallLight.NeonPart.SurfaceLight #3.Brightness = 0.5   [was 0.5, 2 change(s)]
Lights             Lights.METULights.WallLight.NeonPart ~(9.9, 391.4, 5.7).Color = 0, 0, 0   [was 0.835294, 0.45098, 0.239216, 6 change(s)]
Lights             Lights.METULights.WallLight.NeonPart.SurfaceLight #4.Enabled = false   [was true, 5 change(s)]
Lights             Lights.METULights.WallLight.NeonPart.SurfaceLight #4.Brightness = 0.5   [was 0.5, 2 change(s)]
Lights             Lights.METULights.WallLight.NeonPart ~(9.9, 391.4, -6.8).Color = 0, 0, 0   [was 0.835294, 0.45098, 0.239216, 6 change(s)]
Lights             Lights.METULights.WallLight.NeonPart.SurfaceLight #5.Enabled = false   [was true, 3 change(s)]
Lights             Lights.METULights.WallLight.NeonPart.SurfaceLight #5.Brightness = 0.5   [was 0.5, 2 change(s)]
Lights             Lights.METULights.WallLight.NeonPart ~(-29.6, 391.4, 5.6).Color = 0, 0, 0   [was 0.835294, 0.45098, 0.239216, 6 change(s)]
Lights             Lights.METULights.WallLight.NeonPart.SurfaceLight #6.Enabled = false   [was true, 3 change(s)]
Lights             Lights.METULights.WallLight.NeonPart.SurfaceLight #6.Brightness = 0.5   [was 0.5, 2 change(s)]
Lights             Lights.METULights.WallLight.NeonPart ~(-29.6, 391.4, -0.6).Color = 0, 0, 0   [was 0.835294, 0.45098, 0.239216, 6 change(s)]
Lights             Lights.METULights.WallLight.NeonPart.SurfaceLight #7.Enabled = false   [was true, 5 change(s)]
Lights             Lights.METULights.WallLight.NeonPart.SurfaceLight #7.Brightness = 0.5   [was 0.5, 2 change(s)]
Lights             Lights.METULights.WallLight.NeonPart ~(-29.6, 391.4, -6.9).Color = 0, 0, 0   [was 0.835294, 0.45098, 0.239216, 6 change(s)]
Lights             Lights.METULights.WallLight.NeonPart.SurfaceLight #8.Enabled = false   [was true, 3 change(s)]
Lights             Lights.METULights.WallLight.NeonPart.SurfaceLight #8.Brightness = 0.5   [was 0.5, 2 change(s)]
Lights             Lights.METULights.ChambWallLight.NeonPart.Color = 0, 0, 0   [was 0.960784, 0.803922, 0.188235, 6 change(s)]
Lights             Lights.METULights.ChambWallLight.NeonPart.SurfaceLight.Enabled = false   [was true, 5 change(s)]
Lights             Lights.METULights.ChambWallLight.NeonPart.SurfaceLight.Brightness = 0.5   [was 0.5, 2 change(s)]
Lights             Lights.METULights.ChambWallLight.NeonPart ~(22.4, 359.2, -56.5).Color = 0, 0, 0   [was 0.960784, 0.803922, 0.188235, 6 change(s)]
Lights             Lights.METULights.ChambWallLight.NeonPart.SurfaceLight #2.Enabled = false   [was true, 5 change(s)]
Lights             Lights.METULights.ChambWallLight.NeonPart.SurfaceLight #2.Brightness = 0.5   [was 0.5, 2 change(s)]
Lights             Lights.METULights.ChambWallLight.NeonPart ~(54.7, 359.2, -0.6).Color = 0, 0, 0   [was 0.960784, 0.803922, 0.188235, 5 change(s)]
Lights             Lights.METULights.ChambWallLight.NeonPart.SurfaceLight #3.Enabled = false   [was true, 3 change(s)]
Lights             Lights.METULights.ChambWallLight.NeonPart.SurfaceLight #3.Brightness = 0.5   [was 0.5, 2 change(s)]
Lights             Lights.METULights.ChambWallLight.NeonPart ~(22.4, 359.2, 55.3).Color = 0, 0, 0   [was 0.960784, 0.803922, 0.188235, 4 change(s)]
Lights             Lights.METULights.ChambWallLight.NeonPart.SurfaceLight #4.Enabled = false   [was true, 3 change(s)]
Lights             Lights.METULights.ChambWallLight.NeonPart.SurfaceLight #4.Brightness = 0.5   [was 0.5, 2 change(s)]
Lights             Lights.METULights.ChambWallLight.NeonPart ~(-42.2, 359.2, 55.3).Color = 0, 0, 0   [was 0.960784, 0.803922, 0.188235, 6 change(s)]
Lights             Lights.METULights.ChambWallLight.NeonPart.SurfaceLight #5.Enabled = false   [was true, 5 change(s)]
Lights             Lights.METULights.ChambWallLight.NeonPart.SurfaceLight #5.Brightness = 0.5   [was 0.5, 2 change(s)]
Lights             Lights.METULights.ChambWallLight.NeonPart ~(-74.5, 359.2, -0.6).Color = 0, 0, 0   [was 0.960784, 0.803922, 0.188235, 6 change(s)]
Lights             Lights.METULights.ChambWallLight.NeonPart.SurfaceLight #6.Enabled = false   [was true, 5 change(s)]
Lights             Lights.METULights.ChambWallLight.NeonPart.SurfaceLight #6.Brightness = 0.5   [was 0.5, 2 change(s)]
Lights             Lights.GravatronLights.NeonPart.Color = 0, 0, 0   [was 0.686275, 0.686275, 0.686275, 3 change(s)]
Lights             Lights.GravatronLights.NeonPart.SurfaceLight.Enabled = false   [was true, 1 change(s)]
Lights             Lights.GravatronLights.NeonPart.SurfaceLight.Brightness = 0.25   [was 0.25, 2 change(s)]
Lights             Lights.GravatronLights.NeonPart ~(140.3, 171.5, -126.7).Color = 0, 0, 0   [was 0.686275, 0.686275, 0.686275, 6 change(s)]
Lights             Lights.GravatronLights.NeonPart.SurfaceLight #2.Enabled = false   [was true, 5 change(s)]
Lights             Lights.GravatronLights.NeonPart.SurfaceLight #2.Brightness = 0.25   [was 0.25, 2 change(s)]
Lights             Lights.GravatronLights.NeonPart ~(152.3, 144.9, -195.0).Color = 0, 0, 0   [was 0.686275, 0.686275, 0.686275, 6 change(s)]
Lights             Lights.GravatronLights.NeonPart.SurfaceLight #3.Enabled = false   [was true, 5 change(s)]
Lights             Lights.GravatronLights.NeonPart.SurfaceLight #3.Brightness = 0.25   [was 0.25, 2 change(s)]
Lights             Lights.GravatronLights.NeonPart ~(152.3, 171.5, -195.0).Color = 0, 0, 0   [was 0.686275, 0.686275, 0.686275, 6 change(s)]
Lights             Lights.GravatronLights.NeonPart.SurfaceLight #4.Enabled = false   [was true, 5 change(s)]
Lights             Lights.GravatronLights.NeonPart.SurfaceLight #4.Brightness = 0.25   [was 0.25, 2 change(s)]
Lights             Lights.GravatronLights.NeonPart ~(136.1, 171.5, -150.4).Color = 0, 0, 0   [was 0.686275, 0.686275, 0.686275, 6 change(s)]
Lights             Lights.GravatronLights.NeonPart.SurfaceLight #5.Enabled = false   [was true, 5 change(s)]
Lights             Lights.GravatronLights.NeonPart.SurfaceLight #5.Brightness = 0.25   [was 0.25, 2 change(s)]
Lights             Lights.GravatronLights.NeonPart ~(140.3, 171.5, -174.1).Color = 0, 0, 0   [was 0.686275, 0.686275, 0.686275, 6 change(s)]
Lights             Lights.GravatronLights.NeonPart.SurfaceLight #6.Enabled = false   [was true, 5 change(s)]
Lights             Lights.GravatronLights.NeonPart.SurfaceLight #6.Brightness = 0.25   [was 0.25, 2 change(s)]
Lights             Lights.GravatronLights.NeonPart ~(140.3, 144.9, -174.1).Color = 0, 0, 0   [was 0.686275, 0.686275, 0.686275, 6 change(s)]
Lights             Lights.GravatronLights.NeonPart.SurfaceLight #7.Enabled = false   [was true, 5 change(s)]
Lights             Lights.GravatronLights.NeonPart.SurfaceLight #7.Brightness = 0.25   [was 0.25, 2 change(s)]
Lights             Lights.GravatronLights.NeonPart ~(145.4, 144.9, -185.1).Color = 0, 0, 0   [was 0.686275, 0.686275, 0.686275, 6 change(s)]
Lights             Lights.GravatronLights.NeonPart.SurfaceLight #8.Enabled = false   [was true, 5 change(s)]
Lights             Lights.GravatronLights.NeonPart.SurfaceLight #8.Brightness = 0.25   [was 0.25, 2 change(s)]
Lights             Lights.GravatronLights.NeonPart ~(145.4, 171.5, -185.1).Color = 0, 0, 0   [was 0.686275, 0.686275, 0.686275, 6 change(s)]
Lights             Lights.GravatronLights.NeonPart.SurfaceLight #9.Enabled = false   [was true, 5 change(s)]
Lights             Lights.GravatronLights.NeonPart.SurfaceLight #9.Brightness = 0.25   [was 0.25, 2 change(s)]
Lights             Lights.GravatronLights.NeonPart ~(137.1, 144.9, -138.4).Color = 0, 0, 0   [was 0.686275, 0.686275, 0.686275, 6 change(s)]
Lights             Lights.GravatronLights.NeonPart.SurfaceLight #10.Enabled = false   [was true, 5 change(s)]
Lights             Lights.GravatronLights.NeonPart.SurfaceLight #10.Brightness = 0.25   [was 0.25, 2 change(s)]
Lights             Lights.GravatronLights.NeonPart ~(137.1, 144.9, -162.5).Color = 0, 0, 0   [was 0.686275, 0.686275, 0.686275, 4 change(s)]
Lights             Lights.GravatronLights.NeonPart.SurfaceLight #11.Enabled = false   [was true, 3 change(s)]
Lights             Lights.GravatronLights.NeonPart.SurfaceLight #11.Brightness = 0.25   [was 0.25, 2 change(s)]
Lights             Lights.GravatronLights.NeonPart ~(137.1, 171.5, -162.5).Color = 0, 0, 0   [was 0.686275, 0.686275, 0.686275, 5 change(s)]
Lights             Lights.GravatronLights.NeonPart.SurfaceLight #12.Enabled = false   [was true, 3 change(s)]
Lights             Lights.GravatronLights.NeonPart.SurfaceLight #12.Brightness = 0.25   [was 0.25, 2 change(s)]
Lights             Lights.GravatronLights.NeonPart ~(137.1, 171.5, -138.4).Color = 0, 0, 0   [was 0.686275, 0.686275, 0.686275, 6 change(s)]
Lights             Lights.GravatronLights.NeonPart.SurfaceLight #13.Enabled = false   [was true, 5 change(s)]
Lights             Lights.GravatronLights.NeonPart.SurfaceLight #13.Brightness = 0.25   [was 0.25, 2 change(s)]
Lights             Lights.GravatronLights.NeonPart ~(136.1, 144.9, -150.4).Color = 0, 0, 0   [was 0.686275, 0.686275, 0.686275, 6 change(s)]
Lights             Lights.GravatronLights.NeonPart.SurfaceLight #14.Enabled = false   [was true, 5 change(s)]
Lights             Lights.GravatronLights.NeonPart.SurfaceLight #14.Brightness = 0.25   [was 0.25, 2 change(s)]
Lights             Lights.GravatronLights.NeonPart ~(258.7, 144.9, -195.0).Color = 0, 0, 0   [was 0.686275, 0.686275, 0.686275, 6 change(s)]
Lights             Lights.GravatronLights.NeonPart.SurfaceLight #15.Enabled = false   [was true, 5 change(s)]
Lights             Lights.GravatronLights.NeonPart.SurfaceLight #15.Brightness = 0.25   [was 0.25, 2 change(s)]
Lights             Lights.GravatronLights.NeonPart ~(258.7, 171.5, -195.0).Color = 0, 0, 0   [was 0.686275, 0.686275, 0.686275, 6 change(s)]
Lights             Lights.GravatronLights.NeonPart.SurfaceLight #16.Enabled = false   [was true, 5 change(s)]
Lights             Lights.GravatronLights.NeonPart.SurfaceLight #16.Brightness = 0.25   [was 0.25, 2 change(s)]
Lights             Lights.GravatronLights.NeonPart ~(270.7, 171.5, -126.7).Color = 0, 0, 0   [was 0.686275, 0.686275, 0.686275, 6 change(s)]
Lights             Lights.GravatronLights.NeonPart.SurfaceLight #17.Enabled = false   [was true, 5 change(s)]
Lights             Lights.GravatronLights.NeonPart.SurfaceLight #17.Brightness = 0.25   [was 0.25, 2 change(s)]
Lights             Lights.GravatronLights.NeonPart ~(270.7, 144.9, -126.7).Color = 0, 0, 0   [was 0.686275, 0.686275, 0.686275, 5 change(s)]
Lights             Lights.GravatronLights.NeonPart.SurfaceLight #18.Enabled = false   [was true, 3 change(s)]
Lights             Lights.GravatronLights.NeonPart.SurfaceLight #18.Brightness = 0.25   [was 0.25, 2 change(s)]
Lights             Lights.GravatronLights.NeonPart ~(265.6, 171.5, -185.1).Color = 0, 0, 0   [was 0.686275, 0.686275, 0.686275, 4 change(s)]
Lights             Lights.GravatronLights.NeonPart.SurfaceLight #19.Enabled = false   [was true, 3 change(s)]
Lights             Lights.GravatronLights.NeonPart.SurfaceLight #19.Brightness = 0.25   [was 0.25, 2 change(s)]
Lights             Lights.GravatronLights.NeonPart ~(273.9, 171.5, -138.4).Color = 0, 0, 0   [was 0.686275, 0.686275, 0.686275, 6 change(s)]
Lights             Lights.GravatronLights.NeonPart.SurfaceLight #20.Enabled = false   [was true, 5 change(s)]
Lights             Lights.GravatronLights.NeonPart.SurfaceLight #20.Brightness = 0.25   [was 0.25, 2 change(s)]
Lights             Lights.GravatronLights.NeonPart ~(273.9, 144.9, -162.5).Color = 0, 0, 0   [was 0.686275, 0.686275, 0.686275, 6 change(s)]
Lights             Lights.GravatronLights.NeonPart.SurfaceLight #21.Enabled = false   [was true, 5 change(s)]
Lights             Lights.GravatronLights.NeonPart.SurfaceLight #21.Brightness = 0.25   [was 0.25, 2 change(s)]
Lights             Lights.GravatronLights.NeonPart ~(273.9, 171.5, -162.5).Color = 0, 0, 0   [was 0.686275, 0.686275, 0.686275, 4 change(s)]
Lights             Lights.GravatronLights.NeonPart.SurfaceLight #22.Enabled = false   [was true, 3 change(s)]
Lights             Lights.GravatronLights.NeonPart.SurfaceLight #22.Brightness = 0.25   [was 0.25, 2 change(s)]
Lights             Lights.GravatronLights.NeonPart ~(274.9, 171.5, -150.4).Color = 0, 0, 0   [was 0.686275, 0.686275, 0.686275, 6 change(s)]
Lights             Lights.GravatronLights.NeonPart.SurfaceLight #23.Enabled = false   [was true, 5 change(s)]
Lights             Lights.GravatronLights.NeonPart.SurfaceLight #23.Brightness = 0.25   [was 0.25, 2 change(s)]
Lights             Lights.GravatronLights.NeonPart ~(273.9, 144.9, -138.4).Color = 0, 0, 0   [was 0.686275, 0.686275, 0.686275, 6 change(s)]
Lights             Lights.GravatronLights.NeonPart.SurfaceLight #24.Enabled = false   [was true, 5 change(s)]
Lights             Lights.GravatronLights.NeonPart.SurfaceLight #24.Brightness = 0.25   [was 0.25, 2 change(s)]
Lights             Lights.GravatronLights.NeonPart ~(274.9, 144.9, -150.4).Color = 0, 0, 0   [was 0.686275, 0.686275, 0.686275, 6 change(s)]
Lights             Lights.GravatronLights.NeonPart.SurfaceLight #25.Enabled = false   [was true, 5 change(s)]
Lights             Lights.GravatronLights.NeonPart.SurfaceLight #25.Brightness = 0.25   [was 0.25, 2 change(s)]
Lights             Lights.GravatronLights.NeonPart ~(265.6, 144.9, -185.1).Color = 0, 0, 0   [was 0.686275, 0.686275, 0.686275, 6 change(s)]
Lights             Lights.GravatronLights.NeonPart.SurfaceLight #26.Enabled = false   [was true, 5 change(s)]
Lights             Lights.GravatronLights.NeonPart.SurfaceLight #26.Brightness = 0.25   [was 0.25, 2 change(s)]
Lights             Lights.GravatronLights.NeonPart ~(270.7, 144.9, -174.1).Color = 0, 0, 0   [was 0.686275, 0.686275, 0.686275, 6 change(s)]
Lights             Lights.GravatronLights.NeonPart.SurfaceLight #27.Enabled = false   [was true, 5 change(s)]
Lights             Lights.GravatronLights.NeonPart.SurfaceLight #27.Brightness = 0.25   [was 0.25, 2 change(s)]
Lights             Lights.GravatronLights.NeonPart ~(270.7, 171.5, -174.1).Color = 0, 0, 0   [was 0.686275, 0.686275, 0.686275, 6 change(s)]
Lights             Lights.GravatronLights.NeonPart.SurfaceLight #28.Enabled = false   [was true, 5 change(s)]
Lights             Lights.GravatronLights.NeonPart.SurfaceLight #28.Brightness = 0.25   [was 0.25, 2 change(s)]
Lights             Lights.GravatronLights.NeonPart ~(193.4, 144.9, -82.0).Color = 0, 0, 0   [was 0.686275, 0.686275, 0.686275, 6 change(s)]
Lights             Lights.GravatronLights.NeonPart.SurfaceLight #29.Enabled = false   [was true, 5 change(s)]
Lights             Lights.GravatronLights.NeonPart.SurfaceLight #29.Brightness = 0.25   [was 0.25, 2 change(s)]
Lights             Lights.GravatronLights.NeonPart ~(193.4, 171.5, -82.0).Color = 0, 0, 0   [was 0.686275, 0.686275, 0.686275, 4 change(s)]
Lights             Lights.GravatronLights.NeonPart.SurfaceLight #30.Enabled = false   [was true, 3 change(s)]
Lights             Lights.GravatronLights.NeonPart.SurfaceLight #30.Brightness = 0.25   [was 0.25, 2 change(s)]
Lights             Lights.GravatronLights.NeonPart ~(152.3, 171.5, -105.8).Color = 0, 0, 0   [was 0.686275, 0.686275, 0.686275, 6 change(s)]
Lights             Lights.GravatronLights.NeonPart.SurfaceLight #31.Enabled = false   [was true, 5 change(s)]
Lights             Lights.GravatronLights.NeonPart.SurfaceLight #31.Brightness = 0.25   [was 0.25, 2 change(s)]
Lights             Lights.GravatronLights.NeonPart ~(145.4, 144.9, -115.7).Color = 0, 0, 0   [was 0.686275, 0.686275, 0.686275, 6 change(s)]
Lights             Lights.GravatronLights.NeonPart.SurfaceLight #32.Enabled = false   [was true, 5 change(s)]
Lights             Lights.GravatronLights.NeonPart.SurfaceLight #32.Brightness = 0.25   [was 0.25, 2 change(s)]
Lights             Lights.GravatronLights.NeonPart ~(145.4, 171.5, -115.7).Color = 0, 0, 0   [was 0.686275, 0.686275, 0.686275, 5 change(s)]
Lights             Lights.GravatronLights.NeonPart.SurfaceLight #33.Enabled = false   [was true, 3 change(s)]
Lights             Lights.GravatronLights.NeonPart.SurfaceLight #33.Brightness = 0.25   [was 0.25, 2 change(s)]
Lights             Lights.GravatronLights.NeonPart ~(152.3, 144.9, -105.8).Color = 0, 0, 0   [was 0.686275, 0.686275, 0.686275, 5 change(s)]
Lights             Lights.GravatronLights.NeonPart.SurfaceLight #34.Enabled = false   [was true, 3 change(s)]
Lights             Lights.GravatronLights.NeonPart.SurfaceLight #34.Brightness = 0.25   [was 0.25, 2 change(s)]
Lights             Lights.GravatronLights.NeonPart ~(160.9, 171.5, -97.2).Color = 0, 0, 0   [was 0.686275, 0.686275, 0.686275, 6 change(s)]
Lights             Lights.GravatronLights.NeonPart.SurfaceLight #35.Enabled = false   [was true, 5 change(s)]
Lights             Lights.GravatronLights.NeonPart.SurfaceLight #35.Brightness = 0.25   [was 0.25, 2 change(s)]
Lights             Lights.GravatronLights.NeonPart ~(160.9, 144.9, -97.2).Color = 0, 0, 0   [was 0.686275, 0.686275, 0.686275, 6 change(s)]
Lights             Lights.GravatronLights.NeonPart.SurfaceLight #36.Enabled = false   [was true, 5 change(s)]
Lights             Lights.GravatronLights.NeonPart.SurfaceLight #36.Brightness = 0.25   [was 0.25, 2 change(s)]
Lights             Lights.GravatronLights.NeonPart ~(170.8, 171.5, -90.3).Color = 0, 0, 0   [was 0.686275, 0.686275, 0.686275, 4 change(s)]
Lights             Lights.GravatronLights.NeonPart.SurfaceLight #37.Enabled = false   [was true, 3 change(s)]
Lights             Lights.GravatronLights.NeonPart.SurfaceLight #37.Brightness = 0.25   [was 0.25, 2 change(s)]
Lights             Lights.GravatronLights.NeonPart ~(170.8, 144.9, -90.3).Color = 0, 0, 0   [was 0.686275, 0.686275, 0.686275, 6 change(s)]
Lights             Lights.GravatronLights.NeonPart.SurfaceLight #38.Enabled = false   [was true, 5 change(s)]
Lights             Lights.GravatronLights.NeonPart.SurfaceLight #38.Brightness = 0.25   [was 0.25, 2 change(s)]
Lights             Lights.GravatronLights.NeonPart ~(181.8, 171.5, -85.2).Color = 0, 0, 0   [was 0.686275, 0.686275, 0.686275, 5 change(s)]
Lights             Lights.GravatronLights.NeonPart.SurfaceLight #39.Enabled = false   [was true, 3 change(s)]
Lights             Lights.GravatronLights.NeonPart.SurfaceLight #39.Brightness = 0.25   [was 0.25, 2 change(s)]
Lights             Lights.GravatronLights.NeonPart ~(181.8, 144.9, -85.2).Color = 0, 0, 0   [was 0.686275, 0.686275, 0.686275, 6 change(s)]
Lights             Lights.GravatronLights.NeonPart.SurfaceLight #40.Enabled = false   [was true, 5 change(s)]
Lights             Lights.GravatronLights.NeonPart.SurfaceLight #40.Brightness = 0.25   [was 0.25, 2 change(s)]
Lights             Lights.GravatronLights.NeonPart ~(258.7, 171.5, -105.8).Color = 0, 0, 0   [was 0.686275, 0.686275, 0.686275, 5 change(s)]
Lights             Lights.GravatronLights.NeonPart.SurfaceLight #41.Enabled = false   [was true, 3 change(s)]
Lights             Lights.GravatronLights.NeonPart.SurfaceLight #41.Brightness = 0.25   [was 0.25, 2 change(s)]
Lights             Lights.GravatronLights.NeonPart ~(258.7, 144.9, -105.8).Color = 0, 0, 0   [was 0.686275, 0.686275, 0.686275, 5 change(s)]
Lights             Lights.GravatronLights.NeonPart.SurfaceLight #42.Enabled = false   [was true, 3 change(s)]
Lights             Lights.GravatronLights.NeonPart.SurfaceLight #42.Brightness = 0.25   [was 0.25, 2 change(s)]
Lights             Lights.GravatronLights.NeonPart ~(217.6, 144.9, -82.0).Color = 0, 0, 0   [was 0.686275, 0.686275, 0.686275, 6 change(s)]
Lights             Lights.GravatronLights.NeonPart.SurfaceLight #43.Enabled = false   [was true, 5 change(s)]
Lights             Lights.GravatronLights.NeonPart.SurfaceLight #43.Brightness = 0.25   [was 0.25, 2 change(s)]
Lights             Lights.GravatronLights.NeonPart ~(217.6, 171.5, -82.0).Color = 0, 0, 0   [was 0.686275, 0.686275, 0.686275, 3 change(s)]
Lights             Lights.GravatronLights.NeonPart.SurfaceLight #44.Enabled = false   [was true, 1 change(s)]
Lights             Lights.GravatronLights.NeonPart.SurfaceLight #44.Brightness = 0.25   [was 0.25, 2 change(s)]
Lights             Lights.GravatronLights.NeonPart ~(205.5, 144.9, -81.0).Color = 0, 0, 0   [was 0.686275, 0.686275, 0.686275, 6 change(s)]
Lights             Lights.GravatronLights.NeonPart.SurfaceLight #45.Enabled = false   [was true, 5 change(s)]
Lights             Lights.GravatronLights.NeonPart.SurfaceLight #45.Brightness = 0.25   [was 0.25, 2 change(s)]
Lights             Lights.GravatronLights.NeonPart ~(205.5, 171.5, -81.0).Color = 0, 0, 0   [was 0.686275, 0.686275, 0.686275, 6 change(s)]
Lights             Lights.GravatronLights.NeonPart.SurfaceLight #46.Enabled = false   [was true, 5 change(s)]
Lights             Lights.GravatronLights.NeonPart.SurfaceLight #46.Brightness = 0.25   [was 0.25, 2 change(s)]
Lights             Lights.GravatronLights.NeonPart ~(250.1, 171.5, -97.2).Color = 0, 0, 0   [was 0.686275, 0.686275, 0.686275, 6 change(s)]
Lights             Lights.GravatronLights.NeonPart.SurfaceLight #47.Enabled = false   [was true, 5 change(s)]
Lights             Lights.GravatronLights.NeonPart.SurfaceLight #47.Brightness = 0.25   [was 0.25, 2 change(s)]
Lights             Lights.GravatronLights.NeonPart ~(250.1, 144.9, -97.2).Color = 0, 0, 0   [was 0.686275, 0.686275, 0.686275, 5 change(s)]
Lights             Lights.GravatronLights.NeonPart.SurfaceLight #48.Enabled = false   [was true, 3 change(s)]
Lights             Lights.GravatronLights.NeonPart.SurfaceLight #48.Brightness = 0.25   [was 0.25, 2 change(s)]
Lights             Lights.GravatronLights.NeonPart ~(229.2, 171.5, -85.2).Color = 0, 0, 0   [was 0.686275, 0.686275, 0.686275, 6 change(s)]
Lights             Lights.GravatronLights.NeonPart.SurfaceLight #49.Enabled = false   [was true, 5 change(s)]
Lights             Lights.GravatronLights.NeonPart.SurfaceLight #49.Brightness = 0.25   [was 0.25, 2 change(s)]
Lights             Lights.GravatronLights.NeonPart ~(229.2, 144.9, -85.2).Color = 0, 0, 0   [was 0.686275, 0.686275, 0.686275, 6 change(s)]
Lights             Lights.GravatronLights.NeonPart.SurfaceLight #50.Enabled = false   [was true, 5 change(s)]
Lights             Lights.GravatronLights.NeonPart.SurfaceLight #50.Brightness = 0.25   [was 0.25, 2 change(s)]
Lights             Lights.GravatronLights.NeonPart ~(240.2, 144.9, -90.3).Color = 0, 0, 0   [was 0.686275, 0.686275, 0.686275, 6 change(s)]
Lights             Lights.GravatronLights.NeonPart.SurfaceLight #51.Enabled = false   [was true, 5 change(s)]
Lights             Lights.GravatronLights.NeonPart.SurfaceLight #51.Brightness = 0.25   [was 0.25, 2 change(s)]
Lights             Lights.GravatronLights.NeonPart ~(240.2, 171.5, -90.3).Color = 0, 0, 0   [was 0.686275, 0.686275, 0.686275, 6 change(s)]
Lights             Lights.GravatronLights.NeonPart.SurfaceLight #52.Enabled = false   [was true, 5 change(s)]
Lights             Lights.GravatronLights.NeonPart.SurfaceLight #52.Brightness = 0.25   [was 0.25, 2 change(s)]
Lights             Lights.GravatronLights.NeonPart ~(265.6, 171.5, -115.7).Color = 0, 0, 0   [was 0.686275, 0.686275, 0.686275, 6 change(s)]
Lights             Lights.GravatronLights.NeonPart.SurfaceLight #53.Enabled = false   [was true, 5 change(s)]
Lights             Lights.GravatronLights.NeonPart.SurfaceLight #53.Brightness = 0.25   [was 0.25, 2 change(s)]
Lights             Lights.GravatronLights.NeonPart ~(265.6, 144.9, -115.7).Color = 0, 0, 0   [was 0.686275, 0.686275, 0.686275, 6 change(s)]
Lights             Lights.GravatronLights.NeonPart.SurfaceLight #54.Enabled = false   [was true, 5 change(s)]
Lights             Lights.GravatronLights.NeonPart.SurfaceLight #54.Brightness = 0.25   [was 0.25, 2 change(s)]
Lights             Lights.GravatronLights.NeonPart ~(193.4, 144.9, -218.8).Color = 0, 0, 0   [was 0.686275, 0.686275, 0.686275, 6 change(s)]
Lights             Lights.GravatronLights.NeonPart.SurfaceLight #55.Enabled = false   [was true, 5 change(s)]
Lights             Lights.GravatronLights.NeonPart.SurfaceLight #55.Brightness = 0.25   [was 0.25, 2 change(s)]
Lights             Lights.GravatronLights.NeonPart ~(193.4, 171.5, -218.8).Color = 0, 0, 0   [was 0.686275, 0.686275, 0.686275, 6 change(s)]
Lights             Lights.GravatronLights.NeonPart.SurfaceLight #56.Enabled = false   [was true, 5 change(s)]
Lights             Lights.GravatronLights.NeonPart.SurfaceLight #56.Brightness = 0.25   [was 0.25, 2 change(s)]
Lights             Lights.GravatronLights.NeonPart ~(160.9, 171.5, -203.6).Color = 0, 0, 0   [was 0.686275, 0.686275, 0.686275, 6 change(s)]
Lights             Lights.GravatronLights.NeonPart.SurfaceLight #57.Enabled = false   [was true, 5 change(s)]
Lights             Lights.GravatronLights.NeonPart.SurfaceLight #57.Brightness = 0.25   [was 0.25, 2 change(s)]
Lights             Lights.GravatronLights.NeonPart ~(170.8, 144.9, -210.5).Color = 0, 0, 0   [was 0.686275, 0.686275, 0.686275, 6 change(s)]
Lights             Lights.GravatronLights.NeonPart.SurfaceLight #58.Enabled = false   [was true, 5 change(s)]
Lights             Lights.GravatronLights.NeonPart.SurfaceLight #58.Brightness = 0.25   [was 0.25, 2 change(s)]
Lights             Lights.GravatronLights.NeonPart ~(160.9, 144.9, -203.6).Color = 0, 0, 0   [was 0.686275, 0.686275, 0.686275, 6 change(s)]
Lights             Lights.GravatronLights.NeonPart.SurfaceLight #59.Enabled = false   [was true, 5 change(s)]
Lights             Lights.GravatronLights.NeonPart.SurfaceLight #59.Brightness = 0.25   [was 0.25, 2 change(s)]
Lights             Lights.GravatronLights.NeonPart ~(181.8, 171.5, -215.6).Color = 0, 0, 0   [was 0.686275, 0.686275, 0.686275, 5 change(s)]
Lights             Lights.GravatronLights.NeonPart.SurfaceLight #60.Enabled = false   [was true, 3 change(s)]
Lights             Lights.GravatronLights.NeonPart.SurfaceLight #60.Brightness = 0.25   [was 0.25, 2 change(s)]
Lights             Lights.GravatronLights.NeonPart ~(181.8, 144.9, -215.6).Color = 0, 0, 0   [was 0.686275, 0.686275, 0.686275, 6 change(s)]
Lights             Lights.GravatronLights.NeonPart.SurfaceLight #61.Enabled = false   [was true, 5 change(s)]
Lights             Lights.GravatronLights.NeonPart.SurfaceLight #61.Brightness = 0.25   [was 0.25, 2 change(s)]
Lights             Lights.GravatronLights.NeonPart ~(170.8, 171.5, -210.5).Color = 0, 0, 0   [was 0.686275, 0.686275, 0.686275, 6 change(s)]
Lights             Lights.GravatronLights.NeonPart.SurfaceLight #62.Enabled = false   [was true, 5 change(s)]
Lights             Lights.GravatronLights.NeonPart.SurfaceLight #62.Brightness = 0.25   [was 0.25, 2 change(s)]
Lights             Lights.GravatronLights.NeonPart ~(250.1, 171.5, -203.6).Color = 0, 0, 0   [was 0.686275, 0.686275, 0.686275, 6 change(s)]
Lights             Lights.GravatronLights.NeonPart.SurfaceLight #63.Enabled = false   [was true, 5 change(s)]
Lights             Lights.GravatronLights.NeonPart.SurfaceLight #63.Brightness = 0.25   [was 0.25, 2 change(s)]
Lights             Lights.GravatronLights.NeonPart ~(240.2, 144.9, -210.5).Color = 0, 0, 0   [was 0.686275, 0.686275, 0.686275, 5 change(s)]
Lights             Lights.GravatronLights.NeonPart.SurfaceLight #64.Enabled = false   [was true, 3 change(s)]
Lights             Lights.GravatronLights.NeonPart.SurfaceLight #64.Brightness = 0.25   [was 0.25, 2 change(s)]
Lights             Lights.GravatronLights.NeonPart ~(229.2, 144.9, -215.6).Color = 0, 0, 0   [was 0.686275, 0.686275, 0.686275, 5 change(s)]
Lights             Lights.GravatronLights.NeonPart.SurfaceLight #65.Enabled = false   [was true, 3 change(s)]
Lights             Lights.GravatronLights.NeonPart.SurfaceLight #65.Brightness = 0.25   [was 0.25, 2 change(s)]
Lights             Lights.GravatronLights.NeonPart ~(250.1, 144.9, -203.6).Color = 0, 0, 0   [was 0.686275, 0.686275, 0.686275, 5 change(s)]
Lights             Lights.GravatronLights.NeonPart.SurfaceLight #66.Enabled = false   [was true, 3 change(s)]
Lights             Lights.GravatronLights.NeonPart.SurfaceLight #66.Brightness = 0.25   [was 0.25, 2 change(s)]
Lights             Lights.GravatronLights.NeonPart ~(229.2, 171.5, -215.6).Color = 0, 0, 0   [was 0.686275, 0.686275, 0.686275, 6 change(s)]
Lights             Lights.GravatronLights.NeonPart.SurfaceLight #67.Enabled = false   [was true, 5 change(s)]
Lights             Lights.GravatronLights.NeonPart.SurfaceLight #67.Brightness = 0.25   [was 0.25, 2 change(s)]
Lights             Lights.GravatronLights.NeonPart ~(240.2, 171.5, -210.5).Color = 0, 0, 0   [was 0.686275, 0.686275, 0.686275, 6 change(s)]
Lights             Lights.GravatronLights.NeonPart.SurfaceLight #68.Enabled = false   [was true, 5 change(s)]
Lights             Lights.GravatronLights.NeonPart.SurfaceLight #68.Brightness = 0.25   [was 0.25, 2 change(s)]
Lights             Lights.GravatronLights.NeonPart ~(205.5, 171.5, -219.8).Color = 0, 0, 0   [was 0.686275, 0.686275, 0.686275, 6 change(s)]
Lights             Lights.GravatronLights.NeonPart.SurfaceLight #69.Enabled = false   [was true, 5 change(s)]
Lights             Lights.GravatronLights.NeonPart.SurfaceLight #69.Brightness = 0.25   [was 0.25, 2 change(s)]
Lights             Lights.GravatronLights.NeonPart ~(205.5, 144.9, -219.8).Color = 0, 0, 0   [was 0.686275, 0.686275, 0.686275, 6 change(s)]
Lights             Lights.GravatronLights.NeonPart.SurfaceLight #70.Enabled = false   [was true, 5 change(s)]
Lights             Lights.GravatronLights.NeonPart.SurfaceLight #70.Brightness = 0.25   [was 0.25, 2 change(s)]
Lights             Lights.GravatronLights.NeonPart ~(217.6, 171.5, -218.8).Color = 0, 0, 0   [was 0.686275, 0.686275, 0.686275, 6 change(s)]
Lights             Lights.GravatronLights.NeonPart.SurfaceLight #71.Enabled = false   [was true, 5 change(s)]
Lights             Lights.GravatronLights.NeonPart.SurfaceLight #71.Brightness = 0.25   [was 0.25, 2 change(s)]
Lights             Lights.GravatronLights.NeonPart ~(217.6, 144.9, -218.8).Color = 0, 0, 0   [was 0.686275, 0.686275, 0.686275, 6 change(s)]
Lights             Lights.GravatronLights.NeonPart.SurfaceLight #72.Enabled = false   [was true, 5 change(s)]
Lights             Lights.GravatronLights.NeonPart.SurfaceLight #72.Brightness = 0.25   [was 0.25, 2 change(s)]
Lights             Lights.SubLoungeLights.SubHallwayLight.NeonPart.Color = 0, 0, 0   [was 0.129412, 0.329412, 0.72549, 6 change(s)]
Lights             Lights.SubLoungeLights.SubHallwayLight.NeonPart.PointLight.Enabled = false   [was true, 5 change(s)]
Lights             Lights.SubLoungeLights.SubHallwayLight.NeonPart.PointLight.Brightness = 0.5   [was 0.5, 2 change(s)]
Lights             Lights.SubLoungeLights.SubHallwayLight.NeonPart ~(182.2, 406.7, 1376.7).Color = 0, 0, 0   [was 0.129412, 0.329412, 0.72549, 6 change(s)]
Lights             Lights.SubLoungeLights.SubHallwayLight.NeonPart.PointLight #2.Enabled = false   [was true, 5 change(s)]
Lights             Lights.SubLoungeLights.SubHallwayLight.NeonPart.PointLight #2.Brightness = 0.5   [was 0.5, 2 change(s)]
Lights             Lights.SubLoungeLights.SubHallwayLight.NeonPart ~(182.2, 406.7, 1363.3).Color = 0, 0, 0   [was 0.129412, 0.329412, 0.72549, 5 change(s)]
Lights             Lights.SubLoungeLights.SubHallwayLight.NeonPart.PointLight #3.Enabled = false   [was true, 3 change(s)]
Lights             Lights.SubLoungeLights.SubHallwayLight.NeonPart.PointLight #3.Brightness = 0.5   [was 0.5, 2 change(s)]
Lights             Lights.SubLoungeLights.SubHallwayLight.NeonPart ~(167.2, 406.7, 1376.7).Color = 0, 0, 0   [was 0.129412, 0.329412, 0.72549, 6 change(s)]
Lights             Lights.SubLoungeLights.SubHallwayLight.NeonPart.PointLight #4.Enabled = false   [was true, 5 change(s)]
Lights             Lights.SubLoungeLights.SubHallwayLight.NeonPart.PointLight #4.Brightness = 0.5   [was 0.5, 2 change(s)]
Lights             Lights.SubLoungeLights.SubHallwayLight.NeonPart ~(167.2, 406.7, 1363.3).Color = 0, 0, 0   [was 0.129412, 0.329412, 0.72549, 6 change(s)]
Lights             Lights.SubLoungeLights.SubHallwayLight.NeonPart.PointLight #5.Enabled = false   [was true, 5 change(s)]
Lights             Lights.SubLoungeLights.SubHallwayLight.NeonPart.PointLight #5.Brightness = 0.5   [was 0.5, 2 change(s)]
Lights             Lights.SubLoungeLights.SubHallwayLight.NeonPart ~(152.2, 406.7, 1363.3).Color = 0, 0, 0   [was 0.129412, 0.329412, 0.72549, 6 change(s)]
Lights             Lights.SubLoungeLights.SubHallwayLight.NeonPart.PointLight #6.Enabled = false   [was true, 5 change(s)]
Lights             Lights.SubLoungeLights.SubHallwayLight.NeonPart.PointLight #6.Brightness = 0.5   [was 0.5, 2 change(s)]
Lights             Lights.SubLoungeLights.SubHallwayLight.NeonPart ~(197.2, 406.7, 1363.3).Color = 0, 0, 0   [was 0.129412, 0.329412, 0.72549, 6 change(s)]
Lights             Lights.SubLoungeLights.SubHallwayLight.NeonPart.PointLight #7.Enabled = false   [was true, 5 change(s)]
Lights             Lights.SubLoungeLights.SubHallwayLight.NeonPart.PointLight #7.Brightness = 0.5   [was 0.5, 2 change(s)]
Lights             Lights.SubLoungeLights.SubHallwayLight.NeonPart ~(197.3, 406.7, 1376.7).Color = 0, 0, 0   [was 0.129412, 0.329412, 0.72549, 6 change(s)]
Lights             Lights.SubLoungeLights.SubHallwayLight.NeonPart.PointLight #8.Enabled = false   [was true, 5 change(s)]
Lights             Lights.SubLoungeLights.SubHallwayLight.NeonPart.PointLight #8.Brightness = 0.5   [was 0.5, 2 change(s)]
Consoles           Consoles.MainReactorConsole.StartUpBigLever.StartClickPart.ClickDetector.MaxActivationDistance = 0   [was 6, 1 change(s)]
Consoles           Consoles.MainReactorConsole.StartUpBigLever.LeverUnion.CFrame = 110.432198, 279.635132, -0.663006663, -1.03712082e-05, 0.34203434, -0.93968749, 1.81794167e-06, 0.939687431, 0.34203434, 1, 1.81794167e-06, -1.03712082e-05   [was 108.881706, 280.199463, -0.663006663, -1.03712082e-05, 0.34203434, -0.93968749, 1.81794167e-06, 0.939687431, 0.34203434, 1, 1.81794167e-06, -1.03712082e-05, 1 change(s)]
Consoles           Consoles.MainReactorConsole.AtmosphereVentButton.NeonPart.Color = 0.537255, 1, 0.576471   [was 0.537255, 1, 0.576471, 3 change(s)]
Consoles           Consoles.MainReactorConsole.E_VENTLever3.OfflineLight.NeonPart.Color = 0.941176, 0.941176, 0.941176   [was 0.0666667, 0.0666667, 0.0666667, 1 change(s)]
Consoles           Consoles.MainReactorConsole.E_VENTLever2.OfflineLight.NeonPart.Color = 0.941176, 0.941176, 0.941176   [was 0.0666667, 0.0666667, 0.0666667, 1 change(s)]
Consoles           Consoles.MainReactorConsole.E_VENTLever1.OfflineLight.NeonPart.Color = 0.941176, 0.941176, 0.941176   [was 0.0666667, 0.0666667, 0.0666667, 1 change(s)]
Consoles           Consoles.MainReactorConsole.SoundBlock.AlarmStall.Playing = false   [was false, 2 change(s)]
Consoles           Consoles.MainReactorConsole.SoundBlock.AlarmFluctuation.Playing = false   [was false, 2 change(s)]
Consoles           Consoles.MainReactorConsole.SwitchNeon.Color = 0, 0, 0   [was 0.0666667, 0.0666667, 0.0666667, 1 change(s)]
Consoles           Consoles.MainReactorConsole.SwitchNeon.Attachment.PointLight.Color = 0.666667, 1, 0.498039   [was 0.333333, 1, 0.498039, 1 change(s)]
Consoles           Consoles.ElectricGridConsole.GravConduitNeon.N9.Color = 0.407843, 1, 0.133333   [was 0.0666667, 0.0666667, 0.0666667, 15 change(s)]
Consoles           Consoles.ElectricGridConsole.GravConduitNeon.N11.Color = 1, 0.333333, 0   [was 0.0666667, 0.0666667, 0.0666667, 15 change(s)]
Consoles           Consoles.ElectricGridConsole.GravConduitNeon.N3.Color = 0.407843, 1, 0.133333   [was 0.0666667, 0.0666667, 0.0666667, 15 change(s)]
Consoles           Consoles.ElectricGridConsole.GravConduitNeon.N2.Color = 1, 0.333333, 0   [was 0.0666667, 0.0666667, 0.0666667, 15 change(s)]
Consoles           Consoles.ElectricGridConsole.GravConduitNeon.N5.Color = 1, 0.333333, 0   [was 0.0666667, 0.0666667, 0.0666667, 15 change(s)]
Consoles           Consoles.ElectricGridConsole.GravConduitNeon.N1.Color = 1, 0.333333, 0   [was 0.0666667, 0.0666667, 0.0666667, 15 change(s)]
Consoles           Consoles.ElectricGridConsole.GravConduitNeon.N6.Color = 1, 0.333333, 0   [was 0.0666667, 0.0666667, 0.0666667, 15 change(s)]
Consoles           Consoles.ElectricGridConsole.GravConduitNeon.N7.Color = 0.407843, 1, 0.133333   [was 0.0666667, 0.0666667, 0.0666667, 15 change(s)]
Consoles           Consoles.ElectricGridConsole.GravConduitNeon.N10.Color = 0.407843, 1, 0.133333   [was 0.0666667, 0.0666667, 0.0666667, 15 change(s)]
Consoles           Consoles.ElectricGridConsole.GravConduitNeon.N12.Color = 0.407843, 1, 0.133333   [was 0.0666667, 0.0666667, 0.0666667, 15 change(s)]
Consoles           Consoles.ElectricGridConsole.GravConduitNeon.N8.Color = 0.407843, 1, 0.133333   [was 0.0666667, 0.0666667, 0.0666667, 15 change(s)]
Consoles           Consoles.ElectricGridConsole.GravConduitNeon.N4.Color = 0.407843, 1, 0.133333   [was 0.0666667, 0.0666667, 0.0666667, 15 change(s)]
Consoles           Consoles.ElectricGridConsole.ExtractionLever.BigLever.LeverUnion.CFrame = 123.084999, 280.203003, -7.33400011, 0.130558908, 0.3391186, -0.931639969, -1.54674053e-05, 0.939683795, 0.342044413, 0.991440594, -0.0446425527, 0.122689307   [was 123.084793, 280.203003, -7.33434296, 0.130558908, 0.3391186, -0.931639969, -1.54674053e-05, 0.939683795, 0.342044413, 0.991440594, -0.0446425527, 0.122689307, 8 change(s)]
Consoles           Consoles.ElectricGridConsole.SoundBlock.ConduitDamageAlarm.Playing = false   [was false, 2 change(s)]
Consoles           Consoles.ThermalConsole.CoolantControl3.BigLever.LeverUnion.CFrame = 105.498146, 279.869415, -28.5395679, 0.258838654, 0.330357999, -0.907670677, 1.78217888e-05, 0.939693332, 0.342018127, 0.965920508, -0.0885436982, 0.243223071   [was 104.772224, 280.14328, -28.3447227, 0.258838654, 0.330357999, -0.907670677, 1.78217888e-05, 0.939693332, 0.342018127, 0.965920508, -0.0885436982, 0.243223071, 3 change(s)]
Consoles           Consoles.ThermalConsole.CoolantControl3.Light2.NeonPart.Color = 0.941176, 0.941176, 0.941176   [was 0.0666667, 0.0666667, 0.0666667, 3 change(s)]
Consoles           Consoles.ThermalConsole.CoolantControl3.Light1.NeonPart.Color = 0.941176, 0.941176, 0.941176   [was 0.0666667, 0.0666667, 0.0666667, 3 change(s)]
Consoles           Consoles.ThermalConsole.CoolantControl3.Light3.NeonPart.Color = 0, 0, 0   [was 0.0666667, 0.0666667, 0.0666667, 3 change(s)]
Consoles           Consoles.ThermalConsole.CoolantControl2.BigLever.LeverUnion.CFrame = 105.91214, 279.869415, -26.9935684, 0.258838654, 0.330357999, -0.907670677, 1.78217888e-05, 0.939693332, 0.342018127, 0.965920508, -0.0885436982, 0.243223071   [was 105.18634, 280.143311, -26.7992344, 0.258838654, 0.330357999, -0.907670677, 1.78217888e-05, 0.939693332, 0.342018127, 0.965920508, -0.0885436982, 0.243223071, 3 change(s)]
Consoles           Consoles.ThermalConsole.CoolantControl2.Light2.NeonPart.Color = 0.941176, 0.941176, 0.941176   [was 0.0666667, 0.0666667, 0.0666667, 3 change(s)]
Consoles           Consoles.ThermalConsole.CoolantControl2.Light1.NeonPart.Color = 0.941176, 0.941176, 0.941176   [was 0.0666667, 0.0666667, 0.0666667, 3 change(s)]
Consoles           Consoles.ThermalConsole.CoolantControl2.Light3.NeonPart.Color = 0, 0, 0   [was 0.0666667, 0.0666667, 0.0666667, 3 change(s)]
Consoles           Consoles.ThermalConsole.CoolantControl1.BigLever.LeverUnion.CFrame = 106.326141, 279.869415, -25.4485683, 0.258838654, 0.330357999, -0.907670677, 1.78217888e-05, 0.939693332, 0.342018127, 0.965920508, -0.0885436982, 0.243223071   [was 105.600456, 280.143341, -25.2537518, 0.258838654, 0.330357999, -0.907670677, 1.78217888e-05, 0.939693332, 0.342018127, 0.965920508, -0.0885436982, 0.243223071, 3 change(s)]
Consoles           Consoles.ThermalConsole.CoolantControl1.Light2.NeonPart.Color = 0.941176, 0.941176, 0.941176   [was 0.0666667, 0.0666667, 0.0666667, 3 change(s)]
Consoles           Consoles.ThermalConsole.CoolantControl1.Light1.NeonPart.Color = 0.941176, 0.941176, 0.941176   [was 0.0666667, 0.0666667, 0.0666667, 3 change(s)]
Consoles           Consoles.ThermalConsole.CoolantControl1.Light3.NeonPart.Color = 0, 0, 0   [was 0.0666667, 0.0666667, 0.0666667, 3 change(s)]
Consoles           Consoles.ThermalConsole.CFLever3.OfflineLight.NeonPart.Color = 0, 0, 0   [was 0.0666667, 0.0666667, 0.0666667, 2 change(s)]
Consoles           Consoles.ThermalConsole.CFLever3.LeverUnion.CFrame = 108.238693, 279.917206, -17.4196129, 0.258838654, 0.330357999, -0.907670677, 1.78217888e-05, 0.939693332, 0.342018127, 0.965920508, -0.0885436982, 0.243223071   [was 108.238693, 279.917206, -17.4196129, 0.258838654, 0.330357999, -0.907670677, 1.78217888e-05, 0.939693332, 0.342018127, 0.965920508, -0.0885436982, 0.243223071, 2 change(s)]
Consoles           Consoles.ThermalConsole.CFLever5.OfflineLight.NeonPart.Color = 0, 0, 0   [was 0.0666667, 0.0666667, 0.0666667, 4 change(s)]
Consoles           Consoles.ThermalConsole.CFLever5.LeverUnion.CFrame = 109.653099, 279.472015, -16.866848, 0.258838654, 0.330357999, -0.907670677, 1.78217888e-05, 0.939693332, 0.342018127, 0.965920508, -0.0885436982, 0.243223071   [was 109.653099, 279.472015, -16.866848, 0.258838654, 0.330357999, -0.907670677, 1.78217888e-05, 0.939693332, 0.342018127, 0.965920508, -0.0885436982, 0.243223071, 6 change(s)]
Consoles           Consoles.ThermalConsole.CFLever5.LeverUnion.LeverSound.Playing = false   [was false, 4 change(s)]
Consoles           Consoles.ThermalConsole.CFLever2.OfflineLight.NeonPart.Color = 0, 0, 0   [was 0.0666667, 0.0666667, 0.0666667, 2 change(s)]
Consoles           Consoles.ThermalConsole.CFLever2.LeverUnion.CFrame = 108.471642, 279.917206, -16.5502815, 0.258838654, 0.330357999, -0.907670677, 1.78217888e-05, 0.939693332, 0.342018127, 0.965920508, -0.0885436982, 0.243223071   [was 108.471642, 279.917206, -16.5502815, 0.258838654, 0.330357999, -0.907670677, 1.78217888e-05, 0.939693332, 0.342018127, 0.965920508, -0.0885436982, 0.243223071, 2 change(s)]
Consoles           Consoles.ThermalConsole.CFLever2.LeverUnion.LeverSound.Playing = false   [was false, 2 change(s)]
Consoles           Consoles.ThermalConsole.CFLever6.OfflineLight.NeonPart.Color = 0, 0, 0   [was 0.0666667, 0.0666667, 0.0666667, 2 change(s)]
Consoles           Consoles.ThermalConsole.CFLever6.LeverUnion.CFrame = 109.420151, 279.472015, -17.7361794, 0.258838654, 0.330357999, -0.907670677, 1.78217888e-05, 0.939693332, 0.342018127, 0.965920508, -0.0885436982, 0.243223071   [was 109.420151, 279.472015, -17.7361794, 0.258838654, 0.330357999, -0.907670677, 1.78217888e-05, 0.939693332, 0.342018127, 0.965920508, -0.0885436982, 0.243223071, 2 change(s)]
Consoles           Consoles.ThermalConsole.CFLever4.OfflineLight.NeonPart.Color = 0, 0, 0   [was 0.0666667, 0.0666667, 0.0666667, 4 change(s)]
Consoles           Consoles.ThermalConsole.CFLever4.LeverUnion.CFrame = 109.886047, 279.472015, -15.9975157, 0.258838654, 0.330357999, -0.907670677, 1.78217888e-05, 0.939693332, 0.342018127, 0.965920508, -0.0885436982, 0.243223071   [was 109.886047, 279.472015, -15.9975157, 0.258838654, 0.330357999, -0.907670677, 1.78217888e-05, 0.939693332, 0.342018127, 0.965920508, -0.0885436982, 0.243223071, 4 change(s)]
Consoles           Consoles.ThermalConsole.CFLever1.OfflineLight.NeonPart.Color = 0, 0, 0   [was 0.0666667, 0.0666667, 0.0666667, 2 change(s)]
Consoles           Consoles.ThermalConsole.CFLever1.LeverUnion.CFrame = 108.70459, 279.917206, -15.6809492, 0.258838654, 0.330357999, -0.907670677, 1.78217888e-05, 0.939693332, 0.342018127, 0.965920508, -0.0885436982, 0.243223071   [was 108.70459, 279.917206, -15.6809492, 0.258838654, 0.330357999, -0.907670677, 1.78217888e-05, 0.939693332, 0.342018127, 0.965920508, -0.0885436982, 0.243223071, 2 change(s)]
Consoles           Consoles.ThermalConsole.SoundBlock.AlarmPumpMalfunction.Playing = false   [was false, 2 change(s)]
Consoles           Consoles.CBLaserConsole.CBL3Systems.PressureButton.NeonPart.Color = 0.537255, 1, 0.576471   [was 0.537255, 1, 0.576471, 14 change(s)]
Consoles           Consoles.CBLaserConsole.CBL3Systems.LargeLever.BigLever.LeverUnion.CFrame = 108.734283, 279.654785, 17.3171387, -0.258838654, 0.330357999, -0.907670677, -1.78217888e-05, 0.939693332, 0.342018127, 0.965920508, 0.0885436982, -0.243223071   [was 107.28199, 280.201996, 16.9278374, -0.258838654, 0.330357999, -0.907670677, -1.78217888e-05, 0.939693332, 0.342018127, 0.965920508, 0.0885436982, -0.243223071, 5 change(s)]
Consoles           Consoles.CBLaserConsole.CBL2Systems.PressureButton.NeonPart.Color = 0.537255, 1, 0.576471   [was 0.537255, 1, 0.576471, 18 change(s)]
Consoles           Consoles.CBLaserConsole.CBL2Systems.LargeLever.BigLever.LeverUnion.CFrame = 107.440285, 279.654785, 22.1461391, -0.258838654, 0.330357999, -0.907670677, -1.78217888e-05, 0.939693332, 0.342018127, 0.965920508, 0.0885436982, -0.243223071   [was 105.987885, 280.201965, 21.7574654, -0.258838654, 0.330357999, -0.907670677, -1.78217888e-05, 0.939693332, 0.342018127, 0.965920508, 0.0885436982, -0.243223071, 5 change(s)]
Consoles           Consoles.CBLaserConsole.CBL1Systems.PressureButton.NeonPart.Color = 0.537255, 1, 0.576471   [was 0.537255, 1, 0.576471, 18 change(s)]
Consoles           Consoles.CBLaserConsole.CBL1Systems.LargeLever.BigLever.LeverUnion.CFrame = 106.181282, 279.645782, 26.9341393, -0.258838654, 0.330357999, -0.907670677, -1.78217888e-05, 0.939693332, 0.342018127, 0.965920508, 0.0885436982, -0.243223071   [was 104.729416, 280.19342, 26.5448761, -0.258838654, 0.330357999, -0.907670677, -1.78217888e-05, 0.939693332, 0.342018127, 0.965920508, 0.0885436982, -0.243223071, 5 change(s)]
Consoles           Consoles.CBLaserConsole.SoundBlock.AlarmCBLStress.Playing = false   [was false, 2 change(s)]
Consoles           Consoles.CBLaserConsole.SoundBlock.AlarmCBLMalfunction.Playing = false   [was false, 2 change(s)]
Consoles           Consoles.HDEFGenerator.PowerCell3.Neon.Color = 0, 0, 0   [was 0.0666667, 0.0666667, 0.0666667, 3 change(s)]
Consoles           Consoles.HDEFGenerator.PowerCell1.Neon.Color = 0, 0, 0   [was 0.0666667, 0.0666667, 0.0666667, 3 change(s)]
Consoles           Consoles.HDEFGenerator.PowerCell2.Neon.Color = 0, 0, 0   [was 0.0666667, 0.0666667, 0.0666667, 3 change(s)]
Consoles           Consoles.HDEFGenerator.PowerLever.BigLever.LeverUnion.CFrame = 141.011246, 282.474091, -8.29100037, 0, -1, 0, 0, 0, 1, -1, 0, 0   [was 141.011246, 282.474091, -8.29100037, 0, -1, 0, 0, 0, 1, -1, 0, 0, 2 change(s)]
Consoles           Consoles.HDEFGenerator.PowerLever.BigLever.Neon2.Color = 0.580392, 0.745098, 0.505882   [was 0.529412, 1, 0.360784, 2 change(s)]
Consoles           Consoles.HDEFGenerator.PowerLever.BigLever.Neon1.Color = 0.580392, 0.745098, 0.505882   [was 0.529412, 1, 0.360784, 2 change(s)]
Consoles           Consoles.HDEFGenerator.PowerLever.BigLever.Neon3.Color = 0.580392, 0.745098, 0.505882   [was 0.529412, 1, 0.360784, 2 change(s)]
Consoles           Consoles.HDEFGenerator.Neon.Color = 0, 0, 0   [was 0.0666667, 0.0666667, 0.0666667, 2 change(s)]
Consoles           Consoles.HDEFGenerator.Glass.AmbientHDEFGen.Pitch = 0   [was 0, 3 change(s)]
ReactorCBLs        ReactorCBLs.Reactor_Laser_Mk3_3.Laser.LaserPart.Color = 1, 0.886275, 0.466667   [was 0.435294, 0.737255, 1, 1 change(s)]
ReactorCBLs        ReactorCBLs.Reactor_Laser_Mk3_3.Laser.LaserPart.Transparency = 1   [was 1, 2 change(s)]
ReactorCBLs        ReactorCBLs.Reactor_Laser_Mk3_3.Laser.Main.Color = 1, 0.788235, 0.027451   [was 0.439216, 0.945098, 1, 1 change(s)]
ReactorCBLs        ReactorCBLs.Reactor_Laser_Mk3_3.Laser.Main.Transparency = 1   [was 1, 2 change(s)]
ReactorCBLs        ReactorCBLs.Reactor_Laser_Mk3_3.NeonStuff.PillarNeon.Neon.Color = 0, 0, 0   [was 0, 0, 0, 3 change(s)]
ReactorCBLs        ReactorCBLs.Reactor_Laser_Mk3_3.NeonStuff.PillarNeon.Neon ~(15.5, 276.4, 38.5).Color = 0, 0, 0   [was 0, 0, 0, 3 change(s)]
ReactorCBLs        ReactorCBLs.Reactor_Laser_Mk3_3.NeonStuff.PillarNeon.Neon ~(9.8, 283.0, 41.8).Color = 0, 0, 0   [was 0, 0, 0, 3 change(s)]
ReactorCBLs        ReactorCBLs.Reactor_Laser_Mk3_3.NeonStuff.PillarNeon.Neon ~(11.3, 276.4, 40.9).Color = 0, 0, 0   [was 0, 0, 0, 3 change(s)]
ReactorCBLs        ReactorCBLs.Reactor_Laser_Mk3_3.NeonStuff.PillarNeon.Neon ~(15.5, 284.8, 38.5).Color = 0, 0, 0   [was 0, 0, 0, 3 change(s)]
ReactorCBLs        ReactorCBLs.Reactor_Laser_Mk3_3.NeonStuff.PillarNeon.Neon ~(9.2, 280.6, 42.1).Color = 0, 0, 0   [was 0, 0, 0, 3 change(s)]
ReactorCBLs        ReactorCBLs.Reactor_Laser_Mk3_3.NeonStuff.PillarNeon.Neon ~(13.4, 285.4, 39.7).Color = 0, 0, 0   [was 0, 0, 0, 3 change(s)]
ReactorCBLs        ReactorCBLs.Reactor_Laser_Mk3_3.NeonStuff.PillarNeon.Neon ~(17.0, 278.2, 37.6).Color = 0, 0, 0   [was 0, 0, 0, 3 change(s)]
ReactorCBLs        ReactorCBLs.Reactor_Laser_Mk3_3.NeonStuff.PillarNeon.Neon ~(9.8, 278.2, 41.8).Color = 0, 0, 0   [was 0, 0, 0, 3 change(s)]
ReactorCBLs        ReactorCBLs.Reactor_Laser_Mk3_3.NeonStuff.PillarNeon.Neon ~(17.6, 280.6, 37.3).Color = 0, 0, 0   [was 0, 0, 0, 3 change(s)]
ReactorCBLs        ReactorCBLs.Reactor_Laser_Mk3_3.NeonStuff.PillarNeon.Neon ~(11.3, 284.8, 40.9).Color = 0, 0, 0   [was 0, 0, 0, 3 change(s)]
ReactorCBLs        ReactorCBLs.Reactor_Laser_Mk3_3.NeonStuff.PillarNeon.Neon ~(13.4, 275.8, 39.7).Color = 0, 0, 0   [was 0, 0, 0, 3 change(s)]
ReactorCBLs        ReactorCBLs.Reactor_Laser_Mk3_3.NeonStuff.GrateNeon.Grate.Color = 0, 0, 0   [was 0, 0, 0, 3 change(s)]
ReactorCBLs        ReactorCBLs.Reactor_Laser_Mk3_3.NeonStuff.GrateNeon.Grate ~(13.3, 278.2, 31.2).Color = 0, 0, 0   [was 0, 0, 0, 3 change(s)]
ReactorCBLs        ReactorCBLs.Reactor_Laser_Mk3_3.NeonStuff.GrateNeon.Grate ~(11.8, 276.5, 32.1).Color = 0, 0, 0   [was 0, 0, 0, 3 change(s)]
ReactorCBLs        ReactorCBLs.Reactor_Laser_Mk3_3.NeonStuff.GrateNeon.Grate ~(5.6, 280.6, 35.7).Color = 0, 0, 0   [was 0, 0, 0, 3 change(s)]
ReactorCBLs        ReactorCBLs.Reactor_Laser_Mk3_3.NeonStuff.GrateNeon.Grate ~(6.1, 278.2, 35.4).Color = 0, 0, 0   [was 0, 0, 0, 3 change(s)]
ReactorCBLs        ReactorCBLs.Reactor_Laser_Mk3_3.NeonStuff.GrateNeon.Grate ~(9.7, 285.4, 33.3).Color = 0, 0, 0   [was 0, 0, 0, 3 change(s)]
ReactorCBLs        ReactorCBLs.Reactor_Laser_Mk3_3.NeonStuff.GrateNeon.Grate ~(11.8, 284.7, 32.1).Color = 0, 0, 0   [was 0, 0, 0, 3 change(s)]
ReactorCBLs        ReactorCBLs.Reactor_Laser_Mk3_3.NeonStuff.GrateNeon.Grate ~(13.8, 280.6, 30.9).Color = 0, 0, 0   [was 0, 0, 0, 3 change(s)]
ReactorCBLs        ReactorCBLs.Reactor_Laser_Mk3_3.NeonStuff.GrateNeon.Grate ~(7.6, 284.7, 34.5).Color = 0, 0, 0   [was 0, 0, 0, 3 change(s)]
ReactorCBLs        ReactorCBLs.Reactor_Laser_Mk3_3.NeonStuff.GrateNeon.Grate ~(13.3, 283.0, 31.3).Color = 0, 0, 0   [was 0, 0, 0, 3 change(s)]
ReactorCBLs        ReactorCBLs.Reactor_Laser_Mk3_3.NeonStuff.GrateNeon.Grate ~(9.7, 275.8, 33.3).Color = 0, 0, 0   [was 0, 0, 0, 3 change(s)]
ReactorCBLs        ReactorCBLs.Reactor_Laser_Mk3_3.NeonStuff.GrateNeon.Grate ~(6.1, 283.0, 35.4).Color = 0, 0, 0   [was 0, 0, 0, 3 change(s)]
ReactorCBLs        ReactorCBLs.Reactor_Laser_Mk3_3.NeonStuff.MidNeon.Part.Color = 0, 0, 0   [was 0, 0, 0, 3 change(s)]
ReactorCBLs        ReactorCBLs.Reactor_Laser_Mk3_3.NeonStuff.MidNeon.Part ~(18.1, 280.4, 58.3).Color = 0, 0, 0   [was 0, 0, 0, 3 change(s)]
ReactorCBLs        ReactorCBLs.Reactor_Laser_Mk3_3.NeonStuff.MidNeon.Part ~(18.6, 278.2, 58.0).Color = 0, 0, 0   [was 0, 0, 0, 3 change(s)]
ReactorCBLs        ReactorCBLs.Reactor_Laser_Mk3_3.NeonStuff.MidNeon.Part ~(18.6, 283.0, 58.0).Color = 0, 0, 0   [was 0, 0, 0, 3 change(s)]
ReactorCBLs        ReactorCBLs.Reactor_Laser_Mk3_3.NeonStuff.MidNeon.Part ~(18.8, 283.4, 57.9).Color = 0, 0, 0   [was 0, 0, 0, 3 change(s)]
ReactorCBLs        ReactorCBLs.Reactor_Laser_Mk3_3.NeonStuff.MidNeon.Part ~(18.8, 277.8, 57.9).Color = 0, 0, 0   [was 0, 0, 0, 3 change(s)]
ReactorCBLs        ReactorCBLs.Reactor_Laser_Mk3_3.NeonStuff.MidNeon.Part ~(26.4, 283.5, 53.5).Color = 0, 0, 0   [was 0, 0, 0, 3 change(s)]
ReactorCBLs        ReactorCBLs.Reactor_Laser_Mk3_3.NeonStuff.MidNeon.Part ~(27.1, 280.9, 53.1).Color = 0, 0, 0   [was 0, 0, 0, 3 change(s)]
ReactorCBLs        ReactorCBLs.Reactor_Laser_Mk3_3.NeonStuff.MidNeon.Part ~(26.4, 277.8, 53.5).Color = 0, 0, 0   [was 0, 0, 0, 3 change(s)]
ReactorCBLs        ReactorCBLs.Reactor_Laser_Mk3_3.NeonStuff.MidNeon.Part ~(20.2, 276.2, 57.1).Color = 0, 0, 0   [was 0, 0, 0, 3 change(s)]
ReactorCBLs        ReactorCBLs.Reactor_Laser_Mk3_3.NeonStuff.MidNeon.Part ~(20.5, 276.0, 56.9).Color = 0, 0, 0   [was 0, 0, 0, 3 change(s)]
ReactorCBLs        ReactorCBLs.Reactor_Laser_Mk3_3.NeonStuff.MidNeon.Part ~(27.1, 280.4, 53.1).Color = 0, 0, 0   [was 0, 0, 0, 3 change(s)]
ReactorCBLs        ReactorCBLs.Reactor_Laser_Mk3_3.NeonStuff.MidNeon.Part ~(26.6, 283.0, 53.4).Color = 0, 0, 0   [was 0, 0, 0, 3 change(s)]
ReactorCBLs        ReactorCBLs.Reactor_Laser_Mk3_3.NeonStuff.MidNeon.Part ~(25.1, 285.0, 54.3).Color = 0, 0, 0   [was 0, 0, 0, 3 change(s)]
ReactorCBLs        ReactorCBLs.Reactor_Laser_Mk3_3.NeonStuff.MidNeon.Part ~(24.7, 285.3, 54.5).Color = 0, 0, 0   [was 0, 0, 0, 3 change(s)]
ReactorCBLs        ReactorCBLs.Reactor_Laser_Mk3_3.NeonStuff.MidNeon.Part ~(26.7, 278.2, 53.4).Color = 0, 0, 0   [was 0, 0, 0, 3 change(s)]
ReactorCBLs        ReactorCBLs.Reactor_Laser_Mk3_3.NeonStuff.MidNeon.Part ~(25.1, 276.2, 54.3).Color = 0, 0, 0   [was 0, 0, 0, 3 change(s)]
ReactorCBLs        ReactorCBLs.Reactor_Laser_Mk3_3.NeonStuff.MidNeon.Part ~(22.8, 285.8, 55.6).Color = 0, 0, 0   [was 0, 0, 0, 3 change(s)]
ReactorCBLs        ReactorCBLs.Reactor_Laser_Mk3_3.NeonStuff.MidNeon.Part ~(22.4, 285.8, 55.8).Color = 0, 0, 0   [was 0, 0, 0, 3 change(s)]
ReactorCBLs        ReactorCBLs.Reactor_Laser_Mk3_3.NeonStuff.MidNeon.Part ~(20.2, 285.0, 57.1).Color = 0, 0, 0   [was 0, 0, 0, 3 change(s)]
ReactorCBLs        ReactorCBLs.Reactor_Laser_Mk3_3.NeonStuff.MidNeon.Part ~(20.5, 285.3, 56.9).Color = 0, 0, 0   [was 0, 0, 0, 3 change(s)]
ReactorCBLs        ReactorCBLs.Reactor_Laser_Mk3_3.NeonStuff.MidNeon.Part ~(22.4, 275.4, 55.8).Color = 0, 0, 0   [was 0, 0, 0, 3 change(s)]
ReactorCBLs        ReactorCBLs.Reactor_Laser_Mk3_3.NeonStuff.MidNeon.Part ~(24.7, 276.0, 54.5).Color = 0, 0, 0   [was 0, 0, 0, 3 change(s)]
ReactorCBLs        ReactorCBLs.Reactor_Laser_Mk3_3.NeonStuff.MidNeon.Part ~(22.8, 275.4, 55.6).Color = 0, 0, 0   [was 0, 0, 0, 3 change(s)]
ReactorCBLs        ReactorCBLs.Reactor_Laser_Mk3_3.NeonStuff.DetailNeon.Part.Color = 0, 0, 0   [was 0, 0, 0, 3 change(s)]
ReactorCBLs        ReactorCBLs.Reactor_Laser_Mk3_3.NeonStuff.DetailNeon.Part2.Color = 0, 0, 0   [was 0, 0, 0, 3 change(s)]
ReactorCBLs        ReactorCBLs.Reactor_Laser_Mk3_3.NeonStuff.DetailNeon.Part3.Color = 0, 0, 0   [was 0, 0, 0, 3 change(s)]
ReactorCBLs        ReactorCBLs.Reactor_Laser_Mk3_3.NeonStuff.TankNeon.Part.Color = 0, 0, 0   [was 0, 0, 0, 3 change(s)]
ReactorCBLs        ReactorCBLs.Reactor_Laser_Mk3_3.NeonStuff.TankNeon.Part ~(37.2, 284.8, 73.8).Color = 0, 0, 0   [was 0, 0, 0, 3 change(s)]
ReactorCBLs        ReactorCBLs.Reactor_Laser_Mk3_3.NeonStuff.TankNeon.Part ~(35.7, 285.8, 74.7).Color = 0, 0, 0   [was 0, 0, 0, 3 change(s)]
ReactorCBLs        ReactorCBLs.Reactor_Laser_Mk3_3.NeonStuff.TankNeon.Part ~(38.8, 281.6, 72.9).Color = 0, 0, 0   [was 0, 0, 0, 3 change(s)]
ReactorCBLs        ReactorCBLs.Reactor_Laser_Mk3_3.NeonStuff.TankNeon.Part ~(37.2, 276.4, 73.8).Color = 0, 0, 0   [was 0, 0, 0, 3 change(s)]
ReactorCBLs        ReactorCBLs.Reactor_Laser_Mk3_3.NeonStuff.TankNeon.Part ~(38.8, 279.6, 72.9).Color = 0, 0, 0   [was 0, 0, 0, 3 change(s)]
ReactorCBLs        ReactorCBLs.Reactor_Laser_Mk3_3.NeonStuff.TankNeon.Part ~(35.7, 275.4, 74.7).Color = 0, 0, 0   [was 0, 0, 0, 3 change(s)]
ReactorCBLs        ReactorCBLs.Reactor_Laser_Mk3_3.NeonStuff.TankNeon.Part ~(32.5, 285.8, 76.6).Color = 0, 0, 0   [was 0, 0, 0, 3 change(s)]
ReactorCBLs        ReactorCBLs.Reactor_Laser_Mk3_3.NeonStuff.TankNeon.Part ~(32.5, 275.4, 76.6).Color = 0, 0, 0   [was 0, 0, 0, 3 change(s)]
ReactorCBLs        ReactorCBLs.Reactor_Laser_Mk3_3.NeonStuff.TankNeon.Part ~(31.0, 276.4, 77.4).Color = 0, 0, 0   [was 0, 0, 0, 3 change(s)]
ReactorCBLs        ReactorCBLs.Reactor_Laser_Mk3_3.NeonStuff.TankNeon.Part ~(29.4, 279.6, 78.3).Color = 0, 0, 0   [was 0, 0, 0, 3 change(s)]
ReactorCBLs        ReactorCBLs.Reactor_Laser_Mk3_3.NeonStuff.TankNeon.Part ~(29.4, 281.6, 78.3).Color = 0, 0, 0   [was 0, 0, 0, 3 change(s)]
ReactorCBLs        ReactorCBLs.Reactor_Laser_Mk3_3.Effects.LightningParticles.Lightning.SmokeParticle.Enabled = false   [was false, 2 change(s)]
ReactorCBLs        ReactorCBLs.Reactor_Laser_Mk3_3.Effects.LightningParticles.Lightning.TrailElectricityBlur.Enabled = false   [was false, 2 change(s)]
ReactorCBLs        ReactorCBLs.Reactor_Laser_Mk3_3.Effects.LightningParticles.Lightning.SmokeParticle #2.Enabled = false   [was false, 2 change(s)]
ReactorCBLs        ReactorCBLs.Reactor_Laser_Mk3_3.Effects.LightningParticles.Lightning.TrailElectricityBlur #2.Enabled = false   [was false, 2 change(s)]
ReactorCBLs        ReactorCBLs.Reactor_Laser_Mk3_3.Effects.LightningParticles.Lightning.TrailElectricityBlur #3.Enabled = false   [was false, 2 change(s)]
ReactorCBLs        ReactorCBLs.Reactor_Laser_Mk3_3.Effects.LightningParticles.Lightning.SmokeParticle #3.Enabled = false   [was false, 2 change(s)]
ReactorCBLs        ReactorCBLs.Reactor_Laser_Mk3_3.Effects.LightningParticles.Lightning.TrailElectricityBlur #4.Enabled = false   [was false, 2 change(s)]
ReactorCBLs        ReactorCBLs.Reactor_Laser_Mk3_3.Effects.LightningParticles.Lightning.SmokeParticle #4.Enabled = false   [was false, 2 change(s)]
ReactorCBLs        ReactorCBLs.Reactor_Laser_Mk3_3.Effects.LightningParticles.Lightning.SmokeParticle #5.Enabled = false   [was false, 2 change(s)]
ReactorCBLs        ReactorCBLs.Reactor_Laser_Mk3_3.Effects.LightningParticles.Lightning.TrailElectricityBlur #5.Enabled = false   [was false, 2 change(s)]
ReactorCBLs        ReactorCBLs.Reactor_Laser_Mk3_3.Effects.LightningParticles.Lightning.SmokeParticle #6.Enabled = false   [was false, 2 change(s)]
ReactorCBLs        ReactorCBLs.Reactor_Laser_Mk3_3.Effects.LightningParticles.Lightning.TrailElectricityBlur #6.Enabled = false   [was false, 2 change(s)]
ReactorCBLs        ReactorCBLs.Reactor_Laser_Mk3_3.Effects.SpinnyThingsFront.SpinnyLaserThingy.CFrame = 16.6292248, 280.602814, 45.3311844, -0.499989748, 0.037573725, 0.865215838, -1.70620024e-05, 0.999057949, -0.0433959514, -0.866031289, -0.0217122957, -0.499518096   [was 16.6289616, 280.603058, 45.3308487, -0.499864399, 0.612464249, 0.612391174, 1.44541264e-06, 0.707064986, -0.707148254, -0.866103649, -0.353477329, -0.353437513, 22 change(s)]
ReactorCBLs        ReactorCBLs.Reactor_Laser_Mk3_3.Effects.SpinnyThingsFront.SpinnyLaserThingy ~(16.6, 280.6, 45.3).CFrame = 16.6292381, 280.602814, 45.3312149, -0.499989748, 0.465130091, 0.730523288, -1.70620024e-05, 0.843524516, -0.5370906, -0.866031289, -0.268552274, -0.421745688   [was 16.6289787, 280.603058, 45.3308716, -0.499864399, 0.836599827, 0.224134356, 1.44541264e-06, 0.258785427, -0.965934634, -0.866103649, -0.482836008, -0.129358858, 22 change(s)]
ReactorCBLs        ReactorCBLs.Reactor_Laser_Mk3_3.Effects.SpinnyThingsFront.SpinnyLaserThingy ~(16.6, 280.6, 45.3) #2.CFrame = 16.62924, 280.602844, 45.3312302, -0.499989748, 0.768072903, 0.40009284, -1.70620024e-05, 0.461975515, -0.886892736, -0.866031289, -0.443444103, -0.230969921   [was 16.6289845, 280.603088, 45.3308868, -0.499864399, 0.836585701, -0.224187136, 1.44541264e-06, -0.258844793, -0.965918779, -0.866103649, -0.482828707, 0.129386067, 22 change(s)]
ReactorCBLs        ReactorCBLs.Reactor_Laser_Mk3_3.Effects.SpinnyThingsFront.SpinnyLaserThingy ~(16.6, 280.6, 45.3) #3.CFrame = 16.629221, 280.602814, 45.3312416, -0.499989748, 0.865217626, -0.0375329256, -1.70620024e-05, -0.0433488339, -0.999059975, -0.866031289, -0.49951914, 0.021688737   [was 16.6289673, 280.603088, 45.3308983, -0.499864399, 0.612420082, -0.6124354, 1.44541264e-06, -0.707114935, -0.707098365, -0.866103649, -0.353454202, 0.35346067, 22 change(s)]
ReactorCBLs        ReactorCBLs.Reactor_Laser_Mk3_3.Effects.SpinnyThingsFront.SpinnyLaserThingy ~(16.6, 280.6, 45.3) #4.CFrame = 16.6292725, 280.602814, 45.3312454, -0.499989748, 0.73053056, -0.465118766, -1.70620024e-05, -0.537077487, -0.843532979, -0.866031289, -0.42174992, 0.268545717   [was 16.6290054, 280.603058, 45.3309097, -0.499864399, 0.224147439, -0.83659637, 1.44541264e-06, -0.965930641, -0.258800507, -0.866103649, -0.129366398, 0.482834011, 22 change(s)]
ReactorCBLs        ReactorCBLs.Reactor_Laser_Mk3_3.Effects.SpinnyThingsFront.SpinnyLaserThingy ~(16.6, 280.6, 45.3) #5.CFrame = 16.6293182, 280.602844, 45.3312378, -0.499989748, 0.400045514, -0.768097699, -1.70620024e-05, -0.886921227, -0.461920857, -0.866031289, -0.230942607, 0.443458378   [was 16.6290607, 280.603058, 45.3308945, -0.499864399, -0.224238738, -0.836571991, 1.44541264e-06, -0.965902925, 0.258904397, -0.866103649, 0.12941587, 0.482820779, 22 change(s)]
ReactorCBLs        ReactorCBLs.Reactor_Laser_Mk3_3.Effects.SpinnyThingsFront.WeldThing.CFrame = 17.5538807, 280.603363, 46.9330101, -0.499989748, -0.187628448, 0.845461905, -1.70620024e-05, 0.976250768, 0.216643572, -0.866031289, 0.108305141, -0.488118589   [was 17.5537109, 280.603516, 46.9326172, -0.499864399, 0.433107615, 0.750035524, 1.44541264e-06, 0.865988433, -0.500063658, -0.866103649, -0.249962911, -0.432877421, 22 change(s)]
ReactorCBLs        ReactorCBLs.Reactor_Laser_Mk3_3.Effects.SpinnyThingsFront.Moter.HingeConstraint.AngularVelocity = 0   [was 0, 2 change(s)]
ReactorCBLs        ReactorCBLs.Reactor_Laser_Mk3_3.Effects.SpinnyThingsFront.SpinnyLaserThingy ~(16.6, 280.6, 45.3) #6.CFrame = 16.6292439, 280.602844, 45.3311768, -0.499989748, -0.187628448, 0.845461905, -1.70620024e-05, 0.976250768, 0.216643572, -0.866031289, 0.108305141, -0.488118589   [was 16.6289978, 280.603088, 45.3308258, -0.499864399, 0.433107615, 0.750035524, 1.44541264e-06, 0.865988433, -0.500063658, -0.866103649, -0.249962911, -0.432877421, 22 change(s)]
ReactorCBLs        ReactorCBLs.Reactor_Laser_Mk3_3.Effects.SpinnyThingsFront.SpinnyLaserThingy ~(16.6, 280.6, 45.3) #7.CFrame = 16.6292152, 280.602814, 45.3312073, -0.499989748, 0.260196209, 0.826019526, -1.70620024e-05, 0.953795671, -0.300456047, -0.866031289, -0.150239035, -0.47688365   [was 16.6289577, 280.603088, 45.3308678, -0.499864399, 0.750077009, 0.433035731, 1.44541264e-06, 0.499982059, -0.866035581, -0.866103649, -0.432899714, -0.249924332, 22 change(s)]
ReactorCBLs        ReactorCBLs.Reactor_Laser_Mk3_3.Effects.SpinnyThingsFront.SpinnyLaserThingy ~(16.6, 280.6, 45.3) #8.CFrame = 16.6292458, 280.602814, 45.3312263, -0.499989748, 0.638346314, 0.585255742, -1.70620024e-05, 0.675783217, -0.737100482, -0.866031289, -0.368552685, -0.337873787   [was 16.6289864, 280.603058, 45.3308868, -0.499864399, 0.866103649, -1.86562538e-05, 1.44541264e-06, -2.07722187e-05, -0.999999821, -0.866103649, -0.49986431, 9.10460949e-06, 22 change(s)]
ReactorCBLs        ReactorCBLs.Reactor_Laser_Mk3_3.Effects.SpinnyThingsFront.SpinnyLaserThingy ~(16.6, 280.6, 45.3) #9.CFrame = 16.6292324, 280.602814, 45.331234, -0.499989748, 0.845461905, 0.187628448, -1.70620024e-05, 0.216643572, -0.976250768, -0.866031289, -0.488118589, -0.108305141   [was 16.6289749, 280.603088, 45.3308945, -0.499864399, 0.750035524, -0.433107615, 1.44541264e-06, -0.500063658, -0.865988433, -0.866103649, -0.432877421, 0.249962911, 22 change(s)]
ReactorCBLs        ReactorCBLs.Reactor_Laser_Mk3_3.Effects.SpinnyThingsFront.SpinnyLaserThingy ~(16.6, 280.6, 45.3) #10.CFrame = 16.6292706, 280.602844, 45.3312302, -0.499989748, 0.826017916, -0.260201275, -1.70620024e-05, -0.300461888, -0.953793824, -0.866031289, -0.476882696, 0.150241971   [was 16.6290112, 280.603058, 45.3308907, -0.499864399, 0.433031112, -0.750079691, 1.44541264e-06, -0.86603868, -0.499976695, -0.866103649, -0.24992165, 0.432901263, 22 change(s)]
ReactorCBLs        ReactorCBLs.Reactor_Laser_Mk3_3.Effects.SpinnyThingsFront.SpinnyLaserThingy ~(16.6, 280.6, 45.3) #11.CFrame = 16.6292782, 280.602844, 45.3312607, -0.499989748, 0.585245132, -0.638356209, -1.70620024e-05, -0.737111866, -0.675770998, -0.866031289, -0.337867677, 0.368558347   [was 16.6290226, 280.603058, 45.3309174, -0.499864399, -3.30805779e-05, -0.866103768, 1.44541264e-06, -1, 3.74317169e-05, -0.866103649, 1.74343586e-05, 0.49986437, 22 change(s)]
ReactorCBLs        ReactorCBLs.Reactor_Laser_Mk3_3.Effects.SpinnyThingsBack.SpinnyLaserThingy.CFrame = 30.6002541, 280.603668, 69.529007, -0.499989748, -0.860077798, -0.101372644, -1.73557073e-05, -0.11704427, 0.99312669, -0.866031289, 0.496554911, 0.0585060269   [was 30.599905, 280.603058, 69.5294495, -0.499864399, 0.612464249, 0.612391174, 1.44541264e-06, 0.707064986, -0.707148254, -0.866103649, -0.353477329, -0.353437513, 25 change(s)]
ReactorCBLs        ReactorCBLs.Reactor_Laser_Mk3_3.Effects.SpinnyThingsBack.SpinnyLaserThingy ~(30.6, 280.6, 69.5).CFrame = 30.6002579, 280.603668, 69.5290451, -0.499989748, -0.79554379, 0.342228413, -1.73557073e-05, 0.395177841, 0.918604612, -0.866031289, 0.459286928, -0.197598666   [was 30.5999298, 280.603058, 69.5294724, -0.499864399, 0.836599827, 0.224134356, 1.44541264e-06, 0.258785427, -0.965934634, -0.866103649, -0.482836008, -0.129358858, 25 change(s)]
ReactorCBLs        ReactorCBLs.Reactor_Laser_Mk3_3.Effects.SpinnyThingsBack.WeldThing.CFrame = 31.5750999, 280.603516, 71.2185669, -0.499989748, -0.804538906, -0.320511103, -1.73557073e-05, -0.370082498, 0.928998888, -0.866031289, 0.46449548, 0.185023502   [was 31.5751953, 280.603516, 71.21875, -0.499864399, 0.433107615, 0.750035524, 1.44541264e-06, 0.865988433, -0.500063658, -0.866103649, -0.249962911, -0.432877421, 25 change(s)]
ReactorCBLs        ReactorCBLs.Reactor_Laser_Mk3_3.Effects.SpinnyThingsBack.SpinnyLaserThingy ~(30.6, 280.6, 69.5) #2.CFrame = 30.6002655, 280.603699, 69.5290527, -0.499989748, -0.517852545, 0.694146276, -1.73557073e-05, 0.801531613, 0.597952485, -0.866031289, 0.298958063, -0.400766551   [was 30.5999393, 280.603058, 69.52948, -0.499864399, 0.836585701, -0.224187136, 1.44541264e-06, -0.258844793, -0.965918779, -0.866103649, -0.482828707, 0.129386067, 25 change(s)]
ReactorCBLs        ReactorCBLs.Reactor_Laser_Mk3_3.Effects.SpinnyThingsBack.SpinnyLaserThingy ~(30.6, 280.6, 69.5) #3.CFrame = 30.6002712, 280.603668, 69.5290527, -0.499989748, -0.10141319, 0.86007303, -1.73557073e-05, 0.993121147, 0.117091104, -0.866031289, 0.058529444, -0.496552169   [was 30.5999241, 280.603058, 69.5294876, -0.499864399, 0.612420082, -0.6124354, 1.44541264e-06, -0.707114935, -0.707098365, -0.866103649, -0.353454202, 0.35346067, 25 change(s)]
ReactorCBLs        ReactorCBLs.Reactor_Laser_Mk3_3.Effects.SpinnyThingsBack.SpinnyLaserThingy ~(30.6, 280.6, 69.5) #4.CFrame = 30.6002731, 280.603699, 69.5290833, -0.499989748, 0.342216074, 0.795549154, -1.73557073e-05, 0.918610811, -0.395163596, -0.866031289, -0.197591528, -0.459290087   [was 30.5999699, 280.603027, 69.5295029, -0.499864399, 0.224147439, -0.83659637, 1.44541264e-06, -0.965930641, -0.258800507, -0.866103649, -0.129366398, 0.482834011, 25 change(s)]
ReactorCBLs        ReactorCBLs.Reactor_Laser_Mk3_3.Effects.SpinnyThingsBack.SpinnyLaserThingy ~(30.6, 280.6, 69.5) #5.CFrame = 30.6002617, 280.603729, 69.5291138, -0.499989748, 0.694178224, 0.517809749, -1.73557073e-05, 0.597903073, -0.801568568, -0.866031289, -0.400785029, -0.298933357   [was 30.6000099, 280.603027, 69.5294952, -0.499864399, -0.224238738, -0.836571991, 1.44541264e-06, -0.965902925, 0.258904397, -0.866103649, 0.12941587, 0.482820779, 25 change(s)]
ReactorCBLs        ReactorCBLs.Reactor_Laser_Mk3_3.Effects.SpinnyThingsBack.Moter.HingeConstraint.AngularVelocity = 0   [was 0, 2 change(s)]
ReactorCBLs        ReactorCBLs.Reactor_Laser_Mk3_3.Effects.SpinnyThingsBack.SpinnyLaserThingy ~(30.6, 280.6, 69.5) #6.CFrame = 30.6002178, 280.603699, 69.5290298, -0.499989748, -0.804538906, -0.320511103, -1.73557073e-05, -0.370082498, 0.928998888, -0.866031289, 0.46449548, 0.185023502   [was 30.599947, 280.603058, 69.5294266, -0.499864399, 0.433107615, 0.750035524, 1.44541264e-06, 0.865988433, -0.500063658, -0.866103649, -0.249962911, -0.432877421, 25 change(s)]
ReactorCBLs        ReactorCBLs.Reactor_Laser_Mk3_3.Effects.SpinnyThingsBack.SpinnyLaserThingy ~(30.6, 280.6, 69.5) #7.CFrame = 30.6002712, 280.603699, 69.5290146, -0.499989748, -0.857013285, 0.12465331, -1.73557073e-05, 0.143946171, 0.989585519, -0.866031289, 0.494780481, -0.0719864666   [was 30.5999146, 280.603027, 69.5294647, -0.499864399, 0.750077009, 0.433035731, 1.44541264e-06, 0.499982059, -0.866035581, -0.866103649, -0.432899714, -0.249924332, 25 change(s)]
ReactorCBLs        ReactorCBLs.Reactor_Laser_Mk3_3.Effects.SpinnyThingsBack.SpinnyLaserThingy ~(30.6, 280.6, 69.5) #8.CFrame = 30.6002712, 280.603668, 69.5290527, -0.499989748, -0.679868579, 0.536459684, -1.73557073e-05, 0.619453907, 0.785033047, -0.866031289, 0.392499149, -0.309732378   [was 30.5999336, 280.603058, 69.5294876, -0.499864399, 0.866103649, -1.86562538e-05, 1.44541264e-06, -2.07722187e-05, -0.999999821, -0.866103649, -0.49986431, 9.10460949e-06, 25 change(s)]
ReactorCBLs        ReactorCBLs.Reactor_Laser_Mk3_3.Effects.SpinnyThingsBack.SpinnyLaserThingy ~(30.6, 280.6, 69.5) #9.CFrame = 30.6002769, 280.603668, 69.5290527, -0.499989748, -0.320511103, 0.804538906, -1.73557073e-05, 0.928998888, 0.370082498, -0.866031289, 0.185023502, -0.46449548   [was 30.5999222, 280.603058, 69.5294952, -0.499864399, 0.750035524, -0.433107615, 1.44541264e-06, -0.500063658, -0.865988433, -0.866103649, -0.432877421, 0.249962911, 25 change(s)]
ReactorCBLs        ReactorCBLs.Reactor_Laser_Mk3_3.Effects.SpinnyThingsBack.SpinnyLaserThingy ~(30.6, 280.6, 69.5) #10.CFrame = 30.6002731, 280.603699, 69.529068, -0.499989748, 0.124658585, 0.85701251, -1.73557073e-05, 0.989584625, -0.14395231, -0.866031289, -0.0719895363, -0.494780004   [was 30.5999489, 280.603058, 69.5294952, -0.499864399, 0.433031112, -0.750079691, 1.44541264e-06, -0.86603868, -0.499976695, -0.866103649, -0.24992165, 0.432901263, 25 change(s)]
ReactorCBLs        ReactorCBLs.Reactor_Laser_Mk3_3.Effects.SpinnyThingsBack.SpinnyLaserThingy ~(30.6, 280.6, 69.5) #11.CFrame = 30.6002884, 280.603699, 69.5290985, -0.499989748, 0.536471069, 0.679859757, -1.73557073e-05, 0.785022855, -0.61946708, -0.866031289, -0.309738994, -0.392494053   [was 30.5999699, 280.603027, 69.5295181, -0.499864399, -3.30805779e-05, -0.866103768, 1.44541264e-06, -1, 3.74317169e-05, -0.866103649, 1.74343586e-05, 0.49986437, 25 change(s)]
ReactorCBLs        ReactorCBLs.Reactor_Laser_Mk3_3.Effects.SlightlyBetterSpinnyThing.Model.Union.CFrame = 6.25351429, 280.576477, 33.6991692, -0.500121117, 0.865925193, 0.00724360347, 0.000167429447, 0.00846156478, -0.999964237, -0.865955472, -0.500102043, -0.00437678862   [was 10.9466658, 278.358368, 30.9889259, -0.499876618, -0.612270832, 0.612574697, 0.000198066235, 0.707201362, 0.707012117, -0.866096556, 0.353540182, -0.353392154, 29 change(s)]
ReactorCBLs        ReactorCBLs.Reactor_Laser_Mk3_3.Effects.SlightlyBetterSpinnyThing.Model.Union ~(7.1, 282.8, 33.2).CFrame = 11.7515326, 280.630035, 30.5238895, -0.500121117, -0.865925193, -0.00724360347, 0.000167429447, -0.00846156478, 0.999964237, -0.865955472, 0.500102043, 0.00437678862   [was 7.05929661, 282.848724, 33.2336044, -0.499876618, 0.612270832, -0.612574697, 0.000198066235, -0.707201362, -0.707012117, -0.866096556, -0.353540182, 0.353392154, 29 change(s)]
ReactorCBLs        ReactorCBLs.Reactor_Laser_Mk3_3.Effects.SlightlyBetterSpinnyThing.Model.Union ~(11.7, 279.8, 30.6).CFrame = 6.63324738, 278.992676, 33.4795876, -0.500139058, 0.746294141, 0.439211071, 0.000161725824, 0.50728476, -0.861778796, -0.86594522, -0.430937946, -0.253833592   [was 11.6587543, 279.781433, 30.5782967, -0.499860585, -0.836533189, 0.224391788, 0.000187305806, 0.258976728, 0.965883732, -0.866105974, 0.48284936, -0.129295513, 29 change(s)]
ReactorCBLs        ReactorCBLs.Reactor_Laser_Mk3_3.Effects.SlightlyBetterSpinnyThing.Model.Union ~(6.3, 281.4, 33.6).CFrame = 11.3717632, 282.213684, 30.7435265, -0.500138998, -0.746294081, -0.439211041, 0.000161756616, -0.507284701, 0.861778557, -0.86594528, 0.430938005, 0.253833532   [was 6.34734011, 281.42572, 33.6441917, -0.499860674, 0.836533189, -0.224391669, 0.000187369034, -0.258976728, -0.965883553, -0.866105914, -0.48284924, 0.129295468, 29 change(s)]
ReactorCBLs        ReactorCBLs.Reactor_Laser_Mk3_3.Effects.SlightlyBetterSpinnyThing.Model.Union ~(11.7, 281.4, 30.6).CFrame = 7.6479063, 277.840485, 32.8933792, -0.500085652, 0.426679164, 0.753564358, 0.000120686425, 0.870225132, -0.492654204, -0.865975916, -0.246278435, -0.435238689   [was 11.6591291, 281.424835, 30.578474, -0.499872595, -0.836650848, -0.223925412, 0.000260021479, -0.258689702, 0.965960383, -0.866098881, 0.482798815, 0.129529491, 29 change(s)]
ReactorCBLs        ReactorCBLs.Reactor_Laser_Mk3_3.Effects.SlightlyBetterSpinnyThing.Model.Union ~(6.3, 279.8, 33.6).CFrame = 10.357151, 283.365875, 31.3297253, -0.500085652, -0.426679194, -0.753564358, 0.000120686425, -0.870225132, 0.492654204, -0.865975916, 0.246278375, 0.435238689   [was 6.34693813, 279.782349, 33.6440506, -0.499872595, 0.836650848, 0.223925412, 0.000260021479, 0.258689702, -0.965960383, -0.866098881, -0.482798874, -0.129529491, 29 change(s)]
ReactorCBLs        ReactorCBLs.Reactor_Laser_Mk3_3.Effects.SlightlyBetterSpinnyThing.Model.Union ~(10.9, 282.8, 31.0).CFrame = 9.02549458, 277.428619, 32.0977287, -0.500121117, -0.00724360347, 0.865925193, 0.000167429447, 0.999964237, 0.00846156478, -0.865955472, 0.00437678862, -0.500102043   [was 10.9478273, 282.848083, 30.9893703, -0.499876618, -0.612574697, -0.612270832, 0.000198066235, -0.707012117, 0.707201362, -0.866096556, 0.353392154, 0.353540182, 29 change(s)]
ReactorCBLs        ReactorCBLs.Reactor_Laser_Mk3_3.Effects.SlightlyBetterSpinnyThing.Model.Union ~(7.1, 278.4, 33.2).CFrame = 8.97957706, 283.777832, 32.1254044, -0.500121117, 0.00724360347, -0.865925193, 0.000167429447, -0.999964237, -0.00846156478, -0.865955472, -0.00437678862, 0.500102043   [was 7.05821991, 278.359039, 33.2332001, -0.499876618, 0.612574697, 0.612270832, 0.000198066235, 0.707012117, -0.707201362, -0.866096556, -0.353392154, -0.353540182, 29 change(s)]
ReactorCBLs        ReactorCBLs.Reactor_Laser_Mk3_3.Effects.SlightlyBetterSpinnyThing.Model.Union ~(9.7, 283.7, 31.7).CFrame = 10.3969612, 277.867371, 31.3057766, -0.500086367, -0.439225495, 0.746320724, 0.000214858388, 0.861763537, 0.507310033, -0.865975559, 0.253859192, -0.43086192   [was 9.71539402, 283.669952, 31.7009048, -0.499930292, -0.224359512, -0.836500108, 0.000193438376, -0.965891063, 0.258948296, -0.866065621, 0.129294217, 0.48292166, 29 change(s)]
ReactorCBLs        ReactorCBLs.Reactor_Laser_Mk3_3.Effects.SlightlyBetterSpinnyThing.Model.Union ~(8.3, 277.5, 32.5).CFrame = 7.60829878, 283.338989, 32.9172821, -0.500086367, 0.439225465, -0.746320724, 0.000214858388, -0.861763537, -0.507310033, -0.865975559, -0.253859252, 0.43086192   [was 8.29059601, 277.537384, 32.5217323, -0.499930292, 0.224359483, 0.836500108, 0.000193438376, 0.965891063, -0.258948296, -0.866065621, -0.129294261, -0.48292166, 29 change(s)]
ReactorCBLs        ReactorCBLs.Reactor_Laser_Mk3_3.Effects.SlightlyBetterSpinnyThing.Model.Union ~(8.3, 283.7, 32.5).CFrame = 11.3947725, 279.039124, 30.7297478, -0.500139117, -0.753537357, 0.426664561, 0.000172753294, 0.492628604, 0.870239675, -0.86594528, 0.435314596, -0.246252596   [was 8.29213715, 283.670197, 32.5223694, -0.499867409, 0.223989695, -0.836636782, 0.000179593975, -0.965952873, -0.258718193, -0.86610198, -0.129475072, 0.482808113, 29 change(s)]
ReactorCBLs        ReactorCBLs.Reactor_Laser_Mk3_3.Effects.SlightlyBetterSpinnyThing.Model.Union ~(9.7, 277.5, 31.7).CFrame = 6.61051559, 282.167267, 33.4933319, -0.500139177, 0.753537416, -0.426664591, 0.000172782078, -0.492628664, -0.870239913, -0.86594522, -0.435314536, 0.246252641   [was 9.71383095, 277.537109, 31.7003174, -0.49986738, -0.223989606, 0.83663702, 0.000179488605, 0.965952992, 0.258718282, -0.86610204, 0.129475161, -0.482808173, 29 change(s)]
ReactorCBLs        ReactorCBLs.Reactor_Laser_Mk3_3.Effects.SlightlyBetterSpinnyThing.Moter.HingeConstraint.AngularVelocity = 0   [was 0, 2 change(s)]
ReactorCBLs        ReactorCBLs.Reactor_Laser_Mk3_3.Effects.SlightlyBetterSpinnyThing.Thing.CFrame = 8.99023438, 280.603516, 32.0898438, 0.865925193, -0.500121117, -0.00724360347, 0.00846156478, 0.000167429447, 0.999964237, -0.500102043, -0.865955472, 0.00437678862   [was 8.99023438, 280.603516, 32.0898438, -0.612270832, -0.499876618, -0.612574697, 0.707201362, 0.000198066235, -0.707012117, 0.353540182, -0.866096556, 0.353392154, 29 change(s)]
ReactorCBLs        ReactorCBLs.Reactor_Laser_Mk3_3.Effects.SlightlyBetterSpinnyThing.NeonPart.CFrame = 9.00265217, 280.60321, 32.1115913, -0.500139117, 0.00722578168, -0.86591506, 0.000172753294, -0.999964356, -0.00844413042, -0.86594528, -0.00437287986, 0.500120044   [was 9.0030098, 280.603638, 32.1113853, -0.499867409, 0.612582564, 0.612270474, 0.000179593975, 0.706999838, -0.707213759, -0.86610198, -0.353403121, -0.353516221, 29 change(s)]
ReactorCBLs        ReactorCBLs.Reactor_Laser_Mk3_3.Effects.FiringEffectPart.Size = 60, 60, 60   [was 30, 30, 30, 3 change(s)]
ReactorCBLs        ReactorCBLs.Reactor_Laser_Mk3_3.Effects.FiringEffectPart.Transparency = 1   [was 1, 3 change(s)]
ReactorCBLs        ReactorCBLs.Reactor_Laser_Mk3_3.Effects.VentParticalPart.ParticleEmitter.Enabled = false   [was false, 6 change(s)]
ReactorCBLs        ReactorCBLs.Reactor_Laser_Mk3_3.Effects.OverHeatEffectPart.FireAttachment.FireLight.Enabled = true   [was false, 1 change(s)]
ReactorCBLs        ReactorCBLs.Reactor_Laser_Mk3_3.Effects.OverHeatEffectPart.FireAttachment.Fire.Enabled = true   [was false, 1 change(s)]
ReactorCBLs        ReactorCBLs.Reactor_Laser_Mk3_3.Effects.OverHeatEffectPart.FireAttachment.Smoke.Enabled = true   [was false, 1 change(s)]
ReactorCBLs        ReactorCBLs.Reactor_Laser_Mk3_3.Effects.OverHeatEffectPart.Lightning.Enabled = false   [was false, 2 change(s)]
ReactorCBLs        ReactorCBLs.Reactor_Laser_Mk3_3.Effects.OverHeatEffectPart.FireAttachment.FireLight #2.Enabled = true   [was false, 1 change(s)]
ReactorCBLs        ReactorCBLs.Reactor_Laser_Mk3_3.Effects.OverHeatEffectPart.FireAttachment.Fire #2.Enabled = true   [was false, 1 change(s)]
ReactorCBLs        ReactorCBLs.Reactor_Laser_Mk3_3.Effects.OverHeatEffectPart.FireAttachment.Smoke #2.Enabled = true   [was false, 1 change(s)]
ReactorCBLs        ReactorCBLs.Reactor_Laser_Mk3_3.Effects.OverHeatEffectPart.Smoke.Enabled = false   [was false, 2 change(s)]
ReactorCBLs        ReactorCBLs.Reactor_Laser_Mk3_3.Effects.OverHeatEffectPart.BreachEffect1.Enabled = false   [was false, 2 change(s)]
ReactorCBLs        ReactorCBLs.Reactor_Laser_Mk3_3.Effects.OverHeatEffectPart.FireAttachment.Smoke #3.Enabled = true   [was false, 1 change(s)]
ReactorCBLs        ReactorCBLs.Reactor_Laser_Mk3_3.Effects.OverHeatEffectPart.FireAttachment.Fire #3.Enabled = true   [was false, 1 change(s)]
ReactorCBLs        ReactorCBLs.Reactor_Laser_Mk3_3.Effects.OverHeatEffectPart.FireAttachment.FireLight #3.Enabled = true   [was false, 1 change(s)]
ReactorCBLs        ReactorCBLs.Reactor_Laser_Mk3_3.Effects.SoundPart.LaserVentSFX.Playing = false   [was false, 6 change(s)]
ReactorCBLs        ReactorCBLs.Reactor_Laser_Mk3_3.Effects.SoundPart.BreachAmbience.Playing = false   [was false, 2 change(s)]
ReactorCBLs        ReactorCBLs.Reactor_Laser_Mk3_3.Effects.SoundPart.AmbientHum.Pitch = 0   [was 0, 4 change(s)]
ReactorCBLs        ReactorCBLs.Reactor_Laser_Mk3_3.Effects.SoundPart.CBLExplosion.Playing = false   [was false, 2 change(s)]
ReactorCBLs        ReactorCBLs.Reactor_Laser_Mk3_3.Effects.SoundPart.BreachExplosion.Playing = false   [was false, 2 change(s)]
ReactorCBLs        ReactorCBLs.Reactor_Laser_Mk3_3.Effects.LaserParticles.Charge_Fire.DisplacedSmoke.Enabled = false   [was false, 2 change(s)]
ReactorCBLs        ReactorCBLs.Reactor_Laser_Mk3_3.Effects.LaserParticles.Charge_Fire.ParticleEmitter1.Enabled = false   [was false, 2 change(s)]
ReactorCBLs        ReactorCBLs.Reactor_Laser_Mk3_3.Effects.LaserParticles.Charge_Fire.ParticleEmitter2.Enabled = false   [was false, 2 change(s)]
ReactorCBLs        ReactorCBLs.Reactor_Laser_Mk3_3.Effects.LaserParticles.ParticleEmitter.Enabled = false   [was false, 2 change(s)]
ReactorCBLs        ReactorCBLs.Reactor_Laser_Mk3_3.Effects.LaserParticles.ParticleEmitter.Color = 0 0.584314 0.247059 0.0901961 0 1 0.584314 0.247059 0.0901961 0    [was 0 0.584314 0.584314 0.584314 0 1 0.584314 0.584314 0.584314 0 , 1 change(s)]
ReactorCBLs        ReactorCBLs.Reactor_Laser_Mk3_3.Effects.ExplosionEffectRing.Size = 100, 0.20000000298023224, 100   [was 1, 0.20000000298023224, 1, 2 change(s)]
ReactorCBLs        ReactorCBLs.Reactor_Laser_Mk3_3.Effects.ExplosionEffectRing.Transparency = 1   [was 0, 2 change(s)]
ReactorCBLs        ReactorCBLs.Reactor_Laser_Mk3_3.Effects.ExplosionEffectPart.Size = 50, 50, 50   [was 1, 1, 1, 2 change(s)]
ReactorCBLs        ReactorCBLs.Reactor_Laser_Mk3_3.Effects.ExplosionEffectPart.Transparency = 1   [was 0, 2 change(s)]
ReactorCBLs        ReactorCBLs.Reactor_Laser_Mk3_3.Effects.ThermalOutline.Transparency = 1.5   [was 1, 18 change(s)]
ReactorCBLs        ReactorCBLs.Reactor_Laser_Mk3_3.Effects.ExplosionEffectRing2.Size = 100, 0.20000000298023224, 100   [was 1, 0.20000000298023224, 1, 2 change(s)]
ReactorCBLs        ReactorCBLs.Reactor_Laser_Mk3_3.Effects.ExplosionEffectRing2.Transparency = 1   [was 0, 2 change(s)]
ReactorCBLs        ReactorCBLs.Reactor_Laser_Mk3_3.CBLBreaches.CBLParticlePart.Repaired.Value = true   [was true, 2 change(s)]
ReactorCBLs        ReactorCBLs.Reactor_Laser_Mk3_3.CBLBreaches.CBLParticlePart.SoftBurst.ParticleEmitter3.Enabled = false   [was false, 2 change(s)]
ReactorCBLs        ReactorCBLs.Reactor_Laser_Mk3_3.CBLBreaches.CBLParticlePart.SoftBurst.ParticleEmitter1.Enabled = false   [was false, 2 change(s)]
ReactorCBLs        ReactorCBLs.Reactor_Laser_Mk3_3.CBLBreaches.CBLParticlePart.SoftBurst.ParticleEmitter2.Enabled = false   [was false, 2 change(s)]
ReactorCBLs        ReactorCBLs.Reactor_Laser_Mk3_3.CBLBreaches.CBLParticlePart.Repaired #2.Value = true   [was true, 2 change(s)]
ReactorCBLs        ReactorCBLs.Reactor_Laser_Mk3_3.CBLBreaches.CBLParticlePart.SoftBurst.ParticleEmitter2 #2.Enabled = false   [was false, 2 change(s)]
ReactorCBLs        ReactorCBLs.Reactor_Laser_Mk3_3.CBLBreaches.CBLParticlePart.SoftBurst.ParticleEmitter1 #2.Enabled = false   [was false, 2 change(s)]
ReactorCBLs        ReactorCBLs.Reactor_Laser_Mk3_3.CBLBreaches.CBLParticlePart.SoftBurst.ParticleEmitter3 #2.Enabled = false   [was false, 2 change(s)]
ReactorCBLs        ReactorCBLs.Reactor_Laser_Mk3_3.CBLBreaches.CBLParticlePart.SoftBurst.ParticleEmitter3 #3.Enabled = false   [was false, 2 change(s)]
ReactorCBLs        ReactorCBLs.Reactor_Laser_Mk3_3.CBLBreaches.CBLParticlePart.SoftBurst.ParticleEmitter2 #3.Enabled = false   [was false, 2 change(s)]
ReactorCBLs        ReactorCBLs.Reactor_Laser_Mk3_3.CBLBreaches.CBLParticlePart.SoftBurst.ParticleEmitter1 #3.Enabled = false   [was false, 2 change(s)]
ReactorCBLs        ReactorCBLs.Reactor_Laser_Mk3_3.CBLBreaches.CBLParticlePart.Repaired #3.Value = true   [was true, 2 change(s)]
ReactorCBLs        ReactorCBLs.Reactor_Laser_Mk3_3.CBLBreaches.CBLParticlePart.SoftBurst.ParticleEmitter3 #4.Enabled = false   [was false, 2 change(s)]
ReactorCBLs        ReactorCBLs.Reactor_Laser_Mk3_3.CBLBreaches.CBLParticlePart.SoftBurst.ParticleEmitter2 #4.Enabled = false   [was false, 2 change(s)]
ReactorCBLs        ReactorCBLs.Reactor_Laser_Mk3_3.CBLBreaches.CBLParticlePart.SoftBurst.ParticleEmitter1 #4.Enabled = false   [was false, 2 change(s)]
ReactorCBLs        ReactorCBLs.Reactor_Laser_Mk3_3.CBLBreaches.CBLParticlePart.Repaired #4.Value = true   [was true, 2 change(s)]
ReactorCBLs        ReactorCBLs.Reactor_Laser_Mk3_2.Laser.LaserPart.Transparency = 1   [was 1, 2 change(s)]
ReactorCBLs        ReactorCBLs.Reactor_Laser_Mk3_2.Laser.Main.Transparency = 1   [was 1, 2 change(s)]
ReactorCBLs        ReactorCBLs.Reactor_Laser_Mk3_2.NeonStuff.PillarNeon.Neon.Color = 0, 0, 0   [was 0, 0, 0, 3 change(s)]
ReactorCBLs        ReactorCBLs.Reactor_Laser_Mk3_2.NeonStuff.PillarNeon.Neon ~(13.4, 275.8, -41.0).Color = 0, 0, 0   [was 0, 0, 0, 3 change(s)]
ReactorCBLs        ReactorCBLs.Reactor_Laser_Mk3_2.NeonStuff.PillarNeon.Neon ~(9.8, 283.0, -43.1).Color = 0, 0, 0   [was 0, 0, 0, 3 change(s)]
ReactorCBLs        ReactorCBLs.Reactor_Laser_Mk3_2.NeonStuff.PillarNeon.Neon ~(15.5, 284.8, -39.8).Color = 0, 0, 0   [was 0, 0, 0, 3 change(s)]
ReactorCBLs        ReactorCBLs.Reactor_Laser_Mk3_2.NeonStuff.PillarNeon.Neon ~(9.8, 278.2, -43.1).Color = 0, 0, 0   [was 0, 0, 0, 3 change(s)]
ReactorCBLs        ReactorCBLs.Reactor_Laser_Mk3_2.NeonStuff.PillarNeon.Neon ~(9.2, 280.6, -43.4).Color = 0, 0, 0   [was 0, 0, 0, 3 change(s)]
ReactorCBLs        ReactorCBLs.Reactor_Laser_Mk3_2.NeonStuff.PillarNeon.Neon ~(17.6, 280.6, -38.6).Color = 0, 0, 0   [was 0, 0, 0, 3 change(s)]
ReactorCBLs        ReactorCBLs.Reactor_Laser_Mk3_2.NeonStuff.PillarNeon.Neon ~(13.4, 285.4, -41.0).Color = 0, 0, 0   [was 0, 0, 0, 3 change(s)]
ReactorCBLs        ReactorCBLs.Reactor_Laser_Mk3_2.NeonStuff.PillarNeon.Neon ~(17.0, 283.0, -38.9).Color = 0, 0, 0   [was 0, 0, 0, 3 change(s)]
ReactorCBLs        ReactorCBLs.Reactor_Laser_Mk3_2.NeonStuff.PillarNeon.Neon ~(15.5, 276.4, -39.8).Color = 0, 0, 0   [was 0, 0, 0, 3 change(s)]
ReactorCBLs        ReactorCBLs.Reactor_Laser_Mk3_2.NeonStuff.PillarNeon.Neon ~(11.3, 276.4, -42.2).Color = 0, 0, 0   [was 0, 0, 0, 3 change(s)]
ReactorCBLs        ReactorCBLs.Reactor_Laser_Mk3_2.NeonStuff.PillarNeon.Neon ~(11.3, 284.8, -42.2).Color = 0, 0, 0   [was 0, 0, 0, 3 change(s)]
ReactorCBLs        ReactorCBLs.Reactor_Laser_Mk3_2.NeonStuff.GrateNeon.Grate.Color = 0, 0, 0   [was 0, 0, 0, 3 change(s)]
ReactorCBLs        ReactorCBLs.Reactor_Laser_Mk3_2.NeonStuff.GrateNeon.Grate ~(11.8, 284.7, -33.5).Color = 0, 0, 0   [was 0, 0, 0, 3 change(s)]
ReactorCBLs        ReactorCBLs.Reactor_Laser_Mk3_2.NeonStuff.GrateNeon.Grate ~(6.1, 283.0, -36.7).Color = 0, 0, 0   [was 0, 0, 0, 3 change(s)]
ReactorCBLs        ReactorCBLs.Reactor_Laser_Mk3_2.NeonStuff.GrateNeon.Grate ~(9.7, 275.8, -34.6).Color = 0, 0, 0   [was 0, 0, 0, 3 change(s)]
ReactorCBLs        ReactorCBLs.Reactor_Laser_Mk3_2.NeonStuff.GrateNeon.Grate ~(13.3, 283.0, -32.6).Color = 0, 0, 0   [was 0, 0, 0, 3 change(s)]
ReactorCBLs        ReactorCBLs.Reactor_Laser_Mk3_2.NeonStuff.GrateNeon.Grate ~(5.6, 280.6, -37.0).Color = 0, 0, 0   [was 0, 0, 0, 3 change(s)]
ReactorCBLs        ReactorCBLs.Reactor_Laser_Mk3_2.NeonStuff.GrateNeon.Grate ~(7.6, 276.5, -35.8).Color = 0, 0, 0   [was 0, 0, 0, 3 change(s)]
ReactorCBLs        ReactorCBLs.Reactor_Laser_Mk3_2.NeonStuff.GrateNeon.Grate ~(7.6, 284.7, -35.8).Color = 0, 0, 0   [was 0, 0, 0, 3 change(s)]
ReactorCBLs        ReactorCBLs.Reactor_Laser_Mk3_2.NeonStuff.GrateNeon.Grate ~(9.7, 285.4, -34.7).Color = 0, 0, 0   [was 0, 0, 0, 3 change(s)]
ReactorCBLs        ReactorCBLs.Reactor_Laser_Mk3_2.NeonStuff.GrateNeon.Grate ~(13.8, 280.6, -32.3).Color = 0, 0, 0   [was 0, 0, 0, 3 change(s)]
ReactorCBLs        ReactorCBLs.Reactor_Laser_Mk3_2.NeonStuff.GrateNeon.Grate ~(11.8, 276.5, -33.4).Color = 0, 0, 0   [was 0, 0, 0, 3 change(s)]
ReactorCBLs        ReactorCBLs.Reactor_Laser_Mk3_2.NeonStuff.GrateNeon.Grate ~(13.3, 278.2, -32.6).Color = 0, 0, 0   [was 0, 0, 0, 3 change(s)]
ReactorCBLs        ReactorCBLs.Reactor_Laser_Mk3_2.NeonStuff.MidNeon.Part.Color = 0, 0, 0   [was 0, 0, 0, 3 change(s)]
ReactorCBLs        ReactorCBLs.Reactor_Laser_Mk3_2.NeonStuff.MidNeon.Part ~(18.6, 278.2, -59.3).Color = 0, 0, 0   [was 0, 0, 0, 3 change(s)]
ReactorCBLs        ReactorCBLs.Reactor_Laser_Mk3_2.NeonStuff.MidNeon.Part ~(20.5, 276.0, -58.2).Color = 0, 0, 0   [was 0, 0, 0, 3 change(s)]
ReactorCBLs        ReactorCBLs.Reactor_Laser_Mk3_2.NeonStuff.MidNeon.Part ~(20.1, 276.2, -58.4).Color = 0, 0, 0   [was 0, 0, 0, 3 change(s)]
ReactorCBLs        ReactorCBLs.Reactor_Laser_Mk3_2.NeonStuff.MidNeon.Part ~(20.2, 285.0, -58.4).Color = 0, 0, 0   [was 0, 0, 0, 3 change(s)]
ReactorCBLs        ReactorCBLs.Reactor_Laser_Mk3_2.NeonStuff.MidNeon.Part ~(18.6, 283.0, -59.3).Color = 0, 0, 0   [was 0, 0, 0, 3 change(s)]
ReactorCBLs        ReactorCBLs.Reactor_Laser_Mk3_2.NeonStuff.MidNeon.Part ~(18.1, 280.4, -59.6).Color = 0, 0, 0   [was 0, 0, 0, 3 change(s)]
ReactorCBLs        ReactorCBLs.Reactor_Laser_Mk3_2.NeonStuff.MidNeon.Part ~(18.1, 280.9, -59.6).Color = 0, 0, 0   [was 0, 0, 0, 3 change(s)]
ReactorCBLs        ReactorCBLs.Reactor_Laser_Mk3_2.NeonStuff.MidNeon.Part ~(18.8, 283.5, -59.2).Color = 0, 0, 0   [was 0, 0, 0, 3 change(s)]
ReactorCBLs        ReactorCBLs.Reactor_Laser_Mk3_2.NeonStuff.MidNeon.Part ~(20.5, 285.3, -58.2).Color = 0, 0, 0   [was 0, 0, 0, 3 change(s)]
ReactorCBLs        ReactorCBLs.Reactor_Laser_Mk3_2.NeonStuff.MidNeon.Part ~(25.1, 285.0, -55.6).Color = 0, 0, 0   [was 0, 0, 0, 3 change(s)]
ReactorCBLs        ReactorCBLs.Reactor_Laser_Mk3_2.NeonStuff.MidNeon.Part ~(22.8, 285.8, -56.9).Color = 0, 0, 0   [was 0, 0, 0, 3 change(s)]
ReactorCBLs        ReactorCBLs.Reactor_Laser_Mk3_2.NeonStuff.MidNeon.Part ~(24.7, 285.3, -55.8).Color = 0, 0, 0   [was 0, 0, 0, 3 change(s)]
ReactorCBLs        ReactorCBLs.Reactor_Laser_Mk3_2.NeonStuff.MidNeon.Part ~(22.4, 285.8, -57.1).Color = 0, 0, 0   [was 0, 0, 0, 3 change(s)]
ReactorCBLs        ReactorCBLs.Reactor_Laser_Mk3_2.NeonStuff.MidNeon.Part ~(24.7, 276.0, -55.8).Color = 0, 0, 0   [was 0, 0, 0, 3 change(s)]
ReactorCBLs        ReactorCBLs.Reactor_Laser_Mk3_2.NeonStuff.MidNeon.Part ~(26.4, 283.4, -54.8).Color = 0, 0, 0   [was 0, 0, 0, 3 change(s)]
ReactorCBLs        ReactorCBLs.Reactor_Laser_Mk3_2.NeonStuff.MidNeon.Part ~(22.4, 275.4, -57.1).Color = 0, 0, 0   [was 0, 0, 0, 3 change(s)]
ReactorCBLs        ReactorCBLs.Reactor_Laser_Mk3_2.NeonStuff.MidNeon.Part ~(22.8, 275.4, -56.9).Color = 0, 0, 0   [was 0, 0, 0, 3 change(s)]
ReactorCBLs        ReactorCBLs.Reactor_Laser_Mk3_2.NeonStuff.MidNeon.Part ~(26.4, 277.8, -54.8).Color = 0, 0, 0   [was 0, 0, 0, 3 change(s)]
ReactorCBLs        ReactorCBLs.Reactor_Laser_Mk3_2.NeonStuff.MidNeon.Part ~(25.1, 276.2, -55.6).Color = 0, 0, 0   [was 0, 0, 0, 3 change(s)]
ReactorCBLs        ReactorCBLs.Reactor_Laser_Mk3_2.NeonStuff.MidNeon.Part ~(26.6, 278.2, -54.7).Color = 0, 0, 0   [was 0, 0, 0, 3 change(s)]
ReactorCBLs        ReactorCBLs.Reactor_Laser_Mk3_2.NeonStuff.MidNeon.Part ~(27.1, 280.9, -54.4).Color = 0, 0, 0   [was 0, 0, 0, 3 change(s)]
ReactorCBLs        ReactorCBLs.Reactor_Laser_Mk3_2.NeonStuff.MidNeon.Part ~(27.1, 280.4, -54.4).Color = 0, 0, 0   [was 0, 0, 0, 3 change(s)]
ReactorCBLs        ReactorCBLs.Reactor_Laser_Mk3_2.NeonStuff.MidNeon.Part ~(26.6, 283.0, -54.7).Color = 0, 0, 0   [was 0, 0, 0, 3 change(s)]
ReactorCBLs        ReactorCBLs.Reactor_Laser_Mk3_2.NeonStuff.DetailNeon.Part3.Color = 0, 0, 0   [was 0, 0, 0, 3 change(s)]
ReactorCBLs        ReactorCBLs.Reactor_Laser_Mk3_2.NeonStuff.DetailNeon.Part.Color = 0, 0, 0   [was 0, 0, 0, 3 change(s)]
ReactorCBLs        ReactorCBLs.Reactor_Laser_Mk3_2.NeonStuff.DetailNeon.Part2.Color = 0, 0, 0   [was 0, 0, 0, 3 change(s)]
ReactorCBLs        ReactorCBLs.Reactor_Laser_Mk3_2.NeonStuff.TankNeon.Part.Color = 0, 0, 0   [was 0, 0, 0, 3 change(s)]
ReactorCBLs        ReactorCBLs.Reactor_Laser_Mk3_2.NeonStuff.TankNeon.Part ~(38.8, 279.6, -74.2).Color = 0, 0, 0   [was 0, 0, 0, 3 change(s)]
ReactorCBLs        ReactorCBLs.Reactor_Laser_Mk3_2.NeonStuff.TankNeon.Part ~(35.7, 275.4, -76.0).Color = 0, 0, 0   [was 0, 0, 0, 3 change(s)]
ReactorCBLs        ReactorCBLs.Reactor_Laser_Mk3_2.NeonStuff.TankNeon.Part ~(37.2, 276.4, -75.2).Color = 0, 0, 0   [was 0, 0, 0, 3 change(s)]
ReactorCBLs        ReactorCBLs.Reactor_Laser_Mk3_2.NeonStuff.TankNeon.Part ~(32.5, 275.4, -77.9).Color = 0, 0, 0   [was 0, 0, 0, 3 change(s)]
ReactorCBLs        ReactorCBLs.Reactor_Laser_Mk3_2.NeonStuff.TankNeon.Part ~(35.7, 285.8, -76.0).Color = 0, 0, 0   [was 0, 0, 0, 3 change(s)]
ReactorCBLs        ReactorCBLs.Reactor_Laser_Mk3_2.NeonStuff.TankNeon.Part ~(31.1, 284.8, -78.7).Color = 0, 0, 0   [was 0, 0, 0, 3 change(s)]
ReactorCBLs        ReactorCBLs.Reactor_Laser_Mk3_2.NeonStuff.TankNeon.Part ~(29.4, 281.6, -79.6).Color = 0, 0, 0   [was 0, 0, 0, 3 change(s)]
ReactorCBLs        ReactorCBLs.Reactor_Laser_Mk3_2.NeonStuff.TankNeon.Part ~(32.5, 285.8, -77.9).Color = 0, 0, 0   [was 0, 0, 0, 3 change(s)]
ReactorCBLs        ReactorCBLs.Reactor_Laser_Mk3_2.NeonStuff.TankNeon.Part ~(29.4, 279.6, -79.6).Color = 0, 0, 0   [was 0, 0, 0, 3 change(s)]
ReactorCBLs        ReactorCBLs.Reactor_Laser_Mk3_2.NeonStuff.TankNeon.Part ~(31.1, 276.4, -78.7).Color = 0, 0, 0   [was 0, 0, 0, 3 change(s)]
ReactorCBLs        ReactorCBLs.Reactor_Laser_Mk3_2.NeonStuff.TankNeon.Part ~(37.2, 284.8, -75.2).Color = 0, 0, 0   [was 0, 0, 0, 3 change(s)]
ReactorCBLs        ReactorCBLs.Reactor_Laser_Mk3_2.Effects.LightningParticles.Lightning.TrailElectricityBlur.Enabled = false   [was false, 2 change(s)]
ReactorCBLs        ReactorCBLs.Reactor_Laser_Mk3_2.Effects.LightningParticles.Lightning.SmokeParticle.Enabled = false   [was false, 2 change(s)]
ReactorCBLs        ReactorCBLs.Reactor_Laser_Mk3_2.Effects.LightningParticles.Lightning.SmokeParticle #2.Enabled = false   [was false, 2 change(s)]
ReactorCBLs        ReactorCBLs.Reactor_Laser_Mk3_2.Effects.LightningParticles.Lightning.TrailElectricityBlur #2.Enabled = false   [was false, 2 change(s)]
ReactorCBLs        ReactorCBLs.Reactor_Laser_Mk3_2.Effects.LightningParticles.Lightning.TrailElectricityBlur #3.Enabled = false   [was false, 2 change(s)]
ReactorCBLs        ReactorCBLs.Reactor_Laser_Mk3_2.Effects.LightningParticles.Lightning.SmokeParticle #3.Enabled = false   [was false, 2 change(s)]
ReactorCBLs        ReactorCBLs.Reactor_Laser_Mk3_2.Effects.LightningParticles.Lightning.SmokeParticle #4.Enabled = false   [was false, 2 change(s)]
ReactorCBLs        ReactorCBLs.Reactor_Laser_Mk3_2.Effects.LightningParticles.Lightning.TrailElectricityBlur #4.Enabled = false   [was false, 2 change(s)]
ReactorCBLs        ReactorCBLs.Reactor_Laser_Mk3_2.Effects.LightningParticles.Lightning.TrailElectricityBlur #5.Enabled = false   [was false, 2 change(s)]
ReactorCBLs        ReactorCBLs.Reactor_Laser_Mk3_2.Effects.LightningParticles.Lightning.SmokeParticle #5.Enabled = false   [was false, 2 change(s)]
ReactorCBLs        ReactorCBLs.Reactor_Laser_Mk3_2.Effects.LightningParticles.Lightning.SmokeParticle #6.Enabled = false   [was false, 2 change(s)]
ReactorCBLs        ReactorCBLs.Reactor_Laser_Mk3_2.Effects.LightningParticles.Lightning.TrailElectricityBlur #6.Enabled = false   [was false, 2 change(s)]
ReactorCBLs        ReactorCBLs.Reactor_Laser_Mk3_2.Effects.SpinnyThingsFront.SpinnyLaserThingy.CFrame = 16.634655, 280.603851, -46.6532097, -0.500276804, -0.541003466, 0.676046133, 1.90138817e-05, -0.780781806, -0.624803722, 0.865865469, -0.312561929, 0.390617311   [was 16.6352711, 280.603058, -46.6528511, -0.49986437, -0.612464309, -0.612391174, -1.49011612e-06, 0.707064986, -0.707148254, 0.866103649, -0.353477299, -0.353437513, 29 change(s)]
ReactorCBLs        ReactorCBLs.Reactor_Laser_Mk3_2.Effects.SpinnyThingsFront.SpinnyLaserThingy ~(16.6, 280.6, -46.7).CFrame = 16.6346607, 280.603851, -46.6532402, -0.500276804, -0.130520314, 0.855971694, 1.90138817e-05, -0.988575101, -0.150728822, 0.865865469, -0.0753898621, 0.494563699   [was 16.6352844, 280.603058, -46.6528816, -0.49986437, -0.836599827, -0.224134326, -1.49011612e-06, 0.258785427, -0.965934634, 0.866103649, -0.482836008, -0.129358873, 29 change(s)]
ReactorCBLs        ReactorCBLs.Reactor_Laser_Mk3_2.Effects.SpinnyThingsFront.SpinnyLaserThingy ~(16.6, 280.6, -46.7) #2.CFrame = 16.6346588, 280.603851, -46.6532555, -0.500276804, 0.314945459, 0.806555927, 1.90138817e-05, -0.931498528, 0.363745093, 0.865865469, 0.181988567, 0.466001123   [was 16.635294, 280.603058, -46.6528893, -0.49986437, -0.83658576, 0.224187195, -1.49011612e-06, -0.258844793, -0.965918779, 0.866103649, -0.482828707, 0.129386038, 29 change(s)]
ReactorCBLs        ReactorCBLs.Reactor_Laser_Mk3_2.Effects.SpinnyThingsFront.SpinnyLaserThingy ~(16.6, 280.6, -46.7) #3.CFrame = 16.6346493, 280.603882, -46.6532593, -0.500276804, 0.676020622, 0.541035354, 1.90138817e-05, -0.624840498, 0.780752301, 0.865865469, 0.390602589, 0.312580347   [was 16.635313, 280.603088, -46.6528778, -0.49986437, -0.612420082, 0.61243546, -1.49011612e-06, -0.707114935, -0.707098365, 0.866103649, -0.353454202, 0.35346064, 29 change(s)]
ReactorCBLs        ReactorCBLs.Reactor_Laser_Mk3_2.Effects.SpinnyThingsFront.SpinnyLaserThingy ~(16.6, 280.6, -46.7) #4.CFrame = 16.6346951, 280.603851, -46.6532707, -0.500276804, 0.855969727, 0.130533665, 1.90138817e-05, -0.150744259, 0.988572836, 0.865865469, 0.494562536, 0.0753975809   [was 16.6353016, 280.603058, -46.6529198, -0.49986437, -0.224147409, 0.836596429, -1.49011612e-06, -0.965930641, -0.258800507, 0.866103649, -0.129366413, 0.482833982, 29 change(s)]
ReactorCBLs        ReactorCBLs.Reactor_Laser_Mk3_2.Effects.SpinnyThingsFront.SpinnyLaserThingy ~(16.6, 280.6, -46.7) #5.CFrame = 16.6347122, 280.60379, -46.6532822, -0.500276804, 0.806536615, -0.314995229, 1.90138817e-05, 0.363802552, 0.931476176, 0.865865469, 0.465989947, -0.182017326   [was 16.6352654, 280.603058, -46.6529617, -0.49986437, 0.224238798, 0.836571991, -1.49011612e-06, -0.965902925, 0.258904397, 0.866103649, 0.12941584, 0.482820779, 29 change(s)]
ReactorCBLs        ReactorCBLs.Reactor_Laser_Mk3_2.Effects.SpinnyThingsFront.WeldThing.CFrame = 17.5595703, 280.603516, -48.2548828, -0.500276804, -0.697535276, 0.5129987, 1.90138817e-05, -0.592478096, -0.805586517, 0.865865469, -0.403006494, 0.296416312   [was 17.5595703, 280.603516, -48.2548828, -0.49986437, -0.433107674, -0.750035524, -1.49011612e-06, 0.865988433, -0.500063658, 0.866103649, -0.249962881, -0.432877421, 29 change(s)]
ReactorCBLs        ReactorCBLs.Reactor_Laser_Mk3_2.Effects.SpinnyThingsFront.SpinnyLaserThingy ~(16.6, 280.6, -46.7) #6.CFrame = 16.6346455, 280.603821, -46.6532135, -0.500276804, -0.697535276, 0.5129987, 1.90138817e-05, -0.592478096, -0.805586517, 0.865865469, -0.403006494, 0.296416312   [was 16.6352406, 280.603058, -46.6528702, -0.49986437, -0.433107674, -0.750035524, -1.49011612e-06, 0.865988433, -0.500063658, 0.866103649, -0.249962881, -0.432877421, 29 change(s)]
ReactorCBLs        ReactorCBLs.Reactor_Laser_Mk3_2.Effects.SpinnyThingsFront.SpinnyLaserThingy ~(16.6, 280.6, -46.7) #7.CFrame = 16.6346474, 280.603882, -46.6532364, -0.500276804, -0.347625971, 0.793019176, 1.90138817e-05, -0.915873051, -0.40146789, 0.865865469, -0.200829968, 0.45819667   [was 16.6352921, 280.603058, -46.6528625, -0.49986437, -0.750077128, -0.433035731, -1.49011612e-06, 0.499982059, -0.866035581, 0.866103649, -0.432899714, -0.249924347, 29 change(s)]
ReactorCBLs        ReactorCBLs.Reactor_Laser_Mk3_2.Effects.SpinnyThingsFront.SpinnyLaserThingy ~(16.6, 280.6, -46.7) #8.CFrame = 16.6346684, 280.603851, -46.6532478, -0.500276804, 0.0954568088, 0.860587656, 1.90138817e-05, -0.993903279, 0.110255301, 0.865865469, 0.0551745296, 0.497224957   [was 16.6352921, 280.603058, -46.6528893, -0.49986437, -0.866103649, 1.87158585e-05, -1.49011612e-06, -2.07722187e-05, -0.999999821, 0.866103649, -0.49986428, 9.07480717e-06, 29 change(s)]
ReactorCBLs        ReactorCBLs.Reactor_Laser_Mk3_2.Effects.SpinnyThingsFront.SpinnyLaserThingy ~(16.6, 280.6, -46.7) #9.CFrame = 16.6346607, 280.603882, -46.6532555, -0.500276804, 0.5129987, 0.697535276, 1.90138817e-05, -0.805586517, 0.592478096, 0.865865469, 0.296416312, 0.403006494   [was 16.6353035, 280.603058, -46.6528816, -0.49986437, -0.750035524, 0.433107674, -1.49011612e-06, -0.500063658, -0.865988433, 0.866103649, -0.432877421, 0.249962881, 29 change(s)]
ReactorCBLs        ReactorCBLs.Reactor_Laser_Mk3_2.Effects.SpinnyThingsFront.SpinnyLaserThingy ~(16.6, 280.6, -46.7) #10.CFrame = 16.6346836, 280.603851, -46.6532631, -0.500276804, 0.793021262, 0.347621024, 1.90138817e-05, -0.401462227, 0.915875554, 0.865865469, 0.458197922, 0.200827137   [was 16.6352825, 280.603058, -46.652916, -0.49986437, -0.433031082, 0.750079751, -1.49011612e-06, -0.86603868, -0.499976695, 0.866103649, -0.249921679, 0.432901233, 29 change(s)]
ReactorCBLs        ReactorCBLs.Reactor_Laser_Mk3_2.Effects.SpinnyThingsFront.SpinnyLaserThingy ~(16.6, 280.6, -46.7) #11.CFrame = 16.6346912, 280.603851, -46.6532898, -0.500276804, 0.860586166, -0.0954711437, 1.90138817e-05, 0.110271871, 0.99390161, 0.865865469, 0.497224092, -0.0551828146   [was 16.6353035, 280.603058, -46.652935, -0.49986437, 3.31401825e-05, 0.866103828, -1.49011612e-06, -1, 3.74317169e-05, 0.866103649, 1.74045563e-05, 0.49986437, 29 change(s)]
ReactorCBLs        ReactorCBLs.Reactor_Laser_Mk3_2.Effects.SpinnyThingsFront.Moter.HingeConstraint.AngularVelocity = 0   [was 0, 2 change(s)]
ReactorCBLs        ReactorCBLs.Reactor_Laser_Mk3_2.Effects.SpinnyThingsBack.Moter.HingeConstraint.AngularVelocity = 0   [was 0, 2 change(s)]
ReactorCBLs        ReactorCBLs.Reactor_Laser_Mk3_2.Effects.SpinnyThingsBack.WeldThing.CFrame = 31.5810547, 280.603516, -72.5410156, -0.500081301, 0.143333465, -0.854034066, 0.000197000802, 0.986226082, 0.165404007, 0.865978479, 0.0825472102, -0.493221462   [was 31.5810547, 280.603516, -72.5410156, -0.49986437, -0.433107674, -0.750035524, -1.49011612e-06, 0.865988433, -0.500063658, 0.866103649, -0.249962881, -0.432877421, 29 change(s)]
ReactorCBLs        ReactorCBLs.Reactor_Laser_Mk3_2.Effects.SpinnyThingsBack.SpinnyLaserThingy.CFrame = 30.6055069, 280.603363, -70.85186, -0.500081301, -0.0825780779, -0.862032175, 0.000197000802, 0.995432317, -0.0954714268, 0.865978479, -0.0479132906, -0.49778083   [was 30.6062489, 280.603027, -70.8514328, -0.49986437, -0.612464309, -0.612391174, -1.49011612e-06, 0.707064986, -0.707148254, 0.866103649, -0.353477299, -0.353437513, 29 change(s)]
ReactorCBLs        ReactorCBLs.Reactor_Laser_Mk3_2.Effects.SpinnyThingsBack.SpinnyLaserThingy ~(30.6, 280.6, -70.9).CFrame = 30.6055222, 280.603363, -70.8518906, -0.500081301, -0.502513766, -0.705264866, 0.000197000802, 0.814347982, -0.580377162, 0.865978479, -0.290374726, -0.407141209   [was 30.6062546, 280.603058, -70.8514633, -0.49986437, -0.836599827, -0.224134326, -1.49011612e-06, 0.258785427, -0.965934634, 0.866103649, -0.482836008, -0.129358873, 29 change(s)]
ReactorCBLs        ReactorCBLs.Reactor_Laser_Mk3_2.Effects.SpinnyThingsBack.SpinnyLaserThingy ~(30.6, 280.6, -70.9) #2.CFrame = 30.6055317, 280.603363, -70.8519135, -0.500081301, -0.787819266, -0.359526724, 0.000197000802, 0.415064752, -0.909792125, 0.865978479, -0.455040842, -0.207410932   [was 30.606266, 280.603027, -70.8514862, -0.49986437, -0.83658576, 0.224187195, -1.49011612e-06, -0.258844793, -0.965918779, 0.866103649, -0.482828707, 0.129386038, 29 change(s)]
ReactorCBLs        ReactorCBLs.Reactor_Laser_Mk3_2.Effects.SpinnyThingsBack.SpinnyLaserThingy ~(30.6, 280.6, -70.9) #3.CFrame = 30.605545, 280.603363, -70.8518982, -0.500081301, -0.862036109, 0.0825374424, 0.000197000802, -0.0954244882, -0.995436847, 0.865978479, -0.497783124, 0.0478898063   [was 30.6062775, 280.603058, -70.8514709, -0.49986437, -0.612420082, 0.61243546, -1.49011612e-06, -0.707114935, -0.707098365, 0.866103649, -0.353454202, 0.35346064, 29 change(s)]
ReactorCBLs        ReactorCBLs.Reactor_Laser_Mk3_2.Effects.SpinnyThingsBack.SpinnyLaserThingy ~(30.6, 280.6, -70.9) #4.CFrame = 30.6055279, 280.603363, -70.8519363, -0.500081301, -0.705272734, 0.502502859, 0.000197000802, -0.580364585, -0.814357102, 0.865978479, -0.407145768, 0.290368378   [was 30.6062641, 280.603027, -70.8515167, -0.49986437, -0.224147409, 0.836596429, -1.49011612e-06, -0.965930641, -0.258800507, 0.866103649, -0.129366413, 0.482833982, 29 change(s)]
ReactorCBLs        ReactorCBLs.Reactor_Laser_Mk3_2.Effects.SpinnyThingsBack.SpinnyLaserThingy ~(30.6, 280.6, -70.9) #5.CFrame = 30.6055012, 280.603394, -70.8519745, -0.500081301, -0.359478176, 0.787841558, 0.000197000802, -0.909817755, -0.415008724, 0.865978479, -0.207382888, 0.455053657   [was 30.6062374, 280.603027, -70.8515472, -0.49986437, 0.224238798, 0.836571991, -1.49011612e-06, -0.965902925, 0.258904397, 0.866103649, 0.12941584, 0.482820779, 29 change(s)]
ReactorCBLs        ReactorCBLs.Reactor_Laser_Mk3_2.Effects.SpinnyThingsBack.SpinnyLaserThingy ~(30.6, 280.6, -70.9) #6.CFrame = 30.6054802, 280.603394, -70.8518677, -0.500081301, 0.143333465, -0.854034066, 0.000197000802, 0.986226082, 0.165404007, 0.865978479, 0.0825472102, -0.493221462   [was 30.6062069, 280.603058, -70.8514481, -0.49986437, -0.433107674, -0.750035524, -1.49011612e-06, 0.865988433, -0.500063658, 0.866103649, -0.249962881, -0.432877421, 29 change(s)]
ReactorCBLs        ReactorCBLs.Reactor_Laser_Mk3_2.Effects.SpinnyThingsBack.SpinnyLaserThingy ~(30.6, 280.6, -70.9) #7.CFrame = 30.6055088, 280.603333, -70.8518906, -0.500081301, -0.30284366, -0.811298013, 0.000197000802, 0.936817408, -0.349819362, 0.865978479, -0.175097942, -0.468425184   [was 30.6062603, 280.603027, -70.8514557, -0.49986437, -0.750077128, -0.433035731, -1.49011612e-06, 0.499982059, -0.866035581, 0.866103649, -0.432899714, -0.249924347, 29 change(s)]
ReactorCBLs        ReactorCBLs.Reactor_Laser_Mk3_2.Effects.SpinnyThingsBack.SpinnyLaserThingy ~(30.6, 280.6, -70.9) #8.CFrame = 30.6055298, 280.603363, -70.8519135, -0.500081301, -0.667919338, -0.551182747, 0.000197000802, 0.636397898, -0.771361232, 0.865978479, -0.38585192, -0.318119109   [was 30.6062679, 280.603027, -70.8514862, -0.49986437, -0.866103649, 1.87158585e-05, -1.49011612e-06, -2.07722187e-05, -0.999999821, 0.866103649, -0.49986428, 9.07480717e-06, 29 change(s)]
ReactorCBLs        ReactorCBLs.Reactor_Laser_Mk3_2.Effects.SpinnyThingsBack.SpinnyLaserThingy ~(30.6, 280.6, -70.9) #9.CFrame = 30.6055412, 280.603363, -70.8518982, -0.500081301, -0.854034066, -0.143333465, 0.000197000802, 0.165404007, -0.986226082, 0.865978479, -0.493221462, -0.0825472102   [was 30.6062813, 280.603058, -70.8514709, -0.49986437, -0.750035524, 0.433107674, -1.49011612e-06, -0.500063658, -0.865988433, 0.866103649, -0.432877421, 0.249962881, 29 change(s)]
ReactorCBLs        ReactorCBLs.Reactor_Laser_Mk3_2.Effects.SpinnyThingsBack.SpinnyLaserThingy ~(30.6, 280.6, -70.9) #10.CFrame = 30.6055374, 280.603363, -70.8519287, -0.500081301, -0.811296105, 0.302848637, 0.000197000802, -0.349825144, -0.936815262, 0.865978479, -0.468424112, 0.175100818   [was 30.6062717, 280.603058, -70.8515015, -0.49986437, -0.433031082, 0.750079751, -1.49011612e-06, -0.86603868, -0.499976695, 0.866103649, -0.249921679, 0.432901233, 29 change(s)]
ReactorCBLs        ReactorCBLs.Reactor_Laser_Mk3_2.Effects.SpinnyThingsBack.SpinnyLaserThingy ~(30.6, 280.6, -70.9) #11.CFrame = 30.6055374, 280.603363, -70.8519592, -0.500081301, -0.55117172, 0.667928636, 0.000197000802, -0.771371961, -0.636385083, 0.865978479, -0.318112731, 0.385857284   [was 30.6062775, 280.603027, -70.851532, -0.49986437, 3.31401825e-05, 0.866103828, -1.49011612e-06, -1, 3.74317169e-05, 0.866103649, 1.74045563e-05, 0.49986437, 29 change(s)]
ReactorCBLs        ReactorCBLs.Reactor_Laser_Mk3_2.Effects.SlightlyBetterSpinnyThing.Model.Union.CFrame = 11.7491865, 280.572998, -31.8514233, -0.499946117, -0.866017401, -0.00822816789, -9.14931297e-05, 0.00955359638, -0.999954343, 0.866056561, -0.499922514, -0.00485551823   [was 7.05549097, 278.358826, -34.5612793, -0.500176787, 0.612375796, -0.612224758, 0.000134062022, 0.707074285, 0.707139254, 0.865923285, 0.353612542, -0.353744239, 29 change(s)]
ReactorCBLs        ReactorCBLs.Reactor_Laser_Mk3_2.Effects.SlightlyBetterSpinnyThing.Model.Union ~(10.9, 282.8, -32.3).CFrame = 6.25069809, 280.633484, -35.0255318, -0.499946117, 0.866017401, 0.00822816789, -9.14931297e-05, -0.00955359638, 0.999954343, 0.866056561, 0.499922514, 0.00485551823   [was 10.9434748, 282.848297, -32.3162041, -0.500176787, -0.612375796, 0.612224758, 0.000134062022, -0.707074285, -0.707139254, 0.865923285, -0.353612542, 0.353744239, 29 change(s)]
ReactorCBLs        ReactorCBLs.Reactor_Laser_Mk3_2.Effects.SlightlyBetterSpinnyThing.Model.Union ~(6.3, 279.8, -35.0).CFrame = 11.3678894, 278.989716, -32.0717354, -0.499928266, -0.7459023, -0.440115392, -9.72193811e-05, 0.50822556, -0.861224294, 0.866067052, -0.4305076, -0.254148841   [was 6.34404707, 279.782013, -34.9724808, -0.50019294, 0.836428642, -0.22404176, 0.000123304912, 0.25880307, 0.965930343, 0.865914106, 0.483123571, -0.129554719, 29 change(s)]
ReactorCBLs        ReactorCBLs.Reactor_Laser_Mk3_2.Effects.SlightlyBetterSpinnyThing.Model.Union ~(11.7, 281.4, -31.9).CFrame = 6.63206196, 282.216644, -34.8052139, -0.499928385, 0.7459023, 0.440115303, -9.71884438e-05, -0.508225501, 0.861224055, 0.866066992, 0.430507481, 0.254148841   [was 11.6548185, 281.42514, -31.9050961, -0.500192821, -0.836428523, 0.224041641, 0.000123368125, -0.258803129, -0.965930104, 0.865914166, -0.48312366, 0.129554659, 29 change(s)]
ReactorCBLs        ReactorCBLs.Reactor_Laser_Mk3_2.Effects.SlightlyBetterSpinnyThing.Model.Union ~(6.3, 281.4, -35.0).CFrame = 10.3520136, 277.838837, -32.6583061, -0.499981612, -0.425893188, -0.754077852, -0.000138191434, 0.870762587, -0.49170351, 0.866036057, -0.245738447, -0.435424119   [was 6.34421539, 281.425354, -34.9726562, -0.50018084, 0.836379766, 0.224249929, 0.000196018111, -0.258863389, 0.965913892, 0.865920961, 0.483175576, 0.129314557, 29 change(s)]
ReactorCBLs        ReactorCBLs.Reactor_Laser_Mk3_2.Effects.SlightlyBetterSpinnyThing.Model.Union ~(11.7, 279.8, -31.9).CFrame = 7.64790535, 283.367554, -34.2186813, -0.499981612, 0.425893158, 0.754077852, -0.000138191434, -0.870762587, 0.49170351, 0.866036057, 0.245738491, 0.435424119   [was 11.6546926, 279.78183, -31.9049149, -0.50018084, -0.836379766, -0.224249929, 0.000196018111, 0.258863389, -0.965913892, 0.865920961, -0.483175516, -0.129314557, 29 change(s)]
ReactorCBLs        ReactorCBLs.Reactor_Laser_Mk3_2.Effects.SlightlyBetterSpinnyThing.Model.Union ~(7.1, 282.8, -34.6).CFrame = 8.97391701, 277.428711, -33.4539146, -0.499946117, 0.00822816789, -0.866017401, -9.14931297e-05, 0.999954343, 0.00955359638, 0.866056561, 0.00485551823, -0.499922514   [was 7.05585003, 282.84845, -34.5618553, -0.500176787, 0.612224758, 0.612375796, 0.000134062022, -0.707139254, 0.707074285, 0.865923285, 0.353744239, 0.353612542, 29 change(s)]
ReactorCBLs        ReactorCBLs.Reactor_Laser_Mk3_2.Effects.SlightlyBetterSpinnyThing.Model.Union ~(10.9, 278.4, -32.3).CFrame = 9.0260191, 283.77774, -33.4230957, -0.499946117, -0.00822816789, 0.866017401, -9.14931297e-05, -0.999954343, -0.00955359638, 0.866056561, -0.00485551823, 0.499922514   [was 10.9431076, 278.358704, -32.3157234, -0.500176787, -0.612224758, -0.612375796, 0.000134062022, 0.707139254, -0.707074285, 0.865923285, -0.353744239, -0.353612542, 29 change(s)]
ReactorCBLs        ReactorCBLs.Reactor_Laser_Mk3_2.Effects.SlightlyBetterSpinnyThing.Model.Union ~(8.3, 283.7, -33.9).CFrame = 7.60277796, 277.869202, -34.2454185, -0.499980837, 0.440144747, -0.745849669, -4.40203912e-05, 0.861209035, 0.508250833, 0.866036534, 0.254148483, -0.430568606   [was 8.28831196, 283.670044, -33.8501205, -0.500123143, 0.224024504, 0.836474657, 0.000129423017, -0.965937674, 0.258774638, 0.86595422, 0.12952745, 0.48305881, 29 change(s)]
ReactorCBLs        ReactorCBLs.Reactor_Laser_Mk3_2.Effects.SlightlyBetterSpinnyThing.Model.Union ~(9.7, 277.5, -33.0).CFrame = 10.3969984, 283.337158, -32.6317177, -0.499980837, -0.440144777, 0.745849669, -4.40203912e-05, -0.861209035, -0.508250833, 0.866036534, -0.254148453, 0.430568606   [was 9.71073151, 277.537292, -33.0274391, -0.500123143, -0.224024534, -0.836474657, 0.000129423017, 0.965937674, -0.258774638, 0.86595422, -0.129527405, -0.48305881, 29 change(s)]
ReactorCBLs        ReactorCBLs.Reactor_Laser_Mk3_2.Effects.SlightlyBetterSpinnyThing.Model.Union ~(9.7, 283.7, -33.0).CFrame = 6.60603714, 279.042206, -34.8206978, -0.499928266, 0.754130006, -0.425863475, -8.61918816e-05, 0.49167791, 0.87077713, 0.866066992, 0.435362756, -0.245738685   [was 9.71127415, 283.669983, -33.0282021, -0.500186145, -0.224234939, 0.83638078, 0.000115591669, -0.965906382, -0.258891821, 0.8659181, -0.129397407, 0.483158737, 29 change(s)]
ReactorCBLs        ReactorCBLs.Reactor_Laser_Mk3_2.Effects.SlightlyBetterSpinnyThing.Model.Union ~(8.3, 277.5, -33.8).CFrame = 11.3937435, 282.164215, -32.0564766, -0.499928147, -0.754130006, 0.425863564, -8.61632288e-05, -0.49167797, -0.870777369, 0.866067052, -0.435362875, 0.2457387   [was 8.28782558, 277.537323, -33.8493614, -0.500186145, 0.224235028, -0.836380899, 0.000115486306, 0.965906441, 0.25889194, 0.86591804, 0.129397303, -0.483158857, 29 change(s)]
ReactorCBLs        ReactorCBLs.Reactor_Laser_Mk3_2.Effects.SlightlyBetterSpinnyThing.Moter.HingeConstraint.AngularVelocity = 0   [was 0, 2 change(s)]
ReactorCBLs        ReactorCBLs.Reactor_Laser_Mk3_2.Effects.SlightlyBetterSpinnyThing.NeonPart.CFrame = 8.99988842, 280.60321, -33.4386444, -0.499928266, -0.00821587443, 0.866027892, -8.61918816e-05, -0.999954522, -0.00953620672, 0.866066992, -0.00484204292, 0.499904782   [was 8.9995842, 280.603699, -33.4388199, -0.500186145, -0.612238169, -0.612354875, 0.000115591669, 0.707126975, -0.707086682, 0.8659181, -0.35374561, -0.353624254, 29 change(s)]
ReactorCBLs        ReactorCBLs.Reactor_Laser_Mk3_2.Effects.SlightlyBetterSpinnyThing.Thing.CFrame = 8.98730469, 280.603516, -33.4169922, -0.866017401, -0.499946117, 0.00822816789, 0.00955359638, -9.14931297e-05, 0.999954343, -0.499922514, 0.866056561, 0.00485551823   [was 8.98730469, 280.603516, -33.4169922, 0.612375796, -0.500176787, 0.612224758, 0.707074285, 0.000134062022, -0.707139254, 0.353612542, 0.865923285, 0.353744239, 29 change(s)]
ReactorCBLs        ReactorCBLs.Reactor_Laser_Mk3_2.Effects.VentParticalPart.ParticleEmitter.Enabled = false   [was false, 4 change(s)]
ReactorCBLs        ReactorCBLs.Reactor_Laser_Mk3_2.Effects.OverHeatEffectPart.Lightning.Enabled = false   [was false, 2 change(s)]
ReactorCBLs        ReactorCBLs.Reactor_Laser_Mk3_2.Effects.FiringEffectPart.Size = 0.0010000000474974513, 0.0010000000474974513, 0.0010000000474974513   [was 30, 30, 30, 2 change(s)]
ReactorCBLs        ReactorCBLs.Reactor_Laser_Mk3_2.Effects.FiringEffectPart.Transparency = 0   [was 1, 2 change(s)]
ReactorCBLs        ReactorCBLs.Reactor_Laser_Mk3_2.Effects.LaserParticles.Charge_Fire.ParticleEmitter1.Enabled = false   [was false, 2 change(s)]
ReactorCBLs        ReactorCBLs.Reactor_Laser_Mk3_2.Effects.LaserParticles.Charge_Fire.ParticleEmitter2.Enabled = false   [was false, 2 change(s)]
ReactorCBLs        ReactorCBLs.Reactor_Laser_Mk3_2.Effects.LaserParticles.Charge_Fire.DisplacedSmoke.Enabled = false   [was false, 2 change(s)]
ReactorCBLs        ReactorCBLs.Reactor_Laser_Mk3_2.Effects.LaserParticles.ParticleEmitter.Enabled = false   [was false, 2 change(s)]
ReactorCBLs        ReactorCBLs.Reactor_Laser_Mk3_2.Effects.SoundPart.LaserVentSFX.Playing = false   [was false, 4 change(s)]
ReactorCBLs        ReactorCBLs.Reactor_Laser_Mk3_2.Effects.SoundPart.AmbientHum.Pitch = 0   [was 0, 3 change(s)]
ReactorCBLs        ReactorCBLs.Reactor_Laser_Mk3_2.Effects.ThermalOutline.Transparency = 1.5   [was 1, 23 change(s)]
ReactorCBLs        ReactorCBLs.Reactor_Laser_Mk3_1.Laser.LaserPart.Transparency = 1   [was 1, 2 change(s)]
ReactorCBLs        ReactorCBLs.Reactor_Laser_Mk3_1.Laser.Main.Transparency = 1   [was 1, 2 change(s)]
ReactorCBLs        ReactorCBLs.Reactor_Laser_Mk3_1.NeonStuff.PillarNeon.Neon.Color = 0, 0, 0   [was 0, 0, 0, 3 change(s)]
ReactorCBLs        ReactorCBLs.Reactor_Laser_Mk3_1.NeonStuff.PillarNeon.Neon ~(-56.5, 280.6, -5.5).Color = 0, 0, 0   [was 0, 0, 0, 3 change(s)]
ReactorCBLs        ReactorCBLs.Reactor_Laser_Mk3_1.NeonStuff.PillarNeon.Neon ~(-56.5, 283.0, -4.8).Color = 0, 0, 0   [was 0, 0, 0, 3 change(s)]
ReactorCBLs        ReactorCBLs.Reactor_Laser_Mk3_1.NeonStuff.PillarNeon.Neon ~(-56.5, 285.4, -0.7).Color = 0, 0, 0   [was 0, 0, 0, 3 change(s)]
ReactorCBLs        ReactorCBLs.Reactor_Laser_Mk3_1.NeonStuff.PillarNeon.Neon ~(-56.5, 276.4, -3.1).Color = 0, 0, 0   [was 0, 0, 0, 3 change(s)]
ReactorCBLs        ReactorCBLs.Reactor_Laser_Mk3_1.NeonStuff.PillarNeon.Neon ~(-56.5, 284.8, -3.1).Color = 0, 0, 0   [was 0, 0, 0, 3 change(s)]
ReactorCBLs        ReactorCBLs.Reactor_Laser_Mk3_1.NeonStuff.PillarNeon.Neon ~(-56.5, 275.8, -0.7).Color = 0, 0, 0   [was 0, 0, 0, 3 change(s)]
ReactorCBLs        ReactorCBLs.Reactor_Laser_Mk3_1.NeonStuff.PillarNeon.Neon ~(-56.5, 283.0, 3.5).Color = 0, 0, 0   [was 0, 0, 0, 3 change(s)]
ReactorCBLs        ReactorCBLs.Reactor_Laser_Mk3_1.NeonStuff.PillarNeon.Neon ~(-56.5, 276.4, 1.7).Color = 0, 0, 0   [was 0, 0, 0, 3 change(s)]
ReactorCBLs        ReactorCBLs.Reactor_Laser_Mk3_1.NeonStuff.PillarNeon.Neon ~(-56.5, 284.8, 1.7).Color = 0, 0, 0   [was 0, 0, 0, 3 change(s)]
ReactorCBLs        ReactorCBLs.Reactor_Laser_Mk3_1.NeonStuff.PillarNeon.Neon ~(-56.5, 278.2, 3.5).Color = 0, 0, 0   [was 0, 0, 0, 3 change(s)]
ReactorCBLs        ReactorCBLs.Reactor_Laser_Mk3_1.NeonStuff.PillarNeon.Neon ~(-56.5, 280.6, 4.2).Color = 0, 0, 0   [was 0, 0, 0, 3 change(s)]
ReactorCBLs        ReactorCBLs.Reactor_Laser_Mk3_1.NeonStuff.GrateNeon.Grate.Color = 0, 0, 0   [was 0, 0, 0, 3 change(s)]
ReactorCBLs        ReactorCBLs.Reactor_Laser_Mk3_1.NeonStuff.GrateNeon.Grate ~(-49.2, 276.5, -3.1).Color = 0, 0, 0   [was 0, 0, 0, 3 change(s)]
ReactorCBLs        ReactorCBLs.Reactor_Laser_Mk3_1.NeonStuff.GrateNeon.Grate ~(-49.2, 278.2, -4.8).Color = 0, 0, 0   [was 0, 0, 0, 3 change(s)]
ReactorCBLs        ReactorCBLs.Reactor_Laser_Mk3_1.NeonStuff.GrateNeon.Grate ~(-49.2, 285.4, -0.7).Color = 0, 0, 0   [was 0, 0, 0, 3 change(s)]
ReactorCBLs        ReactorCBLs.Reactor_Laser_Mk3_1.NeonStuff.GrateNeon.Grate ~(-49.2, 284.7, -3.1).Color = 0, 0, 0   [was 0, 0, 0, 3 change(s)]
ReactorCBLs        ReactorCBLs.Reactor_Laser_Mk3_1.NeonStuff.GrateNeon.Grate ~(-49.2, 275.8, -0.7).Color = 0, 0, 0   [was 0, 0, 0, 3 change(s)]
ReactorCBLs        ReactorCBLs.Reactor_Laser_Mk3_1.NeonStuff.GrateNeon.Grate ~(-49.2, 283.0, -4.8).Color = 0, 0, 0   [was 0, 0, 0, 3 change(s)]
ReactorCBLs        ReactorCBLs.Reactor_Laser_Mk3_1.NeonStuff.GrateNeon.Grate ~(-49.2, 283.0, 3.5).Color = 0, 0, 0   [was 0, 0, 0, 3 change(s)]
ReactorCBLs        ReactorCBLs.Reactor_Laser_Mk3_1.NeonStuff.GrateNeon.Grate ~(-49.2, 276.5, 1.7).Color = 0, 0, 0   [was 0, 0, 0, 3 change(s)]
ReactorCBLs        ReactorCBLs.Reactor_Laser_Mk3_1.NeonStuff.GrateNeon.Grate ~(-49.2, 278.2, 3.5).Color = 0, 0, 0   [was 0, 0, 0, 3 change(s)]
ReactorCBLs        ReactorCBLs.Reactor_Laser_Mk3_1.NeonStuff.GrateNeon.Grate ~(-49.2, 284.7, 1.7).Color = 0, 0, 0   [was 0, 0, 0, 3 change(s)]
ReactorCBLs        ReactorCBLs.Reactor_Laser_Mk3_1.NeonStuff.GrateNeon.Grate ~(-49.2, 280.6, 4.1).Color = 0, 0, 0   [was 0, 0, 0, 3 change(s)]
ReactorCBLs        ReactorCBLs.Reactor_Laser_Mk3_1.NeonStuff.MidNeon.Part.Color = 0, 0, 0   [was 0, 0, 0, 3 change(s)]
ReactorCBLs        ReactorCBLs.Reactor_Laser_Mk3_1.NeonStuff.MidNeon.Part ~(-75.0, 276.0, -3.0).Color = 0, 0, 0   [was 0, 0, 0, 3 change(s)]
ReactorCBLs        ReactorCBLs.Reactor_Laser_Mk3_1.NeonStuff.MidNeon.Part ~(-75.0, 275.4, -0.9).Color = 0, 0, 0   [was 0, 0, 0, 3 change(s)]
ReactorCBLs        ReactorCBLs.Reactor_Laser_Mk3_1.NeonStuff.MidNeon.Part ~(-75.0, 277.8, -5.1).Color = 0, 0, 0   [was 0, 0, 0, 3 change(s)]
ReactorCBLs        ReactorCBLs.Reactor_Laser_Mk3_1.NeonStuff.MidNeon.Part ~(-75.0, 278.2, -5.3).Color = 0, 0, 0   [was 0, 0, 0, 3 change(s)]
ReactorCBLs        ReactorCBLs.Reactor_Laser_Mk3_1.NeonStuff.MidNeon.Part ~(-75.0, 280.4, -5.9).Color = 0, 0, 0   [was 0, 0, 0, 3 change(s)]
ReactorCBLs        ReactorCBLs.Reactor_Laser_Mk3_1.NeonStuff.MidNeon.Part ~(-75.0, 283.4, -5.1).Color = 0, 0, 0   [was 0, 0, 0, 3 change(s)]
ReactorCBLs        ReactorCBLs.Reactor_Laser_Mk3_1.NeonStuff.MidNeon.Part ~(-75.0, 285.3, -3.1).Color = 0, 0, 0   [was 0, 0, 0, 3 change(s)]
ReactorCBLs        ReactorCBLs.Reactor_Laser_Mk3_1.NeonStuff.MidNeon.Part ~(-75.0, 276.2, -3.5).Color = 0, 0, 0   [was 0, 0, 0, 3 change(s)]
ReactorCBLs        ReactorCBLs.Reactor_Laser_Mk3_1.NeonStuff.MidNeon.Part ~(-75.0, 283.0, -5.3).Color = 0, 0, 0   [was 0, 0, 0, 3 change(s)]
ReactorCBLs        ReactorCBLs.Reactor_Laser_Mk3_1.NeonStuff.MidNeon.Part ~(-75.0, 280.9, -5.9).Color = 0, 0, 0   [was 0, 0, 0, 3 change(s)]
ReactorCBLs        ReactorCBLs.Reactor_Laser_Mk3_1.NeonStuff.MidNeon.Part ~(-75.0, 285.8, -0.4).Color = 0, 0, 0   [was 0, 0, 0, 3 change(s)]
ReactorCBLs        ReactorCBLs.Reactor_Laser_Mk3_1.NeonStuff.MidNeon.Part ~(-75.0, 285.0, -3.5).Color = 0, 0, 0   [was 0, 0, 0, 3 change(s)]
ReactorCBLs        ReactorCBLs.Reactor_Laser_Mk3_1.NeonStuff.MidNeon.Part ~(-75.0, 285.8, -0.9).Color = 0, 0, 0   [was 0, 0, 0, 3 change(s)]
ReactorCBLs        ReactorCBLs.Reactor_Laser_Mk3_1.NeonStuff.MidNeon.Part ~(-75.0, 276.2, 2.2).Color = 0, 0, 0   [was 0, 0, 0, 3 change(s)]
ReactorCBLs        ReactorCBLs.Reactor_Laser_Mk3_1.NeonStuff.MidNeon.Part ~(-75.0, 276.0, 1.8).Color = 0, 0, 0   [was 0, 0, 0, 3 change(s)]
ReactorCBLs        ReactorCBLs.Reactor_Laser_Mk3_1.NeonStuff.MidNeon.Part ~(-75.0, 285.0, 2.2).Color = 0, 0, 0   [was 0, 0, 0, 3 change(s)]
ReactorCBLs        ReactorCBLs.Reactor_Laser_Mk3_1.NeonStuff.MidNeon.Part ~(-75.0, 280.9, 4.6).Color = 0, 0, 0   [was 0, 0, 0, 3 change(s)]
ReactorCBLs        ReactorCBLs.Reactor_Laser_Mk3_1.NeonStuff.MidNeon.Part ~(-75.0, 283.0, 4.0).Color = 0, 0, 0   [was 0, 0, 0, 3 change(s)]
ReactorCBLs        ReactorCBLs.Reactor_Laser_Mk3_1.NeonStuff.MidNeon.Part ~(-75.0, 280.4, 4.6).Color = 0, 0, 0   [was 0, 0, 0, 3 change(s)]
ReactorCBLs        ReactorCBLs.Reactor_Laser_Mk3_1.NeonStuff.MidNeon.Part ~(-75.0, 277.8, 3.8).Color = 0, 0, 0   [was 0, 0, 0, 3 change(s)]
ReactorCBLs        ReactorCBLs.Reactor_Laser_Mk3_1.NeonStuff.MidNeon.Part ~(-75.0, 278.2, 4.0).Color = 0, 0, 0   [was 0, 0, 0, 3 change(s)]
ReactorCBLs        ReactorCBLs.Reactor_Laser_Mk3_1.NeonStuff.MidNeon.Part ~(-75.0, 283.5, 3.7).Color = 0, 0, 0   [was 0, 0, 0, 3 change(s)]
ReactorCBLs        ReactorCBLs.Reactor_Laser_Mk3_1.NeonStuff.MidNeon.Part ~(-75.0, 285.3, 1.7).Color = 0, 0, 0   [was 0, 0, 0, 3 change(s)]
ReactorCBLs        ReactorCBLs.Reactor_Laser_Mk3_1.NeonStuff.DetailNeon.Part.Color = 0, 0, 0   [was 0, 0, 0, 3 change(s)]
ReactorCBLs        ReactorCBLs.Reactor_Laser_Mk3_1.NeonStuff.DetailNeon.Part2.Color = 0, 0, 0   [was 0, 0, 0, 3 change(s)]
ReactorCBLs        ReactorCBLs.Reactor_Laser_Mk3_1.NeonStuff.DetailNeon.Part3.Color = 0, 0, 0   [was 0, 0, 0, 3 change(s)]
ReactorCBLs        ReactorCBLs.Reactor_Laser_Mk3_1.NeonStuff.TankNeon.Part.Color = 0, 0, 0   [was 0, 0, 0, 3 change(s)]
ReactorCBLs        ReactorCBLs.Reactor_Laser_Mk3_1.NeonStuff.TankNeon.Part ~(-98.0, 276.4, -4.2).Color = 0, 0, 0   [was 0, 0, 0, 3 change(s)]
ReactorCBLs        ReactorCBLs.Reactor_Laser_Mk3_1.NeonStuff.TankNeon.Part ~(-98.0, 275.4, -2.5).Color = 0, 0, 0   [was 0, 0, 0, 3 change(s)]
ReactorCBLs        ReactorCBLs.Reactor_Laser_Mk3_1.NeonStuff.TankNeon.Part ~(-98.0, 285.8, -2.6).Color = 0, 0, 0   [was 0, 0, 0, 3 change(s)]
ReactorCBLs        ReactorCBLs.Reactor_Laser_Mk3_1.NeonStuff.TankNeon.Part ~(-98.0, 281.6, -6.1).Color = 0, 0, 0   [was 0, 0, 0, 3 change(s)]
ReactorCBLs        ReactorCBLs.Reactor_Laser_Mk3_1.NeonStuff.TankNeon.Part ~(-98.0, 279.6, -6.1).Color = 0, 0, 0   [was 0, 0, 0, 3 change(s)]
ReactorCBLs        ReactorCBLs.Reactor_Laser_Mk3_1.NeonStuff.TankNeon.Part ~(-98.0, 279.6, 4.7).Color = 0, 0, 0   [was 0, 0, 0, 3 change(s)]
ReactorCBLs        ReactorCBLs.Reactor_Laser_Mk3_1.NeonStuff.TankNeon.Part ~(-98.0, 275.4, 1.2).Color = 0, 0, 0   [was 0, 0, 0, 3 change(s)]
ReactorCBLs        ReactorCBLs.Reactor_Laser_Mk3_1.NeonStuff.TankNeon.Part ~(-98.0, 285.8, 1.2).Color = 0, 0, 0   [was 0, 0, 0, 3 change(s)]
ReactorCBLs        ReactorCBLs.Reactor_Laser_Mk3_1.NeonStuff.TankNeon.Part ~(-98.0, 276.4, 2.9).Color = 0, 0, 0   [was 0, 0, 0, 3 change(s)]
ReactorCBLs        ReactorCBLs.Reactor_Laser_Mk3_1.NeonStuff.TankNeon.Part ~(-98.0, 281.6, 4.7).Color = 0, 0, 0   [was 0, 0, 0, 3 change(s)]
ReactorCBLs        ReactorCBLs.Reactor_Laser_Mk3_1.NeonStuff.TankNeon.Part ~(-98.0, 284.8, 2.9).Color = 0, 0, 0   [was 0, 0, 0, 3 change(s)]
ReactorCBLs        ReactorCBLs.Reactor_Laser_Mk3_1.Effects.LightningParticles.Lightning.TrailElectricityBlur.Enabled = false   [was false, 2 change(s)]
ReactorCBLs        ReactorCBLs.Reactor_Laser_Mk3_1.Effects.LightningParticles.Lightning.SmokeParticle.Enabled = false   [was false, 2 change(s)]
ReactorCBLs        ReactorCBLs.Reactor_Laser_Mk3_1.Effects.LightningParticles.Lightning.SmokeParticle #2.Enabled = false   [was false, 2 change(s)]
ReactorCBLs        ReactorCBLs.Reactor_Laser_Mk3_1.Effects.LightningParticles.Lightning.TrailElectricityBlur #2.Enabled = false   [was false, 2 change(s)]
ReactorCBLs        ReactorCBLs.Reactor_Laser_Mk3_1.Effects.LightningParticles.Lightning.SmokeParticle #3.Enabled = false   [was false, 2 change(s)]
ReactorCBLs        ReactorCBLs.Reactor_Laser_Mk3_1.Effects.LightningParticles.Lightning.TrailElectricityBlur #3.Enabled = false   [was false, 2 change(s)]
ReactorCBLs        ReactorCBLs.Reactor_Laser_Mk3_1.Effects.LightningParticles.Lightning.SmokeParticle #4.Enabled = false   [was false, 2 change(s)]
ReactorCBLs        ReactorCBLs.Reactor_Laser_Mk3_1.Effects.LightningParticles.Lightning.TrailElectricityBlur #4.Enabled = false   [was false, 2 change(s)]
ReactorCBLs        ReactorCBLs.Reactor_Laser_Mk3_1.Effects.LightningParticles.Lightning.SmokeParticle #5.Enabled = false   [was false, 2 change(s)]
ReactorCBLs        ReactorCBLs.Reactor_Laser_Mk3_1.Effects.LightningParticles.Lightning.TrailElectricityBlur #5.Enabled = false   [was false, 2 change(s)]
ReactorCBLs        ReactorCBLs.Reactor_Laser_Mk3_1.Effects.LightningParticles.Lightning.TrailElectricityBlur #6.Enabled = false   [was false, 2 change(s)]
ReactorCBLs        ReactorCBLs.Reactor_Laser_Mk3_1.Effects.LightningParticles.Lightning.SmokeParticle #6.Enabled = false   [was false, 2 change(s)]
ReactorCBLs        ReactorCBLs.Reactor_Laser_Mk3_1.Effects.SpinnyThingsFront.WeldThing.CFrame = -64.8789062, 280.603516, -0.666015625, 1, -1.16082688e-07, -4.9733984e-08, -2.98624236e-08, 0.165291309, -0.986244798, 1.22706538e-07, 0.986244798, 0.165291309   [was -64.8789062, 280.603516, -0.666015625, 1, -3.35576971e-08, -3.78482881e-08, 1.01440136e-08, 0.866089344, -0.499889284, 4.95551333e-08, 0.499889284, 0.866089344, 29 change(s)]
ReactorCBLs        ReactorCBLs.Reactor_Laser_Mk3_1.Effects.SpinnyThingsFront.SpinnyLaserThingy.CFrame = -63.0293541, 280.603424, -0.666534007, 1, -1.24999104e-07, -1.79967721e-08, -2.98624236e-08, -0.0955851078, -0.99542129, 1.22706538e-07, 0.99542129, -0.0955851078   [was -63.0293541, 280.603058, -0.666277766, 1, -4.22096917e-08, -2.78738916e-08, 1.01440136e-08, 0.70720762, -0.707005978, 4.95551333e-08, 0.707005978, 0.70720762, 29 change(s)]
ReactorCBLs        ReactorCBLs.Reactor_Laser_Mk3_1.Effects.SpinnyThingsFront.SpinnyLaserThingy ~(-63.0, 280.6, -0.7).CFrame = -63.0293846, 280.603424, -0.666525006, 1, -1.17251915e-07, 4.69110617e-08, -2.98624236e-08, -0.580470085, -0.814281523, 1.22706538e-07, 0.814281523, -0.580470085   [was -63.0293846, 280.603058, -0.666273952, 1, -5.04915363e-08, -3.03586845e-09, 1.01440136e-08, 0.258980066, -0.965882659, 4.95551333e-08, 0.965882659, 0.258980066, 29 change(s)]
ReactorCBLs        ReactorCBLs.Reactor_Laser_Mk3_1.Effects.SpinnyThingsFront.SpinnyLaserThingy ~(-63.0, 280.6, -0.7) #2.CFrame = -63.0293999, 280.603424, -0.666518986, 1, -7.80884051e-08, 9.92515083e-08, -2.98624236e-08, -0.909839332, -0.414960742, 1.22706538e-07, 0.414960742, -0.909839332   [was -63.0293999, 280.603088, -0.666276336, 1, -4.52450735e-08, 2.2616268e-08, 1.01440136e-08, -0.258650273, -0.965971112, 4.95551333e-08, 0.965971112, -0.258650273, 29 change(s)]
ReactorCBLs        ReactorCBLs.Reactor_Laser_Mk3_1.Effects.SpinnyThingsFront.SpinnyLaserThingy ~(-63.0, 280.6, -0.7) #3.CFrame = -63.0293999, 280.603455, -0.666527629, 1, -1.8002666e-08, 1.24998252e-07, -2.98624236e-08, -0.99542582, 0.0955381691, 1.22706538e-07, -0.0955381691, -0.99542582   [was -63.0293999, 280.603088, -0.666298032, 1, -2.78758812e-08, 4.22083808e-08, 1.01440136e-08, -0.706972599, -0.707240999, 4.95551333e-08, 0.707240999, -0.706972599, 29 change(s)]
ReactorCBLs        ReactorCBLs.Reactor_Laser_Mk3_1.Effects.SpinnyThingsFront.SpinnyLaserThingy ~(-63.0, 280.6, -0.7) #4.CFrame = -63.0294304, 280.603424, -0.666534543, 1, 4.69092392e-08, 1.17252654e-07, -2.98624236e-08, -0.814290643, 0.580457449, 1.22706538e-07, -0.580457449, -0.814290643   [was -63.0294304, 280.603058, -0.666269898, 1, -3.03665537e-09, 5.04914937e-08, 1.01440136e-08, -0.965878725, -0.258995146, 4.95551333e-08, 0.258995146, -0.965878725, 29 change(s)]
ReactorCBLs        ReactorCBLs.Reactor_Laser_Mk3_1.Effects.SpinnyThingsFront.Moter.HingeConstraint.AngularVelocity = 0   [was 0, 2 change(s)]
ReactorCBLs        ReactorCBLs.Reactor_Laser_Mk3_1.Effects.SpinnyThingsFront.SpinnyLaserThingy ~(-63.0, 280.6, -0.7) #5.CFrame = -63.0294456, 280.603363, -0.666501999, 1, 9.92563258e-08, 7.80822944e-08, -2.98624236e-08, -0.414904654, 0.909865022, 1.22706538e-07, -0.909865022, -0.414904654   [was -63.0294456, 280.603058, -0.666214824, 1, 2.26190586e-08, 4.52436808e-08, 1.01440136e-08, -0.965955198, 0.258709848, 4.95551333e-08, -0.258709848, -0.965955198, 29 change(s)]
ReactorCBLs        ReactorCBLs.Reactor_Laser_Mk3_1.Effects.SpinnyThingsFront.SpinnyLaserThingy ~(-63.0, 280.6, -0.7) #6.CFrame = -63.0293541, 280.603394, -0.666497707, 1, -1.16082688e-07, -4.9733984e-08, -2.98624236e-08, 0.165291309, -0.986244798, 1.22706538e-07, 0.986244798, 0.165291309   [was -63.0293541, 280.603058, -0.666236877, 1, -3.35576971e-08, -3.78482881e-08, 1.01440136e-08, 0.866089344, -0.499889284, 4.95551333e-08, 0.499889284, 0.866089344, 29 change(s)]
ReactorCBLs        ReactorCBLs.Reactor_Laser_Mk3_1.Effects.SpinnyThingsFront.SpinnyLaserThingy ~(-63.0, 280.6, -0.7) #7.CFrame = -63.0293694, 280.603455, -0.666528881, 1, -1.25398344e-07, 1.49638062e-08, -2.98624236e-08, -0.349926293, -0.936777294, 1.22706538e-07, 0.936777294, -0.349926293   [was -63.0293694, 280.603088, -0.666289866, 1, -4.79851181e-08, -1.60012732e-08, 1.01440136e-08, 0.500156641, -0.865935028, 4.95551333e-08, 0.865935028, 0.500156641, 29 change(s)]
ReactorCBLs        ReactorCBLs.Reactor_Laser_Mk3_1.Effects.SpinnyThingsFront.SpinnyLaserThingy ~(-63.0, 280.6, -0.7) #8.CFrame = -63.0293999, 280.603424, -0.666526139, 1, -1.01116242e-07, 7.5658221e-08, -2.98624236e-08, -0.771433771, -0.636309624, 1.22706538e-07, 0.636309624, -0.771433771   [was -63.0293999, 280.603058, -0.666273534, 1, -4.95569665e-08, 1.01350555e-08, 1.01440136e-08, 0.000180691481, -1, 4.95551333e-08, 1, 0.000180691481, 29 change(s)]
ReactorCBLs        ReactorCBLs.Reactor_Laser_Mk3_1.Effects.SpinnyThingsFront.SpinnyLaserThingy ~(-63.0, 280.6, -0.7) #9.CFrame = -63.0293999, 280.603455, -0.666527689, 1, -4.9733984e-08, 1.16082688e-07, -2.98624236e-08, -0.986244798, -0.165291309, 1.22706538e-07, 0.165291309, -0.986244798   [was -63.0293999, 280.603088, -0.666287124, 1, -3.78482881e-08, 3.35576971e-08, 1.01440136e-08, -0.499889284, -0.866089344, 4.95551333e-08, 0.866089344, -0.499889284, 29 change(s)]
ReactorCBLs        ReactorCBLs.Reactor_Laser_Mk3_1.Effects.SpinnyThingsFront.SpinnyLaserThingy ~(-63.0, 280.6, -0.7) #10.CFrame = -63.0294151, 280.603424, -0.666517675, 1, 1.49645842e-08, 1.25398259e-07, -2.98624236e-08, -0.936775088, 0.349932075, 1.22706538e-07, -0.349932075, -0.936775088   [was -63.0294151, 280.603058, -0.666254401, 1, -1.60009783e-08, 4.79852105e-08, 1.01440136e-08, -0.865938067, -0.500151277, 4.95551333e-08, 0.500151277, -0.865938067, 29 change(s)]
ReactorCBLs        ReactorCBLs.Reactor_Laser_Mk3_1.Effects.SpinnyThingsFront.SpinnyLaserThingy ~(-63.0, 280.6, -0.7) #11.CFrame = -63.0294456, 280.603424, -0.666516125, 1, 7.56599192e-08, 1.01114992e-07, -2.98624236e-08, -0.636296868, 0.771444499, 1.22706538e-07, -0.771444499, -0.636296868   [was -63.0294456, 280.603058, -0.666257799, 1, 1.01358832e-08, 4.95568031e-08, 1.01440136e-08, -1.00000012, -0.000164031982, 4.95551333e-08, 0.000164031982, -1.00000012, 29 change(s)]
ReactorCBLs        ReactorCBLs.Reactor_Laser_Mk3_1.Effects.SpinnyThingsBack.SpinnyLaserThingy.CFrame = -90.9702759, 280.603424, -0.666559219, 1, -1.24489787e-07, -1.83134716e-08, -2.93787963e-08, -0.0894755274, -0.995989025, 1.22351864e-07, 0.995989025, -0.0894755274   [was -90.9702759, 280.603027, -0.666294634, 1, -4.22096917e-08, -2.78738916e-08, 1.01440136e-08, 0.70720762, -0.707005978, 4.95551333e-08, 0.707005978, 0.70720762, 29 change(s)]
ReactorCBLs        ReactorCBLs.Reactor_Laser_Mk3_1.Effects.SpinnyThingsBack.SpinnyLaserThingy ~(-91.0, 280.6, -0.7).CFrame = -90.9703064, 280.603424, -0.666548073, 1, -1.16969176e-07, 4.63821479e-08, -2.93787963e-08, -0.575462878, -0.81782788, 1.22351864e-07, 0.81782788, -0.575462878   [was -90.9703064, 280.603058, -0.6662848, 1, -5.04915363e-08, -3.03586845e-09, 1.01440136e-08, 0.258980066, -0.965882659, 4.95551333e-08, 0.965882659, 0.258980066, 29 change(s)]
ReactorCBLs        ReactorCBLs.Reactor_Laser_Mk3_1.Effects.SpinnyThingsBack.SpinnyLaserThingy ~(-91.0, 280.6, -0.7) #2.CFrame = -90.9703217, 280.603424, -0.666547418, 1, -7.81080018e-08, 9.86520803e-08, -2.93787963e-08, -0.907276094, -0.420535624, 1.22351864e-07, 0.420535624, -0.907276094   [was -90.9703217, 280.603058, -0.666283607, 1, -4.52450735e-08, 2.2616268e-08, 1.01440136e-08, -0.258650273, -0.965971112, 4.95551333e-08, 0.965971112, -0.258650273, 29 change(s)]
ReactorCBLs        ReactorCBLs.Reactor_Laser_Mk3_1.Effects.SpinnyThingsBack.SpinnyLaserThingy ~(-91.0, 280.6, -0.7) #3.CFrame = -90.9703217, 280.603455, -0.666550696, 1, -1.83193407e-08, 1.24488935e-07, -2.93787963e-08, -0.995993257, 0.0894285589, 1.22351864e-07, -0.0894285589, -0.995993257   [was -90.9703217, 280.603058, -0.666300714, 1, -2.78758812e-08, 4.22083808e-08, 1.01440136e-08, -0.706972599, -0.707240999, 4.95551333e-08, 0.707240999, -0.706972599, 29 change(s)]
ReactorCBLs        ReactorCBLs.Reactor_Laser_Mk3_1.Effects.SpinnyThingsBack.SpinnyLaserThingy ~(-91.0, 280.6, -0.7) #4.CFrame = -90.9703522, 280.603394, -0.666543901, 1, 4.63803218e-08, 1.16969908e-07, -2.93787963e-08, -0.817837, 0.575450182, 1.22351864e-07, -0.575450182, -0.817837   [was -90.9703522, 280.603027, -0.666266501, 1, -3.03665537e-09, 5.04914937e-08, 1.01440136e-08, -0.965878725, -0.258995146, 4.95551333e-08, 0.258995146, -0.965878725, 29 change(s)]
ReactorCBLs        ReactorCBLs.Reactor_Laser_Mk3_1.Effects.SpinnyThingsBack.SpinnyLaserThingy ~(-91.0, 280.6, -0.7) #5.CFrame = -90.9703674, 280.603363, -0.666529357, 1, 9.86569049e-08, 7.81019196e-08, -2.93787963e-08, -0.420479715, 0.907302082, 1.22351864e-07, -0.907302082, -0.420479715   [was -90.9703674, 280.603027, -0.666229486, 1, 2.26190586e-08, 4.52436808e-08, 1.01440136e-08, -0.965955198, 0.258709848, 4.95551333e-08, -0.258709848, -0.965955198, 29 change(s)]
ReactorCBLs        ReactorCBLs.Reactor_Laser_Mk3_1.Effects.SpinnyThingsBack.WeldThing.CFrame = -92.9208984, 280.603516, -0.666015625, 1, -1.15508769e-07, -4.99080812e-08, -2.93787963e-08, 0.171339691, -0.985212028, 1.22351864e-07, 0.985212028, 0.171339691   [was -92.9208984, 280.603516, -0.666015625, 1, -3.35576971e-08, -3.78482881e-08, 1.01440136e-08, 0.866089344, -0.499889284, 4.95551333e-08, 0.499889284, 0.866089344, 29 change(s)]
ReactorCBLs        ReactorCBLs.Reactor_Laser_Mk3_1.Effects.SpinnyThingsBack.SpinnyLaserThingy ~(-91.0, 280.6, -0.7) #6.CFrame = -90.9702759, 280.603394, -0.666520894, 1, -1.15508769e-07, -4.99080812e-08, -2.93787963e-08, 0.171339691, -0.985212028, 1.22351864e-07, 0.985212028, 0.171339691   [was -90.9702759, 280.603058, -0.666246355, 1, -3.35576971e-08, -3.78482881e-08, 1.01440136e-08, 0.866089344, -0.499889284, 4.95551333e-08, 0.499889284, 0.866089344, 29 change(s)]
ReactorCBLs        ReactorCBLs.Reactor_Laser_Mk3_1.Effects.SpinnyThingsBack.Moter.HingeConstraint.AngularVelocity = 0   [was 0, 2 change(s)]
ReactorCBLs        ReactorCBLs.Reactor_Laser_Mk3_1.Effects.SpinnyThingsBack.SpinnyLaserThingy ~(-91.0, 280.6, -0.7) #7.CFrame = -90.9702911, 280.603424, -0.666574299, 1, -1.24988333e-07, 1.45260977e-08, -2.93787963e-08, -0.344171762, -0.938906789, 1.22351864e-07, 0.938906789, -0.344171762   [was -90.9702911, 280.603027, -0.666292369, 1, -4.79851181e-08, -1.60012732e-08, 1.01440136e-08, 0.500156641, -0.865935028, 4.95551333e-08, 0.865935028, 0.500156641, 29 change(s)]
ReactorCBLs        ReactorCBLs.Reactor_Laser_Mk3_1.Effects.SpinnyThingsBack.SpinnyLaserThingy ~(-91.0, 280.6, -0.7) #8.CFrame = -90.9703217, 280.603424, -0.66655463, 1, -1.00980017e-07, 7.50741549e-08, -2.93787963e-08, -0.767514944, -0.641031086, 1.22351864e-07, 0.641031086, -0.767514944   [was -90.9703217, 280.603027, -0.666289151, 1, -4.95569665e-08, 1.01350555e-08, 1.01440136e-08, 0.000180691481, -1, 4.95551333e-08, 1, 0.000180691481, 29 change(s)]
ReactorCBLs        ReactorCBLs.Reactor_Laser_Mk3_1.Effects.SpinnyThingsBack.SpinnyLaserThingy ~(-91.0, 280.6, -0.7) #9.CFrame = -90.9703217, 280.603424, -0.6665591, 1, -4.99080812e-08, 1.15508769e-07, -2.93787963e-08, -0.985212028, -0.171339691, 1.22351864e-07, 0.171339691, -0.985212028   [was -90.9703217, 280.603058, -0.666302919, 1, -3.78482881e-08, 3.35576971e-08, 1.01440136e-08, -0.499889284, -0.866089344, 4.95551333e-08, 0.866089344, -0.499889284, 29 change(s)]
ReactorCBLs        ReactorCBLs.Reactor_Laser_Mk3_1.Effects.SpinnyThingsBack.SpinnyLaserThingy ~(-91.0, 280.6, -0.7) #10.CFrame = -90.9703369, 280.603424, -0.66654855, 1, 1.45268686e-08, 1.24988247e-07, -2.93787963e-08, -0.938904583, 0.344177544, 1.22351864e-07, -0.344177544, -0.938904583   [was -90.9703369, 280.603058, -0.666281939, 1, -1.60009783e-08, 4.79852105e-08, 1.01440136e-08, -0.865938067, -0.500151277, 4.95551333e-08, 0.500151277, -0.865938067, 29 change(s)]
ReactorCBLs        ReactorCBLs.Reactor_Laser_Mk3_1.Effects.SpinnyThingsBack.SpinnyLaserThingy ~(-91.0, 280.6, -0.7) #11.CFrame = -90.9703674, 280.603394, -0.666549742, 1, 7.5075846e-08, 1.00978781e-07, -2.93787963e-08, -0.641018391, 0.767525733, 1.22351864e-07, -0.767525733, -0.641018391   [was -90.9703674, 280.603027, -0.666273534, 1, 1.01358832e-08, 4.95568031e-08, 1.01440136e-08, -1.00000012, -0.000164031982, 4.95551333e-08, 0.000164031982, -1.00000012, 29 change(s)]
ReactorCBLs        ReactorCBLs.Reactor_Laser_Mk3_1.Effects.SlightlyBetterSpinnyThing.Model.Union.CFrame = -47.7670708, 277.442749, -0.959197044, 1.00000024, -1.07884407e-05, -0.000233449042, -1.07884407e-05, 0.995578229, -0.0939383507, 0.000233449042, 0.0939383283, 0.995578468   [was -47.7671242, 278.358643, 1.58382225, 0.99999994, 6.19888306e-06, -1.50501728e-05, 6.19888306e-06, 0.70713371, 0.707079709, 1.50501728e-05, -0.707079768, 0.707133651, 29 change(s)]
ReactorCBLs        ReactorCBLs.Reactor_Laser_Mk3_1.Effects.SlightlyBetterSpinnyThing.Model.Union ~(-47.8, 282.8, -2.9).CFrame = -47.7671547, 283.763824, -0.362597197, 1.00000024, 1.07884407e-05, 0.000233449042, -1.07884407e-05, -0.995578229, 0.0939383507, 0.000233449042, -0.0939383283, -0.995578468   [was -47.7671013, 282.84848, -2.90542674, 0.99999994, -6.19888306e-06, 1.50501728e-05, 6.19888306e-06, -0.70713371, -0.707079709, 1.50501728e-05, 0.707079768, -0.707133651, 29 change(s)]
ReactorCBLs        ReactorCBLs.Reactor_Laser_Mk3_1.Effects.SlightlyBetterSpinnyThing.Model.Union ~(-47.8, 279.8, 2.4).CFrame = -47.7674751, 277.71698, 0.661149621, 1.00000036, 0.000127879364, -0.000202041905, -3.19584615e-05, 0.909177601, 0.416409433, 0.000237004453, -0.416409582, 0.909177899   [was -47.7671776, 279.781769, 2.40567589, 1, 3.33971839e-05, -4.40644271e-06, -4.55980762e-06, 0.258884341, 0.965908527, 3.36259873e-05, -0.965908408, 0.258884311, 29 change(s)]
ReactorCBLs        ReactorCBLs.Reactor_Laser_Mk3_1.Effects.SlightlyBetterSpinnyThing.Model.Union ~(-47.8, 281.4, -3.7).CFrame = -47.7667809, 283.489532, -1.98281682, 1.00000036, -0.000127998559, 0.000202071649, -3.18369821e-05, -0.909177542, -0.416409403, 0.000236985972, 0.416409522, -0.909177661   [was -47.7670784, 281.425415, -3.72714186, 1, -3.35163895e-05, 4.4362414e-06, -4.49658273e-06, -0.258884341, -0.965908289, 3.35206205e-05, 0.965908289, -0.258884251, 29 change(s)]
ReactorCBLs        ReactorCBLs.Reactor_Laser_Mk3_1.Effects.SlightlyBetterSpinnyThing.Model.Union ~(-47.8, 281.4, 2.4).CFrame = -47.7677765, 278.764679, 1.92719817, 1.00000024, 0.000217342167, -0.000184688775, 2.51401616e-05, 0.579142094, 0.815226853, 0.000284135953, -0.815226972, 0.579142213   [was -47.7672005, 281.42511, 2.40575171, 0.99999994, 3.66968743e-05, -6.07778602e-05, 6.81545644e-05, -0.258782059, 0.965935588, 1.96886849e-05, -0.965935528, -0.258782208, 29 change(s)]
ReactorCBLs        ReactorCBLs.Reactor_Laser_Mk3_1.Effects.SlightlyBetterSpinnyThing.Model.Union ~(-47.8, 279.8, -3.7).CFrame = -47.7664948, 282.441864, -3.24887633, 1.00000024, -0.000217282563, 0.000184688775, 2.51401616e-05, -0.579142094, -0.815226853, 0.000284135953, 0.815226972, -0.579142213   [was -47.7670708, 279.782074, -3.72726202, 0.99999994, -3.66372697e-05, 6.07778602e-05, 6.81545644e-05, 0.258782059, -0.965935588, 1.96886849e-05, 0.965935528, 0.258782208, 29 change(s)]
ReactorCBLs        ReactorCBLs.Reactor_Laser_Mk3_1.Effects.SlightlyBetterSpinnyThing.Model.Union ~(-47.8, 282.8, 1.6).CFrame = -47.7679214, 280.304993, 2.49974585, 1.00000024, 0.000233449042, -1.07884407e-05, -1.07884407e-05, 0.0939383507, 0.995578229, 0.000233449042, -0.995578468, 0.0939383283   [was -47.767231, 282.848267, 1.58417678, 0.99999994, 1.50501728e-05, 6.19888306e-06, 6.19888306e-06, -0.707079709, 0.70713371, 1.50501728e-05, -0.707133651, -0.707079768, 29 change(s)]
ReactorCBLs        ReactorCBLs.Reactor_Laser_Mk3_1.Effects.SlightlyBetterSpinnyThing.Model.Union ~(-47.8, 278.4, -2.9).CFrame = -47.7663803, 280.90155, -3.82148147, 1.00000024, -0.000233449042, 1.07884407e-05, -1.07884407e-05, -0.0939383507, -0.995578229, 0.000233449042, 0.995578468, -0.0939383283   [was -47.7670708, 278.358887, -2.90572762, 0.99999994, -1.50501728e-05, -6.19888306e-06, 6.19888306e-06, 0.707079709, -0.70713371, 1.50501728e-05, 0.707133651, 0.707079768, 29 change(s)]
ReactorCBLs        ReactorCBLs.Reactor_Laser_Mk3_1.Effects.SlightlyBetterSpinnyThing.Model.Union ~(-47.8, 283.7, 0.2).CFrame = -47.7678719, 281.925262, 2.22539854, 1.00000024, 0.000187063008, 4.87602738e-05, 3.39868384e-05, -0.416436136, 0.909165204, 0.000190377003, -0.909165323, -0.416436255   [was -47.7672424, 283.669952, 0.161038399, 0.99999994, -1.05696063e-05, -4.57276874e-05, 1.5650985e-06, -0.965915799, 0.258855909, -4.6905865e-05, -0.25885576, -0.965915859, 29 change(s)]
ReactorCBLs        ReactorCBLs.Reactor_Laser_Mk3_1.Effects.SlightlyBetterSpinnyThing.Model.Union ~(-47.8, 277.5, -1.5).CFrame = -47.7664604, 279.281494, -3.54703498, 1.00000024, -0.000187003403, -4.87602738e-05, 3.39868384e-05, 0.416436136, -0.909165204, 0.000190377003, 0.909165323, 0.416436255   [was -47.7670898, 277.537384, -1.48267245, 0.99999994, 1.06292109e-05, 4.57276874e-05, 1.5650985e-06, 0.965915799, -0.258855909, -4.6905865e-05, 0.25885576, 0.965915859, 29 change(s)]
ReactorCBLs        ReactorCBLs.Reactor_Laser_Mk3_1.Effects.SlightlyBetterSpinnyThing.Model.Union ~(-47.8, 283.7, -1.5).CFrame = -47.7676277, 283.191254, 1.1777401, 1.00000036, 0.000105438587, 0.000202280818, -3.08039344e-05, -0.815243959, 0.579118133, 0.000226037548, -0.579118252, -0.815244079   [was -47.7672348, 283.670044, -1.48224151, 1, -1.84669843e-05, 2.16318658e-05, -1.22723786e-05, -0.965928078, -0.25881055, 2.57442334e-05, 0.258810639, -0.965928018, 29 change(s)]
ReactorCBLs        ReactorCBLs.Reactor_Laser_Mk3_1.Effects.SlightlyBetterSpinnyThing.Model.Union ~(-47.8, 277.5, 0.2).CFrame = -47.7667351, 278.015503, -2.49942136, 1.00000036, -0.00010555781, -0.000202310679, -3.09198185e-05, 0.815244019, -0.579118252, 0.000225996686, 0.579118371, 0.815244317   [was -47.767128, 277.537262, 0.160564303, 1, 1.83477732e-05, -2.16616718e-05, -1.23777481e-05, 0.965928197, 0.258810669, 2.58074488e-05, -0.258810639, 0.965928197, 29 change(s)]
ReactorCBLs        ReactorCBLs.Reactor_Laser_Mk3_1.Effects.SlightlyBetterSpinnyThing.Moter.HingeConstraint.AngularVelocity = 0   [was 0, 2 change(s)]
ReactorCBLs        ReactorCBLs.Reactor_Laser_Mk3_1.Effects.SlightlyBetterSpinnyThing.Thing.CFrame = -47.7421875, 280.603516, -0.661132812, -1.07884407e-05, 1.00000024, 0.000233449042, 0.995578229, -1.07884407e-05, 0.0939383507, 0.0939383283, 0.000233449042, -0.995578468   [was -47.7421875, 280.603516, -0.661132812, 6.19888306e-06, 0.99999994, 1.50501728e-05, 0.70713371, 6.19888306e-06, -0.707079709, -0.707079768, 1.50501728e-05, -0.707133651, 29 change(s)]
ReactorCBLs        ReactorCBLs.Reactor_Laser_Mk3_1.Effects.SlightlyBetterSpinnyThing.NeonPart.CFrame = -47.767231, 280.603394, -0.660820842, 1.00000036, -0.000227900076, -9.81724588e-06, -3.08039344e-05, -0.0939556658, -0.99557662, 0.000226037548, 0.995576799, -0.0939556658   [was -47.767231, 280.603668, -0.660852015, 1, -9.50150843e-06, -2.68083659e-05, -1.22723786e-05, 0.70706743, -0.707146108, 2.57442334e-05, 0.707145989, 0.70706749, 29 change(s)]
ReactorCBLs        ReactorCBLs.Reactor_Laser_Mk3_1.Effects.LaserParticles.ParticleEmitter.Enabled = false   [was false, 2 change(s)]
ReactorCBLs        ReactorCBLs.Reactor_Laser_Mk3_1.Effects.LaserParticles.Charge_Fire.ParticleEmitter2.Enabled = false   [was false, 2 change(s)]
ReactorCBLs        ReactorCBLs.Reactor_Laser_Mk3_1.Effects.LaserParticles.Charge_Fire.ParticleEmitter1.Enabled = false   [was false, 2 change(s)]
ReactorCBLs        ReactorCBLs.Reactor_Laser_Mk3_1.Effects.LaserParticles.Charge_Fire.DisplacedSmoke.Enabled = false   [was false, 2 change(s)]
ReactorCBLs        ReactorCBLs.Reactor_Laser_Mk3_1.Effects.ThermalOutline.Transparency = 1.5   [was 1, 20 change(s)]
ReactorCBLs        ReactorCBLs.Reactor_Laser_Mk3_1.Effects.FiringEffectPart.Size = 0.0010000000474974513, 0.0010000000474974513, 0.0010000000474974513   [was 30, 30, 30, 2 change(s)]
ReactorCBLs        ReactorCBLs.Reactor_Laser_Mk3_1.Effects.FiringEffectPart.Transparency = 0   [was 1, 2 change(s)]
ReactorCBLs        ReactorCBLs.Reactor_Laser_Mk3_1.Effects.VentParticalPart.ParticleEmitter.Enabled = false   [was false, 4 change(s)]
ReactorCBLs        ReactorCBLs.Reactor_Laser_Mk3_1.Effects.SoundPart.AmbientHum.Pitch = 0   [was 0, 3 change(s)]
ReactorCBLs        ReactorCBLs.Reactor_Laser_Mk3_1.Effects.SoundPart.LaserVentSFX.Playing = false   [was false, 4 change(s)]
Audio              SoundService.EnvironmentSounds.Volume = 1   [was 1, 10 change(s)]
Audio              SoundService.Interactables.Volume = 4   [was 4, 6 change(s)]
Audio              SoundService.ControlRoomSounds.Volume = 1   [was 1, 10 change(s)]
Audio              SoundService.MESSounds.Volume = 1   [was 1, 4 change(s)]
Audio              SoundService.AlarmSounds.Volume = 0.6000000238418579   [was 0.6000000238418579, 10 change(s)]
