# 1952 of 235318 watched properties have moved since start (t=115.8s, scan 128 ms)

Chamber   ReactorCBLs.Reactor_Laser_Mk3_1.Effects.SpinnyThingsBack.SpinnyLaserThingy.CFrame = -90.9703751, 280.603058, -0.666256309, 1, 2.47952698e-07, -1.43167554e-07, -2.86317089e-07, 0.866007268, -0.500031412, 7.39780534e-15, 0.500031412, 0.866007268   [was -90.9703751, 280.603058, -0.666256309, 1, 2.47546438e-07, -1.42932919e-07, -2.8584796e-07, 0.866007268, -0.500031412, -3.74805981e-14, 0.500031412, 0.866007268, 60 change(s)]
Chamber   ReactorCBLs.Reactor_Laser_Mk3_1.Effects.SpinnyThingsBack.SpinnyLaserThingy ~(-91.0, 280.6, -0.7).CFrame = -90.9704208, 280.603027, -0.666299105, 1, 4.74642547e-12, -2.86317118e-07, -2.86317089e-07, 1.65700912e-05, -1, 7.39780534e-15, 1, 1.65700912e-05   [was -90.9704208, 280.603027, -0.666299105, 1, 4.78905804e-12, -2.8584796e-07, -2.8584796e-07, 1.65700912e-05, -1, -3.74805981e-14, 1, 1.65700912e-05, 60 change(s)]
Chamber   ReactorCBLs.Reactor_Laser_Mk3_1.Effects.SpinnyThingsBack.SpinnyLaserThingy ~(-91.0, 280.6, -0.7) #2.CFrame = -90.9704361, 280.603058, -0.666291893, 1, -2.47956393e-07, -1.43161174e-07, -2.86317089e-07, -0.866020143, -0.500009179, 7.39780534e-15, 0.500009179, -0.866020143   [was -90.9704361, 280.603058, -0.666291893, 1, -2.47550076e-07, -1.42926638e-07, -2.8584796e-07, -0.866020143, -0.500009179, -3.74805981e-14, 0.500009179, -0.866020143, 60 change(s)]
Chamber   ReactorCBLs.Reactor_Laser_Mk3_1.Effects.SpinnyThingsBack.SpinnyLaserThingy ~(-91.0, 280.6, -0.7) #3.CFrame = -90.9703751, 280.603027, -0.666304588, 1, 2.02452412e-07, -2.02461123e-07, -2.86317089e-07, 0.70709157, -0.707121968, 7.39780534e-15, 0.707121968, 0.70709157   [was -90.9703751, 280.603027, -0.666304588, 1, 2.02120717e-07, -2.02129343e-07, -2.8584796e-07, 0.70709157, -0.707121968, -3.74805981e-14, 0.707121968, 0.70709157, 60 change(s)]
Chamber   ReactorCBLs.Reactor_Laser_Mk3_1.Effects.SpinnyThingsBack.SpinnyLaserThingy ~(-91.0, 280.6, -0.7) #4.CFrame = -90.9704208, 280.603058, -0.666293561, 1, -7.41013935e-08, -2.76561877e-07, -2.86317089e-07, -0.258808792, -0.965928614, 7.39780534e-15, 0.965928614, -0.258808792   [was -90.9704208, 280.603058, -0.666293561, 1, -7.39799262e-08, -2.76108722e-07, -2.8584796e-07, -0.258808792, -0.965928614, -3.74805981e-14, 0.965928614, -0.258808792, 60 change(s)]
Chamber   ReactorCBLs.Reactor_Laser_Mk3_1.Effects.SpinnyThingsBack.SpinnyLaserThingy ~(-91.0, 280.6, -0.7) #5.CFrame = -90.9704514, 280.603027, -0.666276455, 1, -2.76559774e-07, -7.41093586e-08, -2.86317089e-07, -0.965921164, -0.258836657, 7.39780534e-15, 0.258836657, -0.965921164   [was -90.9704514, 280.603027, -0.666276455, 1, -2.7610659e-07, -7.39879695e-08, -2.8584796e-07, -0.965921164, -0.258836657, -3.74805981e-14, 0.258836657, -0.965921164, 60 change(s)]
Chamber   ReactorCBLs.Reactor_Laser_Mk3_1.Effects.SpinnyThingsBack.SpinnyLaserThingy ~(-91.0, 280.6, -0.7) #6.CFrame = -90.9703903, 280.603027, -0.666302323, 1, 1.43162708e-07, -2.47955512e-07, -2.86317089e-07, 0.500014484, -0.866017103, 7.39780534e-15, 0.866017103, 0.500014484   [was -90.9703903, 280.603027, -0.666302323, 1, 1.42928172e-07, -2.47549195e-07, -2.8584796e-07, 0.500014484, -0.866017103, -3.74805981e-14, 0.866017103, 0.500014484, 60 change(s)]
Chamber   ReactorCBLs.Reactor_Laser_Mk3_1.Effects.SpinnyThingsBack.SpinnyLaserThingy ~(-91.0, 280.6, -0.7) #7.CFrame = -90.9704208, 280.603058, -0.666312873, 1, -1.43167554e-07, -2.47952698e-07, -2.86317089e-07, -0.500031412, -0.866007268, 7.39780534e-15, 0.866007268, -0.500031412   [was -90.9704208, 280.603058, -0.666312873, 1, -1.42932919e-07, -2.47546438e-07, -2.8584796e-07, -0.500031412, -0.866007268, -3.74805981e-14, 0.866007268, -0.500031412, 60 change(s)]
Chamber   ReactorCBLs.Reactor_Laser_Mk3_1.Effects.SpinnyThingsBack.SpinnyLaserThingy ~(-91.0, 280.6, -0.7) #8.CFrame = -90.9704666, 280.603027, -0.666283488, 1, -2.86317174e-07, 2.84217094e-14, -2.86317089e-07, -1.00000024, 8.94069672e-08, 7.39780534e-15, -8.94069672e-08, -1.00000024   [was -90.9704666, 280.603027, -0.666283488, 1, -2.85847989e-07, -1.42108547e-14, -2.8584796e-07, -1.00000024, 8.94069672e-08, -3.74805981e-14, -8.94069672e-08, -1.00000024, 60 change(s)]
Chamber   ReactorCBLs.Reactor_Laser_Mk3_1.Effects.SpinnyThingsBack.SpinnyLaserThingy ~(-91.0, 280.6, -0.7) #9.CFrame = -90.9704056, 280.603058, -0.666294754, 1, 7.41050314e-08, -2.76560911e-07, -2.86317089e-07, 0.258821577, -0.965925097, 7.39780534e-15, 0.965925097, 0.258821577   [was -90.9704056, 280.603058, -0.666294754, 1, 7.39836636e-08, -2.76107727e-07, -2.8584796e-07, 0.258821577, -0.965925097, -3.74805981e-14, 0.965925097, 0.258821577, 60 change(s)]
Chamber   ReactorCBLs.Reactor_Laser_Mk3_1.Effects.SpinnyThingsBack.SpinnyLaserThingy ~(-91.0, 280.6, -0.7) #10.CFrame = -90.9704208, 280.603058, -0.666310668, 1, -2.02451588e-07, -2.02461962e-07, -2.86317089e-07, -0.707088649, -0.707124949, 7.39780534e-15, 0.707124949, -0.707088649   [was -90.9704208, 280.603058, -0.666310668, 1, -2.02119821e-07, -2.02130238e-07, -2.8584796e-07, -0.707088649, -0.707124949, -3.74805981e-14, 0.707124949, -0.707088649, 60 change(s)]
Chamber   ReactorCBLs.Reactor_Laser_Mk3_1.Effects.SpinnyThingsBack.SpinnyLaserThingy ~(-91.0, 280.6, -0.7) #11.CFrame = -90.9704666, 280.603027, -0.66623944, 1, -2.7655733e-07, 7.41184607e-08, -2.86317089e-07, -0.9659127, 0.258868396, 7.39780534e-15, -0.258868396, -0.9659127   [was -90.9704666, 280.603027, -0.66623944, 1, -2.76104203e-07, 7.39969508e-08, -2.8584796e-07, -0.9659127, 0.258868396, -3.74805981e-14, -0.258868396, -0.9659127, 60 change(s)]
Chamber   ReactorCBLs.Reactor_Laser_Mk3_1.Effects.SpinnyThingsBack.WeldThing.CFrame = -92.9209976, 280.603516, -0.6660254, 1, 2.47952698e-07, -1.43167554e-07, -2.86317089e-07, 0.866007268, -0.500031412, 7.39780534e-15, 0.500031412, 0.866007268   [was -92.9209976, 280.603516, -0.6660254, 1, 2.47546438e-07, -1.42932919e-07, -2.8584796e-07, 0.866007268, -0.500031412, -3.74805981e-14, 0.500031412, 0.866007268, 60 change(s)]
Chamber   ReactorCBLs.Reactor_Laser_Mk3_1.Effects.SlightlyBetterSpinnyThing.Model.Union.CFrame = -47.7674217, 277.537476, 0.160572052, 1.00000012, 2.21783121e-05, -6.72780152e-05, -4.22433959e-06, 0.965971768, 0.258648366, 7.08356383e-05, -0.258648247, 0.965971828   [was -47.7674217, 277.537476, 0.160572052, 1.00000012, 2.21699502e-05, -6.72802489e-05, -4.21568393e-06, 0.965971768, 0.258648366, 7.08356383e-05, -0.258648247, 0.965971828, 20 change(s)]
Chamber   ReactorCBLs.Reactor_Laser_Mk3_1.Effects.SlightlyBetterSpinnyThing.Model.Union ~(-47.8, 281.4, 2.4).CFrame = -47.7676277, 281.424957, 2.40641356, 1, 8.23133159e-05, -5.69486729e-05, 7.63090138e-05, -0.258619726, 0.965979159, 6.47304114e-05, -0.965979159, -0.258619785   [was -47.7676277, 281.424957, 2.40641356, 1, 8.23155497e-05, -5.69570293e-05, 7.63176649e-05, -0.258619726, 0.965979159, 6.47304114e-05, -0.965979159, -0.258619785, 1 change(s)]
Chamber   ReactorCBLs.Reactor_Laser_Mk3_1.Effects.SlightlyBetterSpinnyThing.Model.Union ~(-47.8, 279.8, 2.4).CFrame = -47.7675896, 279.781616, 2.40606141, 1.00000012, 7.48162129e-05, -2.3899709e-05, 3.59228807e-06, 0.259046733, 0.965865016, 7.86554883e-05, -0.965864897, 0.259046793   [was -47.7675896, 279.781616, 2.40606141, 1.00000012, 7.48139646e-05, -2.39080673e-05, 3.60094373e-06, 0.259046733, 0.965865016, 7.86554883e-05, -0.965864897, 0.259046793, 20 change(s)]
Chamber   ReactorCBLs.Reactor_Laser_Mk3_1.Effects.SlightlyBetterSpinnyThing.Model.Union ~(-47.8, 277.5, -1.5).CFrame = -47.7673111, 277.537872, -1.48266482, 1, -8.86282942e-06, 4.30809632e-06, 9.73072747e-06, 0.965872347, -0.259018242, -1.87533806e-06, 0.259018242, 0.965872407   [was -47.7673111, 277.537872, -1.48266482, 1, -8.87118222e-06, 4.31033914e-06, 9.73938222e-06, 0.965872347, -0.259018242, -1.87533806e-06, 0.259018242, 0.965872407, 1 change(s)]
Chamber   ReactorCBLs.Reactor_Laser_Mk3_1.Effects.SlightlyBetterSpinnyThing.NeonPart.CFrame = -47.7675171, 280.604065, -0.660328686, 1.00000012, -4.70923624e-05, -5.29321187e-05, -4.11895962e-06, 0.706948638, -0.707265019, 7.07724466e-05, 0.7072649, 0.706948638   [was -47.7675171, 280.604065, -0.660328686, 1.00000012, -4.70984778e-05, -5.29259923e-05, -4.11030396e-06, 0.706948638, -0.707265019, 7.07724466e-05, 0.7072649, 0.706948638, 20 change(s)]
Chamber   ReactorCBLs.Reactor_Laser_Mk3_1.Effects.SlightlyBetterSpinnyThing.Model.Union ~(-47.8, 278.4, -2.9).CFrame = -47.7672348, 278.359619, -2.90558195, 1, -5.26405747e-05, -3.23232853e-05, 1.4354101e-05, 0.706960917, -0.707252622, 6.00814819e-05, 0.707252622, 0.706960917   [was -47.7672348, 278.359619, -2.90558195, 1, -5.26466902e-05, -3.23171625e-05, 1.43627567e-05, 0.706960917, -0.707252622, 6.00814819e-05, 0.707252622, 0.706960917, 20 change(s)]
Chamber   ReactorCBLs.Reactor_Laser_Mk3_1.Effects.SlightlyBetterSpinnyThing.Model.Union ~(-47.8, 279.8, -3.7).CFrame = -47.7672081, 279.782959, -3.72687697, 1, -8.22537113e-05, 5.69486729e-05, 7.63090138e-05, 0.258619726, -0.965979159, 6.47304114e-05, 0.965979159, 0.258619785   [was -47.7672081, 279.782959, -3.72687697, 1, -8.2255945e-05, 5.69570293e-05, 7.63176649e-05, 0.258619726, -0.965979159, 6.47304114e-05, 0.965979159, 0.258619785, 1 change(s)]
Chamber   ReactorCBLs.Reactor_Laser_Mk3_1.Effects.SlightlyBetterSpinnyThing.Model.Union ~(-47.8, 283.7, -1.5).CFrame = -47.7675056, 283.670563, -1.4812026, 1.00000012, -2.2297525e-05, 6.72481983e-05, -4.11895962e-06, -0.965971649, -0.258648217, 7.07724466e-05, 0.258648217, -0.965971589   [was -47.7675056, 283.670563, -1.4812026, 1.00000012, -2.22891631e-05, 6.7250432e-05, -4.11030396e-06, -0.965971649, -0.258648217, 7.07724466e-05, 0.258648217, -0.965971589, 20 change(s)]
Chamber   ReactorCBLs.Reactor_Laser_Mk3_1.Effects.SlightlyBetterSpinnyThing.Model.Union ~(-47.8, 281.4, -3.7).CFrame = -47.767231, 281.42627, -3.72648048, 1.00000012, -7.49354222e-05, 2.39294986e-05, 3.65553024e-06, -0.259046733, -0.965864837, 7.85501397e-05, 0.965864837, -0.259046674   [was -47.767231, 281.42627, -3.72648048, 1.00000012, -7.49331739e-05, 2.39378569e-05, 3.6641859e-06, -0.259046733, -0.965864837, 7.85501397e-05, 0.965864837, -0.259046674, 20 change(s)]
Chamber   ReactorCBLs.Reactor_Laser_Mk3_1.Effects.SlightlyBetterSpinnyThing.Thing.CFrame = -47.7424698, 280.603882, -0.660608292, 3.23232853e-05, 1, 5.26405747e-05, 0.707252622, 1.4354101e-05, -0.706960917, -0.706960917, 6.00814819e-05, -0.707252622   [was -47.7424698, 280.603882, -0.660608292, 3.23171625e-05, 1, 5.26466902e-05, 0.707252622, 1.43627567e-05, -0.706960917, -0.706960917, 6.00814819e-05, -0.707252622, 20 change(s)]
Chamber   ReactorCBLs.Reactor_Laser_Mk3_1.Effects.SlightlyBetterSpinnyThing.Model.Union ~(-47.8, 278.4, 1.6).CFrame = -47.7674904, 278.358643, 1.5839684, 1, 3.23232853e-05, -5.26405747e-05, 1.4354101e-05, 0.707252622, 0.706960917, 6.00814819e-05, -0.706960917, 0.707252622   [was -47.7674904, 278.358643, 1.5839684, 1, 3.23171625e-05, -5.26466902e-05, 1.43627567e-05, 0.707252622, 0.706960917, 6.00814819e-05, -0.706960917, 0.707252622, 20 change(s)]
Chamber   ReactorCBLs.Reactor_Laser_Mk3_1.Effects.SlightlyBetterSpinnyThing.Model.Union ~(-47.8, 282.8, -2.9).CFrame = -47.7672997, 282.849213, -2.904526, 1, -3.23232853e-05, 5.26405747e-05, 1.4354101e-05, -0.707252622, -0.706960917, 6.00814819e-05, 0.706960917, -0.707252622   [was -47.7672997, 282.849213, -2.904526, 1, -3.23171625e-05, 5.26466902e-05, 1.43627567e-05, -0.707252622, -0.706960917, 6.00814819e-05, 0.706960917, -0.707252622, 20 change(s)]
Chamber   ReactorCBLs.Reactor_Laser_Mk3_1.Effects.SlightlyBetterSpinnyThing.Model.Union ~(-47.8, 283.7, 0.2).CFrame = -47.7675858, 283.670197, 0.162077427, 1, 8.92243406e-06, -4.30809632e-06, 9.73072747e-06, -0.965872347, 0.259018242, -1.87533806e-06, -0.259018242, -0.965872407   [was -47.7675896, 283.670197, 0.162077427, 1, 8.93078686e-06, -4.31033914e-06, 9.73938222e-06, -0.965872347, 0.259018242, -1.87533806e-06, -0.259018242, -0.965872407, 1 change(s)]
Chamber   ReactorCBLs.Reactor_Laser_Mk3_1.Effects.SlightlyBetterSpinnyThing.Model.Union ~(-47.8, 282.8, 1.6).CFrame = -47.7676315, 282.848236, 1.58507776, 1, 5.26405747e-05, 3.23232853e-05, 1.4354101e-05, -0.706960917, 0.707252622, 6.00814819e-05, -0.707252622, -0.706960917   [was -47.7676315, 282.848236, 1.58507776, 1, 5.26466902e-05, 3.23171625e-05, 1.43627567e-05, -0.706960917, 0.707252622, 6.00814819e-05, -0.707252622, -0.706960917, 20 change(s)]
Chamber   ReactorCBLs.Reactor_Laser_Mk3_1.Effects.SpinnyThingsFront.SpinnyLaserThingy.CFrame = -63.0289421, 280.602936, -0.666257381, 1, 1.5073806e-07, -2.61075883e-07, -3.01467367e-07, 0.500014484, -0.866017103, -1.49040868e-14, 0.866017103, 0.500014484   [was -63.0289421, 280.602936, -0.666257381, 1, 1.5073789e-07, -2.6107557e-07, -3.01467054e-07, 0.500014484, -0.866017103, -8.67582559e-15, 0.866017103, 0.500014484, 60 change(s)]
Chamber   ReactorCBLs.Reactor_Laser_Mk3_1.Effects.SpinnyThingsFront.SpinnyLaserThingy ~(-63.0, 280.6, -0.7).CFrame = -63.0289726, 280.602936, -0.66625464, 1, -1.50743148e-07, -2.61072955e-07, -3.01467367e-07, -0.500031412, -0.866007268, -1.49040868e-14, 0.866007268, -0.500031412   [was -63.0289726, 280.602936, -0.66625464, 1, -1.50742977e-07, -2.61072643e-07, -3.01467054e-07, -0.500031412, -0.866007268, -8.67582559e-15, 0.866007268, -0.500031412, 60 change(s)]
Chamber   ReactorCBLs.Reactor_Laser_Mk3_1.Effects.SpinnyThingsFront.WeldThing.CFrame = -64.878479, 280.603363, -0.665982962, 1, 2.61072955e-07, -1.50743148e-07, -3.01467367e-07, 0.866007268, -0.500031412, -1.49040868e-14, 0.500031412, 0.866007268   [was -64.878479, 280.603363, -0.665982962, 1, 2.61072643e-07, -1.50742977e-07, -3.01467054e-07, 0.866007268, -0.500031412, -8.67582559e-15, 0.500031412, 0.866007268, 60 change(s)]
Chamber   ReactorCBLs.Reactor_Laser_Mk3_1.Effects.SpinnyThingsFront.SpinnyLaserThingy ~(-63.0, 280.6, -0.7) #2.CFrame = -63.0290184, 280.602905, -0.666225314, 1, -3.01467423e-07, 1.42108547e-14, -3.01467367e-07, -1.00000024, 8.94069672e-08, -1.49040868e-14, -8.94069672e-08, -1.00000024   [was -63.0290184, 280.602905, -0.666225314, 1, -3.01467082e-07, 1.42108547e-14, -3.01467054e-07, -1.00000024, 8.94069672e-08, -8.67582559e-15, -8.94069672e-08, -1.00000024, 60 change(s)]
Chamber   ReactorCBLs.Reactor_Laser_Mk3_1.Effects.SpinnyThingsFront.SpinnyLaserThingy ~(-63.0, 280.6, -0.7) #3.CFrame = -63.0289574, 280.602905, -0.666241467, 1, 7.80262681e-08, -2.91194937e-07, -3.01467367e-07, 0.258821577, -0.965925097, -1.49040868e-14, 0.965925097, 0.258821577   [was -63.0289574, 280.602905, -0.666241467, 1, 7.80261757e-08, -2.91194567e-07, -3.01467054e-07, 0.258821577, -0.965925097, -8.67582559e-15, 0.965925097, 0.258821577, 60 change(s)]
Chamber   ReactorCBLs.Reactor_Laser_Mk3_1.Effects.SpinnyThingsFront.SpinnyLaserThingy ~(-63.0, 280.6, -0.7) #4.CFrame = -63.0289726, 280.602936, -0.666265488, 1, -2.13164157e-07, -2.13175099e-07, -3.01467367e-07, -0.707088649, -0.707124949, -1.49040868e-14, 0.707124949, -0.707088649   [was -63.0289726, 280.602936, -0.666265488, 1, -2.13163915e-07, -2.13174857e-07, -3.01467054e-07, -0.707088649, -0.707124949, -8.67582559e-15, 0.707124949, -0.707088649, 60 change(s)]
Chamber   ReactorCBLs.Reactor_Laser_Mk3_1.Effects.SpinnyThingsFront.SpinnyLaserThingy ~(-63.0, 280.6, -0.7) #5.CFrame = -63.0290184, 280.602905, -0.66618228, 1, -2.91191185e-07, 7.80403511e-08, -3.01467367e-07, -0.9659127, 0.258868396, -1.49040868e-14, -0.258868396, -0.9659127   [was -63.0290184, 280.602905, -0.66618228, 1, -2.91190844e-07, 7.804028e-08, -3.01467054e-07, -0.9659127, 0.258868396, -8.67582559e-15, -0.258868396, -0.9659127, 60 change(s)]
Chamber   ReactorCBLs.Reactor_Laser_Mk3_1.Effects.SpinnyThingsFront.SpinnyLaserThingy ~(-63.0, 280.6, -0.7) #6.CFrame = -63.0289268, 280.602905, -0.666204393, 1, 2.61072955e-07, -1.50743148e-07, -3.01467367e-07, 0.866007268, -0.500031412, -1.49040868e-14, 0.500031412, 0.866007268   [was -63.0289268, 280.602905, -0.666204393, 1, 2.61072643e-07, -1.50742977e-07, -3.01467054e-07, 0.866007268, -0.500031412, -8.67582559e-15, 0.500031412, 0.866007268, 60 change(s)]
Chamber   ReactorCBLs.Reactor_Laser_Mk3_1.Effects.SpinnyThingsFront.SpinnyLaserThingy ~(-63.0, 280.6, -0.7) #7.CFrame = -63.0289726, 280.602905, -0.66624105, 1, 5.01643171e-12, -3.01467395e-07, -3.01467367e-07, 1.65700912e-05, -1, -1.49040868e-14, 1, 1.65700912e-05   [was -63.0289726, 280.602905, -0.66624105, 1, 5.00222086e-12, -3.01467026e-07, -3.01467054e-07, 1.65700912e-05, -1, -8.67582559e-15, 1, 1.65700912e-05, 60 change(s)]
Chamber   ReactorCBLs.Reactor_Laser_Mk3_1.Effects.SpinnyThingsFront.SpinnyLaserThingy ~(-63.0, 280.6, -0.7) #8.CFrame = -63.0289879, 280.602905, -0.666221917, 1, -2.61076821e-07, -1.50736454e-07, -3.01467367e-07, -0.866020143, -0.500009179, -1.49040868e-14, 0.500009179, -0.866020143   [was -63.0289879, 280.602905, -0.666221917, 1, -2.61076508e-07, -1.5073627e-07, -3.01467054e-07, -0.866020143, -0.500009179, -8.67582559e-15, 0.500009179, -0.866020143, 60 change(s)]
Chamber   ReactorCBLs.Reactor_Laser_Mk3_1.Effects.SpinnyThingsFront.SpinnyLaserThingy ~(-63.0, 280.6, -0.7) #9.CFrame = -63.0289268, 280.602905, -0.666245282, 1, 2.13165052e-07, -2.13174218e-07, -3.01467367e-07, 0.70709157, -0.707121968, -1.49040868e-14, 0.707121968, 0.70709157   [was -63.0289268, 280.602905, -0.666245282, 1, 2.1316481e-07, -2.13173962e-07, -3.01467054e-07, 0.70709157, -0.707121968, -8.67582559e-15, 0.707121968, 0.70709157, 60 change(s)]
Chamber   ReactorCBLs.Reactor_Laser_Mk3_1.Effects.SpinnyThingsFront.SpinnyLaserThingy ~(-63.0, 280.6, -0.7) #10.CFrame = -63.0289726, 280.602936, -0.666243851, 1, -7.80223957e-08, -2.91195988e-07, -3.01467367e-07, -0.258808792, -0.965928614, -1.49040868e-14, 0.965928614, -0.258808792   [was -63.0289726, 280.602936, -0.666243851, 1, -7.80223175e-08, -2.91195619e-07, -3.01467054e-07, -0.258808792, -0.965928614, -8.67582559e-15, 0.965928614, -0.258808792, 60 change(s)]
Chamber   ReactorCBLs.Reactor_Laser_Mk3_1.Effects.SpinnyThingsFront.SpinnyLaserThingy ~(-63.0, 280.6, -0.7) #11.CFrame = -63.0290031, 280.602905, -0.666237354, 1, -2.91193714e-07, -7.80308227e-08, -3.01467367e-07, -0.965921164, -0.258836657, -1.49040868e-14, 0.258836657, -0.965921164   [was -63.0290031, 280.602905, -0.666237354, 1, -2.91193373e-07, -7.80307161e-08, -3.01467054e-07, -0.965921164, -0.258836657, -8.67582559e-15, 0.258836657, -0.965921164, 60 change(s)]
Chamber   ReactorCBLs.Reactor_Laser_Mk3_3.Effects.SlightlyBetterSpinnyThing.Model.Union.CFrame = 9.71491909, 283.670441, 31.7008648, -0.500044286, -0.224128574, -0.836493909, 1.76079302e-05, -0.965931058, 0.258799255, -0.865999877, 0.129396364, 0.483012259   [was 9.71491909, 283.670441, 31.7008648, -0.500044286, -0.224128544, -0.836493909, 1.75680398e-05, -0.965931058, 0.258799255, -0.865999877, 0.129396364, 0.483012259, 20 change(s)]
Chamber   ReactorCBLs.Reactor_Laser_Mk3_3.Effects.SlightlyBetterSpinnyThing.Model.Union ~(8.3, 277.5, 32.5).CFrame = 8.29158783, 277.537628, 32.5223427, -0.500044286, 0.224128544, 0.836493909, 1.76079302e-05, 0.965931058, -0.258799255, -0.865999877, -0.129396409, -0.483012259   [was 8.29158783, 277.537628, 32.5223427, -0.500044286, 0.224128515, 0.836493909, 1.75680398e-05, 0.965931058, -0.258799255, -0.865999877, -0.129396409, -0.483012259, 20 change(s)]
Chamber   ReactorCBLs.Reactor_Laser_Mk3_3.Effects.SlightlyBetterSpinnyThing.Model.Union ~(11.7, 281.4, 30.6).CFrame = 11.6590042, 281.425659, 30.5783463, -0.499986589, -0.83653003, -0.224122345, 8.42013105e-05, -0.258838773, 0.965920508, -0.866033137, 0.482928425, 0.129486322   [was 11.6590042, 281.425659, 30.5783463, -0.499986589, -0.836530089, -0.224122345, 8.41614237e-05, -0.258838773, 0.965920508, -0.866033137, 0.482928425, 0.129486322, 20 change(s)]
Chamber   ReactorCBLs.Reactor_Laser_Mk3_3.Effects.SlightlyBetterSpinnyThing.Model.Union ~(6.3, 279.8, 33.6).CFrame = 6.34757996, 279.782257, 33.6447449, -0.499986589, 0.83652997, 0.224122345, 8.42013105e-05, 0.258838773, -0.965920508, -0.866033137, -0.482928455, -0.129486322   [was 6.34757996, 279.782257, 33.6447449, -0.499986589, 0.83653003, 0.224122345, 8.41614237e-05, 0.258838773, -0.965920508, -0.866033137, -0.482928455, -0.129486322, 20 change(s)]
Chamber   ReactorCBLs.Reactor_Laser_Mk3_3.Effects.SlightlyBetterSpinnyThing.Model.Union ~(10.9, 282.8, 31.0).CFrame = 10.9474411, 282.848816, 30.9892292, -0.499990642, -0.612371564, -0.612380922, 2.22453527e-05, -0.707121253, 0.707092285, -0.866030812, 0.353525937, 0.35356763   [was 10.9474411, 282.848816, 30.9892292, -0.499990642, -0.612371564, -0.612380981, 2.22054623e-05, -0.707121253, 0.707092285, -0.866030812, 0.353525937, 0.35356763, 20 change(s)]
Chamber   ReactorCBLs.Reactor_Laser_Mk3_3.Effects.SlightlyBetterSpinnyThing.NeonPart.CFrame = 9.0032692, 280.604004, 32.1116714, -0.499981433, 0.612379432, 0.612380564, 3.7747177e-06, 0.707108974, -0.707104683, -0.866036236, -0.353536874, -0.353543669   [was 9.0032692, 280.604004, 32.1116714, -0.499981433, 0.612379491, 0.612380624, 3.73482726e-06, 0.707108974, -0.707104683, -0.866036236, -0.353536874, -0.353543669, 20 change(s)]
Chamber   ReactorCBLs.Reactor_Laser_Mk3_3.Effects.SlightlyBetterSpinnyThing.Model.Union ~(6.3, 281.4, 33.6).CFrame = 6.3476181, 281.425598, 33.6447639, -0.499974698, 0.83652699, -0.224160731, 1.15509702e-05, -0.258827686, -0.965923488, -0.86604017, -0.482939899, 0.129397586   [was 6.3476181, 281.425598, 33.6447639, -0.499974698, 0.83652699, -0.224160701, 1.15110797e-05, -0.258827686, -0.965923488, -0.86604017, -0.482939899, 0.129397586, 20 change(s)]
Chamber   ReactorCBLs.Reactor_Laser_Mk3_3.Effects.SlightlyBetterSpinnyThing.Thing.CFrame = 8.99048996, 280.603882, 32.0901299, -0.612380922, -0.499990642, -0.612371564, 0.707092285, 2.22453527e-05, -0.707121253, 0.35356763, -0.866030812, 0.353525937   [was 8.99048996, 280.603882, 32.0901299, -0.612380981, -0.499990642, -0.612371564, 0.707092285, 2.22054623e-05, -0.707121253, 0.35356763, -0.866030812, 0.353525937, 20 change(s)]
Chamber   ReactorCBLs.Reactor_Laser_Mk3_3.Effects.SlightlyBetterSpinnyThing.Model.Union ~(10.9, 278.4, 31.0).CFrame = 10.9472733, 278.3591, 30.9891224, -0.499990642, -0.612380922, 0.612371564, 2.22453527e-05, 0.707092285, 0.707121253, -0.866030812, 0.35356763, -0.353525937   [was 10.9472742, 278.3591, 30.9891224, -0.499990642, -0.612380981, 0.612371564, 2.22054623e-05, 0.707092285, 0.707121253, -0.866030812, 0.35356763, -0.353525937, 20 change(s)]
Chamber   ReactorCBLs.Reactor_Laser_Mk3_3.Effects.SlightlyBetterSpinnyThing.Model.Union ~(9.7, 277.5, 31.7).CFrame = 9.71471405, 277.537598, 31.7007389, -0.499981403, -0.22418654, 0.836516142, 3.66935183e-06, 0.965913057, 0.258867323, -0.866036296, 0.129432023, -0.482937783   [was 9.71471405, 277.537598, 31.7007389, -0.499981403, -0.224186599, 0.836516142, 3.62946139e-06, 0.965913057, 0.258867323, -0.866036296, 0.129432023, -0.482937783, 20 change(s)]
Chamber   ReactorCBLs.Reactor_Laser_Mk3_3.Effects.SlightlyBetterSpinnyThing.Model.Union ~(11.7, 279.8, 30.6).CFrame = 11.6589928, 279.782288, 30.5782928, -0.499974608, -0.83652699, 0.22416079, 1.14877521e-05, 0.258827686, 0.965923727, -0.86604023, 0.482940018, -0.12939766   [was 11.6589928, 279.782288, 30.5782928, -0.499974608, -0.83652705, 0.224160761, 1.14478617e-05, 0.258827686, 0.965923727, -0.86604023, 0.482940018, -0.12939766, 20 change(s)]
Chamber   ReactorCBLs.Reactor_Laser_Mk3_3.Effects.SlightlyBetterSpinnyThing.Model.Union ~(7.1, 278.4, 33.2).CFrame = 7.05912304, 278.35907, 33.2339096, -0.499990642, 0.612371564, 0.612380922, 2.22453527e-05, 0.707121253, -0.707092285, -0.866030812, -0.353525937, -0.35356763   [was 7.05912304, 278.35907, 33.2339096, -0.499990642, 0.612371564, 0.612380981, 2.22054623e-05, 0.707121253, -0.707092285, -0.866030812, -0.353525937, -0.35356763, 20 change(s)]
Chamber   ReactorCBLs.Reactor_Laser_Mk3_3.Effects.SlightlyBetterSpinnyThing.Model.Union ~(8.3, 283.7, 32.5).CFrame = 8.29177094, 283.670441, 32.5225182, -0.499981433, 0.224186569, -0.836515963, 3.7747177e-06, -0.965912938, -0.258867204, -0.866036236, -0.129431963, 0.482937694   [was 8.29177094, 283.670441, 32.5225182, -0.499981433, 0.224186629, -0.836516023, 3.73482726e-06, -0.965912938, -0.258867204, -0.866036236, -0.129431963, 0.482937694, 20 change(s)]
Chamber   ReactorCBLs.Reactor_Laser_Mk3_3.Effects.SlightlyBetterSpinnyThing.Model.Union ~(7.1, 282.8, 33.2).CFrame = 7.05920553, 282.848755, 33.2339783, -0.499990642, 0.612380922, -0.612371564, 2.22453527e-05, -0.707092285, -0.707121253, -0.866030812, -0.35356763, 0.353525937   [was 7.05920506, 282.848755, 33.2339783, -0.499990642, 0.612380981, -0.612371564, 2.22054623e-05, -0.707092285, -0.707121253, -0.866030812, -0.35356763, 0.353525937, 20 change(s)]
Chamber   ReactorCBLs.Reactor_Laser_Mk3_3.Effects.SpinnyThingsBack.SpinnyLaserThingy.CFrame = 30.599575, 280.602997, 69.5294189, -0.499989748, 0.74996531, 0.433084667, -1.73490553e-05, 0.50007093, -0.86598444, -0.866031349, -0.432990849, -0.250017345   [was 30.599575, 280.602997, 69.5294189, -0.499989748, 0.74996531, 0.433084667, -1.73490553e-05, 0.50007093, -0.86598444, -0.866031349, -0.432990849, -0.250017345, 51 change(s)]
Chamber   ReactorCBLs.Reactor_Laser_Mk3_3.Effects.SpinnyThingsBack.SpinnyLaserThingy ~(30.6, 280.6, 69.5).CFrame = 30.5995827, 280.603027, 69.5294495, -0.499989748, 0.750021994, -0.432986408, -1.73490553e-05, -0.499974906, -0.866039872, -0.866031349, -0.433003545, 0.249995336   [was 30.5995827, 280.603027, 69.5294495, -0.499989748, 0.750021994, -0.432986408, -1.73490553e-05, -0.499974906, -0.866039872, -0.866031349, -0.433003545, 0.249995336, 51 change(s)]
Chamber   ReactorCBLs.Reactor_Laser_Mk3_3.Effects.SpinnyThingsBack.SpinnyLaserThingy ~(30.6, 280.6, 69.5) #2.CFrame = 30.5996304, 280.602997, 69.5294724, -0.499989748, 6.51180744e-05, -0.866031408, -1.73490553e-05, -1.00000012, -6.51478767e-05, -0.866031349, -1.75535679e-05, 0.499989808   [was 30.5996304, 280.602997, 69.5294724, -0.499989748, 6.51180744e-05, -0.866031408, -1.73490553e-05, -1.00000012, -6.51478767e-05, -0.866031349, -1.75535679e-05, 0.499989808, 51 change(s)]
Chamber   ReactorCBLs.Reactor_Laser_Mk3_3.Effects.SpinnyThingsBack.SpinnyLaserThingy ~(30.6, 280.6, 69.5) #3.CFrame = 30.5995655, 280.602997, 69.5294037, -0.499989748, 0.612343669, 0.612409532, -1.73490553e-05, 0.707137644, -0.707075834, -0.866031349, -0.353541315, -0.353550971   [was 30.5995655, 280.602997, 69.5294037, -0.499989748, 0.612343669, 0.612409532, -1.73490553e-05, 0.707137644, -0.707075834, -0.866031349, -0.353541315, -0.353550971, 51 change(s)]
Chamber   ReactorCBLs.Reactor_Laser_Mk3_3.Effects.SpinnyThingsBack.SpinnyLaserThingy ~(30.6, 280.6, 69.5) #4.CFrame = 30.5995998, 280.603027, 69.5294418, -0.499989748, 0.836541295, -0.224073574, -1.73490553e-05, -0.25874579, -0.965945482, -0.866031349, -0.482958943, 0.129384756   [was 30.5995998, 280.603027, 69.5294418, -0.499989748, 0.836541295, -0.224073574, -1.73490553e-05, -0.25874579, -0.965945482, -0.866031349, -0.482958943, 0.129384756, 51 change(s)]
Chamber   ReactorCBLs.Reactor_Laser_Mk3_3.Effects.SpinnyThingsBack.SpinnyLaserThingy ~(30.6, 280.6, 69.5) #5.CFrame = 30.5996284, 280.602997, 69.5294571, -0.499989748, 0.224223554, -0.836501122, -1.73490553e-05, -0.965904236, -0.258899599, -0.866031349, -0.129432634, 0.482946157   [was 30.5996284, 280.602997, 69.5294571, -0.499989748, 0.224223554, -0.836501122, -1.73490553e-05, -0.965904236, -0.258899599, -0.866031349, -0.129432634, 0.482946157, 51 change(s)]
Chamber   ReactorCBLs.Reactor_Laser_Mk3_3.Effects.SpinnyThingsBack.WeldThing.CFrame = 31.5750999, 280.603516, 71.2185669, -0.499989748, 0.432986408, 0.750021994, -1.73490553e-05, 0.866039872, -0.499974906, -0.866031349, -0.249995336, -0.433003545   [was 31.5750999, 280.603516, 71.2185669, -0.499989748, 0.432986408, 0.750021994, -1.73490553e-05, 0.866039872, -0.499974906, -0.866031349, -0.249995336, -0.433003545, 51 change(s)]
Chamber   ReactorCBLs.Reactor_Laser_Mk3_3.Effects.SpinnyThingsBack.SpinnyLaserThingy ~(30.6, 280.6, 69.5) #6.CFrame = 30.5995941, 280.602997, 69.5294418, -0.499989748, 0.866031349, 7.95423985e-05, -1.73490553e-05, 8.1807375e-05, -1, -0.866031349, -0.499989748, -2.5883317e-05   [was 30.5995941, 280.602997, 69.5294418, -0.499989748, 0.866031349, 7.95423985e-05, -1.73490553e-05, 8.1807375e-05, -1, -0.866031349, -0.499989748, -2.5883317e-05, 51 change(s)]
Chamber   ReactorCBLs.Reactor_Laser_Mk3_3.Effects.SpinnyThingsBack.SpinnyLaserThingy ~(30.6, 280.6, 69.5) #7.CFrame = 30.5996094, 280.602997, 69.5294495, -0.499989748, 0.433080018, -0.749967933, -1.73490553e-05, -0.865987539, -0.500065565, -0.866031349, -0.250014663, 0.432992399   [was 30.5996094, 280.602997, 69.5294495, -0.499989748, 0.433080018, -0.749967933, -1.73490553e-05, -0.865987539, -0.500065565, -0.866031349, -0.250014663, 0.432992399, 51 change(s)]
Chamber   ReactorCBLs.Reactor_Laser_Mk3_3.Effects.SpinnyThingsBack.SpinnyLaserThingy ~(30.6, 280.6, 69.5) #8.CFrame = 30.5996056, 280.603027, 69.5293808, -0.499989748, 0.432986408, 0.750021994, -1.73490553e-05, 0.866039872, -0.499974906, -0.866031349, -0.249995336, -0.433003545   [was 30.5996056, 280.603027, 69.5293808, -0.499989748, 0.432986408, 0.750021994, -1.73490553e-05, 0.866039872, -0.499974906, -0.866031349, -0.249995336, -0.433003545, 51 change(s)]
Chamber   ReactorCBLs.Reactor_Laser_Mk3_3.Effects.SpinnyThingsBack.SpinnyLaserThingy ~(30.6, 280.6, 69.5) #9.CFrame = 30.5995903, 280.603027, 69.5294266, -0.499989748, 0.836504519, 0.224210531, -1.73490553e-05, 0.258884519, -0.965908289, -0.866031349, -0.482948124, -0.129425094   [was 30.5995903, 280.603027, 69.5294266, -0.499989748, 0.836504519, 0.224210531, -1.73490553e-05, 0.258884519, -0.965908289, -0.866031349, -0.482948124, -0.129425094, 51 change(s)]
Chamber   ReactorCBLs.Reactor_Laser_Mk3_3.Effects.SpinnyThingsBack.SpinnyLaserThingy ~(30.6, 280.6, 69.5) #10.CFrame = 30.5995846, 280.603027, 69.5294495, -0.499989748, 0.612438381, -0.61231482, -1.73490553e-05, -0.707042515, -0.707171023, -0.866031349, -0.35356766, 0.353524625   [was 30.5995846, 280.603027, 69.5294495, -0.499989748, 0.612438381, -0.61231482, -1.73490553e-05, -0.707042515, -0.707171023, -0.866031349, -0.35356766, 0.353524625, 51 change(s)]
Chamber   ReactorCBLs.Reactor_Laser_Mk3_3.Effects.SpinnyThingsBack.SpinnyLaserThingy ~(30.6, 280.6, 69.5) #11.CFrame = 30.5996704, 280.602997, 69.5294495, -0.499989748, -0.224125147, -0.836527467, -1.73490553e-05, -0.965929568, 0.258805364, -0.866031349, 0.129414544, 0.482950985   [was 30.5996704, 280.602997, 69.5294495, -0.499989748, -0.224125147, -0.836527467, -1.73490553e-05, -0.965929568, 0.258805364, -0.866031349, 0.129414544, 0.482950985, 51 change(s)]
Chamber   ReactorCBLs.Reactor_Laser_Mk3_2.Effects.SlightlyBetterSpinnyThing.Model.Union.CFrame = 9.7107687, 283.67041, -33.0284424, -0.49999997, -0.224164873, 0.836510777, -4.09694148e-05, -0.965913236, -0.258866072, 0.866025627, -0.129467309, 0.48294729   [was 9.7107687, 283.67041, -33.0284424, -0.49999997, -0.224164873, 0.836510777, -4.09425338e-05, -0.965913236, -0.258866072, 0.866025627, -0.129467309, 0.48294729, 20 change(s)]
Chamber   ReactorCBLs.Reactor_Laser_Mk3_2.Effects.SlightlyBetterSpinnyThing.Model.Union ~(8.3, 277.5, -33.9).CFrame = 8.28776455, 277.537689, -33.8500443, -0.5, 0.224164963, -0.836510897, -4.10747816e-05, 0.965913355, 0.258866191, 0.866025567, 0.129467219, -0.482947409   [was 8.28776455, 277.537689, -33.8500443, -0.5, 0.224164963, -0.836510897, -4.1047897e-05, 0.965913355, 0.258866191, 0.866025567, 0.129467219, -0.482947409, 20 change(s)]
Chamber   ReactorCBLs.Reactor_Laser_Mk3_2.Effects.SlightlyBetterSpinnyThing.Model.Union ~(9.7, 277.5, -33.0).CFrame = 9.71084785, 277.53772, -33.0284271, -0.499936968, -0.224150211, -0.836552262, -2.71361114e-05, 0.96593076, -0.258800387, 0.866061747, -0.129361138, -0.482910633   [was 9.71084785, 277.53772, -33.0284271, -0.499936968, -0.224150211, -0.836552262, -2.71092304e-05, 0.96593076, -0.258800387, 0.866061747, -0.129361138, -0.482910633, 20 change(s)]
Chamber   ReactorCBLs.Reactor_Laser_Mk3_2.Effects.SlightlyBetterSpinnyThing.Model.Union ~(11.7, 279.8, -31.9).CFrame = 11.6548223, 279.782288, -31.9060459, -0.499994665, -0.836509824, -0.224179864, 3.94571907e-05, 0.25883764, -0.965920806, 0.866028488, -0.482964069, -0.129384458   [was 11.6548223, 279.782288, -31.9060459, -0.499994665, -0.836509824, -0.224179864, 3.94840754e-05, 0.25883764, -0.965920806, 0.866028488, -0.482964069, -0.129384458, 20 change(s)]
Chamber   ReactorCBLs.Reactor_Laser_Mk3_2.Effects.SlightlyBetterSpinnyThing.Model.Union ~(6.3, 281.4, -35.0).CFrame = 6.34351921, 281.42569, -34.9724464, -0.499994665, 0.836509824, 0.224179864, 3.94571907e-05, -0.25883764, 0.965920806, 0.866028488, 0.482964098, 0.129384458   [was 6.34351921, 281.42569, -34.9724464, -0.499994665, 0.836509824, 0.224179864, 3.94840754e-05, -0.25883764, 0.965920806, 0.866028488, 0.482964098, 0.129384458, 20 change(s)]
Chamber   ReactorCBLs.Reactor_Laser_Mk3_2.Effects.SlightlyBetterSpinnyThing.Model.Union ~(8.3, 283.7, -33.9).CFrame = 8.28763008, 283.67041, -33.8500519, -0.499936968, 0.224150181, 0.836552262, -2.71361114e-05, -0.96593076, 0.258800387, 0.866061747, 0.129361182, 0.482910633   [was 8.28763008, 283.67041, -33.8500519, -0.499936968, 0.224150181, 0.836552262, -2.71092304e-05, -0.96593076, 0.258800387, 0.866061747, 0.129361182, 0.482910633, 20 change(s)]
Chamber   ReactorCBLs.Reactor_Laser_Mk3_2.Effects.SlightlyBetterSpinnyThing.Model.Union ~(10.9, 278.4, -32.3).CFrame = 10.9432926, 278.359161, -32.3168755, -0.499990642, -0.612372398, -0.612380147, -2.24987634e-05, 0.707120419, -0.70709312, 0.866030812, -0.353526175, -0.353567362   [was 10.9432926, 278.359161, -32.3168755, -0.499990642, -0.612372398, -0.612380147, -2.24718824e-05, 0.707120419, -0.70709312, 0.866030812, -0.353526175, -0.353567362, 20 change(s)]
Chamber   ReactorCBLs.Reactor_Laser_Mk3_2.Effects.SlightlyBetterSpinnyThing.Model.Union ~(7.1, 282.8, -34.6).CFrame = 7.05509806, 282.848785, -34.5616226, -0.499990642, 0.612372398, 0.612380147, -2.24987634e-05, -0.707120419, 0.70709312, 0.866030812, 0.353526175, 0.353567362   [was 7.05509806, 282.848785, -34.5616226, -0.499990642, 0.612372398, 0.612380147, -2.24718824e-05, -0.707120419, 0.70709312, 0.866030812, 0.353526175, 0.353567362, 20 change(s)]
Chamber   ReactorCBLs.Reactor_Laser_Mk3_2.Effects.SlightlyBetterSpinnyThing.Model.Union ~(10.9, 282.8, -32.3).CFrame = 10.9432049, 282.848755, -32.3168106, -0.499990642, -0.612380147, 0.612372398, -2.24987634e-05, -0.70709312, -0.707120419, 0.866030812, -0.353567362, 0.353526175   [was 10.9432049, 282.848755, -32.3168106, -0.499990642, -0.612380147, 0.612372398, -2.24718824e-05, -0.70709312, -0.707120419, 0.866030812, -0.353567362, 0.353526175, 20 change(s)]
Chamber   ReactorCBLs.Reactor_Laser_Mk3_2.Effects.SlightlyBetterSpinnyThing.Model.Union ~(7.1, 278.4, -34.6).CFrame = 7.0551939, 278.359161, -34.5615959, -0.499990642, 0.612380147, -0.612372398, -2.24987634e-05, 0.70709312, 0.707120419, 0.866030812, 0.353567362, -0.353526175   [was 7.0551939, 278.359161, -34.5615959, -0.499990642, 0.612380147, -0.612372398, -2.24718824e-05, 0.70709312, 0.707120419, 0.866030812, 0.353567362, -0.353526175, 20 change(s)]
Chamber   ReactorCBLs.Reactor_Laser_Mk3_2.Effects.SlightlyBetterSpinnyThing.Model.Union ~(11.7, 281.4, -31.9).CFrame = 11.6547813, 281.425629, -31.9060268, -0.500006676, -0.836506128, 0.224167317, -3.31931697e-05, -0.258828819, -0.96592319, 0.866021693, -0.482975483, 0.129388392   [was 11.6547813, 281.425629, -31.9060268, -0.500006676, -0.836506128, 0.224167317, -3.31662886e-05, -0.258828819, -0.96592319, 0.866021693, -0.482975483, 0.129388392, 20 change(s)]
Chamber   ReactorCBLs.Reactor_Laser_Mk3_2.Effects.SlightlyBetterSpinnyThing.NeonPart.CFrame = 8.99930096, 280.604095, -33.4392815, -0.49999997, -0.612385809, -0.612359166, -4.09694148e-05, 0.70710814, -0.707105458, 0.866025627, -0.353527516, -0.353579074   [was 8.99930096, 280.604095, -33.4392815, -0.49999997, -0.612385809, -0.612359166, -4.09425338e-05, 0.70710814, -0.707105458, 0.866025627, -0.353527516, -0.353579074, 20 change(s)]
Chamber   ReactorCBLs.Reactor_Laser_Mk3_2.Effects.SlightlyBetterSpinnyThing.Model.Union ~(6.3, 279.8, -35.0).CFrame = 6.3435173, 279.782349, -34.9724693, -0.500006795, 0.836506248, -0.224167436, -3.32563868e-05, 0.258828819, 0.965923429, 0.866021633, 0.482975453, -0.129388437   [was 6.3435173, 279.782349, -34.9724693, -0.500006795, 0.836506248, -0.224167436, -3.32295094e-05, 0.258828819, 0.965923429, 0.866021633, 0.482975453, -0.129388437, 20 change(s)]
Chamber   ReactorCBLs.Reactor_Laser_Mk3_2.Effects.SlightlyBetterSpinnyThing.Thing.CFrame = 8.98702621, 280.603912, -33.41745, 0.612380147, -0.499990642, 0.612372398, 0.70709312, -2.24987634e-05, -0.707120419, 0.353567362, 0.866030812, 0.353526175   [was 8.98702621, 280.603912, -33.41745, 0.612380147, -0.499990642, 0.612372398, 0.70709312, -2.24718824e-05, -0.707120419, 0.353567362, 0.866030812, 0.353526175, 20 change(s)]
Chamber   ReactorCBLs.Reactor_Laser_Mk3_2.Effects.SpinnyThingsBack.SpinnyLaserThingy.CFrame = 30.6058769, 280.603058, -70.8510895, -0.499989748, -0.612343907, -0.612409353, 1.6770342e-05, 0.707137644, -0.707075834, 0.866031289, -0.353540957, -0.353551328   [was 30.6058769, 280.603058, -70.8510895, -0.499989748, -0.612343907, -0.612409353, 1.67759263e-05, 0.707137644, -0.707075834, 0.866031289, -0.353540957, -0.353551328, 19 change(s)]
Chamber   ReactorCBLs.Reactor_Laser_Mk3_2.Effects.SpinnyThingsBack.SpinnyLaserThingy ~(30.6, 280.6, -70.9).CFrame = 30.605896, 280.603088, -70.8511429, -0.499989748, -0.836541235, 0.224073842, 1.6770342e-05, -0.25874579, -0.965945482, 0.866031289, -0.482959092, 0.129384279   [was 30.605896, 280.603088, -70.8511429, -0.499989748, -0.836541235, 0.224073842, 1.67759263e-05, -0.25874579, -0.965945482, 0.866031289, -0.482959092, 0.129384279, 19 change(s)]
Chamber   ReactorCBLs.Reactor_Laser_Mk3_2.Effects.SpinnyThingsBack.SpinnyLaserThingy ~(30.6, 280.6, -70.9) #2.CFrame = 30.6058941, 280.603058, -70.8511658, -0.499989748, -0.224223316, 0.836501241, 1.6770342e-05, -0.965904236, -0.258899599, 0.866031289, -0.12943314, 0.482946038   [was 30.6058941, 280.603058, -70.8511658, -0.499989748, -0.224223316, 0.836501241, 1.67759263e-05, -0.965904236, -0.258899599, 0.866031289, -0.12943314, 0.482946038, 19 change(s)]
Chamber   ReactorCBLs.Reactor_Laser_Mk3_2.Effects.SpinnyThingsBack.SpinnyLaserThingy ~(30.6, 280.6, -70.9) #3.CFrame = 30.6058369, 280.603088, -70.8511047, -0.499989748, -0.432986677, -0.750021875, 1.6770342e-05, 0.866039872, -0.499974906, 0.866031289, -0.249994919, -0.433003813   [was 30.6058369, 280.603088, -70.8511047, -0.499989748, -0.432986677, -0.750021875, 1.67759263e-05, 0.866039872, -0.499974906, 0.866031289, -0.249994919, -0.433003813, 19 change(s)]
Chamber   ReactorCBLs.Reactor_Laser_Mk3_2.Effects.SpinnyThingsBack.SpinnyLaserThingy ~(30.6, 280.6, -70.9) #4.CFrame = 30.6058979, 280.603088, -70.8511353, -0.499989748, -0.866031349, -7.92443752e-05, 1.6770342e-05, 8.1807375e-05, -1, 0.866031289, -0.499989748, -2.63750553e-05   [was 30.6058979, 280.603088, -70.8511353, -0.499989748, -0.866031349, -7.92443752e-05, 1.67759263e-05, 8.1807375e-05, -1, 0.866031289, -0.499989748, -2.63750553e-05, 19 change(s)]
Chamber   ReactorCBLs.Reactor_Laser_Mk3_2.Effects.SpinnyThingsBack.SpinnyLaserThingy ~(30.6, 280.6, -70.9) #5.CFrame = 30.6058998, 280.603088, -70.8511581, -0.499989748, -0.433079779, 0.749968171, 1.6770342e-05, -0.865987539, -0.500065565, 0.866031289, -0.25001511, 0.43299216   [was 30.6058998, 280.603088, -70.8511581, -0.499989748, -0.433079779, 0.749968171, 1.67759263e-05, -0.865987539, -0.500065565, 0.866031289, -0.25001511, 0.43299216, 19 change(s)]
Chamber   ReactorCBLs.Reactor_Laser_Mk3_2.Effects.SpinnyThingsBack.SpinnyLaserThingy ~(30.6, 280.6, -70.9) #6.CFrame = 30.6059074, 280.603058, -70.8511887, -0.499989748, -6.48200512e-05, 0.866031468, 1.6770342e-05, -1.00000012, -6.51478767e-05, 0.866031289, -1.80453062e-05, 0.499989837   [was 30.6059074, 280.603058, -70.8511887, -0.499989748, -6.48200512e-05, 0.866031468, 1.67759263e-05, -1.00000012, -6.51478767e-05, 0.866031289, -1.80453062e-05, 0.499989837, 19 change(s)]
Chamber   ReactorCBLs.Reactor_Laser_Mk3_2.Effects.SpinnyThingsBack.SpinnyLaserThingy ~(30.6, 280.6, -70.9) #7.CFrame = 30.6058846, 280.603088, -70.85112, -0.499989748, -0.836504638, -0.224210262, 1.6770342e-05, 0.258884519, -0.965908289, 0.866031289, -0.482948005, -0.1294256   [was 30.6058846, 280.603088, -70.85112, -0.499989748, -0.836504638, -0.224210262, 1.67759263e-05, 0.258884519, -0.965908289, 0.866031289, -0.482948005, -0.1294256, 19 change(s)]
Chamber   ReactorCBLs.Reactor_Laser_Mk3_2.Effects.SpinnyThingsBack.SpinnyLaserThingy ~(30.6, 280.6, -70.9) #8.CFrame = 30.6059074, 280.603088, -70.8511276, -0.499989748, -0.612438202, 0.612315059, 1.6770342e-05, -0.707042515, -0.707171023, 0.866031289, -0.353567988, 0.353524297   [was 30.6059074, 280.603088, -70.8511276, -0.499989748, -0.612438202, 0.612315059, 1.67759263e-05, -0.707042515, -0.707171023, 0.866031289, -0.353567988, 0.353524297, 19 change(s)]
Chamber   ReactorCBLs.Reactor_Laser_Mk3_2.Effects.SpinnyThingsBack.SpinnyLaserThingy ~(30.6, 280.6, -70.9) #9.CFrame = 30.6058655, 280.603058, -70.8512039, -0.499989748, 0.224125445, 0.836527467, 1.6770342e-05, -0.965929568, 0.258805364, 0.866031289, 0.129414067, 0.482951164   [was 30.6058655, 280.603058, -70.8512039, -0.499989748, 0.224125445, 0.836527467, 1.67759263e-05, -0.965929568, 0.258805364, 0.866031289, 0.129414067, 0.482951164, 19 change(s)]
Chamber   ReactorCBLs.Reactor_Laser_Mk3_2.Effects.SpinnyThingsBack.WeldThing.CFrame = 31.5809288, 280.603516, -72.5405273, -0.499989748, -0.432986677, -0.750021875, 1.6770342e-05, 0.866039872, -0.499974906, 0.866031289, -0.249994919, -0.433003813   [was 31.5809288, 280.603516, -72.5405273, -0.499989748, -0.432986677, -0.750021875, 1.67759263e-05, 0.866039872, -0.499974906, 0.866031289, -0.249994919, -0.433003813, 19 change(s)]
Chamber   ReactorCBLs.Reactor_Laser_Mk3_2.Effects.SpinnyThingsBack.SpinnyLaserThingy ~(30.6, 280.6, -70.9) #10.CFrame = 30.6058903, 280.603058, -70.8511047, -0.499989748, -0.749965489, -0.433084428, 1.6770342e-05, 0.50007093, -0.86598444, 0.866031289, -0.432990611, -0.250017792   [was 30.6058903, 280.603058, -70.8511047, -0.499989748, -0.749965489, -0.433084428, 1.67759263e-05, 0.50007093, -0.86598444, 0.866031289, -0.432990611, -0.250017792, 19 change(s)]
Chamber   ReactorCBLs.Reactor_Laser_Mk3_2.Effects.SpinnyThingsBack.SpinnyLaserThingy ~(30.6, 280.6, -70.9) #11.CFrame = 30.6059093, 280.603088, -70.85112, -0.499989748, -0.750021875, 0.432986677, 1.6770342e-05, -0.499974906, -0.866039872, 0.866031289, -0.433003813, 0.249994919   [was 30.6059093, 280.603088, -70.85112, -0.499989748, -0.750021875, 0.432986677, 1.67759263e-05, -0.499974906, -0.866039872, 0.866031289, -0.433003813, 0.249994919, 19 change(s)]
Chamber   MovingParts.ChamberFan1.FanMoterAndBlades.Part.CFrame = 68.8654022, 332.604858, 44.8113785, -0.612397015, -0.612350583, 0.499996692, -0.707091093, 0.707122505, -2.72084835e-05, -0.353542238, -0.353559852, -0.866027296   [was 68.8654022, 332.604858, 44.8113785, -0.612397015, -0.612350583, 0.499996692, -0.707091093, 0.707122505, -2.72104007e-05, -0.353542238, -0.353559852, -0.866027296, 2 change(s)]
Chamber   MovingParts.ChamberFan2.FanMoterAndBlades.Blades.CFrame = -9.92993546, 332.605042, 90.3021927, 0.171072364, 0.173685387, -0.969828784, -0.675029457, -0.696352303, -0.24378027, -0.717683494, 0.696367085, -0.00188387802   [was -9.92993546, 332.605042, 90.3021927, 0.171072364, 0.173685372, -0.969828784, -0.675029457, -0.696352303, -0.24378027, -0.717683494, 0.696367085, -0.00188388594, 59 change(s)]
Chamber   MovingParts.ChamberFan2.FanMoterAndBlades.Part.CFrame = -9.93000412, 332.604889, 90.3022003, 3.22461055e-05, -6.02123419e-06, 1, -0.70710659, 0.707107008, 2.70590899e-05, -0.707107008, -0.70710659, 1.8543793e-05   [was -9.93000412, 332.604889, 90.3022003, 3.22461019e-05, -6.00971907e-06, 1, -0.70710659, 0.707107008, 2.70509445e-05, -0.707107008, -0.70710659, 1.85519311e-05, 60 change(s)]
Chamber   MovingParts.ChamberFan3.FanMoterAndBlades.Part.CFrame = -88.7237473, 332.60495, 44.8083763, 0.612396955, 0.612350583, 0.499996722, -0.707091093, 0.707122445, 2.71626104e-05, -0.353542268, -0.353559852, 0.866027296   [was -88.7237473, 332.60495, 44.8083763, 0.612396955, 0.612350583, 0.499996722, -0.707091093, 0.707122445, 2.71625904e-05, -0.353542268, -0.353559852, 0.866027296, 1 change(s)]
Chamber   MovingParts.ChamberFan4.FanMoterAndBlades.Blades.CFrame = -88.6778183, 332.61377, -46.1503067, 0.670141518, 0.689880311, -0.273816764, -0.717666805, 0.696384251, -0.00188675767, 0.189380005, 0.19777362, 0.961780131   [was -88.6778183, 332.61377, -46.1503067, 0.670141518, 0.689880311, -0.273816764, -0.717666805, 0.696384251, -0.00188675919, 0.189380005, 0.19777362, 0.961780131, 1 change(s)]
Chamber   MovingParts.ChamberFan4.FanMoterAndBlades.Part.CFrame = -88.6777344, 332.61377, -46.150177, 0.612397015, -0.612350583, 0.499996692, -0.707091093, -0.707122505, 2.71672307e-05, 0.353542268, -0.353559852, -0.866027296   [was -88.6777344, 332.61377, -46.150177, 0.612397015, -0.612350583, 0.499996692, -0.707091093, -0.707122505, 2.71687641e-05, 0.353542268, -0.353559852, -0.866027296, 2 change(s)]
Chamber   MovingParts.ChamberFan5.FanMoterAndBlades.Blades.CFrame = -9.9264946, 332.61377, -91.6156616, 0.171007156, 0.173738614, -0.969830751, -0.717697322, 0.696353018, -0.0018023774, 0.675031304, 0.696353137, 0.243773073   [was -9.9264946, 332.61377, -91.6156616, 0.171007156, 0.173738629, -0.969830751, -0.717697322, 0.696353018, -0.00180236786, 0.675031304, 0.696353137, 0.243773088, 60 change(s)]
Chamber   MovingParts.ChamberFan5.FanMoterAndBlades.Part.CFrame = -9.92656326, 332.61377, -91.6155243, -3.23057211e-05, -6.00745807e-05, 1, -0.707106531, -0.707107067, -6.53227471e-05, 0.707107067, -0.707106531, -1.96355231e-05   [was -9.92656326, 332.61377, -91.6155243, -3.23057247e-05, -6.00885433e-05, 1, -0.707106531, -0.707107067, -6.53326206e-05, 0.707107067, -0.707106531, -1.96453984e-05, 60 change(s)]
Chamber   MovingParts.ChamberFan6.FanMoterAndBlades.Blades.CFrame = 68.8231506, 332.613708, -46.1472778, -0.499101847, -0.516201973, -0.696012139, -0.717676044, 0.696374834, -0.00183397566, 0.485631943, 0.498595953, -0.718027771   [was 68.8231506, 332.613708, -46.1472778, -0.499101847, -0.516201973, -0.696012139, -0.717676044, 0.696374834, -0.00183397578, 0.485631943, 0.498595953, -0.718027771, 1 change(s)]
Chamber   MovingParts.ChamberFan6.FanMoterAndBlades.Part.CFrame = 68.822998, 332.613708, -46.1472664, -0.612397015, 0.612350523, 0.499996692, -0.707091033, -0.707122505, -2.72487705e-05, 0.353542238, -0.353559881, 0.866027296   [was 68.822998, 332.613708, -46.1472664, -0.612397015, 0.612350523, 0.499996692, -0.707091033, -0.707122505, -2.72487287e-05, 0.353542238, -0.353559881, 0.866027296, 1 change(s)]
Chamber   MovingParts.CoreAntenna.SpecialCoreAntenna.FrontPiece.StructureDetail.Vent.CFrame = -23.5339031, 302.921417, -51.0455322, -6.66601136e-06, 0.258806676, 0.965929389, 1.00000024, -1.12885227e-05, 9.92573041e-06, 1.34727607e-05, 0.96592927, -0.258806437   [was -23.5339031, 302.921417, -51.0455322, -6.67071163e-06, 0.258806676, 0.965929389, 1.00000024, -1.12973503e-05, 9.93296271e-06, 1.34831598e-05, 0.96592927, -0.258806437, 60 change(s)]
Chamber   MovingParts.CoreAntenna.SpecialCoreAntenna.FrontPiece.StructureDetail.MainFrame.CFrame = -23.9988747, 303.108978, -52.7326813, 6.66600999e-06, -0.96592921, -0.258806527, -1, -9.92573041e-06, 1.12885227e-05, -1.3472757e-05, 0.258806527, -0.96592921   [was -23.9988747, 303.108978, -52.7326813, 6.67071026e-06, -0.96592921, -0.258806527, -1, -9.93296271e-06, 1.12973503e-05, -1.34831562e-05, 0.258806527, -0.96592921, 60 change(s)]
Chamber   MovingParts.CoreAntenna.SpecialCoreAntenna.FrontPiece.StructureDetail.Front.Plates.Part.CFrame = -19.5562553, 306.086914, -51.0759735, -0.258811593, 7.02769539e-05, 0.965927839, 6.04326215e-06, 1, -7.11365283e-05, -0.965927839, -1.25731995e-05, -0.258811593   [was -19.5562553, 306.086914, -51.0759735, -0.258811593, 7.02722537e-05, 0.965927839, 6.05208925e-06, 1, -7.1129296e-05, -0.965927839, -1.25628003e-05, -0.258811593, 60 change(s)]
Chamber   MovingParts.CoreAntenna.SpecialCoreAntenna.FrontPiece.StructureDetail.Front.Plates.Part ~(-27.0, 298.2, -49.1).CFrame = -26.9939651, 298.211792, -49.0832672, -0.25880146, 8.6323962e-05, -0.965930581, 6.04336583e-06, -1, -9.09879891e-05, -0.965930581, -2.9385712e-05, 0.25880146   [was -26.9939651, 298.211792, -49.0832672, -0.25880146, 8.63286623e-05, -0.965930581, 6.05219384e-06, -1, -9.09952214e-05, -0.965930581, -2.9396113e-05, 0.25880146, 60 change(s)]
Chamber   MovingParts.CoreAntenna.SpecialCoreAntenna.FrontPiece.StructureDetail.Front.Plates.Plating.CFrame = -26.2815018, 303.112091, -49.2740402, 0.258806556, -0.96592921, 6.69686324e-06, -1.11693143e-05, -9.92573041e-06, -1.00000012, 0.965929329, 0.258806527, -1.33576114e-05   [was -26.2815018, 303.112091, -49.2740402, 0.258806556, -0.96592921, 6.70156351e-06, -1.11781419e-05, -9.93296271e-06, -1.00000012, 0.965929329, 0.258806527, -1.33680105e-05, 60 change(s)]
Chamber   MovingParts.CoreAntenna.SpecialCoreAntenna.FrontPiece.StructureDetail.Front.Plates.Plating ~(-20.2, 309.2, -50.9).CFrame = -20.1961269, 309.237152, -50.9045143, 0.258806556, -0.96592921, 6.69686324e-06, -1.11693143e-05, -9.92573041e-06, -1.00000012, 0.965929329, 0.258806527, -1.33576114e-05   [was -20.1961269, 309.237152, -50.9045143, 0.258806556, -0.96592921, 6.70156351e-06, -1.11781419e-05, -9.93296271e-06, -1.00000012, 0.965929329, 0.258806527, -1.33680105e-05, 60 change(s)]
Chamber   MovingParts.CoreAntenna.SpecialCoreAntenna.FrontPiece.StructureDetail.Front.Plates.Plating ~(-22.9, 299.4, -50.2).CFrame = -22.9007053, 299.437103, -50.1799507, 0.258806556, -0.96592921, 6.69686324e-06, -1.11693143e-05, -9.92573041e-06, -1.00000012, 0.965929329, 0.258806527, -1.33576114e-05   [was -22.9007053, 299.437103, -50.1799507, 0.258806556, -0.96592921, 6.70156351e-06, -1.11781419e-05, -9.93296271e-06, -1.00000012, 0.965929329, 0.258806527, -1.33680105e-05, 60 change(s)]
Chamber   MovingParts.CoreAntenna.SpecialCoreAntenna.FrontPiece.StructureDetail.Front.Plates.Plating ~(-25.6, 297.0, -49.5).CFrame = -25.6052933, 296.987091, -49.455265, 0.258806556, -0.96592921, 6.69686324e-06, -1.11693143e-05, -9.92573041e-06, -1.00000012, 0.965929329, 0.258806527, -1.33576114e-05   [was -25.6052933, 296.987091, -49.455265, 0.258806556, -0.96592921, 6.70156351e-06, -1.11781419e-05, -9.93296271e-06, -1.00000012, 0.965929329, 0.258806527, -1.33680105e-05, 60 change(s)]
Chamber   MovingParts.CoreAntenna.SpecialCoreAntenna.FrontPiece.StructureDetail.Front.Plates.Part ~(-27.0, 302.6, -49.1).CFrame = -26.9939651, 302.586823, -49.0832176, -0.258718103, 2.95700397e-06, -0.965952933, 6.04422257e-06, -1, -4.67948803e-06, -0.965952933, -7.0487622e-06, 0.258718103   [was -26.9939651, 302.586823, -49.0832176, -0.258718103, 2.96170424e-06, -0.965952933, 6.05305104e-06, -1, -4.68671988e-06, -0.965952933, -7.05916136e-06, 0.258718103, 60 change(s)]
Chamber   MovingParts.CoreAntenna.SpecialCoreAntenna.FrontPiece.StructureDetail.Front.Plates.Plating ~(-25.6, 299.4, -49.5).CFrame = -25.6053123, 299.437103, -49.455246, 0.258806556, -0.96592921, 6.69686324e-06, -1.11693143e-05, -9.92573041e-06, -1.00000012, 0.965929329, 0.258806527, -1.33576114e-05   [was -25.6053123, 299.437103, -49.455246, 0.258806556, -0.96592921, 6.70156351e-06, -1.11781419e-05, -9.93296271e-06, -1.00000012, 0.965929329, 0.258806527, -1.33680105e-05, 60 change(s)]
Chamber   MovingParts.CoreAntenna.SpecialCoreAntenna.FrontPiece.StructureDetail.Front.Plates.Plating ~(-20.9, 301.9, -50.7).CFrame = -20.9447517, 301.887146, -50.7039986, 0.258806556, 0.965929449, -6.63515857e-06, -1.11693143e-05, 9.92573314e-06, 1.00000012, 0.965929329, -0.258806586, 1.35879063e-05   [was -20.9447517, 301.887146, -50.7039986, 0.258806556, 0.965929449, -6.63985884e-06, -1.11781419e-05, 9.93296544e-06, 1.00000012, 0.965929329, -0.258806586, 1.35983055e-05, 60 change(s)]
Chamber   MovingParts.CoreAntenna.SpecialCoreAntenna.FrontPiece.StructureDetail.Front.Plates.Plating ~(-25.6, 304.3, -49.5).CFrame = -25.6053181, 304.337097, -49.4551964, 0.258806556, -0.96592921, 6.69686324e-06, -1.11693143e-05, -9.92573041e-06, -1.00000012, 0.965929329, 0.258806527, -1.33576114e-05   [was -25.6053181, 304.337097, -49.4551964, 0.258806556, -0.96592921, 6.70156351e-06, -1.11781419e-05, -9.93296271e-06, -1.00000012, 0.965929329, 0.258806527, -1.33680105e-05, 60 change(s)]
Chamber   MovingParts.CoreAntenna.SpecialCoreAntenna.FrontPiece.StructureDetail.Front.Plates.Plating ~(-20.9, 297.0, -50.7).CFrame = -20.9447231, 296.987122, -50.7040825, 0.258806556, 0.965929449, -6.63515857e-06, -1.11693143e-05, 9.92573314e-06, 1.00000012, 0.965929329, -0.258806586, 1.35879063e-05   [was -20.9447231, 296.987122, -50.7040825, 0.258806556, 0.965929449, -6.63985884e-06, -1.11781419e-05, 9.93296544e-06, 1.00000012, 0.965929329, -0.258806586, 1.35983055e-05, 60 change(s)]
Chamber   MovingParts.CoreAntenna.SpecialCoreAntenna.FrontPiece.StructureDetail.Front.Plates.Part ~(-27.0, 303.1, -49.1).CFrame = -26.9939651, 303.111847, -49.0832024, -0.25880146, 8.6323962e-05, -0.965930581, 6.04336583e-06, -1, -9.09879891e-05, -0.965930581, -2.9385712e-05, 0.25880146   [was -26.9939651, 303.111847, -49.0832024, -0.25880146, 8.63286623e-05, -0.965930581, 6.05219384e-06, -1, -9.09952214e-05, -0.965930581, -2.9396113e-05, 0.25880146, 60 change(s)]
Chamber   MovingParts.CoreAntenna.SpecialCoreAntenna.FrontPiece.StructureDetail.Front.Plates.Plating ~(-20.9, 306.8, -50.7).CFrame = -20.9447708, 306.787109, -50.7038803, 0.258806556, 0.965929449, -6.63515857e-06, -1.11693143e-05, 9.92573314e-06, 1.00000012, 0.965929329, -0.258806586, 1.35879063e-05   [was -20.9447708, 306.787109, -50.7038803, 0.258806556, 0.965929449, -6.63985884e-06, -1.11781419e-05, 9.93296544e-06, 1.00000012, 0.965929329, -0.258806586, 1.35983055e-05, 60 change(s)]
Chamber   MovingParts.CoreAntenna.SpecialCoreAntenna.FrontPiece.StructureDetail.Front.Plates.Plating ~(-22.2, 305.6, -50.4).CFrame = -22.2245712, 305.562103, -50.3609962, 0.258806556, -0.96592921, 6.69686324e-06, -1.11693143e-05, -9.92573041e-06, -1.00000012, 0.965929329, 0.258806527, -1.33576114e-05   [was -22.2245712, 305.562103, -50.3609962, 0.258806556, -0.96592921, 6.70156351e-06, -1.11781419e-05, -9.93296271e-06, -1.00000012, 0.965929329, 0.258806527, -1.33680105e-05, 60 change(s)]
Chamber   MovingParts.CoreAntenna.SpecialCoreAntenna.FrontPiece.StructureDetail.Front.Plates.Plating ~(-26.4, 304.3, -49.3).CFrame = -26.3539658, 304.337097, -49.2546082, 0.258806556, 0.965929449, -6.63515857e-06, -1.11693143e-05, 9.92573314e-06, 1.00000012, 0.965929329, -0.258806586, 1.35879063e-05   [was -26.3539658, 304.337097, -49.2546082, 0.258806556, 0.965929449, -6.63985884e-06, -1.11781419e-05, 9.93296544e-06, 1.00000012, 0.965929329, -0.258806586, 1.35983055e-05, 60 change(s)]
Chamber   MovingParts.CoreAntenna.SpecialCoreAntenna.FrontPiece.StructureDetail.Front.Plates.Plating ~(-25.0, 299.4, -49.6).CFrame = -25.0016098, 299.437103, -49.6170082, 0.258806556, 0.965929449, -6.63515857e-06, -1.11693143e-05, 9.92573314e-06, 1.00000012, 0.965929329, -0.258806586, 1.35879063e-05   [was -25.0016098, 299.437103, -49.6170082, 0.258806556, 0.965929449, -6.63985884e-06, -1.11781419e-05, 9.93296544e-06, 1.00000012, 0.965929329, -0.258806586, 1.35983055e-05, 60 change(s)]
Chamber   MovingParts.CoreAntenna.SpecialCoreAntenna.FrontPiece.StructureDetail.Front.Plates.Part ~(-27.0, 300.7, -49.1).CFrame = -26.9939556, 300.661835, -49.0832558, -0.25880146, 8.6323962e-05, -0.965930581, 6.04336583e-06, -1, -9.09879891e-05, -0.965930581, -2.9385712e-05, 0.25880146   [was -26.9939556, 300.661835, -49.0832558, -0.25880146, 8.63286623e-05, -0.965930581, 6.05219384e-06, -1, -9.09952214e-05, -0.965930581, -2.9396113e-05, 0.25880146, 60 change(s)]
Chamber   MovingParts.CoreAntenna.SpecialCoreAntenna.FrontPiece.StructureDetail.Front.Plates.Plating ~(-21.6, 300.7, -50.5).CFrame = -21.6209049, 300.66214, -50.5228462, 0.258806556, 0.965929449, -6.63515857e-06, -1.11693143e-05, 9.92573314e-06, 1.00000012, 0.965929329, -0.258806586, 1.35879063e-05   [was -21.6209049, 300.66214, -50.5228462, 0.258806556, 0.965929449, -6.63985884e-06, -1.11781419e-05, 9.93296544e-06, 1.00000012, 0.965929329, -0.258806586, 1.35983055e-05, 60 change(s)]
Chamber   MovingParts.CoreAntenna.SpecialCoreAntenna.FrontPiece.StructureDetail.Front.Plates.Plating ~(-22.2, 298.2, -50.4).CFrame = -22.2245407, 298.212097, -50.3611603, 0.258806556, -0.96592921, 6.69686324e-06, -1.11693143e-05, -9.92573041e-06, -1.00000012, 0.965929329, 0.258806527, -1.33576114e-05   [was -22.2245407, 298.212097, -50.3611603, 0.258806556, -0.96592921, 6.70156351e-06, -1.11781419e-05, -9.93296271e-06, -1.00000012, 0.965929329, 0.258806527, -1.33680105e-05, 60 change(s)]
Chamber   MovingParts.CoreAntenna.SpecialCoreAntenna.FrontPiece.StructureDetail.Front.Plates.Plating ~(-26.4, 297.0, -49.3).CFrame = -26.3539219, 296.987122, -49.2547264, 0.258806556, 0.965929449, -6.63515857e-06, -1.11693143e-05, 9.92573314e-06, 1.00000012, 0.965929329, -0.258806586, 1.35879063e-05   [was -26.3539219, 296.987122, -49.2547264, 0.258806556, 0.965929449, -6.63985884e-06, -1.11781419e-05, 9.93296544e-06, 1.00000012, 0.965929329, -0.258806586, 1.35983055e-05, 60 change(s)]
Chamber   MovingParts.CoreAntenna.SpecialCoreAntenna.FrontPiece.StructureDetail.Front.Plates.Plating ~(-27.0, 299.4, -49.1).CFrame = -26.9576111, 299.437073, -49.092926, 0.258806556, -0.96592921, 6.69686324e-06, -1.11693143e-05, -9.92573041e-06, -1.00000012, 0.965929329, 0.258806527, -1.33576114e-05   [was -26.9576111, 299.437073, -49.092926, 0.258806556, -0.96592921, 6.70156351e-06, -1.11781419e-05, -9.93296271e-06, -1.00000012, 0.965929329, 0.258806527, -1.33680105e-05, 60 change(s)]
Chamber   MovingParts.CoreAntenna.SpecialCoreAntenna.FrontPiece.StructureDetail.Front.Plates.Part ~(-27.0, 301.2, -49.1).CFrame = -26.9939556, 301.186798, -49.0832367, 0.258718103, -2.95700397e-06, -0.965952933, -6.04422257e-06, 1, -4.67948803e-06, 0.965952933, 7.0487622e-06, 0.258718103   [was -26.9939556, 301.186798, -49.0832367, 0.258718103, -2.96170424e-06, -0.965952933, -6.05305104e-06, 1, -4.68671988e-06, 0.965952933, 7.05916136e-06, 0.258718103, 60 change(s)]
Chamber   MovingParts.CoreAntenna.SpecialCoreAntenna.FrontPiece.StructureDetail.Front.Plates.Plating ~(-24.3, 306.8, -49.8).CFrame = -24.2530384, 306.787079, -49.8174858, 0.258806556, -0.96592921, 6.69686324e-06, -1.11693143e-05, -9.92573041e-06, -1.00000012, 0.965929329, 0.258806527, -1.33576114e-05   [was -24.2530384, 306.787079, -49.8174858, 0.258806556, -0.96592921, 6.70156351e-06, -1.11781419e-05, -9.93296271e-06, -1.00000012, 0.965929329, 0.258806527, -1.33680105e-05, 60 change(s)]
Chamber   MovingParts.CoreAntenna.SpecialCoreAntenna.FrontPiece.StructureDetail.Front.Plates.Plating ~(-23.6, 298.2, -50.0).CFrame = -23.5768566, 298.212097, -49.9987946, 0.258806556, -0.96592921, 6.69686324e-06, -1.11693143e-05, -9.92573041e-06, -1.00000012, 0.965929329, 0.258806527, -1.33576114e-05   [was -23.5768566, 298.212097, -49.9987946, 0.258806556, -0.96592921, 6.70156351e-06, -1.11781419e-05, -9.93296271e-06, -1.00000012, 0.965929329, 0.258806527, -1.33680105e-05, 60 change(s)]
Chamber   MovingParts.CoreAntenna.SpecialCoreAntenna.FrontPiece.StructureDetail.Front.Plates.Plating ~(-20.9, 304.3, -50.7).CFrame = -20.9447575, 304.337128, -50.7039261, 0.258806556, 0.965929449, -6.63515857e-06, -1.11693143e-05, 9.92573314e-06, 1.00000012, 0.965929329, -0.258806586, 1.35879063e-05   [was -20.9447575, 304.337128, -50.7039261, 0.258806556, 0.965929449, -6.63985884e-06, -1.11781419e-05, 9.93296544e-06, 1.00000012, 0.965929329, -0.258806586, 1.35983055e-05, 60 change(s)]
Chamber   MovingParts.CoreAntenna.SpecialCoreAntenna.FrontPiece.StructureDetail.Front.Plates.Plating ~(-23.6, 300.7, -50.0).CFrame = -23.5768776, 300.66214, -49.9987755, 0.258806556, -0.96592921, 6.69686324e-06, -1.11693143e-05, -9.92573041e-06, -1.00000012, 0.965929329, 0.258806527, -1.33576114e-05   [was -23.5768776, 300.66214, -49.9987755, 0.258806556, -0.96592921, 6.70156351e-06, -1.11781419e-05, -9.93296271e-06, -1.00000012, 0.965929329, 0.258806527, -1.33680105e-05, 60 change(s)]
Chamber   MovingParts.CoreAntenna.SpecialCoreAntenna.FrontPiece.StructureDetail.Front.Plates.Part ~(-27.0, 305.6, -49.1).CFrame = -26.9940128, 305.561798, -49.0831642, -0.25880146, 8.6323962e-05, -0.965930581, 6.04336583e-06, -1, -9.09879891e-05, -0.965930581, -2.9385712e-05, 0.25880146   [was -26.9940128, 305.561798, -49.0831642, -0.25880146, 8.63286623e-05, -0.965930581, 6.05219384e-06, -1, -9.09952214e-05, -0.965930581, -2.9396113e-05, 0.25880146, 60 change(s)]
Chamber   MovingParts.CoreAntenna.SpecialCoreAntenna.FrontPiece.StructureDetail.Front.Plates.Plating ~(-20.9, 309.2, -50.7).CFrame = -20.9448051, 309.237122, -50.7039185, 0.258806556, 0.965929449, -6.63515857e-06, -1.11693143e-05, 9.92573314e-06, 1.00000012, 0.965929329, -0.258806586, 1.35879063e-05   [was -20.9448051, 309.237122, -50.7039185, 0.258806556, 0.965929449, -6.63985884e-06, -1.11781419e-05, 9.93296544e-06, 1.00000012, 0.965929329, -0.258806586, 1.35983055e-05, 60 change(s)]
Chamber   MovingParts.CoreAntenna.SpecialCoreAntenna.FrontPiece.StructureDetail.Front.Plates.Plating ~(-26.3, 305.6, -49.3).CFrame = -26.2814865, 305.562073, -49.2740021, 0.258806556, -0.96592921, 6.69686324e-06, -1.11693143e-05, -9.92573041e-06, -1.00000012, 0.965929329, 0.258806527, -1.33576114e-05   [was -26.2814865, 305.562073, -49.2740021, 0.258806556, -0.96592921, 6.70156351e-06, -1.11781419e-05, -9.93296271e-06, -1.00000012, 0.965929329, 0.258806527, -1.33680105e-05, 60 change(s)]
Chamber   MovingParts.CoreAntenna.SpecialCoreAntenna.FrontPiece.StructureDetail.Front.Plates.Plating ~(-21.6, 305.6, -50.5).CFrame = -21.6208954, 305.562103, -50.5227432, 0.258806556, 0.965929449, -6.63515857e-06, -1.11693143e-05, 9.92573314e-06, 1.00000012, 0.965929329, -0.258806586, 1.35879063e-05   [was -21.6208954, 305.562103, -50.5227432, 0.258806556, 0.965929449, -6.63985884e-06, -1.11781419e-05, 9.93296544e-06, 1.00000012, 0.965929329, -0.258806586, 1.35983055e-05, 60 change(s)]
Chamber   MovingParts.CoreAntenna.SpecialCoreAntenna.FrontPiece.StructureDetail.Front.Plates.Plating ~(-21.5, 306.8, -50.5).CFrame = -21.5484467, 306.787109, -50.5421371, 0.258806556, -0.96592921, 6.69686324e-06, -1.11693143e-05, -9.92573041e-06, -1.00000012, 0.965929329, 0.258806527, -1.33576114e-05   [was -21.5484467, 306.787109, -50.5421371, 0.258806556, -0.96592921, 6.70156351e-06, -1.11781419e-05, -9.93296271e-06, -1.00000012, 0.965929329, 0.258806527, -1.33680105e-05, 60 change(s)]
Chamber   MovingParts.CoreAntenna.SpecialCoreAntenna.FrontPiece.StructureDetail.Front.Plates.Part ~(-27.0, 306.1, -49.1).CFrame = -26.9939861, 306.086823, -49.083168, 0.258718103, -2.95700397e-06, -0.965952933, -6.04422257e-06, 1, -4.67948803e-06, 0.965952933, 7.0487622e-06, 0.258718103   [was -26.9939861, 306.086823, -49.083168, 0.258718103, -2.96170424e-06, -0.965952933, -6.05305104e-06, 1, -4.68671988e-06, 0.965952933, 7.05916136e-06, 0.258718103, 60 change(s)]
Chamber   MovingParts.CoreAntenna.SpecialCoreAntenna.FrontPiece.StructureDetail.Front.Plates.Plating ~(-26.4, 301.9, -49.3).CFrame = -26.35396, 301.887085, -49.2546768, 0.258806556, 0.965929449, -6.63515857e-06, -1.11693143e-05, 9.92573314e-06, 1.00000012, 0.965929329, -0.258806586, 1.35879063e-05   [was -26.35396, 301.887085, -49.2546768, 0.258806556, 0.965929449, -6.63985884e-06, -1.11781419e-05, 9.93296544e-06, 1.00000012, 0.965929329, -0.258806586, 1.35983055e-05, 60 change(s)]
Chamber   MovingParts.CoreAntenna.SpecialCoreAntenna.FrontPiece.StructureDetail.Front.Plates.Plating ~(-26.4, 299.4, -49.3).CFrame = -26.3539333, 299.437073, -49.2546692, 0.258806556, 0.965929449, -6.63515857e-06, -1.11693143e-05, 9.92573314e-06, 1.00000012, 0.965929329, -0.258806586, 1.35879063e-05   [was -26.3539333, 299.437073, -49.2546692, 0.258806556, 0.965929449, -6.63985884e-06, -1.11781419e-05, 9.93296544e-06, 1.00000012, 0.965929329, -0.258806586, 1.35983055e-05, 60 change(s)]
Chamber   MovingParts.CoreAntenna.SpecialCoreAntenna.FrontPiece.StructureDetail.Front.Plates.Plating ~(-20.3, 305.6, -50.9).CFrame = -20.2686005, 305.562134, -50.885067, 0.258806556, 0.965929449, -6.63515857e-06, -1.11693143e-05, 9.92573314e-06, 1.00000012, 0.965929329, -0.258806586, 1.35879063e-05   [was -20.2686005, 305.562134, -50.885067, 0.258806556, 0.965929449, -6.63985884e-06, -1.11781419e-05, 9.93296544e-06, 1.00000012, 0.965929329, -0.258806586, 1.35983055e-05, 60 change(s)]
Chamber   MovingParts.CoreAntenna.SpecialCoreAntenna.FrontPiece.StructureDetail.Front.Plates.Plating ~(-20.9, 300.7, -50.7).CFrame = -20.8722572, 300.66217, -50.7234383, 0.258806556, -0.96592921, 6.69686324e-06, -1.11693143e-05, -9.92573041e-06, -1.00000012, 0.965929329, 0.258806527, -1.33576114e-05   [was -20.8722572, 300.66217, -50.7234383, 0.258806556, -0.96592921, 6.70156351e-06, -1.11781419e-05, -9.93296271e-06, -1.00000012, 0.965929329, 0.258806527, -1.33680105e-05, 60 change(s)]
Chamber   MovingParts.CoreAntenna.SpecialCoreAntenna.FrontPiece.StructureDetail.Front.Plates.Part ~(-27.0, 303.6, -49.1).CFrame = -26.9939709, 303.63681, -49.0832024, 0.258718103, -2.95700397e-06, -0.965952933, -6.04422257e-06, 1, -4.67948803e-06, 0.965952933, 7.0487622e-06, 0.258718103   [was -26.9939709, 303.63681, -49.0832024, 0.258718103, -2.96170424e-06, -0.965952933, -6.05305104e-06, 1, -4.68671988e-06, 0.965952933, 7.05916136e-06, 0.258718103, 60 change(s)]
Chamber   MovingParts.CoreAntenna.SpecialCoreAntenna.FrontPiece.StructureDetail.Front.Plates.Plating ~(-22.9, 306.8, -50.2).CFrame = -22.900713, 306.787109, -50.179821, 0.258806556, -0.96592921, 6.69686324e-06, -1.11693143e-05, -9.92573041e-06, -1.00000012, 0.965929329, 0.258806527, -1.33576114e-05   [was -22.900713, 306.787109, -50.179821, 0.258806556, -0.96592921, 6.70156351e-06, -1.11781419e-05, -9.93296271e-06, -1.00000012, 0.965929329, 0.258806527, -1.33680105e-05, 60 change(s)]
Chamber   MovingParts.CoreAntenna.SpecialCoreAntenna.FrontPiece.StructureDetail.Front.Plates.Plating ~(-25.7, 308.0, -49.4).CFrame = -25.6778584, 308.012054, -49.4357185, 0.258806556, 0.965929449, -6.63515857e-06, -1.11693143e-05, 9.92573314e-06, 1.00000012, 0.965929329, -0.258806586, 1.35879063e-05   [was -25.6778584, 308.012054, -49.4357185, 0.258806556, 0.965929449, -6.63985884e-06, -1.11781419e-05, 9.93296544e-06, 1.00000012, 0.965929329, -0.258806586, 1.35983055e-05, 60 change(s)]
Chamber   MovingParts.CoreAntenna.SpecialCoreAntenna.FrontPiece.StructureDetail.Front.Plates.Plating ~(-23.6, 299.4, -50.0).CFrame = -23.6493549, 299.437134, -49.9793739, 0.258806556, 0.965929449, -6.63515857e-06, -1.11693143e-05, 9.92573314e-06, 1.00000012, 0.965929329, -0.258806586, 1.35879063e-05   [was -23.6493549, 299.437134, -49.9793739, 0.258806556, 0.965929449, -6.63985884e-06, -1.11781419e-05, 9.93296544e-06, 1.00000012, 0.965929329, -0.258806586, 1.35983055e-05, 60 change(s)]
Chamber   MovingParts.CoreAntenna.SpecialCoreAntenna.FrontPiece.StructureDetail.Front.Plates.Plating ~(-24.3, 297.0, -49.8).CFrame = -24.2530174, 296.987091, -49.8176651, 0.258806556, -0.96592921, 6.69686324e-06, -1.11693143e-05, -9.92573041e-06, -1.00000012, 0.965929329, 0.258806527, -1.33576114e-05   [was -24.2530174, 296.987091, -49.8176651, 0.258806556, -0.96592921, 6.70156351e-06, -1.11781419e-05, -9.93296271e-06, -1.00000012, 0.965929329, 0.258806527, -1.33680105e-05, 60 change(s)]
Chamber   MovingParts.CoreAntenna.SpecialCoreAntenna.FrontPiece.StructureDetail.Front.Plates.Plating ~(-21.6, 303.1, -50.5).CFrame = -21.620882, 303.112122, -50.5227814, 0.258806556, 0.965929449, -6.63515857e-06, -1.11693143e-05, 9.92573314e-06, 1.00000012, 0.965929329, -0.258806586, 1.35879063e-05   [was -21.620882, 303.112122, -50.5227814, 0.258806556, 0.965929449, -6.63985884e-06, -1.11781419e-05, 9.93296544e-06, 1.00000012, 0.965929329, -0.258806586, 1.35983055e-05, 60 change(s)]
Chamber   MovingParts.CoreAntenna.SpecialCoreAntenna.FrontPiece.StructureDetail.Front.Plates.Part ~(-19.6, 298.7, -51.1).CFrame = -19.5561771, 298.736877, -51.0760803, -0.258811593, 7.02769539e-05, 0.965927839, 6.04326215e-06, 1, -7.11365283e-05, -0.965927839, -1.25731995e-05, -0.258811593   [was -19.5561771, 298.736877, -51.0760803, -0.258811593, 7.02722537e-05, 0.965927839, 6.05208925e-06, 1, -7.1129296e-05, -0.965927839, -1.25628003e-05, -0.258811593, 60 change(s)]
Chamber   MovingParts.CoreAntenna.SpecialCoreAntenna.FrontPiece.StructureDetail.Front.Plates.Plating ~(-22.3, 309.2, -50.3).CFrame = -22.2971001, 309.237122, -50.3415909, 0.258806556, 0.965929449, -6.63515857e-06, -1.11693143e-05, 9.92573314e-06, 1.00000012, 0.965929329, -0.258806586, 1.35879063e-05   [was -22.2971001, 309.237122, -50.3415909, 0.258806556, 0.965929449, -6.63985884e-06, -1.11781419e-05, 9.93296544e-06, 1.00000012, 0.965929329, -0.258806586, 1.35983055e-05, 60 change(s)]
Chamber   MovingParts.CoreAntenna.SpecialCoreAntenna.FrontPiece.StructureDetail.Front.Plates.Plating ~(-26.3, 298.2, -49.3).CFrame = -26.2814369, 298.212128, -49.2741013, 0.258806556, -0.96592921, 6.69686324e-06, -1.11693143e-05, -9.92573041e-06, -1.00000012, 0.965929329, 0.258806527, -1.33576114e-05   [was -26.2814369, 298.212128, -49.2741013, 0.258806556, -0.96592921, 6.70156351e-06, -1.11781419e-05, -9.93296271e-06, -1.00000012, 0.965929329, 0.258806527, -1.33680105e-05, 60 change(s)]
Chamber   MovingParts.CoreAntenna.SpecialCoreAntenna.FrontPiece.StructureDetail.Front.Plates.Plating ~(-21.5, 304.3, -50.5).CFrame = -21.5484047, 304.337128, -50.5421906, 0.258806556, -0.96592921, 6.69686324e-06, -1.11693143e-05, -9.92573041e-06, -1.00000012, 0.965929329, 0.258806527, -1.33576114e-05   [was -21.5484047, 304.337128, -50.5421906, 0.258806556, -0.96592921, 6.70156351e-06, -1.11781419e-05, -9.93296271e-06, -1.00000012, 0.965929329, 0.258806527, -1.33680105e-05, 60 change(s)]
Chamber   MovingParts.CoreAntenna.SpecialCoreAntenna.FrontPiece.StructureDetail.Front.Plates.Part ~(-19.6, 301.2, -51.1).CFrame = -19.5561943, 301.18692, -51.0760498, -0.258811593, 7.02769539e-05, 0.965927839, 6.04326215e-06, 1, -7.11365283e-05, -0.965927839, -1.25731995e-05, -0.258811593   [was -19.5561943, 301.18692, -51.0760498, -0.258811593, 7.02722537e-05, 0.965927839, 6.05208925e-06, 1, -7.1129296e-05, -0.965927839, -1.25628003e-05, -0.258811593, 60 change(s)]
Chamber   MovingParts.CoreAntenna.SpecialCoreAntenna.FrontPiece.StructureDetail.Front.Plates.Plating ~(-22.2, 303.1, -50.4).CFrame = -22.2245979, 303.112152, -50.3610687, 0.258806556, -0.96592921, 6.69686324e-06, -1.11693143e-05, -9.92573041e-06, -1.00000012, 0.965929329, 0.258806527, -1.33576114e-05   [was -22.2245979, 303.112152, -50.3610687, 0.258806556, -0.96592921, 6.70156351e-06, -1.11781419e-05, -9.93296271e-06, -1.00000012, 0.965929329, 0.258806527, -1.33680105e-05, 60 change(s)]
Chamber   MovingParts.CoreAntenna.SpecialCoreAntenna.FrontPiece.StructureDetail.Front.Plates.Plating ~(-26.4, 309.2, -49.3).CFrame = -26.354002, 309.237122, -49.2545547, 0.258806556, 0.965929449, -6.63515857e-06, -1.11693143e-05, 9.92573314e-06, 1.00000012, 0.965929329, -0.258806586, 1.35879063e-05   [was -26.354002, 309.237122, -49.2545509, 0.258806556, 0.965929449, -6.63985884e-06, -1.11781419e-05, 9.93296544e-06, 1.00000012, 0.965929329, -0.258806586, 1.35983055e-05, 60 change(s)]
Chamber   MovingParts.CoreAntenna.SpecialCoreAntenna.FrontPiece.StructureDetail.Front.Plates.Plating ~(-27.0, 301.9, -49.1).CFrame = -26.9575958, 301.887054, -49.0928955, 0.258806556, -0.96592921, 6.69686324e-06, -1.11693143e-05, -9.92573041e-06, -1.00000012, 0.965929329, 0.258806527, -1.33576114e-05   [was -26.9575958, 301.887054, -49.0928955, 0.258806556, -0.96592921, 6.70156351e-06, -1.11781419e-05, -9.93296271e-06, -1.00000012, 0.965929329, 0.258806527, -1.33680105e-05, 60 change(s)]
Chamber   MovingParts.CoreAntenna.SpecialCoreAntenna.FrontPiece.StructureDetail.Front.Plates.Plating ~(-24.3, 301.9, -49.8).CFrame = -24.2530193, 301.887115, -49.8176003, 0.258806556, -0.96592921, 6.69686324e-06, -1.11693143e-05, -9.92573041e-06, -1.00000012, 0.965929329, 0.258806527, -1.33576114e-05   [was -24.2530193, 301.887115, -49.8176003, 0.258806556, -0.96592921, 6.70156351e-06, -1.11781419e-05, -9.93296271e-06, -1.00000012, 0.965929329, 0.258806527, -1.33680105e-05, 60 change(s)]
Chamber   MovingParts.CoreAntenna.SpecialCoreAntenna.FrontPiece.StructureDetail.Front.Plates.Part ~(-19.6, 300.1, -51.1).CFrame = -19.5561867, 300.136932, -51.0760612, 0.258811593, -7.02769539e-05, 0.965927839, -6.04326215e-06, -1, -7.11365283e-05, 0.965927839, 1.25731995e-05, -0.258811593   [was -19.5561867, 300.136932, -51.0760612, 0.258811593, -7.02722537e-05, 0.965927839, -6.05208925e-06, -1, -7.1129296e-05, 0.965927839, 1.25628003e-05, -0.258811593, 60 change(s)]
Chamber   MovingParts.CoreAntenna.SpecialCoreAntenna.FrontPiece.StructureDetail.Front.Plates.Plating ~(-25.0, 309.2, -49.6).CFrame = -25.0016766, 309.237152, -49.6168823, 0.258806556, 0.965929449, -6.63515857e-06, -1.11693143e-05, 9.92573314e-06, 1.00000012, 0.965929329, -0.258806586, 1.35879063e-05   [was -25.0016766, 309.237152, -49.6168823, 0.258806556, 0.965929449, -6.63985884e-06, -1.11781419e-05, 9.93296544e-06, 1.00000012, 0.965929329, -0.258806586, 1.35983055e-05, 60 change(s)]
Chamber   MovingParts.CoreAntenna.SpecialCoreAntenna.FrontPiece.StructureDetail.Front.Plates.Plating ~(-22.9, 301.9, -50.2).CFrame = -22.9007244, 301.887146, -50.1799278, 0.258806556, -0.96592921, 6.69686324e-06, -1.11693143e-05, -9.92573041e-06, -1.00000012, 0.965929329, 0.258806527, -1.33576114e-05   [was -22.9007244, 301.887146, -50.1799278, 0.258806556, -0.96592921, 6.70156351e-06, -1.11781419e-05, -9.93296271e-06, -1.00000012, 0.965929329, 0.258806527, -1.33680105e-05, 60 change(s)]
Chamber   MovingParts.CoreAntenna.SpecialCoreAntenna.FrontPiece.StructureDetail.Front.Plates.Plating ~(-21.5, 299.4, -50.5).CFrame = -21.5483856, 299.437134, -50.542305, 0.258806556, -0.96592921, 6.69686324e-06, -1.11693143e-05, -9.92573041e-06, -1.00000012, 0.965929329, 0.258806527, -1.33576114e-05   [was -21.5483856, 299.437134, -50.542305, 0.258806556, -0.96592921, 6.70156351e-06, -1.11781419e-05, -9.93296271e-06, -1.00000012, 0.965929329, 0.258806527, -1.33680105e-05, 60 change(s)]
Chamber   MovingParts.CoreAntenna.SpecialCoreAntenna.FrontPiece.StructureDetail.Front.Plates.Plating ~(-21.5, 309.2, -50.5).CFrame = -21.548481, 309.237122, -50.5421715, 0.258806556, -0.96592921, 6.69686324e-06, -1.11693143e-05, -9.92573041e-06, -1.00000012, 0.965929329, 0.258806527, -1.33576114e-05   [was -21.548481, 309.237122, -50.5421715, 0.258806556, -0.96592921, 6.70156351e-06, -1.11781419e-05, -9.93296271e-06, -1.00000012, 0.965929329, 0.258806527, -1.33680105e-05, 60 change(s)]
Chamber   MovingParts.CoreAntenna.SpecialCoreAntenna.FrontPiece.StructureDetail.Front.Plates.Part ~(-27.0, 297.7, -49.1).CFrame = -26.9939346, 297.686829, -49.0832901, -0.258718103, 2.95700397e-06, -0.965952933, 6.04422257e-06, -1, -4.67948803e-06, -0.965952933, -7.0487622e-06, 0.258718103   [was -26.9939346, 297.686829, -49.0832901, -0.258718103, 2.96170424e-06, -0.965952933, 6.05305104e-06, -1, -4.68671988e-06, -0.965952933, -7.05916136e-06, 0.258718103, 60 change(s)]
Chamber   MovingParts.CoreAntenna.SpecialCoreAntenna.FrontPiece.StructureDetail.Front.Plates.Plating ~(-24.9, 303.1, -49.6).CFrame = -24.9291477, 303.112091, -49.6363831, 0.258806556, -0.96592921, 6.69686324e-06, -1.11693143e-05, -9.92573041e-06, -1.00000012, 0.965929329, 0.258806527, -1.33576114e-05   [was -24.9291477, 303.112091, -49.6363831, 0.258806556, -0.96592921, 6.70156351e-06, -1.11781419e-05, -9.93296271e-06, -1.00000012, 0.965929329, 0.258806527, -1.33680105e-05, 60 change(s)]
Chamber   MovingParts.CoreAntenna.SpecialCoreAntenna.FrontPiece.StructureDetail.Front.Plates.Plating ~(-21.5, 301.9, -50.5).CFrame = -21.5484314, 301.887146, -50.542263, 0.258806556, -0.96592921, 6.69686324e-06, -1.11693143e-05, -9.92573041e-06, -1.00000012, 0.965929329, 0.258806527, -1.33576114e-05   [was -21.5484314, 301.887146, -50.542263, 0.258806556, -0.96592921, 6.70156351e-06, -1.11781419e-05, -9.93296271e-06, -1.00000012, 0.965929329, 0.258806527, -1.33680105e-05, 60 change(s)]
Chamber   MovingParts.CoreAntenna.SpecialCoreAntenna.FrontPiece.StructureDetail.Front.Plates.Plating ~(-24.3, 303.1, -49.8).CFrame = -24.32547, 303.112122, -49.7981224, 0.258806556, 0.965929449, -6.63515857e-06, -1.11693143e-05, 9.92573314e-06, 1.00000012, 0.965929329, -0.258806586, 1.35879063e-05   [was -24.32547, 303.112122, -49.7981224, 0.258806556, 0.965929449, -6.63985884e-06, -1.11781419e-05, 9.93296544e-06, 1.00000012, 0.965929329, -0.258806586, 1.35983055e-05, 60 change(s)]
Chamber   MovingParts.CoreAntenna.SpecialCoreAntenna.FrontPiece.StructureDetail.Front.Plates.Plating ~(-22.9, 297.0, -50.2).CFrame = -22.9006882, 296.987091, -50.179985, 0.258806556, -0.96592921, 6.69686324e-06, -1.11693143e-05, -9.92573041e-06, -1.00000012, 0.965929329, 0.258806527, -1.33576114e-05   [was -22.9006882, 296.987091, -50.179985, 0.258806556, -0.96592921, 6.70156351e-06, -1.11781419e-05, -9.93296271e-06, -1.00000012, 0.965929329, 0.258806527, -1.33680105e-05, 60 change(s)]
Chamber   MovingParts.CoreAntenna.SpecialCoreAntenna.FrontPiece.StructureDetail.Front.Plates.Part ~(-19.6, 298.2, -51.1).CFrame = -19.5561962, 298.211914, -51.0760574, -0.25880146, -2.52939553e-05, 0.965930581, -8.02641589e-05, 1, 4.68046255e-06, -0.965930581, -7.63181961e-05, -0.25880146   [was -19.5561962, 298.211914, -51.0760574, -0.25880146, -2.52986556e-05, 0.965930581, -8.02553332e-05, 1, 4.68769485e-06, -0.965930581, -7.63077987e-05, -0.25880146, 60 change(s)]
Chamber   MovingParts.CoreAntenna.SpecialCoreAntenna.FrontPiece.StructureDetail.Front.Plates.Plating ~(-23.6, 304.3, -50.0).CFrame = -23.6493454, 304.337128, -49.9792671, 0.258806556, 0.965929449, -6.63515857e-06, -1.11693143e-05, 9.92573314e-06, 1.00000012, 0.965929329, -0.258806586, 1.35879063e-05   [was -23.6493454, 304.337128, -49.9792671, 0.258806556, 0.965929449, -6.63985884e-06, -1.11781419e-05, 9.93296544e-06, 1.00000012, 0.965929329, -0.258806586, 1.35983055e-05, 60 change(s)]
Chamber   MovingParts.CoreAntenna.SpecialCoreAntenna.FrontPiece.StructureDetail.Front.Plates.Plating ~(-23.6, 306.8, -50.0).CFrame = -23.6493607, 306.787079, -49.9792252, 0.258806556, 0.965929449, -6.63515857e-06, -1.11693143e-05, 9.92573314e-06, 1.00000012, 0.965929329, -0.258806586, 1.35879063e-05   [was -23.6493607, 306.787079, -49.9792252, 0.258806556, 0.965929449, -6.63985884e-06, -1.11781419e-05, 9.93296544e-06, 1.00000012, 0.965929329, -0.258806586, 1.35983055e-05, 60 change(s)]
Chamber   MovingParts.CoreAntenna.SpecialCoreAntenna.FrontPiece.StructureDetail.Front.Plates.Plating ~(-24.3, 309.2, -49.8).CFrame = -24.2530975, 309.237091, -49.8174934, 0.258806556, -0.96592921, 6.69686324e-06, -1.11693143e-05, -9.92573041e-06, -1.00000012, 0.965929329, 0.258806527, -1.33576114e-05   [was -24.2530975, 309.237091, -49.8174934, 0.258806556, -0.96592921, 6.70156351e-06, -1.11781419e-05, -9.93296271e-06, -1.00000012, 0.965929329, 0.258806527, -1.33680105e-05, 60 change(s)]
Chamber   MovingParts.CoreAntenna.SpecialCoreAntenna.FrontPiece.StructureDetail.Front.Plates.Part ~(-19.6, 297.7, -51.1).CFrame = -19.5561943, 297.68692, -51.0760651, 0.258811593, -7.02769539e-05, 0.965927839, -6.04326215e-06, -1, -7.11365283e-05, 0.965927839, 1.25731995e-05, -0.258811593   [was -19.5561943, 297.68692, -51.0760651, 0.258811593, -7.02722537e-05, 0.965927839, -6.05208925e-06, -1, -7.1129296e-05, 0.965927839, 1.25628003e-05, -0.258811593, 60 change(s)]
Chamber   MovingParts.CoreAntenna.SpecialCoreAntenna.FrontPiece.StructureDetail.Front.Plates.Plating ~(-19.6, 297.0, -51.1).CFrame = -19.5923958, 296.987122, -51.0664062, 0.258806556, 0.965929449, -6.63515857e-06, -1.11693143e-05, 9.92573314e-06, 1.00000012, 0.965929329, -0.258806586, 1.35879063e-05   [was -19.5923958, 296.987122, -51.0664062, 0.258806556, 0.965929449, -6.63985884e-06, -1.11781419e-05, 9.93296544e-06, 1.00000012, 0.965929329, -0.258806586, 1.35983055e-05, 60 change(s)]
Chamber   MovingParts.CoreAntenna.SpecialCoreAntenna.FrontPiece.StructureDetail.Front.Plates.Plating ~(-24.9, 305.6, -49.6).CFrame = -24.9291916, 305.562073, -49.6363297, 0.258806556, -0.96592921, 6.69686324e-06, -1.11693143e-05, -9.92573041e-06, -1.00000012, 0.965929329, 0.258806527, -1.33576114e-05   [was -24.9291916, 305.562073, -49.6363297, 0.258806556, -0.96592921, 6.70156351e-06, -1.11781419e-05, -9.93296271e-06, -1.00000012, 0.965929329, 0.258806527, -1.33680105e-05, 60 change(s)]
Chamber   MovingParts.CoreAntenna.SpecialCoreAntenna.FrontPiece.StructureDetail.Front.Plates.Plating ~(-24.3, 300.7, -49.8).CFrame = -24.3254547, 300.662109, -49.7981606, 0.258806556, 0.965929449, -6.63515857e-06, -1.11693143e-05, 9.92573314e-06, 1.00000012, 0.965929329, -0.258806586, 1.35879063e-05   [was -24.3254547, 300.662109, -49.7981606, 0.258806556, 0.965929449, -6.63985884e-06, -1.11781419e-05, 9.93296544e-06, 1.00000012, 0.965929329, -0.258806586, 1.35983055e-05, 60 change(s)]
Chamber   MovingParts.CoreAntenna.SpecialCoreAntenna.FrontPiece.StructureDetail.Front.Plates.Plating ~(-25.0, 304.3, -49.6).CFrame = -25.0016422, 304.337097, -49.6169434, 0.258806556, 0.965929449, -6.63515857e-06, -1.11693143e-05, 9.92573314e-06, 1.00000012, 0.965929329, -0.258806586, 1.35879063e-05   [was -25.0016422, 304.337097, -49.6169434, 0.258806556, 0.965929449, -6.63985884e-06, -1.11781419e-05, 9.93296544e-06, 1.00000012, 0.965929329, -0.258806586, 1.35983055e-05, 60 change(s)]
Chamber   MovingParts.CoreAntenna.SpecialCoreAntenna.FrontPiece.StructureDetail.Front.Plates.Part ~(-27.0, 298.7, -49.1).CFrame = -26.9939442, 298.736786, -49.0832863, 0.258718103, -2.95700397e-06, -0.965952933, -6.04422257e-06, 1, -4.67948803e-06, 0.965952933, 7.0487622e-06, 0.258718103   [was -26.9939442, 298.736786, -49.0832863, 0.258718103, -2.96170424e-06, -0.965952933, -6.05305104e-06, 1, -4.68671988e-06, 0.965952933, 7.05916136e-06, 0.258718103, 60 change(s)]
Chamber   MovingParts.CoreAntenna.SpecialCoreAntenna.FrontPiece.StructureDetail.Front.Plates.Plating ~(-20.2, 299.4, -50.9).CFrame = -20.1960564, 299.437164, -50.9046288, 0.258806556, -0.96592921, 6.69686324e-06, -1.11693143e-05, -9.92573041e-06, -1.00000012, 0.965929329, 0.258806527, -1.33576114e-05   [was -20.1960564, 299.437164, -50.9046288, 0.258806556, -0.96592921, 6.70156351e-06, -1.11781419e-05, -9.93296271e-06, -1.00000012, 0.965929329, 0.258806527, -1.33680105e-05, 60 change(s)]
Chamber   MovingParts.CoreAntenna.SpecialCoreAntenna.FrontPiece.StructureDetail.Front.Plates.Plating ~(-25.0, 297.0, -49.6).CFrame = -25.0015984, 296.987122, -49.6170616, 0.258806556, 0.965929449, -6.63515857e-06, -1.11693143e-05, 9.92573314e-06, 1.00000012, 0.965929329, -0.258806586, 1.35879063e-05   [was -25.0015984, 296.987122, -49.6170616, 0.258806556, 0.965929449, -6.63985884e-06, -1.11781419e-05, 9.93296544e-06, 1.00000012, 0.965929329, -0.258806586, 1.35983055e-05, 60 change(s)]
Chamber   MovingParts.CoreAntenna.SpecialCoreAntenna.FrontPiece.StructureDetail.Front.Plates.Part ~(-27.0, 300.1, -49.1).CFrame = -26.9939499, 300.13681, -49.0832558, -0.258718103, 2.95700397e-06, -0.965952933, 6.04422257e-06, -1, -4.67948803e-06, -0.965952933, -7.0487622e-06, 0.258718103   [was -26.9939499, 300.13681, -49.0832558, -0.258718103, 2.96170424e-06, -0.965952933, 6.05305104e-06, -1, -4.68671988e-06, -0.965952933, -7.05916136e-06, 0.258718103, 60 change(s)]
Chamber   MovingParts.CoreAntenna.SpecialCoreAntenna.FrontPiece.StructureDetail.Front.Plates.Plating ~(-20.3, 303.1, -50.9).CFrame = -20.2685871, 303.112152, -50.8851128, 0.258806556, 0.965929449, -6.63515857e-06, -1.11693143e-05, 9.92573314e-06, 1.00000012, 0.965929329, -0.258806586, 1.35879063e-05   [was -20.2685871, 303.112152, -50.8851128, 0.258806556, 0.965929449, -6.63985884e-06, -1.11781419e-05, 9.93296544e-06, 1.00000012, 0.965929329, -0.258806586, 1.35983055e-05, 60 change(s)]
Chamber   MovingParts.CoreAntenna.SpecialCoreAntenna.FrontPiece.StructureDetail.Front.Plates.Plating ~(-23.6, 308.0, -50.0).CFrame = -23.5768852, 308.012085, -49.9986382, 0.258806556, -0.96592921, 6.69686324e-06, -1.11693143e-05, -9.92573041e-06, -1.00000012, 0.965929329, 0.258806527, -1.33576114e-05   [was -23.5768852, 308.012085, -49.9986382, 0.258806556, -0.96592921, 6.70156351e-06, -1.11781419e-05, -9.93296271e-06, -1.00000012, 0.965929329, 0.258806527, -1.33680105e-05, 60 change(s)]
Chamber   MovingParts.CoreAntenna.SpecialCoreAntenna.FrontPiece.StructureDetail.Front.Plates.Plating ~(-20.9, 298.2, -50.7).CFrame = -20.8722382, 298.212128, -50.723465, 0.258806556, -0.96592921, 6.69686324e-06, -1.11693143e-05, -9.92573041e-06, -1.00000012, 0.965929329, 0.258806527, -1.33576114e-05   [was -20.8722382, 298.212128, -50.723465, 0.258806556, -0.96592921, 6.70156351e-06, -1.11781419e-05, -9.93296271e-06, -1.00000012, 0.965929329, 0.258806527, -1.33680105e-05, 60 change(s)]
Chamber   MovingParts.CoreAntenna.SpecialCoreAntenna.FrontPiece.StructureDetail.Front.Plates.Plating ~(-22.3, 304.3, -50.3).CFrame = -22.2970524, 304.337128, -50.3415985, 0.258806556, 0.965929449, -6.63515857e-06, -1.11693143e-05, 9.92573314e-06, 1.00000012, 0.965929329, -0.258806586, 1.35879063e-05   [was -22.2970524, 304.337128, -50.3415985, 0.258806556, 0.965929449, -6.63985884e-06, -1.11781419e-05, 9.93296544e-06, 1.00000012, 0.965929329, -0.258806586, 1.35983055e-05, 60 change(s)]
Chamber   MovingParts.CoreAntenna.SpecialCoreAntenna.FrontPiece.StructureDetail.Front.Plates.Plating ~(-25.7, 303.1, -49.4).CFrame = -25.6778259, 303.112091, -49.4357872, 0.258806556, 0.965929449, -6.63515857e-06, -1.11693143e-05, 9.92573314e-06, 1.00000012, 0.965929329, -0.258806586, 1.35879063e-05   [was -25.6778259, 303.112091, -49.4357872, 0.258806556, 0.965929449, -6.63985884e-06, -1.11781419e-05, 9.93296544e-06, 1.00000012, 0.965929329, -0.258806586, 1.35983055e-05, 60 change(s)]
Chamber   MovingParts.CoreAntenna.SpecialCoreAntenna.FrontPiece.StructureDetail.Front.Plates.Plating ~(-20.2, 301.9, -50.9).CFrame = -20.1960773, 301.887177, -50.9046097, 0.258806556, -0.96592921, 6.69686324e-06, -1.11693143e-05, -9.92573041e-06, -1.00000012, 0.965929329, 0.258806527, -1.33576114e-05   [was -20.1960773, 301.887177, -50.9046097, 0.258806556, -0.96592921, 6.70156351e-06, -1.11781419e-05, -9.93296271e-06, -1.00000012, 0.965929329, 0.258806527, -1.33680105e-05, 60 change(s)]
Chamber   MovingParts.CoreAntenna.SpecialCoreAntenna.FrontPiece.StructureDetail.Front.Plates.Part ~(-19.6, 305.6, -51.1).CFrame = -19.5562439, 305.56192, -51.0759544, -0.25880146, -2.52939553e-05, 0.965930581, -8.02641589e-05, 1, 4.68046255e-06, -0.965930581, -7.63181961e-05, -0.25880146   [was -19.5562439, 305.56192, -51.0759544, -0.25880146, -2.52986556e-05, 0.965930581, -8.02553332e-05, 1, 4.68769485e-06, -0.965930581, -7.63077987e-05, -0.25880146, 60 change(s)]
Chamber   MovingParts.CoreAntenna.SpecialCoreAntenna.FrontPiece.StructureDetail.Front.Plates.Plating ~(-27.0, 304.3, -49.1).CFrame = -26.9576435, 304.337097, -49.0928612, 0.258806556, -0.96592921, 6.69686324e-06, -1.11693143e-05, -9.92573041e-06, -1.00000012, 0.965929329, 0.258806527, -1.33576114e-05   [was -26.9576435, 304.337097, -49.0928612, 0.258806556, -0.96592921, 6.70156351e-06, -1.11781419e-05, -9.93296271e-06, -1.00000012, 0.965929329, 0.258806527, -1.33680105e-05, 60 change(s)]
Chamber   MovingParts.CoreAntenna.SpecialCoreAntenna.FrontPiece.StructureDetail.Front.Plates.Plating ~(-26.3, 300.7, -49.3).CFrame = -26.2814579, 300.662079, -49.2740822, 0.258806556, -0.96592921, 6.69686324e-06, -1.11693143e-05, -9.92573041e-06, -1.00000012, 0.965929329, 0.258806527, -1.33576114e-05   [was -26.2814579, 300.662079, -49.2740822, 0.258806556, -0.96592921, 6.70156351e-06, -1.11781419e-05, -9.93296271e-06, -1.00000012, 0.965929329, 0.258806527, -1.33680105e-05, 60 change(s)]
Chamber   MovingParts.CoreAntenna.SpecialCoreAntenna.FrontPiece.StructureDetail.Front.Plates.Plating ~(-21.6, 298.2, -50.5).CFrame = -21.6208611, 298.212128, -50.522892, 0.258806556, 0.965929449, -6.63515857e-06, -1.11693143e-05, 9.92573314e-06, 1.00000012, 0.965929329, -0.258806586, 1.35879063e-05   [was -21.6208611, 298.212128, -50.522892, 0.258806556, 0.965929449, -6.63985884e-06, -1.11781419e-05, 9.93296544e-06, 1.00000012, 0.965929329, -0.258806586, 1.35983055e-05, 60 change(s)]
Chamber   MovingParts.CoreAntenna.SpecialCoreAntenna.FrontPiece.StructureDetail.Front.Plates.Part ~(-19.6, 308.0, -51.1).CFrame = -19.5562401, 308.011902, -51.0759621, -0.25880146, -2.52939553e-05, 0.965930581, -8.02641589e-05, 1, 4.68046255e-06, -0.965930581, -7.63181961e-05, -0.25880146   [was -19.5562401, 308.011902, -51.0759621, -0.25880146, -2.52986556e-05, 0.965930581, -8.02553332e-05, 1, 4.68769485e-06, -0.965930581, -7.63077987e-05, -0.25880146, 60 change(s)]
Chamber   MovingParts.CoreAntenna.SpecialCoreAntenna.FrontPiece.StructureDetail.Front.Plates.Plating ~(-22.3, 306.8, -50.3).CFrame = -22.2970371, 306.787109, -50.3415642, 0.258806556, 0.965929449, -6.63515857e-06, -1.11693143e-05, 9.92573314e-06, 1.00000012, 0.965929329, -0.258806586, 1.35879063e-05   [was -22.2970371, 306.787109, -50.3415642, 0.258806556, 0.965929449, -6.63985884e-06, -1.11781419e-05, 9.93296544e-06, 1.00000012, 0.965929329, -0.258806586, 1.35983055e-05, 60 change(s)]
Chamber   MovingParts.CoreAntenna.SpecialCoreAntenna.FrontPiece.StructureDetail.Front.Plates.Plating ~(-25.7, 305.6, -49.4).CFrame = -25.6778469, 305.562073, -49.4357643, 0.258806556, 0.965929449, -6.63515857e-06, -1.11693143e-05, 9.92573314e-06, 1.00000012, 0.965929329, -0.258806586, 1.35879063e-05   [was -25.6778469, 305.562073, -49.4357643, 0.258806556, 0.965929449, -6.63985884e-06, -1.11781419e-05, 9.93296544e-06, 1.00000012, 0.965929329, -0.258806586, 1.35983055e-05, 60 change(s)]
Chamber   MovingParts.CoreAntenna.SpecialCoreAntenna.FrontPiece.StructureDetail.Front.Plates.Plating ~(-24.3, 298.2, -49.8).CFrame = -24.32547, 298.212128, -49.7981911, 0.258806556, 0.965929449, -6.63515857e-06, -1.11693143e-05, 9.92573314e-06, 1.00000012, 0.965929329, -0.258806586, 1.35879063e-05   [was -24.32547, 298.212128, -49.7981911, 0.258806556, 0.965929449, -6.63985884e-06, -1.11781419e-05, 9.93296544e-06, 1.00000012, 0.965929329, -0.258806586, 1.35983055e-05, 60 change(s)]
Chamber   MovingParts.CoreAntenna.SpecialCoreAntenna.FrontPiece.StructureDetail.Front.Plates.Part ~(-19.6, 307.5, -51.1).CFrame = -19.5562363, 307.486938, -51.0759621, 0.258811593, -7.02769539e-05, 0.965927839, -6.04326215e-06, -1, -7.11365283e-05, 0.965927839, 1.25731995e-05, -0.258811593   [was -19.5562363, 307.486938, -51.0759621, 0.258811593, -7.02722537e-05, 0.965927839, -6.05208925e-06, -1, -7.1129296e-05, 0.965927839, 1.25628003e-05, -0.258811593, 60 change(s)]
Chamber   MovingParts.CoreAntenna.SpecialCoreAntenna.FrontPiece.StructureDetail.Front.Plates.Plating ~(-20.9, 308.0, -50.7).CFrame = -20.8722973, 308.012115, -50.7233047, 0.258806556, -0.96592921, 6.69686324e-06, -1.11693143e-05, -9.92573041e-06, -1.00000012, 0.965929329, 0.258806527, -1.33576114e-05   [was -20.8722973, 308.012115, -50.7233047, 0.258806556, -0.96592921, 6.70156351e-06, -1.11781419e-05, -9.93296271e-06, -1.00000012, 0.965929329, 0.258806527, -1.33680105e-05, 60 change(s)]
Chamber   MovingParts.CoreAntenna.SpecialCoreAntenna.FrontPiece.StructureDetail.Front.Plates.Plating ~(-23.0, 298.2, -50.2).CFrame = -22.9731922, 298.212128, -50.1605835, 0.258806556, 0.965929449, -6.63515857e-06, -1.11693143e-05, 9.92573314e-06, 1.00000012, 0.965929329, -0.258806586, 1.35879063e-05   [was -22.9731922, 298.212128, -50.1605835, 0.258806556, 0.965929449, -6.63985884e-06, -1.11781419e-05, 9.93296544e-06, 1.00000012, 0.965929329, -0.258806586, 1.35983055e-05, 60 change(s)]
Chamber   MovingParts.CoreAntenna.SpecialCoreAntenna.FrontPiece.StructureDetail.Front.Plates.Plating ~(-20.9, 305.6, -50.7).CFrame = -20.8722763, 305.562103, -50.7233238, 0.258806556, -0.96592921, 6.69686324e-06, -1.11693143e-05, -9.92573041e-06, -1.00000012, 0.965929329, 0.258806527, -1.33576114e-05   [was -20.8722763, 305.562103, -50.7233238, 0.258806556, -0.96592921, 6.70156351e-06, -1.11781419e-05, -9.93296271e-06, -1.00000012, 0.965929329, 0.258806527, -1.33680105e-05, 60 change(s)]
Chamber   MovingParts.CoreAntenna.SpecialCoreAntenna.FrontPiece.StructureDetail.Front.Plates.Plating ~(-20.2, 306.8, -50.9).CFrame = -20.1961212, 306.78714, -50.9044724, 0.258806556, -0.96592921, 6.69686324e-06, -1.11693143e-05, -9.92573041e-06, -1.00000012, 0.965929329, 0.258806527, -1.33576114e-05   [was -20.1961212, 306.78714, -50.9044724, 0.258806556, -0.96592921, 6.70156351e-06, -1.11781419e-05, -9.93296271e-06, -1.00000012, 0.965929329, 0.258806527, -1.33680105e-05, 60 change(s)]
Chamber   MovingParts.CoreAntenna.SpecialCoreAntenna.FrontPiece.StructureDetail.Front.Plates.Part ~(-19.6, 303.1, -51.1).CFrame = -19.5562325, 303.111908, -51.0760078, -0.25880146, -2.52939553e-05, 0.965930581, -8.02641589e-05, 1, 4.68046255e-06, -0.965930581, -7.63181961e-05, -0.25880146   [was -19.5562325, 303.111908, -51.0760078, -0.25880146, -2.52986556e-05, 0.965930581, -8.02553332e-05, 1, 4.68769485e-06, -0.965930581, -7.63077987e-05, -0.25880146, 60 change(s)]
Chamber   MovingParts.CoreAntenna.SpecialCoreAntenna.FrontPiece.StructureDetail.Front.Plates.Plating ~(-23.6, 309.2, -50.0).CFrame = -23.6494236, 309.237091, -49.979248, 0.258806556, 0.965929449, -6.63515857e-06, -1.11693143e-05, 9.92573314e-06, 1.00000012, 0.965929329, -0.258806586, 1.35879063e-05   [was -23.6494236, 309.237091, -49.979248, 0.258806556, 0.965929449, -6.63985884e-06, -1.11781419e-05, 9.93296544e-06, 1.00000012, 0.965929329, -0.258806586, 1.35983055e-05, 60 change(s)]
Chamber   MovingParts.CoreAntenna.SpecialCoreAntenna.FrontPiece.StructureDetail.Front.Plates.Plating ~(-21.6, 308.0, -50.5).CFrame = -21.6209126, 308.012115, -50.5227089, 0.258806556, 0.965929449, -6.63515857e-06, -1.11693143e-05, 9.92573314e-06, 1.00000012, 0.965929329, -0.258806586, 1.35879063e-05   [was -21.6209126, 308.012115, -50.5227089, 0.258806556, 0.965929449, -6.63985884e-06, -1.11781419e-05, 9.93296544e-06, 1.00000012, 0.965929329, -0.258806586, 1.35983055e-05, 60 change(s)]
Chamber   MovingParts.CoreAntenna.SpecialCoreAntenna.FrontPiece.StructureDetail.Front.Plates.Plating ~(-20.2, 304.3, -50.9).CFrame = -20.1960793, 304.337158, -50.9045258, 0.258806556, -0.96592921, 6.69686324e-06, -1.11693143e-05, -9.92573041e-06, -1.00000012, 0.965929329, 0.258806527, -1.33576114e-05   [was -20.1960793, 304.337158, -50.9045258, 0.258806556, -0.96592921, 6.70156351e-06, -1.11781419e-05, -9.93296271e-06, -1.00000012, 0.965929329, 0.258806527, -1.33680105e-05, 60 change(s)]
Chamber   MovingParts.CoreAntenna.SpecialCoreAntenna.FrontPiece.StructureDetail.Front.Plates.Plating ~(-23.0, 300.7, -50.2).CFrame = -22.9732037, 300.66214, -50.1605301, 0.258806556, 0.965929449, -6.63515857e-06, -1.11693143e-05, 9.92573314e-06, 1.00000012, 0.965929329, -0.258806586, 1.35879063e-05   [was -22.9732037, 300.66214, -50.1605301, 0.258806556, 0.965929449, -6.63985884e-06, -1.11781419e-05, 9.93296544e-06, 1.00000012, 0.965929329, -0.258806586, 1.35983055e-05, 60 change(s)]
Chamber   MovingParts.CoreAntenna.SpecialCoreAntenna.FrontPiece.StructureDetail.Front.Plates.Part ~(-19.6, 302.6, -51.1).CFrame = -19.5562286, 302.586914, -51.0760117, 0.258811593, -7.02769539e-05, 0.965927839, -6.04326215e-06, -1, -7.11365283e-05, 0.965927839, 1.25731995e-05, -0.258811593   [was -19.5562286, 302.586914, -51.0760117, 0.258811593, -7.02722537e-05, 0.965927839, -6.05208925e-06, -1, -7.1129296e-05, 0.965927839, 1.25628003e-05, -0.258811593, 60 change(s)]
Chamber   MovingParts.CoreAntenna.SpecialCoreAntenna.FrontPiece.StructureDetail.Front.Plates.Plating ~(-26.3, 308.0, -49.3).CFrame = -26.2815037, 308.012054, -49.2739716, 0.258806556, -0.96592921, 6.69686324e-06, -1.11693143e-05, -9.92573041e-06, -1.00000012, 0.965929329, 0.258806527, -1.33576114e-05   [was -26.2815037, 308.012054, -49.2739716, 0.258806556, -0.96592921, 6.70156351e-06, -1.11781419e-05, -9.93296271e-06, -1.00000012, 0.965929329, 0.258806527, -1.33680105e-05, 60 change(s)]
Chamber   MovingParts.CoreAntenna.SpecialCoreAntenna.FrontPiece.StructureDetail.Front.Plates.Plating ~(-27.0, 306.8, -49.1).CFrame = -26.9576569, 306.787048, -49.0928192, 0.258806556, -0.96592921, 6.69686324e-06, -1.11693143e-05, -9.92573041e-06, -1.00000012, 0.965929329, 0.258806527, -1.33576114e-05   [was -26.9576569, 306.787048, -49.0928192, 0.258806556, -0.96592921, 6.70156351e-06, -1.11781419e-05, -9.93296271e-06, -1.00000012, 0.965929329, 0.258806527, -1.33680105e-05, 60 change(s)]
Chamber   MovingParts.CoreAntenna.SpecialCoreAntenna.FrontPiece.StructureDetail.Front.Plates.Plating ~(-27.0, 309.2, -49.1).CFrame = -26.9576473, 309.237122, -49.0928116, 0.258806556, -0.96592921, 6.69686324e-06, -1.11693143e-05, -9.92573041e-06, -1.00000012, 0.965929329, 0.258806527, -1.33576114e-05   [was -26.9576473, 309.237122, -49.0928116, 0.258806556, -0.96592921, 6.70156351e-06, -1.11781419e-05, -9.93296271e-06, -1.00000012, 0.965929329, 0.258806527, -1.33680105e-05, 60 change(s)]
Chamber   MovingParts.CoreAntenna.SpecialCoreAntenna.FrontPiece.StructureDetail.Front.Plates.Plating ~(-23.6, 297.0, -50.0).CFrame = -23.6493397, 296.987091, -49.9794044, 0.258806556, 0.965929449, -6.63515857e-06, -1.11693143e-05, 9.92573314e-06, 1.00000012, 0.965929329, -0.258806586, 1.35879063e-05   [was -23.6493397, 296.987091, -49.9794044, 0.258806556, 0.965929449, -6.63985884e-06, -1.11781419e-05, 9.93296544e-06, 1.00000012, 0.965929329, -0.258806586, 1.35983055e-05, 60 change(s)]
Chamber   MovingParts.CoreAntenna.SpecialCoreAntenna.FrontPiece.StructureDetail.Front.Plates.Part ~(-19.6, 305.0, -51.1).CFrame = -19.556242, 305.036926, -51.0759621, 0.258811593, -7.02769539e-05, 0.965927839, -6.04326215e-06, -1, -7.11365283e-05, 0.965927839, 1.25731995e-05, -0.258811593   [was -19.556242, 305.036926, -51.0759621, 0.258811593, -7.02722537e-05, 0.965927839, -6.05208925e-06, -1, -7.1129296e-05, 0.965927839, 1.25628003e-05, -0.258811593, 60 change(s)]
Chamber   MovingParts.CoreAntenna.SpecialCoreAntenna.FrontPiece.StructureDetail.Front.Plates.Plating ~(-23.0, 308.0, -50.2).CFrame = -22.9731789, 308.012085, -50.1603928, 0.258806556, 0.965929449, -6.63515857e-06, -1.11693143e-05, 9.92573314e-06, 1.00000012, 0.965929329, -0.258806586, 1.35879063e-05   [was -22.9731789, 308.012085, -50.1603928, 0.258806556, 0.965929449, -6.63985884e-06, -1.11781419e-05, 9.93296544e-06, 1.00000012, 0.965929329, -0.258806586, 1.35983055e-05, 60 change(s)]
Chamber   MovingParts.CoreAntenna.SpecialCoreAntenna.FrontPiece.StructureDetail.Front.Plates.Plating ~(-22.3, 299.4, -50.3).CFrame = -22.2970047, 299.437134, -50.3417244, 0.258806556, 0.965929449, -6.63515857e-06, -1.11693143e-05, 9.92573314e-06, 1.00000012, 0.965929329, -0.258806586, 1.35879063e-05   [was -22.2970047, 299.437134, -50.3417244, 0.258806556, 0.965929449, -6.63985884e-06, -1.11781419e-05, 9.93296544e-06, 1.00000012, 0.965929329, -0.258806586, 1.35983055e-05, 60 change(s)]
Chamber   MovingParts.CoreAntenna.SpecialCoreAntenna.FrontPiece.StructureDetail.Front.Plates.Plating ~(-22.9, 309.2, -50.2).CFrame = -22.9007702, 309.237122, -50.179821, 0.258806556, -0.96592921, 6.69686324e-06, -1.11693143e-05, -9.92573041e-06, -1.00000012, 0.965929329, 0.258806527, -1.33576114e-05   [was -22.9007702, 309.237122, -50.1798172, 0.258806556, -0.96592921, 6.70156351e-06, -1.11781419e-05, -9.93296271e-06, -1.00000012, 0.965929329, 0.258806527, -1.33680105e-05, 60 change(s)]
Chamber   MovingParts.CoreAntenna.SpecialCoreAntenna.FrontPiece.StructureDetail.Front.Plates.Plating ~(-27.0, 297.0, -49.1).CFrame = -26.9575958, 296.987122, -49.0929642, 0.258806556, -0.96592921, 6.69686324e-06, -1.11693143e-05, -9.92573041e-06, -1.00000012, 0.965929329, 0.258806527, -1.33576114e-05   [was -26.9575958, 296.987122, -49.0929642, 0.258806556, -0.96592921, 6.70156351e-06, -1.11781419e-05, -9.93296271e-06, -1.00000012, 0.965929329, 0.258806527, -1.33680105e-05, 60 change(s)]
Chamber   MovingParts.CoreAntenna.SpecialCoreAntenna.FrontPiece.StructureDetail.Front.Plates.Part ~(-19.6, 303.6, -51.1).CFrame = -19.5562363, 303.636902, -51.0760002, -0.258811593, 7.02769539e-05, 0.965927839, 6.04326215e-06, 1, -7.11365283e-05, -0.965927839, -1.25731995e-05, -0.258811593   [was -19.5562363, 303.636902, -51.0760002, -0.258811593, 7.02722537e-05, 0.965927839, 6.05208925e-06, 1, -7.1129296e-05, -0.965927839, -1.25628003e-05, -0.258811593, 60 change(s)]
Chamber   MovingParts.CoreAntenna.SpecialCoreAntenna.FrontPiece.StructureDetail.Front.Plates.Plating ~(-23.0, 305.6, -50.2).CFrame = -22.9731922, 305.562103, -50.1604195, 0.258806556, 0.965929449, -6.63515857e-06, -1.11693143e-05, 9.92573314e-06, 1.00000012, 0.965929329, -0.258806586, 1.35879063e-05   [was -22.9731922, 305.562103, -50.1604195, 0.258806556, 0.965929449, -6.63985884e-06, -1.11781419e-05, 9.93296544e-06, 1.00000012, 0.965929329, -0.258806586, 1.35983055e-05, 60 change(s)]
Chamber   MovingParts.CoreAntenna.SpecialCoreAntenna.FrontPiece.StructureDetail.Front.Plates.Plating ~(-19.6, 306.8, -51.1).CFrame = -19.5924454, 306.78714, -51.0662155, 0.258806556, 0.965929449, -6.63515857e-06, -1.11693143e-05, 9.92573314e-06, 1.00000012, 0.965929329, -0.258806586, 1.35879063e-05   [was -19.5924454, 306.78714, -51.0662117, 0.258806556, 0.965929449, -6.63985884e-06, -1.11781419e-05, 9.93296544e-06, 1.00000012, 0.965929329, -0.258806586, 1.35983055e-05, 60 change(s)]
Chamber   MovingParts.CoreAntenna.SpecialCoreAntenna.FrontPiece.StructureDetail.Front.Plates.Plating ~(-24.3, 299.4, -49.8).CFrame = -24.2530327, 299.437134, -49.8176308, 0.258806556, -0.96592921, 6.69686324e-06, -1.11693143e-05, -9.92573041e-06, -1.00000012, 0.965929329, 0.258806527, -1.33576114e-05   [was -24.2530327, 299.437134, -49.8176308, 0.258806556, -0.96592921, 6.70156351e-06, -1.11781419e-05, -9.93296271e-06, -1.00000012, 0.965929329, 0.258806527, -1.33680105e-05, 60 change(s)]
Chamber   MovingParts.CoreAntenna.SpecialCoreAntenna.FrontPiece.StructureDetail.Front.Plates.Plating ~(-25.6, 301.9, -49.5).CFrame = -25.6053238, 301.887085, -49.4551964, 0.258806556, -0.96592921, 6.69686324e-06, -1.11693143e-05, -9.92573041e-06, -1.00000012, 0.965929329, 0.258806527, -1.33576114e-05   [was -25.6053238, 301.887085, -49.4551964, 0.258806556, -0.96592921, 6.70156351e-06, -1.11781419e-05, -9.93296271e-06, -1.00000012, 0.965929329, 0.258806527, -1.33680105e-05, 60 change(s)]
Chamber   MovingParts.CoreAntenna.SpecialCoreAntenna.FrontPiece.StructureDetail.Front.Plates.Part ~(-19.6, 300.7, -51.1).CFrame = -19.5561867, 300.661926, -51.0760422, -0.25880146, -2.52939553e-05, 0.965930581, -8.02641589e-05, 1, 4.68046255e-06, -0.965930581, -7.63181961e-05, -0.25880146   [was -19.5561867, 300.661926, -51.0760422, -0.25880146, -2.52986556e-05, 0.965930581, -8.02553332e-05, 1, 4.68769485e-06, -0.965930581, -7.63077987e-05, -0.25880146, 60 change(s)]
Chamber   MovingParts.CoreAntenna.SpecialCoreAntenna.FrontPiece.StructureDetail.Front.Plates.Plating ~(-19.6, 309.2, -51.1).CFrame = -19.5924454, 309.237152, -51.0662422, 0.258806556, 0.965929449, -6.63515857e-06, -1.11693143e-05, 9.92573314e-06, 1.00000012, 0.965929329, -0.258806586, 1.35879063e-05   [was -19.5924454, 309.237152, -51.0662422, 0.258806556, 0.965929449, -6.63985884e-06, -1.11781419e-05, 9.93296544e-06, 1.00000012, 0.965929329, -0.258806586, 1.35983055e-05, 60 change(s)]
Chamber   MovingParts.CoreAntenna.SpecialCoreAntenna.FrontPiece.StructureDetail.Front.Plates.Plating ~(-25.0, 306.8, -49.6).CFrame = -25.0016556, 306.787079, -49.6168976, 0.258806556, 0.965929449, -6.63515857e-06, -1.11693143e-05, 9.92573314e-06, 1.00000012, 0.965929329, -0.258806586, 1.35879063e-05   [was -25.0016556, 306.787079, -49.6168976, 0.258806556, 0.965929449, -6.63985884e-06, -1.11781419e-05, 9.93296544e-06, 1.00000012, 0.965929329, -0.258806586, 1.35983055e-05, 60 change(s)]
Chamber   MovingParts.CoreAntenna.SpecialCoreAntenna.FrontPiece.StructureDetail.Front.Plates.Plating ~(-20.3, 300.7, -50.9).CFrame = -20.2685814, 300.66217, -50.8851852, 0.258806556, 0.965929449, -6.63515857e-06, -1.11693143e-05, 9.92573314e-06, 1.00000012, 0.965929329, -0.258806586, 1.35879063e-05   [was -20.2685814, 300.66217, -50.8851852, 0.258806556, 0.965929449, -6.63985884e-06, -1.11781419e-05, 9.93296544e-06, 1.00000012, 0.965929329, -0.258806586, 1.35983055e-05, 60 change(s)]
Chamber   MovingParts.CoreAntenna.SpecialCoreAntenna.FrontPiece.StructureDetail.Front.Plates.Plating ~(-23.6, 305.6, -50.0).CFrame = -23.5768967, 305.562073, -49.998661, 0.258806556, -0.96592921, 6.69686324e-06, -1.11693143e-05, -9.92573041e-06, -1.00000012, 0.965929329, 0.258806527, -1.33576114e-05   [was -23.5768967, 305.562073, -49.998661, 0.258806556, -0.96592921, 6.70156351e-06, -1.11781419e-05, -9.93296271e-06, -1.00000012, 0.965929329, 0.258806527, -1.33680105e-05, 60 change(s)]
Chamber   MovingParts.CoreAntenna.SpecialCoreAntenna.FrontPiece.StructureDetail.Front.Plates.Plating ~(-24.9, 308.0, -49.6).CFrame = -24.9291801, 308.012085, -49.6363144, 0.258806556, -0.96592921, 6.69686324e-06, -1.11693143e-05, -9.92573041e-06, -1.00000012, 0.965929329, 0.258806527, -1.33576114e-05   [was -24.9291801, 308.012085, -49.6363144, 0.258806556, -0.96592921, 6.70156351e-06, -1.11781419e-05, -9.93296271e-06, -1.00000012, 0.965929329, 0.258806527, -1.33680105e-05, 60 change(s)]
Chamber   MovingParts.CoreAntenna.SpecialCoreAntenna.FrontPiece.StructureDetail.Front.Plates.Plating ~(-20.9, 303.1, -50.7).CFrame = -20.872261, 303.112152, -50.7233582, 0.258806556, -0.96592921, 6.69686324e-06, -1.11693143e-05, -9.92573041e-06, -1.00000012, 0.965929329, 0.258806527, -1.33576114e-05   [was -20.872261, 303.112152, -50.7233582, 0.258806556, -0.96592921, 6.70156351e-06, -1.11781419e-05, -9.93296271e-06, -1.00000012, 0.965929329, 0.258806527, -1.33680105e-05, 60 change(s)]
Chamber   MovingParts.CoreAntenna.SpecialCoreAntenna.FrontPiece.StructureDetail.Front.Plates.Part ~(-27.0, 308.5, -49.1).CFrame = -26.9940338, 308.536804, -49.0831337, 0.258718103, -2.95700397e-06, -0.965952933, -6.04422257e-06, 1, -4.67948803e-06, 0.965952933, 7.0487622e-06, 0.258718103   [was -26.9940338, 308.536804, -49.0831337, 0.258718103, -2.96170424e-06, -0.965952933, -6.05305104e-06, 1, -4.68671988e-06, 0.965952933, 7.05916136e-06, 0.258718103, 60 change(s)]
Chamber   MovingParts.CoreAntenna.SpecialCoreAntenna.FrontPiece.StructureDetail.Front.Plates.Plating ~(-23.0, 303.1, -50.2).CFrame = -22.973217, 303.112152, -50.1604919, 0.258806556, 0.965929449, -6.63515857e-06, -1.11693143e-05, 9.92573314e-06, 1.00000012, 0.965929329, -0.258806586, 1.35879063e-05   [was -22.973217, 303.112152, -50.1604919, 0.258806556, 0.965929449, -6.63985884e-06, -1.11781419e-05, 9.93296544e-06, 1.00000012, 0.965929329, -0.258806586, 1.35983055e-05, 60 change(s)]
Chamber   MovingParts.CoreAntenna.SpecialCoreAntenna.FrontPiece.StructureDetail.Front.Plates.Plating ~(-25.7, 298.2, -49.4).CFrame = -25.6777954, 298.212128, -49.4358597, 0.258806556, 0.965929449, -6.63515857e-06, -1.11693143e-05, 9.92573314e-06, 1.00000012, 0.965929329, -0.258806586, 1.35879063e-05   [was -25.6777954, 298.212128, -49.4358597, 0.258806556, 0.965929449, -6.63985884e-06, -1.11781419e-05, 9.93296544e-06, 1.00000012, 0.965929329, -0.258806586, 1.35983055e-05, 60 change(s)]
Chamber   MovingParts.CoreAntenna.SpecialCoreAntenna.FrontPiece.StructureDetail.Front.Plates.Plating ~(-20.3, 308.0, -50.9).CFrame = -20.2686157, 308.012115, -50.8850327, 0.258806556, 0.965929449, -6.63515857e-06, -1.11693143e-05, 9.92573314e-06, 1.00000012, 0.965929329, -0.258806586, 1.35879063e-05   [was -20.2686157, 308.012115, -50.8850327, 0.258806556, 0.965929449, -6.63985884e-06, -1.11781419e-05, 9.93296544e-06, 1.00000012, 0.965929329, -0.258806586, 1.35983055e-05, 60 change(s)]
Chamber   MovingParts.CoreAntenna.SpecialCoreAntenna.FrontPiece.StructureDetail.Front.Plates.Plating ~(-24.9, 298.2, -49.6).CFrame = -24.9291153, 298.212128, -49.6364517, 0.258806556, -0.96592921, 6.69686324e-06, -1.11693143e-05, -9.92573041e-06, -1.00000012, 0.965929329, 0.258806527, -1.33576114e-05   [was -24.9291153, 298.212128, -49.6364517, 0.258806556, -0.96592921, 6.70156351e-06, -1.11781419e-05, -9.93296271e-06, -1.00000012, 0.965929329, 0.258806527, -1.33680105e-05, 60 change(s)]
Chamber   MovingParts.CoreAntenna.SpecialCoreAntenna.FrontPiece.StructureDetail.Front.Plates.Part ~(-27.0, 305.0, -49.1).CFrame = -26.9939842, 305.036835, -49.0831947, -0.258718103, 2.95700397e-06, -0.965952933, 6.04422257e-06, -1, -4.67948803e-06, -0.965952933, -7.0487622e-06, 0.258718103   [was -26.9939842, 305.036835, -49.0831947, -0.258718103, 2.96170424e-06, -0.965952933, 6.05305104e-06, -1, -4.68671988e-06, -0.965952933, -7.05916136e-06, 0.258718103, 60 change(s)]
Chamber   MovingParts.CoreAntenna.SpecialCoreAntenna.FrontPiece.StructureDetail.Front.Plates.Plating ~(-25.6, 309.2, -49.5).CFrame = -25.6053753, 309.237152, -49.4551048, 0.258806556, -0.96592921, 6.69686324e-06, -1.11693143e-05, -9.92573041e-06, -1.00000012, 0.965929329, 0.258806527, -1.33576114e-05   [was -25.6053753, 309.237152, -49.4551048, 0.258806556, -0.96592921, 6.70156351e-06, -1.11781419e-05, -9.93296271e-06, -1.00000012, 0.965929329, 0.258806527, -1.33680105e-05, 60 change(s)]
Chamber   MovingParts.CoreAntenna.SpecialCoreAntenna.FrontPiece.StructureDetail.Front.Plates.Plating ~(-22.2, 308.0, -50.4).CFrame = -22.2245903, 308.012115, -50.3609657, 0.258806556, -0.96592921, 6.69686324e-06, -1.11693143e-05, -9.92573041e-06, -1.00000012, 0.965929329, 0.258806527, -1.33576114e-05   [was -22.2245903, 308.012115, -50.3609657, 0.258806556, -0.96592921, 6.70156351e-06, -1.11781419e-05, -9.93296271e-06, -1.00000012, 0.965929329, 0.258806527, -1.33680105e-05, 60 change(s)]
Chamber   MovingParts.CoreAntenna.SpecialCoreAntenna.FrontPiece.StructureDetail.Front.Plates.Plating ~(-25.0, 301.9, -49.6).CFrame = -25.0016308, 301.887085, -49.616993, 0.258806556, 0.965929449, -6.63515857e-06, -1.11693143e-05, 9.92573314e-06, 1.00000012, 0.965929329, -0.258806586, 1.35879063e-05   [was -25.0016308, 301.887085, -49.616993, 0.258806556, 0.965929449, -6.63985884e-06, -1.11781419e-05, 9.93296544e-06, 1.00000012, 0.965929329, -0.258806586, 1.35983055e-05, 60 change(s)]
Chamber   MovingParts.CoreAntenna.SpecialCoreAntenna.FrontPiece.StructureDetail.Front.Plates.Plating ~(-21.5, 297.0, -50.5).CFrame = -21.5483971, 296.987122, -50.5423279, 0.258806556, -0.96592921, 6.69686324e-06, -1.11693143e-05, -9.92573041e-06, -1.00000012, 0.965929329, 0.258806527, -1.33576114e-05   [was -21.5483971, 296.987122, -50.5423279, 0.258806556, -0.96592921, 6.70156351e-06, -1.11781419e-05, -9.93296271e-06, -1.00000012, 0.965929329, 0.258806527, -1.33680105e-05, 60 change(s)]
Chamber   MovingParts.CoreAntenna.SpecialCoreAntenna.FrontPiece.StructureDetail.Front.Plates.Part ~(-27.0, 307.5, -49.1).CFrame = -26.9939995, 307.486816, -49.0831604, -0.258718103, 2.95700397e-06, -0.965952933, 6.04422257e-06, -1, -4.67948803e-06, -0.965952933, -7.0487622e-06, 0.258718103   [was -26.9939995, 307.486816, -49.0831604, -0.258718103, 2.96170424e-06, -0.965952933, 6.05305104e-06, -1, -4.68671988e-06, -0.965952933, -7.05916136e-06, 0.258718103, 60 change(s)]
Chamber   MovingParts.CoreAntenna.SpecialCoreAntenna.FrontPiece.StructureDetail.Front.Plates.Plating ~(-20.2, 297.0, -50.9).CFrame = -20.1960735, 296.987122, -50.9046631, 0.258806556, -0.96592921, 6.69686324e-06, -1.11693143e-05, -9.92573041e-06, -1.00000012, 0.965929329, 0.258806527, -1.33576114e-05   [was -20.1960735, 296.987122, -50.9046631, 0.258806556, -0.96592921, 6.70156351e-06, -1.11781419e-05, -9.93296271e-06, -1.00000012, 0.965929329, 0.258806527, -1.33680105e-05, 60 change(s)]
Chamber   MovingParts.CoreAntenna.SpecialCoreAntenna.FrontPiece.StructureDetail.Front.Plates.Plating ~(-24.3, 305.6, -49.8).CFrame = -24.3255138, 305.562073, -49.7980728, 0.258806556, 0.965929449, -6.63515857e-06, -1.11693143e-05, 9.92573314e-06, 1.00000012, 0.965929329, -0.258806586, 1.35879063e-05   [was -24.3255138, 305.562073, -49.7980728, 0.258806556, 0.965929449, -6.63985884e-06, -1.11781419e-05, 9.93296544e-06, 1.00000012, 0.965929329, -0.258806586, 1.35983055e-05, 60 change(s)]
Chamber   MovingParts.CoreAntenna.SpecialCoreAntenna.FrontPiece.StructureDetail.Front.Plates.Plating ~(-20.9, 299.4, -50.7).CFrame = -20.9447136, 299.437134, -50.7040672, 0.258806556, 0.965929449, -6.63515857e-06, -1.11693143e-05, 9.92573314e-06, 1.00000012, 0.965929329, -0.258806586, 1.35879063e-05   [was -20.9447136, 299.437134, -50.7040672, 0.258806556, 0.965929449, -6.63985884e-06, -1.11781419e-05, 9.93296544e-06, 1.00000012, 0.965929329, -0.258806586, 1.35983055e-05, 60 change(s)]
Chamber   MovingParts.CoreAntenna.SpecialCoreAntenna.FrontPiece.StructureDetail.Front.Plates.Plating ~(-25.6, 306.8, -49.5).CFrame = -25.6053619, 306.787079, -49.4551468, 0.258806556, -0.96592921, 6.69686324e-06, -1.11693143e-05, -9.92573041e-06, -1.00000012, 0.965929329, 0.258806527, -1.33576114e-05   [was -25.6053619, 306.787079, -49.4551468, 0.258806556, -0.96592921, 6.70156351e-06, -1.11781419e-05, -9.93296271e-06, -1.00000012, 0.965929329, 0.258806527, -1.33680105e-05, 60 change(s)]
Chamber   MovingParts.CoreAntenna.SpecialCoreAntenna.FrontPiece.StructureDetail.Front.Plates.Part ~(-19.6, 308.5, -51.1).CFrame = -19.5562706, 308.536926, -51.0759354, -0.258811593, 7.02769539e-05, 0.965927839, 6.04326215e-06, 1, -7.11365283e-05, -0.965927839, -1.25731995e-05, -0.258811593   [was -19.5562706, 308.536926, -51.0759354, -0.258811593, 7.02722537e-05, 0.965927839, 6.05208925e-06, 1, -7.1129296e-05, -0.965927839, -1.25628003e-05, -0.258811593, 60 change(s)]
Chamber   MovingParts.CoreAntenna.SpecialCoreAntenna.FrontPiece.StructureDetail.Front.Plates.Plating ~(-19.6, 301.9, -51.1).CFrame = -19.5923996, 301.887177, -51.0663452, 0.258806556, 0.965929449, -6.63515857e-06, -1.11693143e-05, 9.92573314e-06, 1.00000012, 0.965929329, -0.258806586, 1.35879063e-05   [was -19.5923996, 301.887177, -51.0663452, 0.258806556, 0.965929449, -6.63985884e-06, -1.11781419e-05, 9.93296544e-06, 1.00000012, 0.965929329, -0.258806586, 1.35983055e-05, 60 change(s)]
Chamber   MovingParts.CoreAntenna.SpecialCoreAntenna.FrontPiece.StructureDetail.Front.Plates.Plating ~(-20.3, 298.2, -50.9).CFrame = -20.2685623, 298.212128, -50.8852081, 0.258806556, 0.965929449, -6.63515857e-06, -1.11693143e-05, 9.92573314e-06, 1.00000012, 0.965929329, -0.258806586, 1.35879063e-05   [was -20.2685623, 298.212128, -50.8852081, 0.258806556, 0.965929449, -6.63985884e-06, -1.11781419e-05, 9.93296544e-06, 1.00000012, 0.965929329, -0.258806586, 1.35983055e-05, 60 change(s)]
Chamber   MovingParts.CoreAntenna.SpecialCoreAntenna.FrontPiece.StructureDetail.Front.Plates.Plating ~(-24.3, 304.3, -49.8).CFrame = -24.2529945, 304.337097, -49.8175316, 0.258806556, -0.96592921, 6.69686324e-06, -1.11693143e-05, -9.92573041e-06, -1.00000012, 0.965929329, 0.258806527, -1.33576114e-05   [was -24.2529945, 304.337097, -49.8175316, 0.258806556, -0.96592921, 6.70156351e-06, -1.11781419e-05, -9.93296271e-06, -1.00000012, 0.965929329, 0.258806527, -1.33680105e-05, 60 change(s)]
Chamber   MovingParts.CoreAntenna.SpecialCoreAntenna.FrontPiece.StructureDetail.Front.Plates.Plating ~(-25.7, 300.7, -49.4).CFrame = -25.6777802, 300.662079, -49.4358292, 0.258806556, 0.965929449, -6.63515857e-06, -1.11693143e-05, 9.92573314e-06, 1.00000012, 0.965929329, -0.258806586, 1.35879063e-05   [was -25.6777802, 300.662079, -49.4358292, 0.258806556, 0.965929449, -6.63985884e-06, -1.11781419e-05, 9.93296544e-06, 1.00000012, 0.965929329, -0.258806586, 1.35983055e-05, 60 change(s)]
Chamber   MovingParts.CoreAntenna.SpecialCoreAntenna.FrontPiece.StructureDetail.Front.Plates.Plating ~(-24.3, 308.0, -49.8).CFrame = -24.3255081, 308.012085, -49.7980766, 0.258806556, 0.965929449, -6.63515857e-06, -1.11693143e-05, 9.92573314e-06, 1.00000012, 0.965929329, -0.258806586, 1.35879063e-05   [was -24.3255081, 308.012085, -49.7980766, 0.258806556, 0.965929449, -6.63985884e-06, -1.11781419e-05, 9.93296544e-06, 1.00000012, 0.965929329, -0.258806586, 1.35983055e-05, 60 change(s)]
Chamber   MovingParts.CoreAntenna.SpecialCoreAntenna.FrontPiece.StructureDetail.Front.Plates.Plating ~(-23.6, 301.9, -50.0).CFrame = -23.6493454, 301.887115, -49.9793549, 0.258806556, 0.965929449, -6.63515857e-06, -1.11693143e-05, 9.92573314e-06, 1.00000012, 0.965929329, -0.258806586, 1.35879063e-05   [was -23.6493454, 301.887115, -49.9793549, 0.258806556, 0.965929449, -6.63985884e-06, -1.11781419e-05, 9.93296544e-06, 1.00000012, 0.965929329, -0.258806586, 1.35983055e-05, 60 change(s)]
Chamber   MovingParts.CoreAntenna.SpecialCoreAntenna.FrontPiece.StructureDetail.Front.Plates.Plating ~(-24.9, 300.7, -49.6).CFrame = -24.9291325, 300.662109, -49.6364174, 0.258806556, -0.96592921, 6.69686324e-06, -1.11693143e-05, -9.92573041e-06, -1.00000012, 0.965929329, 0.258806527, -1.33576114e-05   [was -24.9291325, 300.662109, -49.6364174, 0.258806556, -0.96592921, 6.70156351e-06, -1.11781419e-05, -9.93296271e-06, -1.00000012, 0.965929329, 0.258806527, -1.33680105e-05, 60 change(s)]
Chamber   MovingParts.CoreAntenna.SpecialCoreAntenna.FrontPiece.StructureDetail.Front.Plates.Plating ~(-22.2, 300.7, -50.4).CFrame = -22.2245522, 300.66214, -50.3611107, 0.258806556, -0.96592921, 6.69686324e-06, -1.11693143e-05, -9.92573041e-06, -1.00000012, 0.965929329, 0.258806527, -1.33576114e-05   [was -22.2245522, 300.66214, -50.3611107, 0.258806556, -0.96592921, 6.70156351e-06, -1.11781419e-05, -9.93296271e-06, -1.00000012, 0.965929329, 0.258806527, -1.33680105e-05, 60 change(s)]
Chamber   MovingParts.CoreAntenna.SpecialCoreAntenna.FrontPiece.StructureDetail.Front.Plates.Part ~(-27.0, 308.0, -49.1).CFrame = -26.9940014, 308.011841, -49.083149, -0.25880146, 8.6323962e-05, -0.965930581, 6.04336583e-06, -1, -9.09879891e-05, -0.965930581, -2.9385712e-05, 0.25880146   [was -26.9940014, 308.011841, -49.083149, -0.25880146, 8.63286623e-05, -0.965930581, 6.05219384e-06, -1, -9.09952214e-05, -0.965930581, -2.9396113e-05, 0.25880146, 60 change(s)]
Chamber   MovingParts.CoreAntenna.SpecialCoreAntenna.FrontPiece.StructureDetail.Front.Plates.Plating ~(-22.3, 301.9, -50.3).CFrame = -22.2970467, 301.887146, -50.341671, 0.258806556, 0.965929449, -6.63515857e-06, -1.11693143e-05, 9.92573314e-06, 1.00000012, 0.965929329, -0.258806586, 1.35879063e-05   [was -22.2970467, 301.887146, -50.341671, 0.258806556, 0.965929449, -6.63985884e-06, -1.11781419e-05, 9.93296544e-06, 1.00000012, 0.965929329, -0.258806586, 1.35983055e-05, 60 change(s)]
Chamber   MovingParts.CoreAntenna.SpecialCoreAntenna.FrontPiece.StructureDetail.Front.Plates.Plating ~(-26.4, 306.8, -49.3).CFrame = -26.3539848, 306.787048, -49.2545776, 0.258806556, 0.965929449, -6.63515857e-06, -1.11693143e-05, 9.92573314e-06, 1.00000012, 0.965929329, -0.258806586, 1.35879063e-05   [was -26.3539848, 306.787048, -49.2545776, 0.258806556, 0.965929449, -6.63985884e-06, -1.11781419e-05, 9.93296544e-06, 1.00000012, 0.965929329, -0.258806586, 1.35983055e-05, 60 change(s)]
Chamber   MovingParts.CoreAntenna.SpecialCoreAntenna.FrontPiece.StructureDetail.Front.Plates.Plating ~(-23.6, 303.1, -50.0).CFrame = -23.5768929, 303.112122, -49.9987373, 0.258806556, -0.96592921, 6.69686324e-06, -1.11693143e-05, -9.92573041e-06, -1.00000012, 0.965929329, 0.258806527, -1.33576114e-05   [was -23.5768929, 303.112122, -49.9987373, 0.258806556, -0.96592921, 6.70156351e-06, -1.11781419e-05, -9.93296271e-06, -1.00000012, 0.965929329, 0.258806527, -1.33680105e-05, 60 change(s)]
Chamber   MovingParts.CoreAntenna.SpecialCoreAntenna.FrontPiece.StructureDetail.Front.Plates.Plating ~(-22.3, 297.0, -50.3).CFrame = -22.29702, 296.987091, -50.3417587, 0.258806556, 0.965929449, -6.63515857e-06, -1.11693143e-05, 9.92573314e-06, 1.00000012, 0.965929329, -0.258806586, 1.35879063e-05   [was -22.29702, 296.987091, -50.3417587, 0.258806556, 0.965929449, -6.63985884e-06, -1.11781419e-05, 9.93296544e-06, 1.00000012, 0.965929329, -0.258806586, 1.35983055e-05, 60 change(s)]
Chamber   MovingParts.CoreAntenna.SpecialCoreAntenna.FrontPiece.StructureDetail.Front.Plates.Plating ~(-19.6, 299.4, -51.1).CFrame = -19.5923824, 299.437164, -51.0663795, 0.258806556, 0.965929449, -6.63515857e-06, -1.11693143e-05, 9.92573314e-06, 1.00000012, 0.965929329, -0.258806586, 1.35879063e-05   [was -19.5923824, 299.437164, -51.0663795, 0.258806556, 0.965929449, -6.63985884e-06, -1.11781419e-05, 9.93296544e-06, 1.00000012, 0.965929329, -0.258806586, 1.35983055e-05, 60 change(s)]
Chamber   MovingParts.CoreAntenna.SpecialCoreAntenna.FrontPiece.StructureDetail.Front.Plates.Plating ~(-22.9, 304.3, -50.2).CFrame = -22.9007282, 304.337128, -50.1798515, 0.258806556, -0.96592921, 6.69686324e-06, -1.11693143e-05, -9.92573041e-06, -1.00000012, 0.965929329, 0.258806527, -1.33576114e-05   [was -22.9007282, 304.337128, -50.1798515, 0.258806556, -0.96592921, 6.70156351e-06, -1.11781419e-05, -9.93296271e-06, -1.00000012, 0.965929329, 0.258806527, -1.33680105e-05, 60 change(s)]
Chamber   MovingParts.CoreAntenna.SpecialCoreAntenna.FrontPiece.StructureDetail.Front.Plates.Plating ~(-19.6, 304.3, -51.1).CFrame = -19.5924034, 304.337158, -51.0662689, 0.258806556, 0.965929449, -6.63515857e-06, -1.11693143e-05, 9.92573314e-06, 1.00000012, 0.965929329, -0.258806586, 1.35879063e-05   [was -19.5924034, 304.337158, -51.0662689, 0.258806556, 0.965929449, -6.63985884e-06, -1.11781419e-05, 9.93296544e-06, 1.00000012, 0.965929329, -0.258806586, 1.35983055e-05, 60 change(s)]
Chamber   MovingParts.CoreAntenna.SpecialCoreAntenna.FrontPiece.StructureDetail.Front.Model.Part.CFrame = -19.562685, 304.974396, -51.100132, 0.25880146, 8.6323962e-05, 0.965930581, -6.04336583e-06, -1, 9.09879891e-05, 0.965930581, -2.9385712e-05, -0.25880146   [was -19.562685, 304.974396, -51.100132, 0.25880146, 8.63286623e-05, 0.965930581, -6.05219384e-06, -1, 9.09952214e-05, 0.965930581, -2.9396113e-05, -0.25880146, 60 change(s)]
Chamber   MovingParts.CoreAntenna.SpecialCoreAntenna.FrontPiece.StructureDetail.Front.Model.Meshes/Trapezoid.CFrame = -19.5746994, 306.787201, -51.0969162, 0.258806556, 0.965929449, -6.63515857e-06, -1.11693143e-05, 9.92573314e-06, 1.00000012, 0.965929329, -0.258806586, 1.35879063e-05   [was -19.5746994, 306.787201, -51.0969162, 0.258806556, 0.965929449, -6.63985884e-06, -1.11781419e-05, 9.93296544e-06, 1.00000012, 0.965929329, -0.258806586, 1.35983055e-05, 60 change(s)]
Chamber   MovingParts.CoreAntenna.SpecialCoreAntenna.FrontPiece.StructureDetail.Front.Model.Meshes/Trapezoid ~(-25.7, 300.7, -49.5).CFrame = -25.6600895, 300.662109, -49.4664917, 0.258806556, 0.965929449, -6.63515857e-06, -1.11693143e-05, 9.92573314e-06, 1.00000012, 0.965929329, -0.258806586, 1.35879063e-05   [was -25.6600895, 300.662109, -49.4664917, 0.258806556, 0.965929449, -6.63985884e-06, -1.11781419e-05, 9.93296544e-06, 1.00000012, 0.965929329, -0.258806586, 1.35983055e-05, 60 change(s)]
Chamber   MovingParts.CoreAntenna.SpecialCoreAntenna.FrontPiece.StructureDetail.Front.Model.Meshes/Trapezoid ~(-20.3, 298.2, -50.9).CFrame = -20.2508316, 298.212128, -50.915844, 0.258806556, 0.965929449, -6.63515857e-06, -1.11693143e-05, 9.92573314e-06, 1.00000012, 0.965929329, -0.258806586, 1.35879063e-05   [was -20.2508316, 298.212128, -50.915844, 0.258806556, 0.965929449, -6.63985884e-06, -1.11781419e-05, 9.93296544e-06, 1.00000012, 0.965929329, -0.258806586, 1.35983055e-05, 60 change(s)]
Chamber   MovingParts.CoreAntenna.SpecialCoreAntenna.FrontPiece.StructureDetail.Front.Model.Meshes/Trapezoid ~(-22.3, 300.7, -50.4).CFrame = -22.2551956, 300.66214, -50.378788, 0.258806556, -0.96592921, 6.69686324e-06, -1.11693143e-05, -9.92573041e-06, -1.00000012, 0.965929329, 0.258806527, -1.33576114e-05   [was -22.2551956, 300.66214, -50.378788, 0.258806556, -0.96592921, 6.70156351e-06, -1.11781419e-05, -9.93296271e-06, -1.00000012, 0.965929329, 0.258806527, -1.33680105e-05, 60 change(s)]
Chamber   MovingParts.CoreAntenna.SpecialCoreAntenna.FrontPiece.StructureDetail.Front.Model.Part ~(-27.0, 300.1, -49.1).CFrame = -27.0004463, 300.07431, -49.1073837, -0.25880146, 8.6323962e-05, -0.965930581, 6.04336583e-06, -1, -9.09879891e-05, -0.965930581, -2.9385712e-05, 0.25880146   [was -27.0004463, 300.07431, -49.1073837, -0.25880146, 8.63286623e-05, -0.965930581, 6.05219384e-06, -1, -9.09952214e-05, -0.965930581, -2.9396113e-05, 0.25880146, 60 change(s)]
Chamber   MovingParts.CoreAntenna.SpecialCoreAntenna.FrontPiece.StructureDetail.Front.Model.Meshes/Trapezoid ~(-23.0, 298.2, -50.2).CFrame = -22.9554539, 298.212128, -50.1911926, 0.258806556, 0.965929449, -6.63515857e-06, -1.11693143e-05, 9.92573314e-06, 1.00000012, 0.965929329, -0.258806586, 1.35879063e-05   [was -22.9554539, 298.212128, -50.1911926, 0.258806556, 0.965929449, -6.63985884e-06, -1.11781419e-05, 9.93296544e-06, 1.00000012, 0.965929329, -0.258806586, 1.35983055e-05, 60 change(s)]
Chamber   MovingParts.CoreAntenna.SpecialCoreAntenna.FrontPiece.StructureDetail.Front.Model.Meshes/Trapezoid ~(-23.0, 308.0, -50.2).CFrame = -22.955492, 308.012177, -50.1910706, 0.258806556, 0.965929449, -6.63515857e-06, -1.11693143e-05, 9.92573314e-06, 1.00000012, 0.965929329, -0.258806586, 1.35879063e-05   [was -22.955492, 308.012177, -50.1910706, 0.258806556, 0.965929449, -6.63985884e-06, -1.11781419e-05, 9.93296544e-06, 1.00000012, 0.965929329, -0.258806586, 1.35983055e-05, 60 change(s)]
Chamber   MovingParts.CoreAntenna.SpecialCoreAntenna.FrontPiece.StructureDetail.Front.Model.Meshes/Trapezoid ~(-25.7, 303.1, -49.5).CFrame = -25.6601067, 303.112091, -49.4664612, 0.258806556, 0.965929449, -6.63515857e-06, -1.11693143e-05, 9.92573314e-06, 1.00000012, 0.965929329, -0.258806586, 1.35879063e-05   [was -25.6601067, 303.112091, -49.4664612, 0.258806556, 0.965929449, -6.63985884e-06, -1.11781419e-05, 9.93296544e-06, 1.00000012, 0.965929329, -0.258806586, 1.35983055e-05, 60 change(s)]
Chamber   MovingParts.CoreAntenna.SpecialCoreAntenna.FrontPiece.StructureDetail.Front.Model.Meshes/Trapezoid ~(-22.9, 306.8, -50.2).CFrame = -22.9313717, 306.78717, -50.1975517, 0.258806556, -0.96592921, 6.69686324e-06, -1.11693143e-05, -9.92573041e-06, -1.00000012, 0.965929329, 0.258806527, -1.33576114e-05   [was -22.9313717, 306.78717, -50.1975517, 0.258806556, -0.96592921, 6.70156351e-06, -1.11781419e-05, -9.93296271e-06, -1.00000012, 0.965929329, 0.258806527, -1.33680105e-05, 60 change(s)]
Chamber   MovingParts.CoreAntenna.SpecialCoreAntenna.FrontPiece.StructureDetail.Front.Model.Part ~(-19.6, 302.5, -51.1).CFrame = -19.5626698, 302.524384, -51.1001663, 0.25880146, 8.6323962e-05, 0.965930581, -6.04336583e-06, -1, 9.09879891e-05, 0.965930581, -2.9385712e-05, -0.25880146   [was -19.5626698, 302.524384, -51.1001663, 0.25880146, 8.63286623e-05, 0.965930581, -6.05219384e-06, -1, 9.09952214e-05, 0.965930581, -2.9396113e-05, -0.25880146, 60 change(s)]
Chamber   MovingParts.CoreAntenna.SpecialCoreAntenna.FrontPiece.StructureDetail.Front.Model.Meshes/Trapezoid ~(-20.2, 299.4, -50.9).CFrame = -20.2267036, 299.437164, -50.9223213, 0.258806556, -0.96592921, 6.69686324e-06, -1.11693143e-05, -9.92573041e-06, -1.00000012, 0.965929329, 0.258806527, -1.33576114e-05   [was -20.2267036, 299.437164, -50.9223213, 0.258806556, -0.96592921, 6.70156351e-06, -1.11781419e-05, -9.93296271e-06, -1.00000012, 0.965929329, 0.258806527, -1.33680105e-05, 60 change(s)]
Chamber   MovingParts.CoreAntenna.SpecialCoreAntenna.FrontPiece.StructureDetail.Front.Model.Meshes/Trapezoid ~(-25.6, 299.4, -49.5).CFrame = -25.6359768, 299.437103, -49.4730034, 0.258806556, -0.96592921, 6.69686324e-06, -1.11693143e-05, -9.92573041e-06, -1.00000012, 0.965929329, 0.258806527, -1.33576114e-05   [was -25.6359768, 299.437103, -49.4730034, 0.258806556, -0.96592921, 6.70156351e-06, -1.11781419e-05, -9.93296271e-06, -1.00000012, 0.965929329, 0.258806527, -1.33680105e-05, 60 change(s)]
Chamber   MovingParts.CoreAntenna.SpecialCoreAntenna.FrontPiece.StructureDetail.Front.Model.Meshes/Trapezoid ~(-20.3, 305.6, -50.9).CFrame = -20.2508888, 305.562195, -50.9157715, 0.258806556, 0.965929449, -6.63515857e-06, -1.11693143e-05, 9.92573314e-06, 1.00000012, 0.965929329, -0.258806586, 1.35879063e-05   [was -20.2508888, 305.562195, -50.9157715, 0.258806556, 0.965929449, -6.63985884e-06, -1.11781419e-05, 9.93296544e-06, 1.00000012, 0.965929329, -0.258806586, 1.35983055e-05, 60 change(s)]
Chamber   MovingParts.CoreAntenna.SpecialCoreAntenna.FrontPiece.StructureDetail.Front.Model.Meshes/Trapezoid ~(-21.6, 309.2, -50.6).CFrame = -21.5790977, 309.237152, -50.559864, 0.258806556, -0.96592921, 6.69686324e-06, -1.11693143e-05, -9.92573041e-06, -1.00000012, 0.965929329, 0.258806527, -1.33576114e-05   [was -21.5790977, 309.237152, -50.559864, 0.258806556, -0.96592921, 6.70156351e-06, -1.11781419e-05, -9.93296271e-06, -1.00000012, 0.965929329, 0.258806527, -1.33680105e-05, 60 change(s)]
Chamber   MovingParts.CoreAntenna.SpecialCoreAntenna.FrontPiece.StructureDetail.Front.Model.Part ~(-19.6, 305.6, -51.1).CFrame = -19.5626888, 305.56192, -51.1001244, -0.25880146, -2.52939553e-05, 0.965930581, -8.02641589e-05, 1, 4.68046255e-06, -0.965930581, -7.63181961e-05, -0.25880146   [was -19.5626888, 305.56192, -51.1001244, -0.25880146, -2.52986556e-05, 0.965930581, -8.02553332e-05, 1, 4.68769485e-06, -0.965930581, -7.63077987e-05, -0.25880146, 60 change(s)]
Chamber   MovingParts.CoreAntenna.SpecialCoreAntenna.FrontPiece.StructureDetail.Front.Model.Meshes/Trapezoid ~(-24.3, 309.2, -49.8).CFrame = -24.2837086, 309.237122, -49.8351669, 0.258806556, -0.96592921, 6.69686324e-06, -1.11693143e-05, -9.92573041e-06, -1.00000012, 0.965929329, 0.258806527, -1.33576114e-05   [was -24.2837086, 309.237122, -49.8351669, 0.258806556, -0.96592921, 6.70156351e-06, -1.11781419e-05, -9.93296271e-06, -1.00000012, 0.965929329, 0.258806527, -1.33680105e-05, 60 change(s)]
Chamber   MovingParts.CoreAntenna.SpecialCoreAntenna.FrontPiece.StructureDetail.Front.Model.Meshes/Trapezoid ~(-24.3, 299.4, -49.8).CFrame = -24.2836189, 299.437103, -49.835331, 0.258806556, -0.96592921, 6.69686324e-06, -1.11693143e-05, -9.92573041e-06, -1.00000012, 0.965929329, 0.258806527, -1.33576114e-05   [was -24.2836189, 299.437103, -49.835331, 0.258806556, -0.96592921, 6.70156351e-06, -1.11781419e-05, -9.93296271e-06, -1.00000012, 0.965929329, 0.258806527, -1.33680105e-05, 60 change(s)]
Chamber   MovingParts.CoreAntenna.SpecialCoreAntenna.FrontPiece.StructureDetail.Front.Model.Meshes/Trapezoid ~(-20.9, 300.7, -50.7).CFrame = -20.9028702, 300.66214, -50.7411194, 0.258806556, -0.96592921, 6.69686324e-06, -1.11693143e-05, -9.92573041e-06, -1.00000012, 0.965929329, 0.258806527, -1.33576114e-05   [was -20.9028702, 300.66214, -50.7411194, 0.258806556, -0.96592921, 6.70156351e-06, -1.11781419e-05, -9.93296271e-06, -1.00000012, 0.965929329, 0.258806527, -1.33680105e-05, 60 change(s)]
Chamber   MovingParts.CoreAntenna.SpecialCoreAntenna.FrontPiece.StructureDetail.Front.Model.Part ~(-19.6, 303.7, -51.1).CFrame = -19.5627098, 303.699432, -51.1001511, -0.25880146, -8.6323962e-05, 0.965930581, 6.04336583e-06, 1, 9.09879891e-05, -0.965930581, 2.9385712e-05, -0.25880146   [was -19.5627098, 303.699432, -51.1001511, -0.25880146, -8.63286623e-05, 0.965930581, 6.05219384e-06, 1, 9.09952214e-05, -0.965930581, 2.9396113e-05, -0.25880146, 60 change(s)]
Chamber   MovingParts.CoreAntenna.SpecialCoreAntenna.FrontPiece.StructureDetail.Front.Model.Meshes/Trapezoid ~(-21.6, 301.9, -50.6).CFrame = -21.5790119, 301.887146, -50.5599442, 0.258806556, -0.96592921, 6.69686324e-06, -1.11693143e-05, -9.92573041e-06, -1.00000012, 0.965929329, 0.258806527, -1.33576114e-05   [was -21.5790119, 301.887146, -50.5599442, 0.258806556, -0.96592921, 6.70156351e-06, -1.11781419e-05, -9.93296271e-06, -1.00000012, 0.965929329, 0.258806527, -1.33680105e-05, 60 change(s)]
Chamber   MovingParts.CoreAntenna.SpecialCoreAntenna.FrontPiece.StructureDetail.Front.Model.Meshes/Trapezoid ~(-22.9, 304.3, -50.2).CFrame = -22.9313564, 304.337158, -50.1975899, 0.258806556, -0.96592921, 6.69686324e-06, -1.11693143e-05, -9.92573041e-06, -1.00000012, 0.965929329, 0.258806527, -1.33576114e-05   [was -22.9313564, 304.337158, -50.1975899, 0.258806556, -0.96592921, 6.70156351e-06, -1.11781419e-05, -9.93296271e-06, -1.00000012, 0.965929329, 0.258806527, -1.33680105e-05, 60 change(s)]
Chamber   MovingParts.CoreAntenna.SpecialCoreAntenna.FrontPiece.StructureDetail.Front.Model.Meshes/Trapezoid ~(-23.6, 305.6, -50.0).CFrame = -23.6075268, 305.562164, -50.0164032, 0.258806556, -0.96592921, 6.69686324e-06, -1.11693143e-05, -9.92573041e-06, -1.00000012, 0.965929329, 0.258806527, -1.33576114e-05   [was -23.6075268, 305.562164, -50.0164032, 0.258806556, -0.96592921, 6.70156351e-06, -1.11781419e-05, -9.93296271e-06, -1.00000012, 0.965929329, 0.258806527, -1.33680105e-05, 60 change(s)]
Chamber   MovingParts.CoreAntenna.SpecialCoreAntenna.FrontPiece.StructureDetail.Front.Model.Meshes/Trapezoid ~(-24.3, 300.7, -49.8).CFrame = -24.307766, 300.662109, -49.8288307, 0.258806556, 0.965929449, -6.63515857e-06, -1.11693143e-05, 9.92573314e-06, 1.00000012, 0.965929329, -0.258806586, 1.35879063e-05   [was -24.307766, 300.662109, -49.8288307, 0.258806556, 0.965929449, -6.63985884e-06, -1.11781419e-05, 9.93296544e-06, 1.00000012, 0.965929329, -0.258806586, 1.35983055e-05, 60 change(s)]
Chamber   MovingParts.CoreAntenna.SpecialCoreAntenna.FrontPiece.StructureDetail.Front.Model.Meshes/Trapezoid ~(-26.3, 297.0, -49.3).CFrame = -26.3362255, 296.987061, -49.2853699, 0.258806556, 0.965929449, -6.63515857e-06, -1.11693143e-05, 9.92573314e-06, 1.00000012, 0.965929329, -0.258806586, 1.35879063e-05   [was -26.3362255, 296.987061, -49.2853699, 0.258806556, 0.965929449, -6.63985884e-06, -1.11781419e-05, 9.93296544e-06, 1.00000012, 0.965929329, -0.258806586, 1.35983055e-05, 60 change(s)]
Chamber   MovingParts.CoreAntenna.SpecialCoreAntenna.FrontPiece.StructureDetail.Front.Model.Part ~(-19.6, 303.1, -51.1).CFrame = -19.5627022, 303.111908, -51.1001472, -0.25880146, -2.52939553e-05, 0.965930581, -8.02641589e-05, 1, 4.68046255e-06, -0.965930581, -7.63181961e-05, -0.25880146   [was -19.5627022, 303.111908, -51.1001472, -0.25880146, -2.52986556e-05, 0.965930581, -8.02553332e-05, 1, 4.68769485e-06, -0.965930581, -7.63077987e-05, -0.25880146, 60 change(s)]
Chamber   MovingParts.CoreAntenna.SpecialCoreAntenna.FrontPiece.StructureDetail.Front.Model.Meshes/Trapezoid ~(-24.3, 304.3, -49.8).CFrame = -24.2836819, 304.337158, -49.8352585, 0.258806556, -0.96592921, 6.69686324e-06, -1.11693143e-05, -9.92573041e-06, -1.00000012, 0.965929329, 0.258806527, -1.33576114e-05   [was -24.2836819, 304.337158, -49.8352585, 0.258806556, -0.96592921, 6.70156351e-06, -1.11781419e-05, -9.93296271e-06, -1.00000012, 0.965929329, 0.258806527, -1.33680105e-05, 60 change(s)]
Chamber   MovingParts.CoreAntenna.SpecialCoreAntenna.FrontPiece.StructureDetail.Front.Model.Meshes/Trapezoid ~(-25.6, 301.9, -49.5).CFrame = -25.6359901, 301.887085, -49.4729576, 0.258806556, -0.96592921, 6.69686324e-06, -1.11693143e-05, -9.92573041e-06, -1.00000012, 0.965929329, 0.258806527, -1.33576114e-05   [was -25.6359901, 301.887085, -49.4729576, 0.258806556, -0.96592921, 6.70156351e-06, -1.11781419e-05, -9.93296271e-06, -1.00000012, 0.965929329, 0.258806527, -1.33680105e-05, 60 change(s)]
Chamber   MovingParts.CoreAntenna.SpecialCoreAntenna.FrontPiece.StructureDetail.Front.Model.Meshes/Trapezoid ~(-25.0, 309.2, -49.6).CFrame = -24.9839802, 309.237091, -49.6475296, 0.258806556, 0.965929449, -6.63515857e-06, -1.11693143e-05, 9.92573314e-06, 1.00000012, 0.965929329, -0.258806586, 1.35879063e-05   [was -24.9839802, 309.237091, -49.6475296, 0.258806556, 0.965929449, -6.63985884e-06, -1.11781419e-05, 9.93296544e-06, 1.00000012, 0.965929329, -0.258806586, 1.35983055e-05, 60 change(s)]
Chamber   MovingParts.CoreAntenna.SpecialCoreAntenna.FrontPiece.StructureDetail.Front.Model.Meshes/Trapezoid ~(-23.0, 303.1, -50.2).CFrame = -22.9554863, 303.112122, -50.191124, 0.258806556, 0.965929449, -6.63515857e-06, -1.11693143e-05, 9.92573314e-06, 1.00000012, 0.965929329, -0.258806586, 1.35879063e-05   [was -22.9554863, 303.112122, -50.191124, 0.258806556, 0.965929449, -6.63985884e-06, -1.11781419e-05, 9.93296544e-06, 1.00000012, 0.965929329, -0.258806586, 1.35983055e-05, 60 change(s)]
Chamber   MovingParts.CoreAntenna.SpecialCoreAntenna.FrontPiece.StructureDetail.Front.Model.Part ~(-27.0, 302.5, -49.1).CFrame = -27.0004635, 302.524292, -49.107357, -0.25880146, 8.6323962e-05, -0.965930581, 6.04336583e-06, -1, -9.09879891e-05, -0.965930581, -2.9385712e-05, 0.25880146   [was -27.0004635, 302.524292, -49.107357, -0.25880146, 8.63286623e-05, -0.965930581, 6.05219384e-06, -1, -9.09952214e-05, -0.965930581, -2.9396113e-05, 0.25880146, 60 change(s)]
Chamber   MovingParts.CoreAntenna.SpecialCoreAntenna.FrontPiece.StructureDetail.Front.Model.Meshes/Trapezoid ~(-20.3, 308.0, -50.9).CFrame = -20.2508736, 308.012207, -50.9157372, 0.258806556, 0.965929449, -6.63515857e-06, -1.11693143e-05, 9.92573314e-06, 1.00000012, 0.965929329, -0.258806586, 1.35879063e-05   [was -20.2508736, 308.012207, -50.9157372, 0.258806556, 0.965929449, -6.63985884e-06, -1.11781419e-05, 9.93296544e-06, 1.00000012, 0.965929329, -0.258806586, 1.35983055e-05, 60 change(s)]
Chamber   MovingParts.CoreAntenna.SpecialCoreAntenna.FrontPiece.StructureDetail.Front.Model.Meshes/Trapezoid ~(-23.6, 306.8, -50.0).CFrame = -23.6316471, 306.78717, -50.009922, 0.258806556, 0.965929449, -6.63515857e-06, -1.11693143e-05, 9.92573314e-06, 1.00000012, 0.965929329, -0.258806586, 1.35879063e-05   [was -23.6316471, 306.78717, -50.009922, 0.258806556, 0.965929449, -6.63985884e-06, -1.11781419e-05, 9.93296544e-06, 1.00000012, 0.965929329, -0.258806586, 1.35983055e-05, 60 change(s)]
Chamber   MovingParts.CoreAntenna.SpecialCoreAntenna.FrontPiece.StructureDetail.Front.Model.Meshes/Trapezoid ~(-27.0, 309.2, -49.1).CFrame = -26.9883366, 309.237091, -49.1105385, 0.258806556, -0.96592921, 6.69686324e-06, -1.11693143e-05, -9.92573041e-06, -1.00000012, 0.965929329, 0.258806527, -1.33576114e-05   [was -26.9883366, 309.237091, -49.1105385, 0.258806556, -0.96592921, 6.70156351e-06, -1.11781419e-05, -9.93296271e-06, -1.00000012, 0.965929329, 0.258806527, -1.33680105e-05, 60 change(s)]
Chamber   MovingParts.CoreAntenna.SpecialCoreAntenna.FrontPiece.StructureDetail.Front.Model.Meshes/Trapezoid ~(-27.0, 301.9, -49.1).CFrame = -26.9882812, 301.887085, -49.1106148, 0.258806556, -0.96592921, 6.69686324e-06, -1.11693143e-05, -9.92573041e-06, -1.00000012, 0.965929329, 0.258806527, -1.33576114e-05   [was -26.9882812, 301.887085, -49.1106148, 0.258806556, -0.96592921, 6.70156351e-06, -1.11781419e-05, -9.93296271e-06, -1.00000012, 0.965929329, 0.258806527, -1.33680105e-05, 60 change(s)]
Chamber   MovingParts.CoreAntenna.SpecialCoreAntenna.FrontPiece.StructureDetail.Front.Model.Part ~(-27.0, 301.2, -49.1).CFrame = -27.0004272, 301.249359, -49.1073837, 0.25880146, -8.6323962e-05, -0.965930581, -6.04336583e-06, 1, -9.09879891e-05, 0.965930581, 2.9385712e-05, 0.25880146   [was -27.0004272, 301.249359, -49.1073837, 0.25880146, -8.63286623e-05, -0.965930581, -6.05219384e-06, 1, -9.09952214e-05, 0.965930581, 2.9396113e-05, 0.25880146, 60 change(s)]
Chamber   MovingParts.CoreAntenna.SpecialCoreAntenna.FrontPiece.StructureDetail.Front.Model.Meshes/Trapezoid ~(-20.9, 305.6, -50.7).CFrame = -20.9029064, 305.562195, -50.7410622, 0.258806556, -0.96592921, 6.69686324e-06, -1.11693143e-05, -9.92573041e-06, -1.00000012, 0.965929329, 0.258806527, -1.33576114e-05   [was -20.9029064, 305.562195, -50.7410622, 0.258806556, -0.96592921, 6.70156351e-06, -1.11781419e-05, -9.93296271e-06, -1.00000012, 0.965929329, 0.258806527, -1.33680105e-05, 60 change(s)]
Chamber   MovingParts.CoreAntenna.SpecialCoreAntenna.FrontPiece.StructureDetail.Front.Model.Meshes/Trapezoid ~(-19.6, 309.2, -51.1).CFrame = -19.5747147, 309.237183, -51.0968781, 0.258806556, 0.965929449, -6.63515857e-06, -1.11693143e-05, 9.92573314e-06, 1.00000012, 0.965929329, -0.258806586, 1.35879063e-05   [was -19.5747147, 309.237183, -51.0968781, 0.258806556, 0.965929449, -6.63985884e-06, -1.11781419e-05, 9.93296544e-06, 1.00000012, 0.965929329, -0.258806586, 1.35983055e-05, 60 change(s)]
Chamber   MovingParts.CoreAntenna.SpecialCoreAntenna.FrontPiece.StructureDetail.Front.Model.Meshes/Trapezoid ~(-25.6, 304.3, -49.5).CFrame = -25.6360054, 304.337128, -49.4729195, 0.258806556, -0.96592921, 6.69686324e-06, -1.11693143e-05, -9.92573041e-06, -1.00000012, 0.965929329, 0.258806527, -1.33576114e-05   [was -25.6360054, 304.337128, -49.4729195, 0.258806556, -0.96592921, 6.70156351e-06, -1.11781419e-05, -9.93296271e-06, -1.00000012, 0.965929329, 0.258806527, -1.33680105e-05, 60 change(s)]
Chamber   MovingParts.CoreAntenna.SpecialCoreAntenna.FrontPiece.StructureDetail.Front.Model.Meshes/Trapezoid ~(-20.9, 304.3, -50.7).CFrame = -20.9270096, 304.337189, -50.7346191, 0.258806556, 0.965929449, -6.63515857e-06, -1.11693143e-05, 9.92573314e-06, 1.00000012, 0.965929329, -0.258806586, 1.35879063e-05   [was -20.9270096, 304.337189, -50.7346191, 0.258806556, 0.965929449, -6.63985884e-06, -1.11781419e-05, 9.93296544e-06, 1.00000012, 0.965929329, -0.258806586, 1.35983055e-05, 60 change(s)]
Chamber   MovingParts.CoreAntenna.SpecialCoreAntenna.FrontPiece.StructureDetail.Front.Model.Part ~(-27.0, 298.2, -49.1).CFrame = -27.0004063, 298.211792, -49.1074295, -0.25880146, 8.6323962e-05, -0.965930581, 6.04336583e-06, -1, -9.09879891e-05, -0.965930581, -2.9385712e-05, 0.25880146   [was -27.0004063, 298.211792, -49.1074295, -0.25880146, 8.63286623e-05, -0.965930581, 6.05219384e-06, -1, -9.09952214e-05, -0.965930581, -2.9396113e-05, 0.25880146, 60 change(s)]
Chamber   MovingParts.CoreAntenna.SpecialCoreAntenna.FrontPiece.StructureDetail.Front.Model.Meshes/Trapezoid ~(-27.0, 299.4, -49.1).CFrame = -26.9882679, 299.437073, -49.1106567, 0.258806556, -0.96592921, 6.69686324e-06, -1.11693143e-05, -9.92573041e-06, -1.00000012, 0.965929329, 0.258806527, -1.33576114e-05   [was -26.9882679, 299.437073, -49.1106567, 0.258806556, -0.96592921, 6.70156351e-06, -1.11781419e-05, -9.93296271e-06, -1.00000012, 0.965929329, 0.258806527, -1.33680105e-05, 60 change(s)]
Chamber   MovingParts.CoreAntenna.SpecialCoreAntenna.FrontPiece.StructureDetail.Front.Model.Meshes/Trapezoid ~(-22.3, 308.0, -50.4).CFrame = -22.2552433, 308.012177, -50.378685, 0.258806556, -0.96592921, 6.69686324e-06, -1.11693143e-05, -9.92573041e-06, -1.00000012, 0.965929329, 0.258806527, -1.33576114e-05   [was -22.2552433, 308.012177, -50.378685, 0.258806556, -0.96592921, 6.70156351e-06, -1.11781419e-05, -9.93296271e-06, -1.00000012, 0.965929329, 0.258806527, -1.33680105e-05, 60 change(s)]
Chamber   MovingParts.CoreAntenna.SpecialCoreAntenna.FrontPiece.StructureDetail.Front.Model.Meshes/Trapezoid ~(-22.3, 305.6, -50.4).CFrame = -22.2552013, 305.562164, -50.3787346, 0.258806556, -0.96592921, 6.69686324e-06, -1.11693143e-05, -9.92573041e-06, -1.00000012, 0.965929329, 0.258806527, -1.33576114e-05   [was -22.2552013, 305.562164, -50.3787346, 0.258806556, -0.96592921, 6.70156351e-06, -1.11781419e-05, -9.93296271e-06, -1.00000012, 0.965929329, 0.258806527, -1.33680105e-05, 60 change(s)]
Chamber   MovingParts.CoreAntenna.SpecialCoreAntenna.FrontPiece.StructureDetail.Front.Model.Meshes/Trapezoid ~(-24.3, 308.0, -49.8).CFrame = -24.3078156, 308.012146, -49.8287354, 0.258806556, 0.965929449, -6.63515857e-06, -1.11693143e-05, 9.92573314e-06, 1.00000012, 0.965929329, -0.258806586, 1.35879063e-05   [was -24.3078156, 308.012146, -49.8287354, 0.258806556, 0.965929449, -6.63985884e-06, -1.11781419e-05, 9.93296544e-06, 1.00000012, 0.965929329, -0.258806586, 1.35983055e-05, 60 change(s)]
Chamber   MovingParts.CoreAntenna.SpecialCoreAntenna.FrontPiece.StructureDetail.Front.Model.Part ~(-19.6, 301.2, -51.1).CFrame = -19.5626907, 301.249451, -51.1001816, -0.25880146, -8.6323962e-05, 0.965930581, 6.04336583e-06, 1, 9.09879891e-05, -0.965930581, 2.9385712e-05, -0.25880146   [was -19.5626907, 301.249451, -51.1001816, -0.25880146, -8.63286623e-05, 0.965930581, 6.05219384e-06, 1, 9.09952214e-05, -0.965930581, 2.9396113e-05, -0.25880146, 60 change(s)]
Chamber   MovingParts.CoreAntenna.SpecialCoreAntenna.FrontPiece.StructureDetail.Front.Model.Meshes/Trapezoid ~(-21.6, 300.7, -50.6).CFrame = -21.6031456, 300.66214, -50.5534897, 0.258806556, 0.965929449, -6.63515857e-06, -1.11693143e-05, 9.92573314e-06, 1.00000012, 0.965929329, -0.258806586, 1.35879063e-05   [was -21.6031456, 300.66214, -50.5534897, 0.258806556, 0.965929449, -6.63985884e-06, -1.11781419e-05, 9.93296544e-06, 1.00000012, 0.965929329, -0.258806586, 1.35983055e-05, 60 change(s)]
Chamber   MovingParts.CoreAntenna.SpecialCoreAntenna.FrontPiece.StructureDetail.Front.Model.Meshes/Trapezoid ~(-20.9, 299.4, -50.7).CFrame = -20.9269753, 299.437134, -50.7346764, 0.258806556, 0.965929449, -6.63515857e-06, -1.11693143e-05, 9.92573314e-06, 1.00000012, 0.965929329, -0.258806586, 1.35879063e-05   [was -20.9269753, 299.437134, -50.7346764, 0.258806556, 0.965929449, -6.63985884e-06, -1.11781419e-05, 9.93296544e-06, 1.00000012, 0.965929329, -0.258806586, 1.35983055e-05, 60 change(s)]
Chamber   MovingParts.CoreAntenna.SpecialCoreAntenna.FrontPiece.StructureDetail.Front.Model.Meshes/Trapezoid ~(-25.6, 306.8, -49.5).CFrame = -25.6360207, 306.78714, -49.4728851, 0.258806556, -0.96592921, 6.69686324e-06, -1.11693143e-05, -9.92573041e-06, -1.00000012, 0.965929329, 0.258806527, -1.33576114e-05   [was -25.6360207, 306.78714, -49.4728851, 0.258806556, -0.96592921, 6.70156351e-06, -1.11781419e-05, -9.93296271e-06, -1.00000012, 0.965929329, 0.258806527, -1.33680105e-05, 60 change(s)]
Chamber   MovingParts.CoreAntenna.SpecialCoreAntenna.FrontPiece.StructureDetail.Front.Model.Meshes/Trapezoid ~(-22.9, 297.0, -50.2).CFrame = -22.9313011, 296.987091, -50.19767, 0.258806556, -0.96592921, 6.69686324e-06, -1.11693143e-05, -9.92573041e-06, -1.00000012, 0.965929329, 0.258806527, -1.33576114e-05   [was -22.9313011, 296.987091, -50.19767, 0.258806556, -0.96592921, 6.70156351e-06, -1.11781419e-05, -9.93296271e-06, -1.00000012, 0.965929329, 0.258806527, -1.33680105e-05, 60 change(s)]
Chamber   MovingParts.CoreAntenna.SpecialCoreAntenna.FrontPiece.StructureDetail.Front.Model.Part ~(-19.6, 297.6, -51.1).CFrame = -19.5626659, 297.62439, -51.1002274, 0.25880146, 8.6323962e-05, 0.965930581, -6.04336583e-06, -1, 9.09879891e-05, 0.965930581, -2.9385712e-05, -0.25880146   [was -19.5626659, 297.62439, -51.1002274, 0.25880146, 8.63286623e-05, 0.965930581, -6.05219384e-06, -1, 9.09952214e-05, 0.965930581, -2.9396113e-05, -0.25880146, 60 change(s)]
Chamber   MovingParts.CoreAntenna.SpecialCoreAntenna.FrontPiece.StructureDetail.Front.Model.Meshes/Trapezoid ~(-20.9, 297.0, -50.7).CFrame = -20.9269562, 296.987122, -50.7346992, 0.258806556, 0.965929449, -6.63515857e-06, -1.11693143e-05, 9.92573314e-06, 1.00000012, 0.965929329, -0.258806586, 1.35879063e-05   [was -20.9269562, 296.987122, -50.7346992, 0.258806556, 0.965929449, -6.63985884e-06, -1.11781419e-05, 9.93296544e-06, 1.00000012, 0.965929329, -0.258806586, 1.35983055e-05, 60 change(s)]
Chamber   MovingParts.CoreAntenna.SpecialCoreAntenna.FrontPiece.StructureDetail.Front.Model.Meshes/Trapezoid ~(-20.2, 297.0, -50.9).CFrame = -20.2267113, 296.987122, -50.9223213, 0.258806556, -0.96592921, 6.69686324e-06, -1.11693143e-05, -9.92573041e-06, -1.00000012, 0.965929329, 0.258806527, -1.33576114e-05   [was -20.2267113, 296.987122, -50.9223213, 0.258806556, -0.96592921, 6.70156351e-06, -1.11781419e-05, -9.93296271e-06, -1.00000012, 0.965929329, 0.258806527, -1.33680105e-05, 60 change(s)]
Chamber   MovingParts.CoreAntenna.SpecialCoreAntenna.FrontPiece.StructureDetail.Front.Model.Meshes/Trapezoid ~(-20.2, 309.2, -50.9).CFrame = -20.226799, 309.237152, -50.9221802, 0.258806556, -0.96592921, 6.69686324e-06, -1.11693143e-05, -9.92573041e-06, -1.00000012, 0.965929329, 0.258806527, -1.33576114e-05   [was -20.226799, 309.237152, -50.9221802, 0.258806556, -0.96592921, 6.70156351e-06, -1.11781419e-05, -9.93296271e-06, -1.00000012, 0.965929329, 0.258806527, -1.33680105e-05, 60 change(s)]
Chamber   MovingParts.CoreAntenna.SpecialCoreAntenna.FrontPiece.StructureDetail.Front.Model.Meshes/Trapezoid ~(-22.3, 304.3, -50.4).CFrame = -22.2793064, 304.337158, -50.3722954, 0.258806556, 0.965929449, -6.63515857e-06, -1.11693143e-05, 9.92573314e-06, 1.00000012, 0.965929329, -0.258806586, 1.35879063e-05   [was -22.2793064, 304.337158, -50.3722954, 0.258806556, 0.965929449, -6.63985884e-06, -1.11781419e-05, 9.93296544e-06, 1.00000012, 0.965929329, -0.258806586, 1.35983055e-05, 60 change(s)]
Chamber   MovingParts.CoreAntenna.SpecialCoreAntenna.FrontPiece.StructureDetail.Front.Model.Part ~(-27.0, 297.6, -49.1).CFrame = -27.0004005, 297.624268, -49.1074295, -0.25880146, 8.6323962e-05, -0.965930581, 6.04336583e-06, -1, -9.09879891e-05, -0.965930581, -2.9385712e-05, 0.25880146   [was -27.0004005, 297.624268, -49.1074295, -0.25880146, 8.63286623e-05, -0.965930581, 6.05219384e-06, -1, -9.09952214e-05, -0.965930581, -2.9396113e-05, 0.25880146, 60 change(s)]
Chamber   MovingParts.CoreAntenna.SpecialCoreAntenna.FrontPiece.StructureDetail.Front.Model.Meshes/Trapezoid ~(-25.6, 297.0, -49.5).CFrame = -25.6359577, 296.987091, -49.4730186, 0.258806556, -0.96592921, 6.69686324e-06, -1.11693143e-05, -9.92573041e-06, -1.00000012, 0.965929329, 0.258806527, -1.33576114e-05   [was -25.6359577, 296.987091, -49.4730186, 0.258806556, -0.96592921, 6.70156351e-06, -1.11781419e-05, -9.93296271e-06, -1.00000012, 0.965929329, 0.258806527, -1.33680105e-05, 60 change(s)]
Chamber   MovingParts.CoreAntenna.SpecialCoreAntenna.FrontPiece.StructureDetail.Front.Model.Meshes/Trapezoid ~(-22.3, 299.4, -50.4).CFrame = -22.2792988, 299.437134, -50.3723373, 0.258806556, 0.965929449, -6.63515857e-06, -1.11693143e-05, 9.92573314e-06, 1.00000012, 0.965929329, -0.258806586, 1.35879063e-05   [was -22.2792988, 299.437134, -50.3723373, 0.258806556, 0.965929449, -6.63985884e-06, -1.11781419e-05, 9.93296544e-06, 1.00000012, 0.965929329, -0.258806586, 1.35983055e-05, 60 change(s)]
Chamber   MovingParts.CoreAntenna.SpecialCoreAntenna.FrontPiece.StructureDetail.Front.Model.Meshes/Trapezoid ~(-23.0, 305.6, -50.2).CFrame = -22.9555073, 305.562164, -50.1911049, 0.258806556, 0.965929449, -6.63515857e-06, -1.11693143e-05, 9.92573314e-06, 1.00000012, 0.965929329, -0.258806586, 1.35879063e-05   [was -22.9555073, 305.562164, -50.1911049, 0.258806556, 0.965929449, -6.63985884e-06, -1.11781419e-05, 9.93296544e-06, 1.00000012, 0.965929329, -0.258806586, 1.35983055e-05, 60 change(s)]
Chamber   MovingParts.CoreAntenna.SpecialCoreAntenna.FrontPiece.StructureDetail.Front.Model.Meshes/Trapezoid ~(-25.7, 298.2, -49.5).CFrame = -25.6601048, 298.212097, -49.4665222, 0.258806556, 0.965929449, -6.63515857e-06, -1.11693143e-05, 9.92573314e-06, 1.00000012, 0.965929329, -0.258806586, 1.35879063e-05   [was -25.6601048, 298.212097, -49.4665222, 0.258806556, 0.965929449, -6.63985884e-06, -1.11781419e-05, 9.93296544e-06, 1.00000012, 0.965929329, -0.258806586, 1.35983055e-05, 60 change(s)]
Chamber   MovingParts.CoreAntenna.SpecialCoreAntenna.FrontPiece.StructureDetail.Front.Model.Part ~(-19.6, 306.1, -51.1).CFrame = -19.5627193, 306.149445, -51.1000977, -0.25880146, -8.6323962e-05, 0.965930581, 6.04336583e-06, 1, 9.09879891e-05, -0.965930581, 2.9385712e-05, -0.25880146   [was -19.5627193, 306.149445, -51.1000977, -0.25880146, -8.63286623e-05, 0.965930581, 6.05219384e-06, 1, 9.09952214e-05, -0.965930581, 2.9396113e-05, -0.25880146, 60 change(s)]
Chamber   MovingParts.CoreAntenna.SpecialCoreAntenna.FrontPiece.StructureDetail.Front.Model.Meshes/Trapezoid ~(-20.9, 309.2, -50.7).CFrame = -20.9270706, 309.237152, -50.7345352, 0.258806556, 0.965929449, -6.63515857e-06, -1.11693143e-05, 9.92573314e-06, 1.00000012, 0.965929329, -0.258806586, 1.35879063e-05   [was -20.9270706, 309.237152, -50.7345352, 0.258806556, 0.965929449, -6.63985884e-06, -1.11781419e-05, 9.93296544e-06, 1.00000012, 0.965929329, -0.258806586, 1.35983055e-05, 60 change(s)]
Chamber   MovingParts.CoreAntenna.SpecialCoreAntenna.FrontPiece.StructureDetail.Front.Model.Meshes/Trapezoid ~(-24.3, 303.1, -49.8).CFrame = -24.3077812, 303.112122, -49.8287964, 0.258806556, 0.965929449, -6.63515857e-06, -1.11693143e-05, 9.92573314e-06, 1.00000012, 0.965929329, -0.258806586, 1.35879063e-05   [was -24.3077812, 303.112122, -49.8287964, 0.258806556, 0.965929449, -6.63985884e-06, -1.11781419e-05, 9.93296544e-06, 1.00000012, 0.965929329, -0.258806586, 1.35983055e-05, 60 change(s)]
Chamber   MovingParts.CoreAntenna.SpecialCoreAntenna.FrontPiece.StructureDetail.Front.Model.Meshes/Trapezoid ~(-20.9, 306.8, -50.7).CFrame = -20.9270515, 306.787201, -50.7345619, 0.258806556, 0.965929449, -6.63515857e-06, -1.11693143e-05, 9.92573314e-06, 1.00000012, 0.965929329, -0.258806586, 1.35879063e-05   [was -20.9270515, 306.787201, -50.7345619, 0.258806556, 0.965929449, -6.63985884e-06, -1.11781419e-05, 9.93296544e-06, 1.00000012, 0.965929329, -0.258806586, 1.35983055e-05, 60 change(s)]
Chamber   MovingParts.CoreAntenna.SpecialCoreAntenna.FrontPiece.StructureDetail.Front.Model.Meshes/Trapezoid ~(-22.9, 301.9, -50.2).CFrame = -22.9313374, 301.887115, -50.1976089, 0.258806556, -0.96592921, 6.69686324e-06, -1.11693143e-05, -9.92573041e-06, -1.00000012, 0.965929329, 0.258806527, -1.33576114e-05   [was -22.9313374, 301.887115, -50.1976089, 0.258806556, -0.96592921, 6.70156351e-06, -1.11781419e-05, -9.93296271e-06, -1.00000012, 0.965929329, 0.258806527, -1.33680105e-05, 60 change(s)]
Chamber   MovingParts.CoreAntenna.SpecialCoreAntenna.FrontPiece.StructureDetail.Front.Model.Part ~(-19.6, 298.2, -51.1).CFrame = -19.562645, 298.211884, -51.1002426, -0.25880146, -2.52939553e-05, 0.965930581, -8.02641589e-05, 1, 4.68046255e-06, -0.965930581, -7.63181961e-05, -0.25880146   [was -19.562645, 298.211884, -51.1002426, -0.25880146, -2.52986556e-05, 0.965930581, -8.02553332e-05, 1, 4.68769485e-06, -0.965930581, -7.63077987e-05, -0.25880146, 60 change(s)]
Chamber   MovingParts.CoreAntenna.SpecialCoreAntenna.FrontPiece.StructureDetail.Front.Model.Meshes/Trapezoid ~(-20.3, 300.7, -50.9).CFrame = -20.250824, 300.66217, -50.9158325, 0.258806556, 0.965929449, -6.63515857e-06, -1.11693143e-05, 9.92573314e-06, 1.00000012, 0.965929329, -0.258806586, 1.35879063e-05   [was -20.250824, 300.66217, -50.9158325, 0.258806556, 0.965929449, -6.63985884e-06, -1.11781419e-05, 9.93296544e-06, 1.00000012, 0.965929329, -0.258806586, 1.35983055e-05, 60 change(s)]
Chamber   MovingParts.CoreAntenna.SpecialCoreAntenna.FrontPiece.StructureDetail.Front.Model.Meshes/Trapezoid ~(-21.6, 303.1, -50.6).CFrame = -21.6031628, 303.112152, -50.5534592, 0.258806556, 0.965929449, -6.63515857e-06, -1.11693143e-05, 9.92573314e-06, 1.00000012, 0.965929329, -0.258806586, 1.35879063e-05   [was -21.6031628, 303.112152, -50.5534592, 0.258806556, 0.965929449, -6.63985884e-06, -1.11781419e-05, 9.93296544e-06, 1.00000012, 0.965929329, -0.258806586, 1.35983055e-05, 60 change(s)]
Chamber   MovingParts.CoreAntenna.SpecialCoreAntenna.FrontPiece.StructureDetail.Front.Model.Meshes/Trapezoid ~(-21.6, 299.4, -50.6).CFrame = -21.5790253, 299.437134, -50.559967, 0.258806556, -0.96592921, 6.69686324e-06, -1.11693143e-05, -9.92573041e-06, -1.00000012, 0.965929329, 0.258806527, -1.33576114e-05   [was -21.5790253, 299.437134, -50.559967, 0.258806556, -0.96592921, 6.70156351e-06, -1.11781419e-05, -9.93296271e-06, -1.00000012, 0.965929329, 0.258806527, -1.33680105e-05, 60 change(s)]
Chamber   MovingParts.CoreAntenna.SpecialCoreAntenna.FrontPiece.StructureDetail.Front.Model.Meshes/Trapezoid ~(-25.7, 308.0, -49.5).CFrame = -25.6601677, 308.012146, -49.4663811, 0.258806556, 0.965929449, -6.63515857e-06, -1.11693143e-05, 9.92573314e-06, 1.00000012, 0.965929329, -0.258806586, 1.35879063e-05   [was -25.6601677, 308.012146, -49.4663811, 0.258806556, 0.965929449, -6.63985884e-06, -1.11781419e-05, 9.93296544e-06, 1.00000012, 0.965929329, -0.258806586, 1.35983055e-05, 60 change(s)]
Chamber   MovingParts.CoreAntenna.SpecialCoreAntenna.FrontPiece.StructureDetail.Front.Model.Part ~(-27.0, 300.7, -49.1).CFrame = -27.0004234, 300.661804, -49.107399, -0.25880146, 8.6323962e-05, -0.965930581, 6.04336583e-06, -1, -9.09879891e-05, -0.965930581, -2.9385712e-05, 0.25880146   [was -27.0004234, 300.661804, -49.107399, -0.25880146, 8.63286623e-05, -0.965930581, 6.05219384e-06, -1, -9.09952214e-05, -0.965930581, -2.9396113e-05, 0.25880146, 60 change(s)]
Chamber   MovingParts.CoreAntenna.SpecialCoreAntenna.FrontPiece.StructureDetail.Front.Model.Meshes/Trapezoid ~(-23.0, 300.7, -50.2).CFrame = -22.9554405, 300.66214, -50.1911659, 0.258806556, 0.965929449, -6.63515857e-06, -1.11693143e-05, 9.92573314e-06, 1.00000012, 0.965929329, -0.258806586, 1.35879063e-05   [was -22.9554405, 300.66214, -50.1911659, 0.258806556, 0.965929449, -6.63985884e-06, -1.11781419e-05, 9.93296544e-06, 1.00000012, 0.965929329, -0.258806586, 1.35983055e-05, 60 change(s)]
Chamber   MovingParts.CoreAntenna.SpecialCoreAntenna.FrontPiece.StructureDetail.Front.Model.Meshes/Trapezoid ~(-22.3, 306.8, -50.4).CFrame = -22.2793522, 306.78717, -50.3722496, 0.258806556, 0.965929449, -6.63515857e-06, -1.11693143e-05, 9.92573314e-06, 1.00000012, 0.965929329, -0.258806586, 1.35879063e-05   [was -22.2793522, 306.78717, -50.3722496, 0.258806556, 0.965929449, -6.63985884e-06, -1.11781419e-05, 9.93296544e-06, 1.00000012, 0.965929329, -0.258806586, 1.35983055e-05, 60 change(s)]
Chamber   MovingParts.CoreAntenna.SpecialCoreAntenna.FrontPiece.StructureDetail.Front.Model.Meshes/Trapezoid ~(-24.3, 298.2, -49.8).CFrame = -24.3077793, 298.212128, -49.8288574, 0.258806556, 0.965929449, -6.63515857e-06, -1.11693143e-05, 9.92573314e-06, 1.00000012, 0.965929329, -0.258806586, 1.35879063e-05   [was -24.3077793, 298.212128, -49.8288574, 0.258806556, 0.965929449, -6.63985884e-06, -1.11781419e-05, 9.93296544e-06, 1.00000012, 0.965929329, -0.258806586, 1.35983055e-05, 60 change(s)]
Chamber   MovingParts.CoreAntenna.SpecialCoreAntenna.FrontPiece.StructureDetail.Front.Model.Meshes/Trapezoid ~(-24.3, 305.6, -49.8).CFrame = -24.3078327, 305.562164, -49.8287735, 0.258806556, 0.965929449, -6.63515857e-06, -1.11693143e-05, 9.92573314e-06, 1.00000012, 0.965929329, -0.258806586, 1.35879063e-05   [was -24.3078327, 305.562164, -49.8287735, 0.258806556, 0.965929449, -6.63985884e-06, -1.11781419e-05, 9.93296544e-06, 1.00000012, 0.965929329, -0.258806586, 1.35983055e-05, 60 change(s)]
Chamber   MovingParts.CoreAntenna.SpecialCoreAntenna.FrontPiece.StructureDetail.Front.Model.Part ~(-27.0, 298.8, -49.1).CFrame = -27.0004387, 298.799316, -49.1074028, 0.25880146, -8.6323962e-05, -0.965930581, -6.04336583e-06, 1, -9.09879891e-05, 0.965930581, 2.9385712e-05, 0.25880146   [was -27.0004368, 298.799316, -49.1074028, 0.25880146, -8.63286623e-05, -0.965930581, -6.05219384e-06, 1, -9.09952214e-05, 0.965930581, 2.9396113e-05, 0.25880146, 60 change(s)]
Chamber   MovingParts.CoreAntenna.SpecialCoreAntenna.FrontPiece.StructureDetail.Front.Model.Meshes/Trapezoid ~(-24.3, 301.9, -49.8).CFrame = -24.2836628, 301.887115, -49.8352776, 0.258806556, -0.96592921, 6.69686324e-06, -1.11693143e-05, -9.92573041e-06, -1.00000012, 0.965929329, 0.258806527, -1.33576114e-05   [was -24.2836628, 301.887115, -49.8352776, 0.258806556, -0.96592921, 6.70156351e-06, -1.11781419e-05, -9.93296271e-06, -1.00000012, 0.965929329, 0.258806527, -1.33680105e-05, 60 change(s)]
Chamber   MovingParts.CoreAntenna.SpecialCoreAntenna.FrontPiece.StructureDetail.Front.Model.Meshes/Trapezoid ~(-19.6, 301.9, -51.1).CFrame = -19.574667, 301.887177, -51.0969772, 0.258806556, 0.965929449, -6.63515857e-06, -1.11693143e-05, 9.92573314e-06, 1.00000012, 0.965929329, -0.258806586, 1.35879063e-05   [was -19.574667, 301.887177, -51.0969772, 0.258806556, 0.965929449, -6.63985884e-06, -1.11781419e-05, 9.93296544e-06, 1.00000012, 0.965929329, -0.258806586, 1.35983055e-05, 60 change(s)]
Chamber   MovingParts.CoreAntenna.SpecialCoreAntenna.FrontPiece.StructureDetail.Front.Model.Meshes/Trapezoid ~(-27.0, 304.3, -49.1).CFrame = -26.9882984, 304.337128, -49.1105843, 0.258806556, -0.96592921, 6.69686324e-06, -1.11693143e-05, -9.92573041e-06, -1.00000012, 0.965929329, 0.258806527, -1.33576114e-05   [was -26.9882984, 304.337128, -49.1105843, 0.258806556, -0.96592921, 6.70156351e-06, -1.11781419e-05, -9.93296271e-06, -1.00000012, 0.965929329, 0.258806527, -1.33680105e-05, 60 change(s)]
Chamber   MovingParts.CoreAntenna.SpecialCoreAntenna.FrontPiece.StructureDetail.Front.Model.Meshes/Trapezoid ~(-22.9, 309.2, -50.2).CFrame = -22.931385, 309.237152, -50.197506, 0.258806556, -0.96592921, 6.69686324e-06, -1.11693143e-05, -9.92573041e-06, -1.00000012, 0.965929329, 0.258806527, -1.33576114e-05   [was -22.931385, 309.237152, -50.197506, 0.258806556, -0.96592921, 6.70156351e-06, -1.11781419e-05, -9.93296271e-06, -1.00000012, 0.965929329, 0.258806527, -1.33680105e-05, 60 change(s)]
Chamber   MovingParts.CoreAntenna.SpecialCoreAntenna.FrontPiece.StructureDetail.Front.Model.Meshes/Trapezoid ~(-23.6, 300.7, -50.0).CFrame = -23.6074905, 300.662109, -50.0164566, 0.258806556, -0.96592921, 6.69686324e-06, -1.11693143e-05, -9.92573041e-06, -1.00000012, 0.965929329, 0.258806527, -1.33576114e-05   [was -23.6074905, 300.662109, -50.0164566, 0.258806556, -0.96592921, 6.70156351e-06, -1.11781419e-05, -9.93296271e-06, -1.00000012, 0.965929329, 0.258806527, -1.33680105e-05, 60 change(s)]
Chamber   MovingParts.CoreAntenna.SpecialCoreAntenna.FrontPiece.StructureDetail.Front.Model.Meshes/Trapezoid ~(-22.3, 301.9, -50.4).CFrame = -22.2793179, 301.887146, -50.3723145, 0.258806556, 0.965929449, -6.63515857e-06, -1.11693143e-05, 9.92573314e-06, 1.00000012, 0.965929329, -0.258806586, 1.35879063e-05   [was -22.2793179, 301.887146, -50.3723145, 0.258806556, 0.965929449, -6.63985884e-06, -1.11781419e-05, 9.93296544e-06, 1.00000012, 0.965929329, -0.258806586, 1.35983055e-05, 60 change(s)]
Chamber   MovingParts.CoreAntenna.SpecialCoreAntenna.FrontPiece.StructureDetail.Front.Model.Meshes/Trapezoid ~(-26.3, 301.9, -49.3).CFrame = -26.3362617, 301.887085, -49.2853165, 0.258806556, 0.965929449, -6.63515857e-06, -1.11693143e-05, 9.92573314e-06, 1.00000012, 0.965929329, -0.258806586, 1.35879063e-05   [was -26.3362617, 301.887085, -49.2853165, 0.258806556, 0.965929449, -6.63985884e-06, -1.11781419e-05, 9.93296544e-06, 1.00000012, 0.965929329, -0.258806586, 1.35983055e-05, 60 change(s)]
Chamber   MovingParts.CoreAntenna.SpecialCoreAntenna.FrontPiece.StructureDetail.Front.Model.Meshes/Trapezoid ~(-20.2, 304.3, -50.9).CFrame = -20.2267647, 304.337189, -50.9222374, 0.258806556, -0.96592921, 6.69686324e-06, -1.11693143e-05, -9.92573041e-06, -1.00000012, 0.965929329, 0.258806527, -1.33576114e-05   [was -20.2267647, 304.337189, -50.9222374, 0.258806556, -0.96592921, 6.70156351e-06, -1.11781419e-05, -9.93296271e-06, -1.00000012, 0.965929329, 0.258806527, -1.33680105e-05, 60 change(s)]
Chamber   MovingParts.CoreAntenna.SpecialCoreAntenna.FrontPiece.StructureDetail.Front.Model.Part ~(-19.6, 307.4, -51.1).CFrame = -19.5627346, 307.424408, -51.1001053, 0.25880146, 8.6323962e-05, 0.965930581, -6.04336583e-06, -1, 9.09879891e-05, 0.965930581, -2.9385712e-05, -0.25880146   [was -19.5627346, 307.424408, -51.1001053, 0.25880146, 8.63286623e-05, 0.965930581, -6.05219384e-06, -1, 9.09952214e-05, 0.965930581, -2.9396113e-05, -0.25880146, 60 change(s)]
Chamber   MovingParts.CoreAntenna.SpecialCoreAntenna.FrontPiece.StructureDetail.Front.Model.Meshes/Trapezoid ~(-20.9, 303.1, -50.7).CFrame = -20.9028893, 303.112152, -50.7410927, 0.258806556, -0.96592921, 6.69686324e-06, -1.11693143e-05, -9.92573041e-06, -1.00000012, 0.965929329, 0.258806527, -1.33576114e-05   [was -20.9028893, 303.112152, -50.7410927, 0.258806556, -0.96592921, 6.70156351e-06, -1.11781419e-05, -9.93296271e-06, -1.00000012, 0.965929329, 0.258806527, -1.33680105e-05, 60 change(s)]
Chamber   MovingParts.CoreAntenna.SpecialCoreAntenna.FrontPiece.StructureDetail.Front.Model.Meshes/Trapezoid ~(-19.6, 299.4, -51.1).CFrame = -19.5746498, 299.437164, -51.0970116, 0.258806556, 0.965929449, -6.63515857e-06, -1.11693143e-05, 9.92573314e-06, 1.00000012, 0.965929329, -0.258806586, 1.35879063e-05   [was -19.5746498, 299.437164, -51.0970116, 0.258806556, 0.965929449, -6.63985884e-06, -1.11781419e-05, 9.93296544e-06, 1.00000012, 0.965929329, -0.258806586, 1.35983055e-05, 60 change(s)]
Chamber   MovingParts.CoreAntenna.SpecialCoreAntenna.FrontPiece.StructureDetail.Front.Model.Meshes/Trapezoid ~(-21.6, 308.0, -50.6).CFrame = -21.6031971, 308.012177, -50.5533981, 0.258806556, 0.965929449, -6.63515857e-06, -1.11693143e-05, 9.92573314e-06, 1.00000012, 0.965929329, -0.258806586, 1.35879063e-05   [was -21.6031971, 308.012177, -50.5533981, 0.258806556, 0.965929449, -6.63985884e-06, -1.11781419e-05, 9.93296544e-06, 1.00000012, 0.965929329, -0.258806586, 1.35983055e-05, 60 change(s)]
Chamber   MovingParts.CoreAntenna.SpecialCoreAntenna.FrontPiece.StructureDetail.Front.Model.Part ~(-27.0, 303.1, -49.1).CFrame = -27.0004692, 303.111816, -49.107357, -0.25880146, 8.6323962e-05, -0.965930581, 6.04336583e-06, -1, -9.09879891e-05, -0.965930581, -2.9385712e-05, 0.25880146   [was -27.0004692, 303.111816, -49.107357, -0.25880146, 8.63286623e-05, -0.965930581, 6.05219384e-06, -1, -9.09952214e-05, -0.965930581, -2.9396113e-05, 0.25880146, 60 change(s)]
Chamber   MovingParts.CoreAntenna.SpecialCoreAntenna.FrontPiece.StructureDetail.Front.Model.Meshes/Trapezoid ~(-23.6, 304.3, -50.0).CFrame = -23.6316547, 304.337158, -50.0099335, 0.258806556, 0.965929449, -6.63515857e-06, -1.11693143e-05, 9.92573314e-06, 1.00000012, 0.965929329, -0.258806586, 1.35879063e-05   [was -23.6316547, 304.337158, -50.0099335, 0.258806556, 0.965929449, -6.63985884e-06, -1.11781419e-05, 9.93296544e-06, 1.00000012, 0.965929329, -0.258806586, 1.35983055e-05, 60 change(s)]
Chamber   MovingParts.CoreAntenna.SpecialCoreAntenna.FrontPiece.StructureDetail.Front.Model.Meshes/Trapezoid ~(-25.0, 301.9, -49.6).CFrame = -24.9839382, 301.887115, -49.6476517, 0.258806556, 0.965929449, -6.63515857e-06, -1.11693143e-05, 9.92573314e-06, 1.00000012, 0.965929329, -0.258806586, 1.35879063e-05   [was -24.9839382, 301.887115, -49.6476517, 0.258806556, 0.965929449, -6.63985884e-06, -1.11781419e-05, 9.93296544e-06, 1.00000012, 0.965929329, -0.258806586, 1.35983055e-05, 60 change(s)]
Chamber   MovingParts.CoreAntenna.SpecialCoreAntenna.FrontPiece.StructureDetail.Front.Model.Meshes/Trapezoid ~(-27.0, 297.0, -49.1).CFrame = -26.9882469, 296.987061, -49.1106758, 0.258806556, -0.96592921, 6.69686324e-06, -1.11693143e-05, -9.92573041e-06, -1.00000012, 0.965929329, 0.258806527, -1.33576114e-05   [was -26.9882469, 296.987061, -49.1106758, 0.258806556, -0.96592921, 6.70156351e-06, -1.11781419e-05, -9.93296271e-06, -1.00000012, 0.965929329, 0.258806527, -1.33680105e-05, 60 change(s)]
Chamber   MovingParts.CoreAntenna.SpecialCoreAntenna.FrontPiece.StructureDetail.Front.Model.Meshes/Trapezoid ~(-25.0, 298.2, -49.7).CFrame = -24.9597778, 298.212097, -49.6541939, 0.258806556, -0.96592921, 6.69686324e-06, -1.11693143e-05, -9.92573041e-06, -1.00000012, 0.965929329, 0.258806527, -1.33576114e-05   [was -24.9597778, 298.212097, -49.6541939, 0.258806556, -0.96592921, 6.70156351e-06, -1.11781419e-05, -9.93296271e-06, -1.00000012, 0.965929329, 0.258806527, -1.33680105e-05, 60 change(s)]
Chamber   MovingParts.CoreAntenna.SpecialCoreAntenna.FrontPiece.StructureDetail.Front.Model.Part ~(-19.6, 308.6, -51.1).CFrame = -19.5627422, 308.599457, -51.10009, -0.25880146, -8.6323962e-05, 0.965930581, 6.04336583e-06, 1, 9.09879891e-05, -0.965930581, 2.9385712e-05, -0.25880146   [was -19.5627422, 308.599457, -51.10009, -0.25880146, -8.63286623e-05, 0.965930581, 6.05219384e-06, 1, 9.09952214e-05, -0.965930581, 2.9396113e-05, -0.25880146, 60 change(s)]
Chamber   MovingParts.CoreAntenna.SpecialCoreAntenna.FrontPiece.StructureDetail.Front.Model.Meshes/Trapezoid ~(-21.6, 306.8, -50.6).CFrame = -21.5790462, 306.78717, -50.5598831, 0.258806556, -0.96592921, 6.69686324e-06, -1.11693143e-05, -9.92573041e-06, -1.00000012, 0.965929329, 0.258806527, -1.33576114e-05   [was -21.5790462, 306.78717, -50.5598831, 0.258806556, -0.96592921, 6.70156351e-06, -1.11781419e-05, -9.93296271e-06, -1.00000012, 0.965929329, 0.258806527, -1.33680105e-05, 60 change(s)]
Chamber   MovingParts.CoreAntenna.SpecialCoreAntenna.FrontPiece.StructureDetail.Front.Model.Meshes/Trapezoid ~(-27.0, 306.8, -49.1).CFrame = -26.9883156, 306.78714, -49.1105576, 0.258806556, -0.96592921, 6.69686324e-06, -1.11693143e-05, -9.92573041e-06, -1.00000012, 0.965929329, 0.258806527, -1.33576114e-05   [was -26.9883156, 306.78714, -49.1105576, 0.258806556, -0.96592921, 6.70156351e-06, -1.11781419e-05, -9.93296271e-06, -1.00000012, 0.965929329, 0.258806527, -1.33680105e-05, 60 change(s)]
Chamber   MovingParts.CoreAntenna.SpecialCoreAntenna.FrontPiece.StructureDetail.Front.Model.Meshes/Trapezoid ~(-26.3, 305.6, -49.3).CFrame = -26.3121471, 305.562134, -49.2917442, 0.258806556, -0.96592921, 6.69686324e-06, -1.11693143e-05, -9.92573041e-06, -1.00000012, 0.965929329, 0.258806527, -1.33576114e-05   [was -26.3121471, 305.562134, -49.2917442, 0.258806556, -0.96592921, 6.70156351e-06, -1.11781419e-05, -9.93296271e-06, -1.00000012, 0.965929329, 0.258806527, -1.33680105e-05, 60 change(s)]
Chamber   MovingParts.CoreAntenna.SpecialCoreAntenna.FrontPiece.StructureDetail.Front.Model.Part ~(-19.6, 308.0, -51.1).CFrame = -19.5627384, 308.011932, -51.1000977, -0.25880146, -2.52939553e-05, 0.965930581, -8.02641589e-05, 1, 4.68046255e-06, -0.965930581, -7.63181961e-05, -0.25880146   [was -19.5627384, 308.011932, -51.1000977, -0.25880146, -2.52986556e-05, 0.965930581, -8.02553332e-05, 1, 4.68769485e-06, -0.965930581, -7.63077987e-05, -0.25880146, 60 change(s)]
Chamber   MovingParts.CoreAntenna.SpecialCoreAntenna.FrontPiece.StructureDetail.Front.Model.Meshes/Trapezoid ~(-22.3, 298.2, -50.4).CFrame = -22.2551498, 298.212128, -50.3788261, 0.258806556, -0.96592921, 6.69686324e-06, -1.11693143e-05, -9.92573041e-06, -1.00000012, 0.965929329, 0.258806527, -1.33576114e-05   [was -22.2551498, 298.212128, -50.3788261, 0.258806556, -0.96592921, 6.70156351e-06, -1.11781419e-05, -9.93296271e-06, -1.00000012, 0.965929329, 0.258806527, -1.33680105e-05, 60 change(s)]
Chamber   MovingParts.CoreAntenna.SpecialCoreAntenna.FrontPiece.StructureDetail.Front.Model.Meshes/Trapezoid ~(-26.3, 304.3, -49.3).CFrame = -26.3362789, 304.337128, -49.2852859, 0.258806556, 0.965929449, -6.63515857e-06, -1.11693143e-05, 9.92573314e-06, 1.00000012, 0.965929329, -0.258806586, 1.35879063e-05   [was -26.3362789, 304.337128, -49.2852859, 0.258806556, 0.965929449, -6.63985884e-06, -1.11781419e-05, 9.93296544e-06, 1.00000012, 0.965929329, -0.258806586, 1.35983055e-05, 60 change(s)]
Chamber   MovingParts.CoreAntenna.SpecialCoreAntenna.FrontPiece.StructureDetail.Front.Model.Meshes/Trapezoid ~(-26.3, 309.2, -49.3).CFrame = -26.3363342, 309.237061, -49.2851906, 0.258806556, 0.965929449, -6.63515857e-06, -1.11693143e-05, 9.92573314e-06, 1.00000012, 0.965929329, -0.258806586, 1.35879063e-05   [was -26.3363342, 309.237061, -49.2851906, 0.258806556, 0.965929449, -6.63985884e-06, -1.11781419e-05, 9.93296544e-06, 1.00000012, 0.965929329, -0.258806586, 1.35983055e-05, 60 change(s)]
Chamber   MovingParts.CoreAntenna.SpecialCoreAntenna.FrontPiece.StructureDetail.Front.Model.Part ~(-19.6, 298.8, -51.1).CFrame = -19.5626774, 298.799438, -51.1002197, -0.25880146, -8.6323962e-05, 0.965930581, 6.04336583e-06, 1, 9.09879891e-05, -0.965930581, 2.9385712e-05, -0.25880146   [was -19.5626774, 298.799438, -51.1002197, -0.25880146, -8.63286623e-05, 0.965930581, 6.05219384e-06, 1, 9.09952214e-05, -0.965930581, 2.9396113e-05, -0.25880146, 60 change(s)]
Chamber   MovingParts.CoreAntenna.SpecialCoreAntenna.FrontPiece.StructureDetail.Front.Model.Meshes/Trapezoid ~(-24.3, 306.8, -49.8).CFrame = -24.2836666, 306.78714, -49.835228, 0.258806556, -0.96592921, 6.69686324e-06, -1.11693143e-05, -9.92573041e-06, -1.00000012, 0.965929329, 0.258806527, -1.33576114e-05   [was -24.2836666, 306.78714, -49.835228, 0.258806556, -0.96592921, 6.70156351e-06, -1.11781419e-05, -9.93296271e-06, -1.00000012, 0.965929329, 0.258806527, -1.33680105e-05, 60 change(s)]
Chamber   MovingParts.CoreAntenna.SpecialCoreAntenna.FrontPiece.StructureDetail.Front.Model.Meshes/Trapezoid ~(-20.9, 301.9, -50.7).CFrame = -20.927021, 301.887146, -50.7346382, 0.258806556, 0.965929449, -6.63515857e-06, -1.11693143e-05, 9.92573314e-06, 1.00000012, 0.965929329, -0.258806586, 1.35879063e-05   [was -20.927021, 301.887146, -50.7346382, 0.258806556, 0.965929449, -6.63985884e-06, -1.11781419e-05, 9.93296544e-06, 1.00000012, 0.965929329, -0.258806586, 1.35983055e-05, 60 change(s)]
Chamber   MovingParts.CoreAntenna.SpecialCoreAntenna.FrontPiece.StructureDetail.Front.Model.Meshes/Trapezoid ~(-25.0, 297.0, -49.6).CFrame = -24.9838982, 296.987091, -49.6476936, 0.258806556, 0.965929449, -6.63515857e-06, -1.11693143e-05, 9.92573314e-06, 1.00000012, 0.965929329, -0.258806586, 1.35879063e-05   [was -24.9838982, 296.987091, -49.6476936, 0.258806556, 0.965929449, -6.63985884e-06, -1.11781419e-05, 9.93296544e-06, 1.00000012, 0.965929329, -0.258806586, 1.35983055e-05, 60 change(s)]
Chamber   MovingParts.CoreAntenna.SpecialCoreAntenna.FrontPiece.StructureDetail.Front.Model.Part ~(-27.0, 308.6, -49.1).CFrame = -27.0004787, 308.599365, -49.107296, 0.25880146, -8.6323962e-05, -0.965930581, -6.04336583e-06, 1, -9.09879891e-05, 0.965930581, 2.9385712e-05, 0.25880146   [was -27.0004787, 308.599365, -49.107296, 0.25880146, -8.63286623e-05, -0.965930581, -6.05219384e-06, 1, -9.09952214e-05, 0.965930581, 2.9396113e-05, 0.25880146, 60 change(s)]
Chamber   MovingParts.CoreAntenna.SpecialCoreAntenna.FrontPiece.StructureDetail.Front.Model.Meshes/Trapezoid ~(-20.2, 306.8, -50.9).CFrame = -20.2267513, 306.787201, -50.9222107, 0.258806556, -0.96592921, 6.69686324e-06, -1.11693143e-05, -9.92573041e-06, -1.00000012, 0.965929329, 0.258806527, -1.33576114e-05   [was -20.2267513, 306.787201, -50.9222107, 0.258806556, -0.96592921, 6.70156351e-06, -1.11781419e-05, -9.93296271e-06, -1.00000012, 0.965929329, 0.258806527, -1.33680105e-05, 60 change(s)]
Chamber   MovingParts.CoreAntenna.SpecialCoreAntenna.FrontPiece.StructureDetail.Front.Model.Meshes/Trapezoid ~(-25.0, 299.4, -49.6).CFrame = -24.9839191, 299.437103, -49.6476746, 0.258806556, 0.965929449, -6.63515857e-06, -1.11693143e-05, 9.92573314e-06, 1.00000012, 0.965929329, -0.258806586, 1.35879063e-05   [was -24.9839191, 299.437103, -49.6476746, 0.258806556, 0.965929449, -6.63985884e-06, -1.11781419e-05, 9.93296544e-06, 1.00000012, 0.965929329, -0.258806586, 1.35983055e-05, 60 change(s)]
Chamber   MovingParts.CoreAntenna.SpecialCoreAntenna.FrontPiece.StructureDetail.Front.Model.Meshes/Trapezoid ~(-21.6, 304.3, -50.6).CFrame = -21.5790596, 304.337189, -50.5599136, 0.258806556, -0.96592921, 6.69686324e-06, -1.11693143e-05, -9.92573041e-06, -1.00000012, 0.965929329, 0.258806527, -1.33576114e-05   [was -21.5790596, 304.337189, -50.5599136, 0.258806556, -0.96592921, 6.70156351e-06, -1.11781419e-05, -9.93296271e-06, -1.00000012, 0.965929329, 0.258806527, -1.33680105e-05, 60 change(s)]
Chamber   MovingParts.CoreAntenna.SpecialCoreAntenna.FrontPiece.StructureDetail.Front.Model.Meshes/Trapezoid ~(-26.3, 308.0, -49.3).CFrame = -26.3121929, 308.012115, -49.2917023, 0.258806556, -0.96592921, 6.69686324e-06, -1.11693143e-05, -9.92573041e-06, -1.00000012, 0.965929329, 0.258806527, -1.33576114e-05   [was -26.3121929, 308.012115, -49.2917023, 0.258806556, -0.96592921, 6.70156351e-06, -1.11781419e-05, -9.93296271e-06, -1.00000012, 0.965929329, 0.258806527, -1.33680105e-05, 60 change(s)]
Chamber   MovingParts.CoreAntenna.SpecialCoreAntenna.FrontPiece.StructureDetail.Front.Model.Part ~(-19.6, 300.7, -51.1).CFrame = -19.5626869, 300.661896, -51.1001854, -0.25880146, -2.52939553e-05, 0.965930581, -8.02641589e-05, 1, 4.68046255e-06, -0.965930581, -7.63181961e-05, -0.25880146   [was -19.5626869, 300.661896, -51.1001854, -0.25880146, -2.52986556e-05, 0.965930581, -8.02553332e-05, 1, 4.68769485e-06, -0.965930581, -7.63077987e-05, -0.25880146, 60 change(s)]
Chamber   MovingParts.CoreAntenna.SpecialCoreAntenna.FrontPiece.StructureDetail.Front.Model.Meshes/Trapezoid ~(-23.6, 297.0, -50.0).CFrame = -23.6315784, 296.987091, -50.0100479, 0.258806556, 0.965929449, -6.63515857e-06, -1.11693143e-05, 9.92573314e-06, 1.00000012, 0.965929329, -0.258806586, 1.35879063e-05   [was -23.6315784, 296.987091, -50.0100479, 0.258806556, 0.965929449, -6.63985884e-06, -1.11781419e-05, 9.93296544e-06, 1.00000012, 0.965929329, -0.258806586, 1.35983055e-05, 60 change(s)]
Chamber   MovingParts.CoreAntenna.SpecialCoreAntenna.FrontPiece.StructureDetail.Front.Model.Meshes/Trapezoid ~(-25.0, 304.3, -49.6).CFrame = -24.9839554, 304.337128, -49.647625, 0.258806556, 0.965929449, -6.63515857e-06, -1.11693143e-05, 9.92573314e-06, 1.00000012, 0.965929329, -0.258806586, 1.35879063e-05   [was -24.9839554, 304.337128, -49.647625, 0.258806556, 0.965929449, -6.63985884e-06, -1.11781419e-05, 9.93296544e-06, 1.00000012, 0.965929329, -0.258806586, 1.35983055e-05, 60 change(s)]
Chamber   MovingParts.CoreAntenna.SpecialCoreAntenna.FrontPiece.StructureDetail.Front.Model.Meshes/Trapezoid ~(-26.3, 298.2, -49.3).CFrame = -26.3120937, 298.212097, -49.2918282, 0.258806556, -0.96592921, 6.69686324e-06, -1.11693143e-05, -9.92573041e-06, -1.00000012, 0.965929329, 0.258806527, -1.33576114e-05   [was -26.3120937, 298.212097, -49.2918282, 0.258806556, -0.96592921, 6.70156351e-06, -1.11781419e-05, -9.93296271e-06, -1.00000012, 0.965929329, 0.258806527, -1.33680105e-05, 60 change(s)]
Chamber   MovingParts.CoreAntenna.SpecialCoreAntenna.FrontPiece.StructureDetail.Front.Model.Part ~(-19.6, 300.1, -51.1).CFrame = -19.5626831, 300.074371, -51.1001968, 0.25880146, 8.6323962e-05, 0.965930581, -6.04336583e-06, -1, 9.09879891e-05, 0.965930581, -2.9385712e-05, -0.25880146   [was -19.5626831, 300.074371, -51.1001968, 0.25880146, 8.63286623e-05, 0.965930581, -6.05219384e-06, -1, 9.09952214e-05, 0.965930581, -2.9396113e-05, -0.25880146, 60 change(s)]
Chamber   MovingParts.CoreAntenna.SpecialCoreAntenna.FrontPiece.StructureDetail.Front.Model.Meshes/Trapezoid ~(-26.3, 299.4, -49.3).CFrame = -26.3362427, 299.437103, -49.2853355, 0.258806556, 0.965929449, -6.63515857e-06, -1.11693143e-05, 9.92573314e-06, 1.00000012, 0.965929329, -0.258806586, 1.35879063e-05   [was -26.3362427, 299.437103, -49.2853355, 0.258806556, 0.965929449, -6.63985884e-06, -1.11781419e-05, 9.93296544e-06, 1.00000012, 0.965929329, -0.258806586, 1.35983055e-05, 60 change(s)]
Chamber   MovingParts.CoreAntenna.SpecialCoreAntenna.FrontPiece.StructureDetail.Front.Model.Meshes/Trapezoid ~(-23.6, 303.1, -50.0).CFrame = -23.6075058, 303.112122, -50.0164223, 0.258806556, -0.96592921, 6.69686324e-06, -1.11693143e-05, -9.92573041e-06, -1.00000012, 0.965929329, 0.258806527, -1.33576114e-05   [was -23.6075058, 303.112122, -50.0164223, 0.258806556, -0.96592921, 6.70156351e-06, -1.11781419e-05, -9.93296271e-06, -1.00000012, 0.965929329, 0.258806527, -1.33680105e-05, 60 change(s)]
Chamber   MovingParts.CoreAntenna.SpecialCoreAntenna.FrontPiece.StructureDetail.Front.Model.Meshes/Trapezoid ~(-21.6, 305.6, -50.6).CFrame = -21.6031818, 305.562164, -50.5534401, 0.258806556, 0.965929449, -6.63515857e-06, -1.11693143e-05, 9.92573314e-06, 1.00000012, 0.965929329, -0.258806586, 1.35879063e-05   [was -21.6031818, 305.562164, -50.5534401, 0.258806556, 0.965929449, -6.63985884e-06, -1.11781419e-05, 9.93296544e-06, 1.00000012, 0.965929329, -0.258806586, 1.35983055e-05, 60 change(s)]
Chamber   MovingParts.CoreAntenna.SpecialCoreAntenna.FrontPiece.StructureDetail.Front.Model.Meshes/Trapezoid ~(-24.3, 297.0, -49.8).CFrame = -24.2836304, 296.987091, -49.8353462, 0.258806556, -0.96592921, 6.69686324e-06, -1.11693143e-05, -9.92573041e-06, -1.00000012, 0.965929329, 0.258806527, -1.33576114e-05   [was -24.2836304, 296.987091, -49.8353462, 0.258806556, -0.96592921, 6.70156351e-06, -1.11781419e-05, -9.93296271e-06, -1.00000012, 0.965929329, 0.258806527, -1.33680105e-05, 60 change(s)]
Chamber   MovingParts.CoreAntenna.SpecialCoreAntenna.FrontPiece.StructureDetail.Front.Model.Part ~(-27.0, 305.0, -49.1).CFrame = -27.0004559, 304.974304, -49.1073532, -0.25880146, 8.6323962e-05, -0.965930581, 6.04336583e-06, -1, -9.09879891e-05, -0.965930581, -2.9385712e-05, 0.25880146   [was -27.0004559, 304.974304, -49.1073532, -0.25880146, 8.63286623e-05, -0.965930581, 6.05219384e-06, -1, -9.09952214e-05, -0.965930581, -2.9396113e-05, 0.25880146, 60 change(s)]
Chamber   MovingParts.CoreAntenna.SpecialCoreAntenna.FrontPiece.StructureDetail.Front.Model.Meshes/Trapezoid ~(-19.6, 297.0, -51.1).CFrame = -19.5746403, 296.987122, -51.097065, 0.258806556, 0.965929449, -6.63515857e-06, -1.11693143e-05, 9.92573314e-06, 1.00000012, 0.965929329, -0.258806586, 1.35879063e-05   [was -19.5746403, 296.987122, -51.097065, 0.258806556, 0.965929449, -6.63985884e-06, -1.11781419e-05, 9.93296544e-06, 1.00000012, 0.965929329, -0.258806586, 1.35983055e-05, 60 change(s)]
Chamber   MovingParts.CoreAntenna.SpecialCoreAntenna.FrontPiece.StructureDetail.Front.Model.Meshes/Trapezoid ~(-26.3, 306.8, -49.3).CFrame = -26.3362904, 306.78714, -49.2852325, 0.258806556, 0.965929449, -6.63515857e-06, -1.11693143e-05, 9.92573314e-06, 1.00000012, 0.965929329, -0.258806586, 1.35879063e-05   [was -26.3362904, 306.78714, -49.2852325, 0.258806556, 0.965929449, -6.63985884e-06, -1.11781419e-05, 9.93296544e-06, 1.00000012, 0.965929329, -0.258806586, 1.35983055e-05, 60 change(s)]
Chamber   MovingParts.CoreAntenna.SpecialCoreAntenna.FrontPiece.StructureDetail.Front.Model.Meshes/Trapezoid ~(-20.3, 303.1, -50.9).CFrame = -20.2508984, 303.111511, -50.9157867, 0.259041041, 0.965866029, -0.000827845768, 0.00316015771, 9.54131792e-06, 0.999994993, 0.965861201, -0.259042352, -0.00304987514   [was -20.2508984, 303.111511, -50.9157867, 0.259041041, 0.965866029, -0.000827850483, 0.00316014886, 9.54855295e-06, 0.999994993, 0.965861201, -0.259042352, -0.00304986467, 60 change(s)]
Chamber   MovingParts.CoreAntenna.SpecialCoreAntenna.FrontPiece.StructureDetail.Front.Model.Meshes/Trapezoid ~(-25.0, 308.0, -49.7).CFrame = -24.959837, 308.012146, -49.6540451, 0.258806556, -0.96592921, 6.69686324e-06, -1.11693143e-05, -9.92573041e-06, -1.00000012, 0.965929329, 0.258806527, -1.33576114e-05   [was -24.959837, 308.012146, -49.6540451, 0.258806556, -0.96592921, 6.70156351e-06, -1.11781419e-05, -9.93296271e-06, -1.00000012, 0.965929329, 0.258806527, -1.33680105e-05, 60 change(s)]
Chamber   MovingParts.CoreAntenna.SpecialCoreAntenna.FrontPiece.StructureDetail.Front.Model.Meshes/Trapezoid ~(-25.0, 300.7, -49.7).CFrame = -24.9597931, 300.662109, -49.6541595, 0.258806556, -0.96592921, 6.69686324e-06, -1.11693143e-05, -9.92573041e-06, -1.00000012, 0.965929329, 0.258806527, -1.33576114e-05   [was -24.9597931, 300.662109, -49.6541595, 0.258806556, -0.96592921, 6.70156351e-06, -1.11781419e-05, -9.93296271e-06, -1.00000012, 0.965929329, 0.258806527, -1.33680105e-05, 60 change(s)]
Chamber   MovingParts.CoreAntenna.SpecialCoreAntenna.FrontPiece.StructureDetail.Front.Model.Meshes/Trapezoid ~(-20.9, 308.0, -50.7).CFrame = -20.9029179, 308.012177, -50.7410126, 0.258806556, -0.96592921, 6.69686324e-06, -1.11693143e-05, -9.92573041e-06, -1.00000012, 0.965929329, 0.258806527, -1.33576114e-05   [was -20.9029179, 308.012177, -50.7410126, 0.258806556, -0.96592921, 6.70156351e-06, -1.11781419e-05, -9.93296271e-06, -1.00000012, 0.965929329, 0.258806527, -1.33680105e-05, 60 change(s)]
Chamber   MovingParts.CoreAntenna.SpecialCoreAntenna.FrontPiece.StructureDetail.Front.Model.Meshes/Trapezoid ~(-22.3, 309.2, -50.4).CFrame = -22.2793636, 309.237122, -50.3722, 0.258806556, 0.965929449, -6.63515857e-06, -1.11693143e-05, 9.92573314e-06, 1.00000012, 0.965929329, -0.258806586, 1.35879063e-05   [was -22.2793636, 309.237122, -50.3722, 0.258806556, 0.965929449, -6.63985884e-06, -1.11781419e-05, 9.93296544e-06, 1.00000012, 0.965929329, -0.258806586, 1.35983055e-05, 60 change(s)]
Chamber   MovingParts.CoreAntenna.SpecialCoreAntenna.FrontPiece.StructureDetail.Front.Model.Meshes/Trapezoid ~(-21.6, 297.0, -50.6).CFrame = -21.5790062, 296.987122, -50.5599937, 0.258806556, -0.96592921, 6.69686324e-06, -1.11693143e-05, -9.92573041e-06, -1.00000012, 0.965929329, 0.258806527, -1.33576114e-05   [was -21.5790062, 296.987122, -50.5599937, 0.258806556, -0.96592921, 6.70156351e-06, -1.11781419e-05, -9.93296271e-06, -1.00000012, 0.965929329, 0.258806527, -1.33680105e-05, 60 change(s)]
Chamber   MovingParts.CoreAntenna.SpecialCoreAntenna.FrontPiece.StructureDetail.Front.Model.Part ~(-27.0, 306.1, -49.1).CFrame = -27.0004635, 306.149353, -49.1073341, 0.25880146, -8.6323962e-05, -0.965930581, -6.04336583e-06, 1, -9.09879891e-05, 0.965930581, 2.9385712e-05, 0.25880146   [was -27.0004635, 306.149353, -49.1073341, 0.25880146, -8.63286623e-05, -0.965930581, -6.05219384e-06, 1, -9.09952214e-05, 0.965930581, 2.9396113e-05, 0.25880146, 60 change(s)]
Chamber   MovingParts.CoreAntenna.SpecialCoreAntenna.FrontPiece.StructureDetail.Front.Model.Meshes/Trapezoid ~(-20.9, 298.2, -50.7).CFrame = -20.9028549, 298.212158, -50.7411575, 0.258806556, -0.96592921, 6.69686324e-06, -1.11693143e-05, -9.92573041e-06, -1.00000012, 0.965929329, 0.258806527, -1.33576114e-05   [was -20.9028549, 298.212158, -50.7411575, 0.258806556, -0.96592921, 6.70156351e-06, -1.11781419e-05, -9.93296271e-06, -1.00000012, 0.965929329, 0.258806527, -1.33680105e-05, 60 change(s)]
Chamber   MovingParts.CoreAntenna.SpecialCoreAntenna.FrontPiece.StructureDetail.Front.Model.Meshes/Trapezoid ~(-25.0, 306.8, -49.6).CFrame = -24.9839725, 306.78714, -49.6475906, 0.258806556, 0.965929449, -6.63515857e-06, -1.11693143e-05, 9.92573314e-06, 1.00000012, 0.965929329, -0.258806586, 1.35879063e-05   [was -24.9839725, 306.78714, -49.6475906, 0.258806556, 0.965929449, -6.63985884e-06, -1.11781419e-05, 9.93296544e-06, 1.00000012, 0.965929329, -0.258806586, 1.35983055e-05, 60 change(s)]
Chamber   MovingParts.CoreAntenna.SpecialCoreAntenna.FrontPiece.StructureDetail.Front.Model.Meshes/Trapezoid ~(-26.3, 300.7, -49.3).CFrame = -26.3121395, 300.662109, -49.2917862, 0.258806556, -0.96592921, 6.69686324e-06, -1.11693143e-05, -9.92573041e-06, -1.00000012, 0.965929329, 0.258806527, -1.33576114e-05   [was -26.3121395, 300.662109, -49.2917862, 0.258806556, -0.96592921, 6.70156351e-06, -1.11781419e-05, -9.93296271e-06, -1.00000012, 0.965929329, 0.258806527, -1.33680105e-05, 60 change(s)]
Chamber   MovingParts.CoreAntenna.SpecialCoreAntenna.FrontPiece.StructureDetail.Front.Model.Meshes/Trapezoid ~(-21.6, 298.2, -50.6).CFrame = -21.603159, 298.212128, -50.5535202, 0.258806556, 0.965929449, -6.63515857e-06, -1.11693143e-05, 9.92573314e-06, 1.00000012, 0.965929329, -0.258806586, 1.35879063e-05   [was -21.603159, 298.212128, -50.5535202, 0.258806556, 0.965929449, -6.63985884e-06, -1.11781419e-05, 9.93296544e-06, 1.00000012, 0.965929329, -0.258806586, 1.35983055e-05, 60 change(s)]
Chamber   MovingParts.CoreAntenna.SpecialCoreAntenna.FrontPiece.StructureDetail.Front.Model.Part ~(-27.0, 305.6, -49.1).CFrame = -27.0004578, 305.561829, -49.1073341, -0.25880146, 8.6323962e-05, -0.965930581, 6.04336583e-06, -1, -9.09879891e-05, -0.965930581, -2.9385712e-05, 0.25880146   [was -27.0004578, 305.561829, -49.1073341, -0.25880146, 8.63286623e-05, -0.965930581, 6.05219384e-06, -1, -9.09952214e-05, -0.965930581, -2.9396113e-05, 0.25880146, 60 change(s)]
Chamber   MovingParts.CoreAntenna.SpecialCoreAntenna.FrontPiece.StructureDetail.Front.Model.Meshes/Trapezoid ~(-19.6, 304.3, -51.1).CFrame = -19.5746841, 304.337189, -51.0969467, 0.258806556, 0.965929449, -6.63515857e-06, -1.11693143e-05, 9.92573314e-06, 1.00000012, 0.965929329, -0.258806586, 1.35879063e-05   [was -19.5746841, 304.337189, -51.0969467, 0.258806556, 0.965929449, -6.63985884e-06, -1.11781419e-05, 9.93296544e-06, 1.00000012, 0.965929329, -0.258806586, 1.35983055e-05, 60 change(s)]
Chamber   MovingParts.CoreAntenna.SpecialCoreAntenna.FrontPiece.StructureDetail.Front.Model.Meshes/Trapezoid ~(-23.6, 308.0, -50.0).CFrame = -23.6075401, 308.012146, -50.0163612, 0.258806556, -0.96592921, 6.69686324e-06, -1.11693143e-05, -9.92573041e-06, -1.00000012, 0.965929329, 0.258806527, -1.33576114e-05   [was -23.6075401, 308.012146, -50.0163612, 0.258806556, -0.96592921, 6.70156351e-06, -1.11781419e-05, -9.93296271e-06, -1.00000012, 0.965929329, 0.258806527, -1.33680105e-05, 60 change(s)]
Chamber   MovingParts.CoreAntenna.SpecialCoreAntenna.FrontPiece.StructureDetail.Front.Model.Meshes/Trapezoid ~(-22.3, 303.1, -50.4).CFrame = -22.2551823, 303.112152, -50.3787613, 0.258806556, -0.96592921, 6.69686324e-06, -1.11693143e-05, -9.92573041e-06, -1.00000012, 0.965929329, 0.258806527, -1.33576114e-05   [was -22.2551823, 303.112152, -50.3787613, 0.258806556, -0.96592921, 6.70156351e-06, -1.11781419e-05, -9.93296271e-06, -1.00000012, 0.965929329, 0.258806527, -1.33680105e-05, 60 change(s)]
Chamber   MovingParts.CoreAntenna.SpecialCoreAntenna.FrontPiece.StructureDetail.Front.Model.Part ~(-27.0, 308.0, -49.1).CFrame = -27.0005054, 308.01181, -49.1072998, -0.25880146, 8.6323962e-05, -0.965930581, 6.04336583e-06, -1, -9.09879891e-05, -0.965930581, -2.9385712e-05, 0.25880146   [was -27.0005054, 308.01181, -49.1072998, -0.25880146, 8.63286623e-05, -0.965930581, 6.05219384e-06, -1, -9.09952214e-05, -0.965930581, -2.9396113e-05, 0.25880146, 60 change(s)]
Chamber   MovingParts.CoreAntenna.SpecialCoreAntenna.FrontPiece.StructureDetail.Front.Model.Meshes/Trapezoid ~(-25.7, 305.6, -49.5).CFrame = -25.6601524, 305.562134, -49.466423, 0.258806556, 0.965929449, -6.63515857e-06, -1.11693143e-05, 9.92573314e-06, 1.00000012, 0.965929329, -0.258806586, 1.35879063e-05   [was -25.6601524, 305.562134, -49.466423, 0.258806556, 0.965929449, -6.63985884e-06, -1.11781419e-05, 9.93296544e-06, 1.00000012, 0.965929329, -0.258806586, 1.35983055e-05, 60 change(s)]
Chamber   MovingParts.CoreAntenna.SpecialCoreAntenna.FrontPiece.StructureDetail.Front.Model.Meshes/Trapezoid ~(-23.6, 299.4, -50.0).CFrame = -23.6315937, 299.437134, -50.010006, 0.258806556, 0.965929449, -6.63515857e-06, -1.11693143e-05, 9.92573314e-06, 1.00000012, 0.965929329, -0.258806586, 1.35879063e-05   [was -23.6315937, 299.437134, -50.010006, 0.258806556, 0.965929449, -6.63985884e-06, -1.11781419e-05, 9.93296544e-06, 1.00000012, 0.965929329, -0.258806586, 1.35983055e-05, 60 change(s)]
Chamber   MovingParts.CoreAntenna.SpecialCoreAntenna.FrontPiece.StructureDetail.Front.Model.Meshes/Trapezoid ~(-22.9, 299.4, -50.2).CFrame = -22.931324, 299.437134, -50.1976547, 0.258806556, -0.96592921, 6.69686324e-06, -1.11693143e-05, -9.92573041e-06, -1.00000012, 0.965929329, 0.258806527, -1.33576114e-05   [was -22.931324, 299.437134, -50.1976547, 0.258806556, -0.96592921, 6.70156351e-06, -1.11781419e-05, -9.93296271e-06, -1.00000012, 0.965929329, 0.258806527, -1.33680105e-05, 60 change(s)]
Chamber   MovingParts.CoreAntenna.SpecialCoreAntenna.FrontPiece.StructureDetail.Front.Model.Meshes/Trapezoid ~(-23.6, 298.2, -50.0).CFrame = -23.6074772, 298.212097, -50.0165024, 0.258806556, -0.96592921, 6.69686324e-06, -1.11693143e-05, -9.92573041e-06, -1.00000012, 0.965929329, 0.258806527, -1.33576114e-05   [was -23.6074772, 298.212097, -50.0165024, 0.258806556, -0.96592921, 6.70156351e-06, -1.11781419e-05, -9.93296271e-06, -1.00000012, 0.965929329, 0.258806527, -1.33680105e-05, 60 change(s)]
Chamber   MovingParts.CoreAntenna.SpecialCoreAntenna.FrontPiece.StructureDetail.Front.Model.Meshes/Trapezoid ~(-23.6, 301.9, -50.0).CFrame = -23.6316414, 301.887115, -50.0099754, 0.258806556, 0.965929449, -6.63515857e-06, -1.11693143e-05, 9.92573314e-06, 1.00000012, 0.965929329, -0.258806586, 1.35879063e-05   [was -23.6316414, 301.887115, -50.0099754, 0.258806556, 0.965929449, -6.63985884e-06, -1.11781419e-05, 9.93296544e-06, 1.00000012, 0.965929329, -0.258806586, 1.35983055e-05, 60 change(s)]
Chamber   MovingParts.CoreAntenna.SpecialCoreAntenna.FrontPiece.StructureDetail.Front.Model.Meshes/Trapezoid ~(-25.6, 309.2, -49.5).CFrame = -25.6360416, 309.237091, -49.4728661, 0.258806556, -0.96592921, 6.69686324e-06, -1.11693143e-05, -9.92573041e-06, -1.00000012, 0.965929329, 0.258806527, -1.33576114e-05   [was -25.6360416, 309.237091, -49.4728661, 0.258806556, -0.96592921, 6.70156351e-06, -1.11781419e-05, -9.93296271e-06, -1.00000012, 0.965929329, 0.258806527, -1.33680105e-05, 60 change(s)]
Chamber   MovingParts.CoreAntenna.SpecialCoreAntenna.FrontPiece.StructureDetail.Front.Model.Meshes/Trapezoid ~(-25.0, 305.6, -49.7).CFrame = -24.9598217, 305.562134, -49.6540794, 0.258806556, -0.96592921, 6.69686324e-06, -1.11693143e-05, -9.92573041e-06, -1.00000012, 0.965929329, 0.258806527, -1.33576114e-05   [was -24.9598217, 305.562134, -49.6540794, 0.258806556, -0.96592921, 6.70156351e-06, -1.11781419e-05, -9.93296271e-06, -1.00000012, 0.965929329, 0.258806527, -1.33680105e-05, 60 change(s)]
Chamber   MovingParts.CoreAntenna.SpecialCoreAntenna.FrontPiece.StructureDetail.Front.Model.Meshes/Trapezoid ~(-23.6, 309.2, -50.0).CFrame = -23.6316872, 309.237122, -50.0098648, 0.258806556, 0.965929449, -6.63515857e-06, -1.11693143e-05, 9.92573314e-06, 1.00000012, 0.965929329, -0.258806586, 1.35879063e-05   [was -23.6316872, 309.237122, -50.0098648, 0.258806556, 0.965929449, -6.63985884e-06, -1.11781419e-05, 9.93296544e-06, 1.00000012, 0.965929329, -0.258806586, 1.35983055e-05, 60 change(s)]
Chamber   MovingParts.CoreAntenna.SpecialCoreAntenna.FrontPiece.StructureDetail.Front.Model.Part ~(-27.0, 303.7, -49.1).CFrame = -27.0004425, 303.699341, -49.1073532, 0.25880146, -8.6323962e-05, -0.965930581, -6.04336583e-06, 1, -9.09879891e-05, 0.965930581, 2.9385712e-05, 0.25880146   [was -27.0004425, 303.699341, -49.1073532, 0.25880146, -8.63286623e-05, -0.965930581, -6.05219384e-06, 1, -9.09952214e-05, 0.965930581, 2.9396113e-05, 0.25880146, 60 change(s)]
Chamber   MovingParts.CoreAntenna.SpecialCoreAntenna.FrontPiece.StructureDetail.Front.Model.Meshes/Trapezoid ~(-25.0, 303.1, -49.7).CFrame = -24.9598045, 303.112152, -49.6541061, 0.258806556, -0.96592921, 6.69686324e-06, -1.11693143e-05, -9.92573041e-06, -1.00000012, 0.965929329, 0.258806527, -1.33576114e-05   [was -24.9598045, 303.112152, -49.6541061, 0.258806556, -0.96592921, 6.70156351e-06, -1.11781419e-05, -9.93296271e-06, -1.00000012, 0.965929329, 0.258806527, -1.33680105e-05, 60 change(s)]
Chamber   MovingParts.CoreAntenna.SpecialCoreAntenna.FrontPiece.StructureDetail.Front.Model.Meshes/Trapezoid ~(-26.3, 303.1, -49.3).CFrame = -26.3121586, 303.112122, -49.2917671, 0.258806556, -0.96592921, 6.69686324e-06, -1.11693143e-05, -9.92573041e-06, -1.00000012, 0.965929329, 0.258806527, -1.33576114e-05   [was -26.3121586, 303.112122, -49.2917671, 0.258806556, -0.96592921, 6.70156351e-06, -1.11781419e-05, -9.93296271e-06, -1.00000012, 0.965929329, 0.258806527, -1.33680105e-05, 60 change(s)]
Chamber   MovingParts.CoreAntenna.SpecialCoreAntenna.FrontPiece.StructureDetail.Front.Model.Meshes/Trapezoid ~(-22.3, 297.0, -50.4).CFrame = -22.279253, 296.987091, -50.3723755, 0.258806556, 0.965929449, -6.63515857e-06, -1.11693143e-05, 9.92573314e-06, 1.00000012, 0.965929329, -0.258806586, 1.35879063e-05   [was -22.279253, 296.987091, -50.3723755, 0.258806556, 0.965929449, -6.63985884e-06, -1.11781419e-05, 9.93296544e-06, 1.00000012, 0.965929329, -0.258806586, 1.35983055e-05, 60 change(s)]
Chamber   MovingParts.CoreAntenna.SpecialCoreAntenna.FrontPiece.StructureDetail.Front.Model.Meshes/Trapezoid ~(-20.2, 301.9, -50.9).CFrame = -20.226717, 301.887146, -50.9222717, 0.258806556, -0.96592921, 6.69686324e-06, -1.11693143e-05, -9.92573041e-06, -1.00000012, 0.965929329, 0.258806527, -1.33576114e-05   [was -20.226717, 301.887146, -50.9222717, 0.258806556, -0.96592921, 6.70156351e-06, -1.11781419e-05, -9.93296271e-06, -1.00000012, 0.965929329, 0.258806527, -1.33680105e-05, 60 change(s)]
Chamber   MovingParts.CoreAntenna.SpecialCoreAntenna.FrontPiece.StructureDetail.Front.Model.Part ~(-27.0, 307.4, -49.1).CFrame = -27.0004959, 307.424316, -49.1072845, -0.25880146, 8.6323962e-05, -0.965930581, 6.04336583e-06, -1, -9.09879891e-05, -0.965930581, -2.9385712e-05, 0.25880146   [was -27.0004959, 307.424316, -49.1072845, -0.25880146, 8.63286623e-05, -0.965930581, 6.05219384e-06, -1, -9.09952214e-05, -0.965930581, -2.9396113e-05, 0.25880146, 60 change(s)]
Chamber   MovingParts.CoreAntenna.SpecialCoreAntenna.FrontPiece.StructureDetail.CautionPart.CFrame = -23.7603607, 302.821503, -51.8907318, -6.66600999e-06, 0.96592921, -0.258806527, 1, 9.92573041e-06, 1.12885227e-05, 1.3472757e-05, -0.258806527, -0.96592921   [was -23.7603607, 302.821503, -51.8907318, -6.67071026e-06, 0.96592921, -0.258806527, 1, 9.93296271e-06, 1.12973503e-05, 1.34831562e-05, -0.258806527, -0.96592921, 60 change(s)]
Chamber   MovingParts.CoreAntenna.SpecialCoreAntenna.FrontPiece.StructureDetail.TextPart.CFrame = -23.5338268, 295.946472, -51.0456276, -0.965930581, 0.25880146, -3.54269578e-05, -1.517088e-05, 8.02641589e-05, 1, 0.25880146, 0.965930581, -7.36032089e-05   [was -23.5338268, 295.946472, -51.0456276, -0.965930581, 0.25880146, -3.5431658e-05, -1.51781123e-05, 8.02553332e-05, 1, 0.25880146, 0.965930581, -7.35928043e-05, 60 change(s)]
Chamber   MovingParts.CoreAntenna.SpecialCoreAntenna2.FrontPiece.StructureDetail.Front.Model.Meshes/Trapezoid.CFrame = -45.6145325, 304.337158, -37.5263481, 0.707080722, 0.707133114, 3.26102463e-06, -1.46292177e-05, 1.02549247e-05, 1.00000012, 0.707132995, -0.707080841, 1.77644524e-05   [was -45.6145325, 304.337158, -37.5263481, 0.707080722, 0.707133114, 3.26425948e-06, -1.46339471e-05, 1.02550785e-05, 1.00000012, 0.707132995, -0.707080841, 1.77679067e-05, 60 change(s)]
Chamber   MovingParts.CoreAntenna.SpecialCoreAntenna2.FrontPiece.StructureDetail.Front.Model.Meshes/Trapezoid ~(-45.1, 300.7, -38.0).CFrame = -45.1195526, 300.66214, -38.021347, 0.707080722, 0.707133114, 3.26102463e-06, -1.46292177e-05, 1.02549247e-05, 1.00000012, 0.707132995, -0.707080841, 1.77644524e-05   [was -45.1195526, 300.66214, -38.021347, 0.707080722, 0.707133114, 3.26425948e-06, -1.46339471e-05, 1.02550785e-05, 1.00000012, 0.707132995, -0.707080841, 1.77679067e-05, 60 change(s)]
Chamber   MovingParts.CoreAntenna.SpecialCoreAntenna2.FrontPiece.StructureDetail.Front.Model.Part.CFrame = -43.6257629, 308.011932, -39.5148697, -0.707076967, -5.78493782e-05, 0.707136631, -7.68042592e-05, 1, 5.00963597e-06, -0.707136631, -5.07685909e-05, -0.707076967   [was -43.6257629, 308.011932, -39.5148697, -0.707076967, -5.78461404e-05, 0.707136631, -7.67995298e-05, 1, 5.00978967e-06, -0.707136631, -5.07651348e-05, -0.707076967, 60 change(s)]
Chamber   MovingParts.CoreAntenna.SpecialCoreAntenna2.FrontPiece.StructureDetail.Front.Model.Meshes/Trapezoid ~(-48.6, 297.0, -34.6).CFrame = -48.5845528, 296.987061, -34.556675, 0.707080722, 0.707133114, 3.26102463e-06, -1.46292177e-05, 1.02549247e-05, 1.00000012, 0.707132995, -0.707080841, 1.77644524e-05   [was -48.5845528, 296.987061, -34.556675, 0.707080722, 0.707133114, 3.26425948e-06, -1.46339471e-05, 1.02550785e-05, 1.00000012, 0.707132995, -0.707080841, 1.77679067e-05, 60 change(s)]
Chamber   MovingParts.CoreAntenna.SpecialCoreAntenna2.FrontPiece.StructureDetail.Front.Model.Part ~(-49.1, 297.6, -34.1).CFrame = -49.0707855, 297.624268, -34.0704956, -0.707076967, 5.78538857e-05, -0.707136631, 9.50327012e-06, -1, -9.13171607e-05, -0.707136631, -7.12886904e-05, 0.707076967   [was -49.0707855, 297.624268, -34.0704956, -0.707076967, 5.78506515e-05, -0.707136631, 9.50799949e-06, -1, -9.13173135e-05, -0.707136631, -7.12921465e-05, 0.707076967, 60 change(s)]
Chamber   MovingParts.CoreAntenna.SpecialCoreAntenna2.FrontPiece.StructureDetail.Front.Model.Meshes/Trapezoid ~(-47.6, 297.0, -35.5).CFrame = -47.5945435, 296.987061, -35.5465965, 0.707080722, 0.707133114, 3.26102463e-06, -1.46292177e-05, 1.02549247e-05, 1.00000012, 0.707132995, -0.707080841, 1.77644524e-05   [was -47.5945435, 296.987061, -35.5465965, 0.707080722, 0.707133114, 3.26425948e-06, -1.46339471e-05, 1.02550785e-05, 1.00000012, 0.707132995, -0.707080841, 1.77679067e-05, 60 change(s)]
Chamber   MovingParts.CoreAntenna.SpecialCoreAntenna2.FrontPiece.StructureDetail.Front.Model.Part ~(-43.6, 307.4, -39.5).CFrame = -43.6257629, 307.424408, -39.5148773, 0.707076967, 5.78538857e-05, 0.707136631, -9.50327012e-06, -1, 9.13171607e-05, 0.707136631, -7.12886904e-05, -0.707076967   [was -43.6257629, 307.424408, -39.5148773, 0.707076967, 5.78506515e-05, 0.707136631, -9.50799949e-06, -1, 9.13173135e-05, 0.707136631, -7.12921465e-05, -0.707076967, 60 change(s)]
Chamber   MovingParts.CoreAntenna.SpecialCoreAntenna2.FrontPiece.StructureDetail.Front.Model.Meshes/Trapezoid ~(-46.6, 306.8, -36.5).CFrame = -46.6045265, 306.78714, -36.5363693, 0.707080722, 0.707133114, 3.26102463e-06, -1.46292177e-05, 1.02549247e-05, 1.00000012, 0.707132995, -0.707080841, 1.77644524e-05   [was -46.6045265, 306.78714, -36.5363693, 0.707080722, 0.707133114, 3.26425948e-06, -1.46339471e-05, 1.02550785e-05, 1.00000012, 0.707132995, -0.707080841, 1.77679067e-05, 60 change(s)]
Chamber   MovingParts.CoreAntenna.SpecialCoreAntenna2.FrontPiece.StructureDetail.Front.Model.Meshes/Trapezoid ~(-47.1, 305.6, -36.0).CFrame = -47.0995598, 305.562134, -36.0414124, 0.707080722, 0.707133114, 3.26102463e-06, -1.46292177e-05, 1.02549247e-05, 1.00000012, 0.707132995, -0.707080841, 1.77644524e-05   [was -47.0995598, 305.562134, -36.0414124, 0.707080722, 0.707133114, 3.26425948e-06, -1.46339471e-05, 1.02550785e-05, 1.00000012, 0.707132995, -0.707080841, 1.77679067e-05, 60 change(s)]
Chamber   MovingParts.CoreAntenna.SpecialCoreAntenna2.FrontPiece.StructureDetail.Front.Model.Meshes/Trapezoid ~(-48.6, 304.3, -34.6).CFrame = -48.5845413, 304.337128, -34.5565529, 0.707080722, 0.707133114, 3.26102463e-06, -1.46292177e-05, 1.02549247e-05, 1.00000012, 0.707132995, -0.707080841, 1.77644524e-05   [was -48.5845413, 304.337128, -34.5565529, 0.707080722, 0.707133114, 3.26425948e-06, -1.46339471e-05, 1.02550785e-05, 1.00000012, 0.707132995, -0.707080841, 1.77679067e-05, 60 change(s)]
Chamber   MovingParts.CoreAntenna.SpecialCoreAntenna2.FrontPiece.StructureDetail.Front.Model.Part ~(-49.1, 298.8, -34.1).CFrame = -49.0708008, 298.799316, -34.0704498, 0.707076967, -5.78538857e-05, -0.707136631, -9.50327012e-06, 1, -9.13171607e-05, 0.707136631, 7.12886904e-05, 0.707076967   [was -49.0708008, 298.799316, -34.0704498, 0.707076967, -5.78506515e-05, -0.707136631, -9.50799949e-06, 1, -9.13173135e-05, 0.707136631, 7.12921465e-05, 0.707076967, 60 change(s)]
Chamber   MovingParts.CoreAntenna.SpecialCoreAntenna2.FrontPiece.StructureDetail.Front.Model.Part ~(-49.1, 308.6, -34.1).CFrame = -49.0707626, 308.599335, -34.0703125, 0.707076967, -5.78538857e-05, -0.707136631, -9.50327012e-06, 1, -9.13171607e-05, 0.707136631, 7.12886904e-05, 0.707076967   [was -49.0707626, 308.599335, -34.0703125, 0.707076967, -5.78506515e-05, -0.707136631, -9.50799949e-06, 1, -9.13173135e-05, 0.707136631, 7.12921465e-05, 0.707076967, 60 change(s)]
Chamber   MovingParts.CoreAntenna.SpecialCoreAntenna2.FrontPiece.StructureDetail.Front.Model.Meshes/Trapezoid ~(-44.1, 304.3, -39.0).CFrame = -44.1119118, 304.337189, -39.0288467, 0.707080722, -0.707132936, -3.09244342e-06, -1.46292177e-05, -1.0254922e-05, -1.00000012, 0.707132995, 0.707080662, -1.75958576e-05   [was -44.1119118, 304.337189, -39.0288467, 0.707080722, -0.707132936, -3.09567827e-06, -1.46339471e-05, -1.02550757e-05, -1.00000012, 0.707132995, 0.707080662, -1.75993118e-05, 60 change(s)]
Chamber   MovingParts.CoreAntenna.SpecialCoreAntenna2.FrontPiece.StructureDetail.Front.Model.Meshes/Trapezoid ~(-47.6, 306.8, -35.5).CFrame = -47.594532, 306.78714, -35.5464439, 0.707080722, 0.707133114, 3.26102463e-06, -1.46292177e-05, 1.02549247e-05, 1.00000012, 0.707132995, -0.707080841, 1.77644524e-05   [was -47.594532, 306.78714, -35.5464439, 0.707080722, 0.707133114, 3.26425948e-06, -1.46339471e-05, 1.02550785e-05, 1.00000012, 0.707132995, -0.707080841, 1.77679067e-05, 60 change(s)]
Chamber   MovingParts.CoreAntenna.SpecialCoreAntenna2.FrontPiece.StructureDetail.Front.Model.Part ~(-43.6, 305.6, -39.5).CFrame = -43.6257362, 305.56192, -39.5149231, -0.707076967, -5.78493782e-05, 0.707136631, -7.68042592e-05, 1, 5.00963597e-06, -0.707136631, -5.07685909e-05, -0.707076967   [was -43.6257362, 305.56192, -39.5149231, -0.707076967, -5.78461404e-05, 0.707136631, -7.67995298e-05, 1, 5.00978967e-06, -0.707136631, -5.07651348e-05, -0.707076967, 60 change(s)]
Chamber   MovingParts.CoreAntenna.SpecialCoreAntenna2.FrontPiece.StructureDetail.Front.Model.Meshes/Trapezoid ~(-48.6, 308.0, -34.6).CFrame = -48.5668831, 308.012115, -34.5741463, 0.707080722, -0.707132936, -3.09244342e-06, -1.46292177e-05, -1.0254922e-05, -1.00000012, 0.707132995, 0.707080662, -1.75958576e-05   [was -48.5668831, 308.012115, -34.5741463, 0.707080722, -0.707132936, -3.09567827e-06, -1.46339471e-05, -1.02550757e-05, -1.00000012, 0.707132995, 0.707080662, -1.75993118e-05, 60 change(s)]
Chamber   MovingParts.CoreAntenna.SpecialCoreAntenna2.FrontPiece.StructureDetail.Front.Model.Meshes/Trapezoid ~(-47.6, 300.7, -35.6).CFrame = -47.576889, 300.662079, -35.5642395, 0.707080722, -0.707132936, -3.09244342e-06, -1.46292177e-05, -1.0254922e-05, -1.00000012, 0.707132995, 0.707080662, -1.75958576e-05   [was -47.576889, 300.662079, -35.5642395, 0.707080722, -0.707132936, -3.09567827e-06, -1.46339471e-05, -1.02550757e-05, -1.00000012, 0.707132995, 0.707080662, -1.75993118e-05, 60 change(s)]
Chamber   MovingParts.CoreAntenna.SpecialCoreAntenna2.FrontPiece.StructureDetail.Front.Model.Part ~(-43.6, 308.6, -39.5).CFrame = -43.6257591, 308.599457, -39.5148582, -0.707076967, -5.78538857e-05, 0.707136631, 9.50327012e-06, 1, 9.13171607e-05, -0.707136631, 7.12886904e-05, -0.707076967   [was -43.6257591, 308.599457, -39.5148582, -0.707076967, -5.78506515e-05, 0.707136631, 9.50799949e-06, 1, 9.13173135e-05, -0.707136631, 7.12921465e-05, -0.707076967, 60 change(s)]
Chamber   MovingParts.CoreAntenna.SpecialCoreAntenna2.FrontPiece.StructureDetail.Front.Model.Meshes/Trapezoid ~(-47.1, 299.4, -36.1).CFrame = -47.0818825, 299.437103, -36.0592155, 0.707080722, -0.707132936, -3.09244342e-06, -1.46292177e-05, -1.0254922e-05, -1.00000012, 0.707132995, 0.707080662, -1.75958576e-05   [was -47.0818825, 299.437103, -36.0592155, 0.707080722, -0.707132936, -3.09567827e-06, -1.46339471e-05, -1.02550757e-05, -1.00000012, 0.707132995, 0.707080662, -1.75993118e-05, 60 change(s)]
Chamber   MovingParts.CoreAntenna.SpecialCoreAntenna2.FrontPiece.StructureDetail.Front.Model.Meshes/Trapezoid ~(-44.6, 305.6, -38.5).CFrame = -44.6068916, 305.562164, -38.5338821, 0.707080722, -0.707132936, -3.09244342e-06, -1.46292177e-05, -1.0254922e-05, -1.00000012, 0.707132995, 0.707080662, -1.75958576e-05   [was -44.6068916, 305.562164, -38.5338821, 0.707080722, -0.707132936, -3.09567827e-06, -1.46339471e-05, -1.02550757e-05, -1.00000012, 0.707132995, 0.707080662, -1.75993118e-05, 60 change(s)]
Chamber   MovingParts.CoreAntenna.SpecialCoreAntenna2.FrontPiece.StructureDetail.Front.Model.Part ~(-43.6, 305.0, -39.5).CFrame = -43.6257401, 304.974365, -39.5149345, 0.707076967, 5.78538857e-05, 0.707136631, -9.50327012e-06, -1, 9.13171607e-05, 0.707136631, -7.12886904e-05, -0.707076967   [was -43.6257401, 304.974365, -39.5149345, 0.707076967, 5.78506515e-05, 0.707136631, -9.50799949e-06, -1, 9.13173135e-05, 0.707136631, -7.12921465e-05, -0.707076967, 60 change(s)]
Chamber   MovingParts.CoreAntenna.SpecialCoreAntenna2.FrontPiece.StructureDetail.Front.Model.Meshes/Trapezoid ~(-44.6, 298.2, -38.5).CFrame = -44.6069107, 298.212128, -38.5340118, 0.707080722, -0.707132936, -3.09244342e-06, -1.46292177e-05, -1.0254922e-05, -1.00000012, 0.707132995, 0.707080662, -1.75958576e-05   [was -44.6069145, 298.212128, -38.5340118, 0.707080722, -0.707132936, -3.09567827e-06, -1.46339471e-05, -1.02550757e-05, -1.00000012, 0.707132995, 0.707080662, -1.75993118e-05, 60 change(s)]
Chamber   MovingParts.CoreAntenna.SpecialCoreAntenna2.FrontPiece.StructureDetail.Front.Model.Meshes/Trapezoid ~(-47.6, 308.0, -35.6).CFrame = -47.5768547, 308.012146, -35.5640945, 0.707080722, -0.707132936, -3.09244342e-06, -1.46292177e-05, -1.0254922e-05, -1.00000012, 0.707132995, 0.707080662, -1.75958576e-05   [was -47.5768547, 308.012146, -35.5640945, 0.707080722, -0.707132936, -3.09567827e-06, -1.46339471e-05, -1.02550757e-05, -1.00000012, 0.707132995, 0.707080662, -1.75993118e-05, 60 change(s)]
Chamber   MovingParts.CoreAntenna.SpecialCoreAntenna2.FrontPiece.StructureDetail.Front.Model.Meshes/Trapezoid ~(-44.1, 300.7, -39.0).CFrame = -44.1295547, 300.66214, -39.0112801, 0.707080722, 0.707133114, 3.26102463e-06, -1.46292177e-05, 1.02549247e-05, 1.00000012, 0.707132995, -0.707080841, 1.77644524e-05   [was -44.1295547, 300.66214, -39.0112801, 0.707080722, 0.707133114, 3.26425948e-06, -1.46339471e-05, 1.02550785e-05, 1.00000012, 0.707132995, -0.707080841, 1.77679067e-05, 60 change(s)]
Chamber   MovingParts.CoreAntenna.SpecialCoreAntenna2.FrontPiece.StructureDetail.Front.Model.Meshes/Trapezoid ~(-47.6, 298.2, -35.6).CFrame = -47.5768967, 298.212097, -35.5642815, 0.707080722, -0.707132936, -3.09244342e-06, -1.46292177e-05, -1.0254922e-05, -1.00000012, 0.707132995, 0.707080662, -1.75958576e-05   [was -47.5769005, 298.212097, -35.5642815, 0.707080722, -0.707132936, -3.09567827e-06, -1.46339471e-05, -1.02550757e-05, -1.00000012, 0.707132995, 0.707080662, -1.75993118e-05, 60 change(s)]
Chamber   MovingParts.CoreAntenna.SpecialCoreAntenna2.FrontPiece.StructureDetail.Front.Model.Part ~(-43.6, 300.1, -39.5).CFrame = -43.625782, 300.074371, -39.5150032, 0.707076967, 5.78538857e-05, 0.707136631, -9.50327012e-06, -1, 9.13171607e-05, 0.707136631, -7.12886904e-05, -0.707076967   [was -43.625782, 300.074371, -39.5150032, 0.707076967, 5.78506515e-05, 0.707136631, -9.50799949e-06, -1, 9.13173135e-05, 0.707136631, -7.12921465e-05, -0.707076967, 60 change(s)]
Chamber   MovingParts.CoreAntenna.SpecialCoreAntenna2.FrontPiece.StructureDetail.Front.Model.Part ~(-43.6, 298.8, -39.5).CFrame = -43.6257896, 298.799408, -39.5150299, -0.707076967, -5.78538857e-05, 0.707136631, 9.50327012e-06, 1, 9.13171607e-05, -0.707136631, 7.12886904e-05, -0.707076967   [was -43.6257896, 298.799408, -39.5150299, -0.707076967, -5.78506515e-05, 0.707136631, 9.50799949e-06, 1, 9.13173135e-05, -0.707136631, 7.12921465e-05, -0.707076967, 60 change(s)]
Chamber   MovingParts.CoreAntenna.SpecialCoreAntenna2.FrontPiece.StructureDetail.Front.Model.Meshes/Trapezoid ~(-45.6, 303.1, -37.5).CFrame = -45.5968781, 303.112122, -37.544014, 0.707080722, -0.707132936, -3.09244342e-06, -1.46292177e-05, -1.0254922e-05, -1.00000012, 0.707132995, 0.707080662, -1.75958576e-05   [was -45.5968781, 303.112122, -37.544014, 0.707080722, -0.707132936, -3.09567827e-06, -1.46339471e-05, -1.02550757e-05, -1.00000012, 0.707132995, 0.707080662, -1.75993118e-05, 60 change(s)]
Chamber   MovingParts.CoreAntenna.SpecialCoreAntenna2.FrontPiece.StructureDetail.Front.Model.Meshes/Trapezoid ~(-45.1, 297.0, -38.0).CFrame = -45.1019058, 296.987091, -38.0390549, 0.707080722, -0.707132936, -3.09244342e-06, -1.46292177e-05, -1.0254922e-05, -1.00000012, 0.707132995, 0.707080662, -1.75958576e-05   [was -45.1019058, 296.987091, -38.0390549, 0.707080722, -0.707132936, -3.09567827e-06, -1.46339471e-05, -1.02550757e-05, -1.00000012, 0.707132995, 0.707080662, -1.75993118e-05, 60 change(s)]
Chamber   MovingParts.CoreAntenna.SpecialCoreAntenna2.FrontPiece.StructureDetail.Front.Model.Meshes/Trapezoid ~(-47.1, 303.1, -36.0).CFrame = -47.0995331, 303.112122, -36.0414658, 0.707080722, 0.707133114, 3.26102463e-06, -1.46292177e-05, 1.02549247e-05, 1.00000012, 0.707132995, -0.707080841, 1.77644524e-05   [was -47.0995331, 303.112122, -36.0414658, 0.707080722, 0.707133114, 3.26425948e-06, -1.46339471e-05, 1.02550785e-05, 1.00000012, 0.707132995, -0.707080841, 1.77679067e-05, 60 change(s)]
Chamber   MovingParts.CoreAntenna.SpecialCoreAntenna2.FrontPiece.StructureDetail.Front.Model.Meshes/Trapezoid ~(-46.6, 298.2, -36.6).CFrame = -46.5869026, 298.212097, -36.5541763, 0.707080722, -0.707132936, -3.09244342e-06, -1.46292177e-05, -1.0254922e-05, -1.00000012, 0.707132995, 0.707080662, -1.75958576e-05   [was -46.5869026, 298.212097, -36.5541763, 0.707080722, -0.707132936, -3.09567827e-06, -1.46339471e-05, -1.02550757e-05, -1.00000012, 0.707132995, 0.707080662, -1.75993118e-05, 60 change(s)]
Chamber   MovingParts.CoreAntenna.SpecialCoreAntenna2.FrontPiece.StructureDetail.Front.Model.Part ~(-43.6, 297.6, -39.5).CFrame = -43.6257858, 297.62439, -39.5150452, 0.707076967, 5.78538857e-05, 0.707136631, -9.50327012e-06, -1, 9.13171607e-05, 0.707136631, -7.12886904e-05, -0.707076967   [was -43.6257858, 297.62439, -39.5150452, 0.707076967, 5.78506515e-05, 0.707136631, -9.50799949e-06, -1, 9.13173135e-05, 0.707136631, -7.12921465e-05, -0.707076967, 60 change(s)]
Chamber   MovingParts.CoreAntenna.SpecialCoreAntenna2.FrontPiece.StructureDetail.Front.Model.Part ~(-43.6, 301.2, -39.5).CFrame = -43.6257782, 301.24942, -39.5149841, -0.707076967, -5.78538857e-05, 0.707136631, 9.50327012e-06, 1, 9.13171607e-05, -0.707136631, 7.12886904e-05, -0.707076967   [was -43.6257782, 301.24942, -39.5149841, -0.707076967, -5.78506515e-05, 0.707136631, 9.50799949e-06, 1, 9.13173135e-05, -0.707136631, 7.12921465e-05, -0.707076967, 60 change(s)]
Chamber   MovingParts.CoreAntenna.SpecialCoreAntenna2.FrontPiece.StructureDetail.Front.Model.Meshes/Trapezoid ~(-45.1, 304.3, -38.0).CFrame = -45.1018982, 304.337158, -38.0389404, 0.707080722, -0.707132936, -3.09244342e-06, -1.46292177e-05, -1.0254922e-05, -1.00000012, 0.707132995, 0.707080662, -1.75958576e-05   [was -45.1018982, 304.337158, -38.0389404, 0.707080722, -0.707132936, -3.09567827e-06, -1.46339471e-05, -1.02550757e-05, -1.00000012, 0.707132995, 0.707080662, -1.75993118e-05, 60 change(s)]
Chamber   MovingParts.CoreAntenna.SpecialCoreAntenna2.FrontPiece.StructureDetail.Front.Model.Meshes/Trapezoid ~(-49.1, 299.4, -34.1).CFrame = -49.0618858, 299.437073, -34.0793533, 0.707080722, -0.707132936, -3.09244342e-06, -1.46292177e-05, -1.0254922e-05, -1.00000012, 0.707132995, 0.707080662, -1.75958576e-05   [was -49.0618858, 299.437073, -34.0793533, 0.707080722, -0.707132936, -3.09567827e-06, -1.46339471e-05, -1.02550757e-05, -1.00000012, 0.707132995, 0.707080662, -1.75993118e-05, 60 change(s)]
Chamber   MovingParts.CoreAntenna.SpecialCoreAntenna2.FrontPiece.StructureDetail.Front.Model.Meshes/Trapezoid ~(-45.6, 297.0, -37.5).CFrame = -45.6145439, 296.987091, -37.5264626, 0.707080722, 0.707133114, 3.26102463e-06, -1.46292177e-05, 1.02549247e-05, 1.00000012, 0.707132995, -0.707080841, 1.77644524e-05   [was -45.6145439, 296.987091, -37.5264626, 0.707080722, 0.707133114, 3.26425948e-06, -1.46339471e-05, 1.02550785e-05, 1.00000012, 0.707132995, -0.707080841, 1.77679067e-05, 60 change(s)]
Chamber   MovingParts.CoreAntenna.SpecialCoreAntenna2.FrontPiece.StructureDetail.Front.Model.Part ~(-43.6, 298.2, -39.5).CFrame = -43.6257782, 298.211884, -39.5150681, -0.707076967, -5.78493782e-05, 0.707136631, -7.68042592e-05, 1, 5.00963597e-06, -0.707136631, -5.07685909e-05, -0.707076967   [was -43.6257782, 298.211884, -39.5150681, -0.707076967, -5.78461404e-05, 0.707136631, -7.67995298e-05, 1, 5.00978967e-06, -0.707136631, -5.07651348e-05, -0.707076967, 60 change(s)]
Chamber   MovingParts.CoreAntenna.SpecialCoreAntenna2.FrontPiece.StructureDetail.Front.Model.Meshes/Trapezoid ~(-43.6, 309.2, -39.5).CFrame = -43.6345215, 309.237152, -39.5060883, 0.707080722, 0.707133114, 3.26102463e-06, -1.46292177e-05, 1.02549247e-05, 1.00000012, 0.707132995, -0.707080841, 1.77644524e-05   [was -43.6345215, 309.237152, -39.5060883, 0.707080722, 0.707133114, 3.26425948e-06, -1.46339471e-05, 1.02550785e-05, 1.00000012, 0.707132995, -0.707080841, 1.77679067e-05, 60 change(s)]
Chamber   MovingParts.CoreAntenna.SpecialCoreAntenna2.FrontPiece.StructureDetail.Front.Model.Meshes/Trapezoid ~(-43.6, 306.8, -39.5).CFrame = -43.6345329, 306.787201, -39.506134, 0.707080722, 0.707133114, 3.26102463e-06, -1.46292177e-05, 1.02549247e-05, 1.00000012, 0.707132995, -0.707080841, 1.77644524e-05   [was -43.6345329, 306.787201, -39.506134, 0.707080722, 0.707133114, 3.26425948e-06, -1.46339471e-05, 1.02550785e-05, 1.00000012, 0.707132995, -0.707080841, 1.77679067e-05, 60 change(s)]
Chamber   MovingParts.CoreAntenna.SpecialCoreAntenna2.FrontPiece.StructureDetail.Front.Model.Meshes/Trapezoid ~(-44.6, 299.4, -38.5).CFrame = -44.6245575, 299.437134, -38.5163345, 0.707080722, 0.707133114, 3.26102463e-06, -1.46292177e-05, 1.02549247e-05, 1.00000012, 0.707132995, -0.707080841, 1.77644524e-05   [was -44.6245575, 299.437134, -38.5163345, 0.707080722, 0.707133114, 3.26425948e-06, -1.46339471e-05, 1.02550785e-05, 1.00000012, 0.707132995, -0.707080841, 1.77679067e-05, 60 change(s)]
Chamber   MovingParts.CoreAntenna.SpecialCoreAntenna2.FrontPiece.StructureDetail.Front.Model.Part ~(-43.6, 300.7, -39.5).CFrame = -43.6257782, 300.661896, -39.5149918, -0.707076967, -5.78493782e-05, 0.707136631, -7.68042592e-05, 1, 5.00963597e-06, -0.707136631, -5.07685909e-05, -0.707076967   [was -43.6257782, 300.661896, -39.5149918, -0.707076967, -5.78461404e-05, 0.707136631, -7.67995298e-05, 1, 5.00978967e-06, -0.707136631, -5.07651348e-05, -0.707076967, 60 change(s)]
Chamber   MovingParts.CoreAntenna.SpecialCoreAntenna2.FrontPiece.StructureDetail.Front.Model.Meshes/Trapezoid ~(-45.6, 301.9, -37.5).CFrame = -45.6145554, 301.887115, -37.5263634, 0.707080722, 0.707133114, 3.26102463e-06, -1.46292177e-05, 1.02549247e-05, 1.00000012, 0.707132995, -0.707080841, 1.77644524e-05   [was -45.6145554, 301.887115, -37.5263634, 0.707080722, 0.707133114, 3.26425948e-06, -1.46339471e-05, 1.02550785e-05, 1.00000012, 0.707132995, -0.707080841, 1.77679067e-05, 60 change(s)]
Chamber   MovingParts.CoreAntenna.SpecialCoreAntenna2.FrontPiece.StructureDetail.Front.Model.Part ~(-49.1, 298.2, -34.1).CFrame = -49.0707893, 298.211792, -34.0704918, -0.707076967, 5.78538857e-05, -0.707136631, 9.50327012e-06, -1, -9.13171607e-05, -0.707136631, -7.12886904e-05, 0.707076967   [was -49.0707893, 298.211792, -34.0704918, -0.707076967, 5.78506515e-05, -0.707136631, 9.50799949e-06, -1, -9.13173135e-05, -0.707136631, -7.12921465e-05, 0.707076967, 60 change(s)]
Chamber   MovingParts.CoreAntenna.SpecialCoreAntenna2.FrontPiece.StructureDetail.Front.Model.Meshes/Trapezoid ~(-48.6, 298.2, -34.6).CFrame = -48.5668793, 298.212067, -34.5743294, 0.707080722, -0.707132936, -3.09244342e-06, -1.46292177e-05, -1.0254922e-05, -1.00000012, 0.707132995, 0.707080662, -1.75958576e-05   [was -48.5668793, 298.212067, -34.5743294, 0.707080722, -0.707132936, -3.09567827e-06, -1.46339471e-05, -1.02550757e-05, -1.00000012, 0.707132995, 0.707080662, -1.75993118e-05, 60 change(s)]
Chamber   MovingParts.CoreAntenna.SpecialCoreAntenna2.FrontPiece.StructureDetail.Front.Model.Meshes/Trapezoid ~(-46.6, 297.0, -36.5).CFrame = -46.6045532, 296.987061, -36.5365372, 0.707080722, 0.707133114, 3.26102463e-06, -1.46292177e-05, 1.02549247e-05, 1.00000012, 0.707132995, -0.707080841, 1.77644524e-05   [was -46.6045532, 296.987061, -36.536541, 0.707080722, 0.707133114, 3.26425948e-06, -1.46339471e-05, 1.02550785e-05, 1.00000012, 0.707132995, -0.707080841, 1.77679067e-05, 60 change(s)]
Chamber   MovingParts.CoreAntenna.SpecialCoreAntenna2.FrontPiece.StructureDetail.Front.Model.Meshes/Trapezoid ~(-43.6, 301.9, -39.5).CFrame = -43.6345444, 301.887146, -39.506218, 0.707080722, 0.707133114, 3.26102463e-06, -1.46292177e-05, 1.02549247e-05, 1.00000012, 0.707132995, -0.707080841, 1.77644524e-05   [was -43.6345444, 301.887146, -39.506218, 0.707080722, 0.707133114, 3.26425948e-06, -1.46339471e-05, 1.02550785e-05, 1.00000012, 0.707132995, -0.707080841, 1.77679067e-05, 60 change(s)]
Chamber   MovingParts.CoreAntenna.SpecialCoreAntenna2.FrontPiece.StructureDetail.Front.Model.Part ~(-49.1, 306.1, -34.1).CFrame = -49.0707703, 306.149353, -34.0703583, 0.707076967, -5.78538857e-05, -0.707136631, -9.50327012e-06, 1, -9.13171607e-05, 0.707136631, 7.12886904e-05, 0.707076967   [was -49.0707703, 306.149353, -34.0703583, 0.707076967, -5.78506515e-05, -0.707136631, -9.50799949e-06, 1, -9.13173135e-05, 0.707136631, 7.12921465e-05, 0.707076967, 60 change(s)]
Chamber   MovingParts.CoreAntenna.SpecialCoreAntenna2.FrontPiece.StructureDetail.Front.Model.Part ~(-49.1, 300.7, -34.1).CFrame = -49.0707855, 300.661804, -34.0704498, -0.707076967, 5.78538857e-05, -0.707136631, 9.50327012e-06, -1, -9.13171607e-05, -0.707136631, -7.12886904e-05, 0.707076967   [was -49.0707855, 300.661804, -34.0704498, -0.707076967, 5.78506515e-05, -0.707136631, 9.50799949e-06, -1, -9.13173135e-05, -0.707136631, -7.12921465e-05, 0.707076967, 60 change(s)]
Chamber   MovingParts.CoreAntenna.SpecialCoreAntenna2.FrontPiece.StructureDetail.Front.Model.Meshes/Trapezoid ~(-45.1, 309.2, -38.0).CFrame = -45.1018944, 309.237122, -38.038868, 0.707080722, -0.707132936, -3.09244342e-06, -1.46292177e-05, -1.0254922e-05, -1.00000012, 0.707132995, 0.707080662, -1.75958576e-05   [was -45.1018944, 309.237122, -38.038868, 0.707080722, -0.707132936, -3.09567827e-06, -1.46339471e-05, -1.02550757e-05, -1.00000012, 0.707132995, 0.707080662, -1.75993118e-05, 60 change(s)]
Chamber   MovingParts.CoreAntenna.SpecialCoreAntenna2.FrontPiece.StructureDetail.Front.Model.Meshes/Trapezoid ~(-43.6, 299.4, -39.5).CFrame = -43.634552, 299.437164, -39.5062637, 0.707080722, 0.707133114, 3.26102463e-06, -1.46292177e-05, 1.02549247e-05, 1.00000012, 0.707132995, -0.707080841, 1.77644524e-05   [was -43.634552, 299.437164, -39.5062637, 0.707080722, 0.707133114, 3.26425948e-06, -1.46339471e-05, 1.02550785e-05, 1.00000012, 0.707132995, -0.707080841, 1.77679067e-05, 60 change(s)]
Chamber   MovingParts.CoreAntenna.SpecialCoreAntenna2.FrontPiece.StructureDetail.Front.Model.Meshes/Trapezoid ~(-48.1, 304.3, -35.1).CFrame = -48.0718918, 304.337128, -35.0691757, 0.707080722, -0.707132936, -3.09244342e-06, -1.46292177e-05, -1.0254922e-05, -1.00000012, 0.707132995, 0.707080662, -1.75958576e-05   [was -48.0718918, 304.337128, -35.0691757, 0.707080722, -0.707132936, -3.09567827e-06, -1.46339471e-05, -1.02550757e-05, -1.00000012, 0.707132995, 0.707080662, -1.75993118e-05, 60 change(s)]
Chamber   MovingParts.CoreAntenna.SpecialCoreAntenna2.FrontPiece.StructureDetail.Front.Model.Meshes/Trapezoid ~(-45.6, 299.4, -37.5).CFrame = -45.6145592, 299.437134, -37.5264015, 0.707080722, 0.707133114, 3.26102463e-06, -1.46292177e-05, 1.02549247e-05, 1.00000012, 0.707132995, -0.707080841, 1.77644524e-05   [was -45.6145592, 299.437134, -37.5264015, 0.707080722, 0.707133114, 3.26425948e-06, -1.46339471e-05, 1.02550785e-05, 1.00000012, 0.707132995, -0.707080841, 1.77679067e-05, 60 change(s)]
Chamber   MovingParts.CoreAntenna.SpecialCoreAntenna2.FrontPiece.StructureDetail.Front.Model.Part ~(-49.1, 302.5, -34.1).CFrame = -49.0707932, 302.524292, -34.0703888, -0.707076967, 5.78538857e-05, -0.707136631, 9.50327012e-06, -1, -9.13171607e-05, -0.707136631, -7.12886904e-05, 0.707076967   [was -49.0707932, 302.524292, -34.0703888, -0.707076967, 5.78506515e-05, -0.707136631, 9.50799949e-06, -1, -9.13173135e-05, -0.707136631, -7.12921465e-05, 0.707076967, 60 change(s)]
Chamber   MovingParts.CoreAntenna.SpecialCoreAntenna2.FrontPiece.StructureDetail.Front.Model.Meshes/Trapezoid ~(-45.1, 308.0, -38.0).CFrame = -45.1195374, 308.012177, -38.0212212, 0.707080722, 0.707133114, 3.26102463e-06, -1.46292177e-05, 1.02549247e-05, 1.00000012, 0.707132995, -0.707080841, 1.77644524e-05   [was -45.1195374, 308.012177, -38.0212212, 0.707080722, 0.707133114, 3.26425948e-06, -1.46339471e-05, 1.02550785e-05, 1.00000012, 0.707132995, -0.707080841, 1.77679067e-05, 60 change(s)]
Chamber   MovingParts.CoreAntenna.SpecialCoreAntenna2.FrontPiece.StructureDetail.Front.Model.Meshes/Trapezoid ~(-45.1, 306.8, -38.0).CFrame = -45.1018677, 306.78717, -38.0389137, 0.707080722, -0.707132936, -3.09244342e-06, -1.46292177e-05, -1.0254922e-05, -1.00000012, 0.707132995, 0.707080662, -1.75958576e-05   [was -45.1018677, 306.78717, -38.0389137, 0.707080722, -0.707132936, -3.09567827e-06, -1.46339471e-05, -1.02550757e-05, -1.00000012, 0.707132995, 0.707080662, -1.75993118e-05, 60 change(s)]
Chamber   MovingParts.CoreAntenna.SpecialCoreAntenna2.FrontPiece.StructureDetail.Front.Model.Meshes/Trapezoid ~(-46.6, 309.2, -36.5).CFrame = -46.6045265, 309.237122, -36.536293, 0.707080722, 0.707133114, 3.26102463e-06, -1.46292177e-05, 1.02549247e-05, 1.00000012, 0.707132995, -0.707080841, 1.77644524e-05   [was -46.6045265, 309.237122, -36.536293, 0.707080722, 0.707133114, 3.26425948e-06, -1.46339471e-05, 1.02550785e-05, 1.00000012, 0.707132995, -0.707080841, 1.77679067e-05, 60 change(s)]
Chamber   MovingParts.CoreAntenna.SpecialCoreAntenna2.FrontPiece.StructureDetail.Front.Model.Meshes/Trapezoid ~(-45.1, 303.1, -38.0).CFrame = -45.1195488, 303.112152, -38.0213051, 0.707080722, 0.707133114, 3.26102463e-06, -1.46292177e-05, 1.02549247e-05, 1.00000012, 0.707132995, -0.707080841, 1.77644524e-05   [was -45.1195488, 303.112152, -38.0213051, 0.707080722, 0.707133114, 3.26425948e-06, -1.46339471e-05, 1.02550785e-05, 1.00000012, 0.707132995, -0.707080841, 1.77679067e-05, 60 change(s)]
Chamber   MovingParts.CoreAntenna.SpecialCoreAntenna2.FrontPiece.StructureDetail.Front.Model.Part ~(-49.1, 305.0, -34.1).CFrame = -49.0707779, 304.974274, -34.0703812, -0.707076967, 5.78538857e-05, -0.707136631, 9.50327012e-06, -1, -9.13171607e-05, -0.707136631, -7.12886904e-05, 0.707076967   [was -49.0707779, 304.974274, -34.0703812, -0.707076967, 5.78506515e-05, -0.707136631, 9.50799949e-06, -1, -9.13173135e-05, -0.707136631, -7.12921465e-05, 0.707076967, 60 change(s)]
Chamber   MovingParts.CoreAntenna.SpecialCoreAntenna2.FrontPiece.StructureDetail.Front.Model.Meshes/Trapezoid ~(-45.6, 306.8, -37.5).CFrame = -45.6145439, 306.78717, -37.5262794, 0.707080722, 0.707133114, 3.26102463e-06, -1.46292177e-05, 1.02549247e-05, 1.00000012, 0.707132995, -0.707080841, 1.77644524e-05   [was -45.6145439, 306.78717, -37.5262794, 0.707080722, 0.707133114, 3.26425948e-06, -1.46339471e-05, 1.02550785e-05, 1.00000012, 0.707132995, -0.707080841, 1.77679067e-05, 60 change(s)]
Chamber   MovingParts.CoreAntenna.SpecialCoreAntenna2.FrontPiece.StructureDetail.Front.Model.Meshes/Trapezoid ~(-46.6, 308.0, -36.6).CFrame = -46.5868645, 308.012146, -36.553997, 0.707080722, -0.707132936, -3.09244342e-06, -1.46292177e-05, -1.0254922e-05, -1.00000012, 0.707132995, 0.707080662, -1.75958576e-05   [was -46.5868645, 308.012146, -36.553997, 0.707080722, -0.707132936, -3.09567827e-06, -1.46339471e-05, -1.02550757e-05, -1.00000012, 0.707132995, 0.707080662, -1.75993118e-05, 60 change(s)]
Chamber   MovingParts.CoreAntenna.SpecialCoreAntenna2.FrontPiece.StructureDetail.Front.Model.Meshes/Trapezoid ~(-44.6, 308.0, -38.5).CFrame = -44.6068726, 308.012177, -38.5338249, 0.707080722, -0.707132936, -3.09244342e-06, -1.46292177e-05, -1.0254922e-05, -1.00000012, 0.707132995, 0.707080662, -1.75958576e-05   [was -44.6068726, 308.012177, -38.5338249, 0.707080722, -0.707132936, -3.09567827e-06, -1.46339471e-05, -1.02550757e-05, -1.00000012, 0.707132995, 0.707080662, -1.75993118e-05, 60 change(s)]
Chamber   MovingParts.CoreAntenna.SpecialCoreAntenna2.FrontPiece.StructureDetail.Front.Model.Meshes/Trapezoid ~(-48.6, 305.6, -34.6).CFrame = -48.5668678, 305.562134, -34.5742111, 0.707080722, -0.707132936, -3.09244342e-06, -1.46292177e-05, -1.0254922e-05, -1.00000012, 0.707132995, 0.707080662, -1.75958576e-05   [was -48.5668678, 305.562134, -34.5742111, 0.707080722, -0.707132936, -3.09567827e-06, -1.46339471e-05, -1.02550757e-05, -1.00000012, 0.707132995, 0.707080662, -1.75993118e-05, 60 change(s)]
Chamber   MovingParts.CoreAntenna.SpecialCoreAntenna2.FrontPiece.StructureDetail.Front.Model.Part ~(-49.1, 305.6, -34.1).CFrame = -49.0707703, 305.561829, -34.0703621, -0.707076967, 5.78538857e-05, -0.707136631, 9.50327012e-06, -1, -9.13171607e-05, -0.707136631, -7.12886904e-05, 0.707076967   [was -49.0707703, 305.561829, -34.0703621, -0.707076967, 5.78506515e-05, -0.707136631, 9.50799949e-06, -1, -9.13173135e-05, -0.707136631, -7.12921465e-05, 0.707076967, 60 change(s)]
Chamber   MovingParts.CoreAntenna.SpecialCoreAntenna2.FrontPiece.StructureDetail.Front.Model.Meshes/Trapezoid ~(-48.1, 309.2, -35.1).CFrame = -48.0718842, 309.237091, -35.0690956, 0.707080722, -0.707132936, -3.09244342e-06, -1.46292177e-05, -1.0254922e-05, -1.00000012, 0.707132995, 0.707080662, -1.75958576e-05   [was -48.0718842, 309.237091, -35.0690956, 0.707080722, -0.707132936, -3.09567827e-06, -1.46339471e-05, -1.02550757e-05, -1.00000012, 0.707132995, 0.707080662, -1.75993118e-05, 60 change(s)]
Chamber   MovingParts.CoreAntenna.SpecialCoreAntenna2.FrontPiece.StructureDetail.Front.Model.Meshes/Trapezoid ~(-47.6, 301.9, -35.5).CFrame = -47.5945435, 301.887085, -35.546524, 0.707080722, 0.707133114, 3.26102463e-06, -1.46292177e-05, 1.02549247e-05, 1.00000012, 0.707132995, -0.707080841, 1.77644524e-05   [was -47.5945435, 301.887085, -35.546524, 0.707080722, 0.707133114, 3.26425948e-06, -1.46339471e-05, 1.02550785e-05, 1.00000012, 0.707132995, -0.707080841, 1.77679067e-05, 60 change(s)]
Chamber   MovingParts.CoreAntenna.SpecialCoreAntenna2.FrontPiece.StructureDetail.Front.Model.Part ~(-49.1, 307.4, -34.1).CFrame = -49.0707741, 307.424286, -34.0702972, -0.707076967, 5.78538857e-05, -0.707136631, 9.50327012e-06, -1, -9.13171607e-05, -0.707136631, -7.12886904e-05, 0.707076967   [was -49.0707741, 307.424286, -34.0702972, -0.707076967, 5.78506515e-05, -0.707136631, 9.50799949e-06, -1, -9.13173135e-05, -0.707136631, -7.12921465e-05, 0.707076967, 60 change(s)]
Chamber   MovingParts.CoreAntenna.SpecialCoreAntenna2.FrontPiece.StructureDetail.Front.Model.Meshes/Trapezoid ~(-49.1, 309.2, -34.1).CFrame = -49.0618668, 309.237091, -34.0791893, 0.707080722, -0.707132936, -3.09244342e-06, -1.46292177e-05, -1.0254922e-05, -1.00000012, 0.707132995, 0.707080662, -1.75958576e-05   [was -49.0618668, 309.237091, -34.0791893, 0.707080722, -0.707132936, -3.09567827e-06, -1.46339471e-05, -1.02550757e-05, -1.00000012, 0.707132995, 0.707080662, -1.75993118e-05, 60 change(s)]
Chamber   MovingParts.CoreAntenna.SpecialCoreAntenna2.FrontPiece.StructureDetail.Front.Model.Part ~(-43.6, 306.1, -39.5).CFrame = -43.6257477, 306.149445, -39.5148811, -0.707076967, -5.78538857e-05, 0.707136631, 9.50327012e-06, 1, 9.13171607e-05, -0.707136631, 7.12886904e-05, -0.707076967   [was -43.6257477, 306.149445, -39.5148811, -0.707076967, -5.78506515e-05, 0.707136631, 9.50799949e-06, 1, 9.13173135e-05, -0.707136631, 7.12921465e-05, -0.707076967, 60 change(s)]
Chamber   MovingParts.CoreAntenna.SpecialCoreAntenna2.FrontPiece.StructureDetail.Front.Model.Meshes/Trapezoid ~(-46.6, 300.7, -36.6).CFrame = -46.5868835, 300.662109, -36.5541229, 0.707080722, -0.707132936, -3.09244342e-06, -1.46292177e-05, -1.0254922e-05, -1.00000012, 0.707132995, 0.707080662, -1.75958576e-05   [was -46.5868835, 300.662109, -36.5541229, 0.707080722, -0.707132936, -3.09567827e-06, -1.46339471e-05, -1.02550757e-05, -1.00000012, 0.707132995, 0.707080662, -1.75993118e-05, 60 change(s)]
Chamber   MovingParts.CoreAntenna.SpecialCoreAntenna2.FrontPiece.StructureDetail.Front.Model.Meshes/Trapezoid ~(-47.1, 301.9, -36.1).CFrame = -47.0818863, 301.887115, -36.0591431, 0.707080722, -0.707132936, -3.09244342e-06, -1.46292177e-05, -1.0254922e-05, -1.00000012, 0.707132995, 0.707080662, -1.75958576e-05   [was -47.0818863, 301.887115, -36.0591431, 0.707080722, -0.707132936, -3.09567827e-06, -1.46339471e-05, -1.02550757e-05, -1.00000012, 0.707132995, 0.707080662, -1.75993118e-05, 60 change(s)]
Chamber   MovingParts.CoreAntenna.SpecialCoreAntenna2.FrontPiece.StructureDetail.Front.Model.Part ~(-49.1, 308.0, -34.1).CFrame = -49.0707893, 308.01181, -34.0703049, -0.707076967, 5.78538857e-05, -0.707136631, 9.50327012e-06, -1, -9.13171607e-05, -0.707136631, -7.12886904e-05, 0.707076967   [was -49.0707893, 308.01181, -34.0703049, -0.707076967, 5.78506515e-05, -0.707136631, 9.50799949e-06, -1, -9.13173135e-05, -0.707136631, -7.12921465e-05, 0.707076967, 60 change(s)]
Chamber   MovingParts.CoreAntenna.SpecialCoreAntenna2.FrontPiece.StructureDetail.Front.Model.Meshes/Trapezoid ~(-47.1, 304.3, -36.1).CFrame = -47.0818901, 304.337128, -36.0591049, 0.707080722, -0.707132936, -3.09244342e-06, -1.46292177e-05, -1.0254922e-05, -1.00000012, 0.707132995, 0.707080662, -1.75958576e-05   [was -47.0818863, 304.337128, -36.0591049, 0.707080722, -0.707132936, -3.09567827e-06, -1.46339471e-05, -1.02550757e-05, -1.00000012, 0.707132995, 0.707080662, -1.75993118e-05, 60 change(s)]
Chamber   MovingParts.CoreAntenna.SpecialCoreAntenna2.FrontPiece.StructureDetail.Front.Model.Part ~(-49.1, 301.2, -34.1).CFrame = -49.0707779, 301.249329, -34.0704346, 0.707076967, -5.78538857e-05, -0.707136631, -9.50327012e-06, 1, -9.13171607e-05, 0.707136631, 7.12886904e-05, 0.707076967   [was -49.0707779, 301.249329, -34.0704346, 0.707076967, -5.78506515e-05, -0.707136631, -9.50799949e-06, 1, -9.13173135e-05, 0.707136631, 7.12921465e-05, 0.707076967, 60 change(s)]
Chamber   MovingParts.CoreAntenna.SpecialCoreAntenna2.FrontPiece.StructureDetail.Front.Model.Meshes/Trapezoid ~(-49.1, 306.8, -34.1).CFrame = -49.0618629, 306.787109, -34.0792198, 0.707080722, -0.707132936, -3.09244342e-06, -1.46292177e-05, -1.0254922e-05, -1.00000012, 0.707132995, 0.707080662, -1.75958576e-05   [was -49.0618629, 306.787109, -34.0792198, 0.707080722, -0.707132936, -3.09567827e-06, -1.46339471e-05, -1.02550757e-05, -1.00000012, 0.707132995, 0.707080662, -1.75993118e-05, 60 change(s)]
Chamber   MovingParts.CoreAntenna.SpecialCoreAntenna2.FrontPiece.StructureDetail.Front.Model.Meshes/Trapezoid ~(-43.6, 304.3, -39.5).CFrame = -43.6345406, 304.337189, -39.5061798, 0.707080722, 0.707133114, 3.26102463e-06, -1.46292177e-05, 1.02549247e-05, 1.00000012, 0.707132995, -0.707080841, 1.77644524e-05   [was -43.6345406, 304.337189, -39.5061798, 0.707080722, 0.707133114, 3.26425948e-06, -1.46339471e-05, 1.02550785e-05, 1.00000012, 0.707132995, -0.707080841, 1.77679067e-05, 60 change(s)]
Chamber   MovingParts.CoreAntenna.SpecialCoreAntenna2.FrontPiece.StructureDetail.Front.Model.Meshes/Trapezoid ~(-48.6, 301.9, -34.6).CFrame = -48.5845451, 301.887085, -34.5565948, 0.707080722, 0.707133114, 3.26102463e-06, -1.46292177e-05, 1.02549247e-05, 1.00000012, 0.707132995, -0.707080841, 1.77644524e-05   [was -48.5845451, 301.887085, -34.5565948, 0.707080722, 0.707133114, 3.26425948e-06, -1.46339471e-05, 1.02550785e-05, 1.00000012, 0.707132995, -0.707080841, 1.77679067e-05, 60 change(s)]
Chamber   MovingParts.CoreAntenna.SpecialCoreAntenna2.FrontPiece.StructureDetail.Front.Model.Part ~(-49.1, 303.1, -34.1).CFrame = -49.070797, 303.111816, -34.0703812, -0.707076967, 5.78538857e-05, -0.707136631, 9.50327012e-06, -1, -9.13171607e-05, -0.707136631, -7.12886904e-05, 0.707076967   [was -49.070797, 303.111816, -34.0703812, -0.707076967, 5.78506515e-05, -0.707136631, 9.50799949e-06, -1, -9.13173135e-05, -0.707136631, -7.12921465e-05, 0.707076967, 60 change(s)]
Chamber   MovingParts.CoreAntenna.SpecialCoreAntenna2.FrontPiece.StructureDetail.Front.Model.Part ~(-43.6, 303.7, -39.5).CFrame = -43.6257706, 303.699432, -39.5149422, -0.707076967, -5.78538857e-05, 0.707136631, 9.50327012e-06, 1, 9.13171607e-05, -0.707136631, 7.12886904e-05, -0.707076967   [was -43.6257706, 303.699432, -39.5149422, -0.707076967, -5.78506515e-05, 0.707136631, 9.50799949e-06, 1, 9.13173135e-05, -0.707136631, 7.12921465e-05, -0.707076967, 60 change(s)]
Chamber   MovingParts.CoreAntenna.SpecialCoreAntenna2.FrontPiece.StructureDetail.Front.Model.Meshes/Trapezoid ~(-44.6, 301.9, -38.5).CFrame = -44.6245728, 301.887146, -38.5162697, 0.707080722, 0.707133114, 3.26102463e-06, -1.46292177e-05, 1.02549247e-05, 1.00000012, 0.707132995, -0.707080841, 1.77644524e-05   [was -44.6245728, 301.887146, -38.5162697, 0.707080722, 0.707133114, 3.26425948e-06, -1.46339471e-05, 1.02550785e-05, 1.00000012, 0.707132995, -0.707080841, 1.77679067e-05, 60 change(s)]
Chamber   MovingParts.CoreAntenna.SpecialCoreAntenna2.FrontPiece.StructureDetail.Front.Model.Meshes/Trapezoid ~(-48.6, 309.2, -34.6).CFrame = -48.5845299, 309.237061, -34.5564308, 0.707080722, 0.707133114, 3.26102463e-06, -1.46292177e-05, 1.02549247e-05, 1.00000012, 0.707132995, -0.707080841, 1.77644524e-05   [was -48.5845299, 309.237061, -34.5564308, 0.707080722, 0.707133114, 3.26425948e-06, -1.46339471e-05, 1.02550785e-05, 1.00000012, 0.707132995, -0.707080841, 1.77679067e-05, 60 change(s)]
Chamber   MovingParts.CoreAntenna.SpecialCoreAntenna2.FrontPiece.StructureDetail.Front.Model.Meshes/Trapezoid ~(-44.1, 305.6, -39.0).CFrame = -44.12957, 305.562195, -39.0111809, 0.707080722, 0.707133114, 3.26102463e-06, -1.46292177e-05, 1.02549247e-05, 1.00000012, 0.707132995, -0.707080841, 1.77644524e-05   [was -44.12957, 305.562195, -39.0111809, 0.707080722, 0.707133114, 3.26425948e-06, -1.46339471e-05, 1.02550785e-05, 1.00000012, 0.707132995, -0.707080841, 1.77679067e-05, 60 change(s)]
Chamber   MovingParts.CoreAntenna.SpecialCoreAntenna2.FrontPiece.StructureDetail.Front.Model.Meshes/Trapezoid ~(-48.1, 300.7, -35.1).CFrame = -48.0895424, 300.662079, -35.0515747, 0.707080722, 0.707133114, 3.26102463e-06, -1.46292177e-05, 1.02549247e-05, 1.00000012, 0.707132995, -0.707080841, 1.77644524e-05   [was -48.0895424, 300.662079, -35.0515747, 0.707080722, 0.707133114, 3.26425948e-06, -1.46339471e-05, 1.02550785e-05, 1.00000012, 0.707132995, -0.707080841, 1.77679067e-05, 60 change(s)]
Chamber   MovingParts.CoreAntenna.SpecialCoreAntenna2.FrontPiece.StructureDetail.Front.Model.Part ~(-49.1, 300.1, -34.1).CFrame = -49.070797, 300.07428, -34.0704269, -0.707076967, 5.78538857e-05, -0.707136631, 9.50327012e-06, -1, -9.13171607e-05, -0.707136631, -7.12886904e-05, 0.707076967   [was -49.070797, 300.07428, -34.0704269, -0.707076967, 5.78506515e-05, -0.707136631, 9.50799949e-06, -1, -9.13173135e-05, -0.707136631, -7.12921465e-05, 0.707076967, 60 change(s)]
Chamber   MovingParts.CoreAntenna.SpecialCoreAntenna2.FrontPiece.StructureDetail.Front.Model.Meshes/Trapezoid ~(-46.1, 305.6, -37.0).CFrame = -46.1095505, 305.562164, -37.0313377, 0.707080722, 0.707133114, 3.26102463e-06, -1.46292177e-05, 1.02549247e-05, 1.00000012, 0.707132995, -0.707080841, 1.77644524e-05   [was -46.1095505, 305.562164, -37.0313377, 0.707080722, 0.707133114, 3.26425948e-06, -1.46339471e-05, 1.02550785e-05, 1.00000012, 0.707132995, -0.707080841, 1.77679067e-05, 60 change(s)]
Chamber   MovingParts.CoreAntenna.SpecialCoreAntenna2.FrontPiece.StructureDetail.Front.Model.Part ~(-49.1, 303.7, -34.1).CFrame = -49.0707703, 303.699341, -34.0703888, 0.707076967, -5.78538857e-05, -0.707136631, -9.50327012e-06, 1, -9.13171607e-05, 0.707136631, 7.12886904e-05, 0.707076967   [was -49.0707703, 303.699341, -34.0703888, 0.707076967, -5.78506515e-05, -0.707136631, -9.50799949e-06, 1, -9.13173135e-05, 0.707136631, 7.12921465e-05, 0.707076967, 60 change(s)]
Chamber   MovingParts.CoreAntenna.SpecialCoreAntenna2.FrontPiece.StructureDetail.Front.Model.Meshes/Trapezoid ~(-48.1, 299.4, -35.1).CFrame = -48.0719185, 299.437073, -35.0692749, 0.707080722, -0.707132936, -3.09244342e-06, -1.46292177e-05, -1.0254922e-05, -1.00000012, 0.707132995, 0.707080662, -1.75958576e-05   [was -48.0719185, 299.437073, -35.0692749, 0.707080722, -0.707132936, -3.09567827e-06, -1.46339471e-05, -1.02550757e-05, -1.00000012, 0.707132995, 0.707080662, -1.75993118e-05, 60 change(s)]
Chamber   MovingParts.CoreAntenna.SpecialCoreAntenna2.FrontPiece.StructureDetail.Front.Model.Meshes/Trapezoid ~(-45.1, 298.2, -38.0).CFrame = -45.1195869, 298.212128, -38.0213699, 0.707080722, 0.707133114, 3.26102463e-06, -1.46292177e-05, 1.02549247e-05, 1.00000012, 0.707132995, -0.707080841, 1.77644524e-05   [was -45.1195869, 298.212128, -38.0213699, 0.707080722, 0.707133114, 3.26425948e-06, -1.46339471e-05, 1.02550785e-05, 1.00000012, 0.707132995, -0.707080841, 1.77679067e-05, 60 change(s)]
Chamber   MovingParts.CoreAntenna.SpecialCoreAntenna2.FrontPiece.StructureDetail.Front.Model.Meshes/Trapezoid ~(-48.1, 306.8, -35.1).CFrame = -48.0718803, 306.78714, -35.0691299, 0.707080722, -0.707132936, -3.09244342e-06, -1.46292177e-05, -1.0254922e-05, -1.00000012, 0.707132995, 0.707080662, -1.75958576e-05   [was -48.0718803, 306.78714, -35.0691299, 0.707080722, -0.707132936, -3.09567827e-06, -1.46339471e-05, -1.02550757e-05, -1.00000012, 0.707132995, 0.707080662, -1.75993118e-05, 60 change(s)]
Chamber   MovingParts.CoreAntenna.SpecialCoreAntenna2.FrontPiece.StructureDetail.Front.Model.Meshes/Trapezoid ~(-46.6, 299.4, -36.5).CFrame = -46.604538, 299.437103, -36.5364914, 0.707080722, 0.707133114, 3.26102463e-06, -1.46292177e-05, 1.02549247e-05, 1.00000012, 0.707132995, -0.707080841, 1.77644524e-05   [was -46.604538, 299.437103, -36.5364914, 0.707080722, 0.707133114, 3.26425948e-06, -1.46339471e-05, 1.02550785e-05, 1.00000012, 0.707132995, -0.707080841, 1.77679067e-05, 60 change(s)]
Chamber   MovingParts.CoreAntenna.SpecialCoreAntenna2.FrontPiece.StructureDetail.Front.Model.Meshes/Trapezoid ~(-49.1, 304.3, -34.1).CFrame = -49.0618668, 304.337097, -34.079258, 0.707080722, -0.707132936, -3.09244342e-06, -1.46292177e-05, -1.0254922e-05, -1.00000012, 0.707132995, 0.707080662, -1.75958576e-05   [was -49.0618668, 304.337097, -34.079258, 0.707080722, -0.707132936, -3.09567827e-06, -1.46339471e-05, -1.02550757e-05, -1.00000012, 0.707132995, 0.707080662, -1.75993118e-05, 60 change(s)]
Chamber   MovingParts.CoreAntenna.SpecialCoreAntenna2.FrontPiece.StructureDetail.Front.Model.Meshes/Trapezoid ~(-47.1, 300.7, -36.0).CFrame = -47.0995407, 300.662109, -36.0415077, 0.707080722, 0.707133114, 3.26102463e-06, -1.46292177e-05, 1.02549247e-05, 1.00000012, 0.707132995, -0.707080841, 1.77644524e-05   [was -47.0995407, 300.662109, -36.0415077, 0.707080722, 0.707133114, 3.26425948e-06, -1.46339471e-05, 1.02550785e-05, 1.00000012, 0.707132995, -0.707080841, 1.77679067e-05, 60 change(s)]
Chamber   MovingParts.CoreAntenna.SpecialCoreAntenna2.FrontPiece.StructureDetail.Front.Model.Meshes/Trapezoid ~(-47.1, 306.8, -36.1).CFrame = -47.0818558, 306.78714, -36.059082, 0.707080722, -0.707132936, -3.09244342e-06, -1.46292177e-05, -1.0254922e-05, -1.00000012, 0.707132995, 0.707080662, -1.75958576e-05   [was -47.0818558, 306.78714, -36.059082, 0.707080722, -0.707132936, -3.09567827e-06, -1.46339471e-05, -1.02550757e-05, -1.00000012, 0.707132995, 0.707080662, -1.75993118e-05, 60 change(s)]
Chamber   MovingParts.CoreAntenna.SpecialCoreAntenna2.FrontPiece.StructureDetail.Front.Model.Meshes/Trapezoid ~(-44.1, 301.9, -39.0).CFrame = -44.1118965, 301.887146, -39.0289078, 0.707080722, -0.707132936, -3.09244342e-06, -1.46292177e-05, -1.0254922e-05, -1.00000012, 0.707132995, 0.707080662, -1.75958576e-05   [was -44.1118965, 301.887146, -39.0289078, 0.707080722, -0.707132936, -3.09567827e-06, -1.46339471e-05, -1.02550757e-05, -1.00000012, 0.707132995, 0.707080662, -1.75993118e-05, 60 change(s)]
Chamber   MovingParts.CoreAntenna.SpecialCoreAntenna2.FrontPiece.StructureDetail.Front.Model.Meshes/Trapezoid ~(-44.1, 297.0, -39.0).CFrame = -44.111927, 296.987122, -39.028965, 0.707080722, -0.707132936, -3.09244342e-06, -1.46292177e-05, -1.0254922e-05, -1.00000012, 0.707132995, 0.707080662, -1.75958576e-05   [was -44.111927, 296.987122, -39.028965, 0.707080722, -0.707132936, -3.09567827e-06, -1.46339471e-05, -1.02550757e-05, -1.00000012, 0.707132995, 0.707080662, -1.75993118e-05, 60 change(s)]
Chamber   MovingParts.CoreAntenna.SpecialCoreAntenna2.FrontPiece.StructureDetail.Front.Model.Meshes/Trapezoid ~(-44.1, 303.1, -39.0).CFrame = -44.1295929, 303.111511, -39.0111961, 0.707249761, 0.70696032, -0.00223960588, 0.00315669808, 9.87135445e-06, 0.999994993, 0.706956804, -0.707253337, -0.00222472078   [was -44.1295929, 303.111511, -39.0111961, 0.707249761, 0.70696032, -0.00223960262, 0.00315669342, 9.87150997e-06, 0.999994993, 0.706956804, -0.707253337, -0.00222471729, 60 change(s)]
Chamber   MovingParts.CoreAntenna.SpecialCoreAntenna2.FrontPiece.StructureDetail.Front.Model.Meshes/Trapezoid ~(-47.6, 305.6, -35.6).CFrame = -47.5768661, 305.562134, -35.5641403, 0.707080722, -0.707132936, -3.09244342e-06, -1.46292177e-05, -1.0254922e-05, -1.00000012, 0.707132995, 0.707080662, -1.75958576e-05   [was -47.5768661, 305.562134, -35.5641403, 0.707080722, -0.707132936, -3.09567827e-06, -1.46339471e-05, -1.02550757e-05, -1.00000012, 0.707132995, 0.707080662, -1.75993118e-05, 60 change(s)]
Chamber   MovingParts.CoreAntenna.SpecialCoreAntenna2.FrontPiece.StructureDetail.Front.Model.Meshes/Trapezoid ~(-48.6, 299.4, -34.6).CFrame = -48.5845451, 299.437073, -34.5566292, 0.707080722, 0.707133114, 3.26102463e-06, -1.46292177e-05, 1.02549247e-05, 1.00000012, 0.707132995, -0.707080841, 1.77644524e-05   [was -48.5845451, 299.437073, -34.5566292, 0.707080722, 0.707133114, 3.26425948e-06, -1.46339471e-05, 1.02550785e-05, 1.00000012, 0.707132995, -0.707080841, 1.77679067e-05, 60 change(s)]
Chamber   MovingParts.CoreAntenna.SpecialCoreAntenna2.FrontPiece.StructureDetail.Front.Model.Meshes/Trapezoid ~(-44.1, 298.2, -39.0).CFrame = -44.1295738, 298.212128, -39.0112915, 0.707080722, 0.707133114, 3.26102463e-06, -1.46292177e-05, 1.02549247e-05, 1.00000012, 0.707132995, -0.707080841, 1.77644524e-05   [was -44.1295738, 298.212128, -39.0112915, 0.707080722, 0.707133114, 3.26425948e-06, -1.46339471e-05, 1.02550785e-05, 1.00000012, 0.707132995, -0.707080841, 1.77679067e-05, 60 change(s)]
Chamber   MovingParts.CoreAntenna.SpecialCoreAntenna2.FrontPiece.StructureDetail.Front.Model.Meshes/Trapezoid ~(-48.1, 297.0, -35.1).CFrame = -48.0719147, 296.987091, -35.0693054, 0.707080722, -0.707132936, -3.09244342e-06, -1.46292177e-05, -1.0254922e-05, -1.00000012, 0.707132995, 0.707080662, -1.75958576e-05   [was -48.0719147, 296.987091, -35.0693054, 0.707080722, -0.707132936, -3.09567827e-06, -1.46339471e-05, -1.02550757e-05, -1.00000012, 0.707132995, 0.707080662, -1.75993118e-05, 60 change(s)]
Chamber   MovingParts.CoreAntenna.SpecialCoreAntenna2.FrontPiece.StructureDetail.Front.Model.Meshes/Trapezoid ~(-45.1, 305.6, -38.0).CFrame = -45.1195488, 305.562164, -38.0212708, 0.707080722, 0.707133114, 3.26102463e-06, -1.46292177e-05, 1.02549247e-05, 1.00000012, 0.707132995, -0.707080841, 1.77644524e-05   [was -45.1195488, 305.562164, -38.0212708, 0.707080722, 0.707133114, 3.26425948e-06, -1.46339471e-05, 1.02550785e-05, 1.00000012, 0.707132995, -0.707080841, 1.77679067e-05, 60 change(s)]
Chamber   MovingParts.CoreAntenna.SpecialCoreAntenna2.FrontPiece.StructureDetail.Front.Model.Meshes/Trapezoid ~(-45.6, 300.7, -37.5).CFrame = -45.5969048, 300.66214, -37.5440331, 0.707080722, -0.707132936, -3.09244342e-06, -1.46292177e-05, -1.0254922e-05, -1.00000012, 0.707132995, 0.707080662, -1.75958576e-05   [was -45.5969048, 300.66214, -37.5440331, 0.707080722, -0.707132936, -3.09567827e-06, -1.46339471e-05, -1.02550757e-05, -1.00000012, 0.707132995, 0.707080662, -1.75993118e-05, 60 change(s)]
Chamber   MovingParts.CoreAntenna.SpecialCoreAntenna2.FrontPiece.StructureDetail.Front.Model.Meshes/Trapezoid ~(-48.1, 308.0, -35.1).CFrame = -48.0895386, 308.012115, -35.0514221, 0.707080722, 0.707133114, 3.26102463e-06, -1.46292177e-05, 1.02549247e-05, 1.00000012, 0.707132995, -0.707080841, 1.77644524e-05   [was -48.0895386, 308.012115, -35.0514221, 0.707080722, 0.707133114, 3.26425948e-06, -1.46339471e-05, 1.02550785e-05, 1.00000012, 0.707132995, -0.707080841, 1.77679067e-05, 60 change(s)]
Chamber   MovingParts.CoreAntenna.SpecialCoreAntenna2.FrontPiece.StructureDetail.Front.Model.Meshes/Trapezoid ~(-46.1, 298.2, -37.0).CFrame = -46.1095657, 298.212128, -37.0314598, 0.707080722, 0.707133114, 3.26102463e-06, -1.46292177e-05, 1.02549247e-05, 1.00000012, 0.707132995, -0.707080841, 1.77644524e-05   [was -46.1095657, 298.212128, -37.0314598, 0.707080722, 0.707133114, 3.26425948e-06, -1.46339471e-05, 1.02550785e-05, 1.00000012, 0.707132995, -0.707080841, 1.77679067e-05, 60 change(s)]
Chamber   MovingParts.CoreAntenna.SpecialCoreAntenna2.FrontPiece.StructureDetail.Front.Model.Part ~(-43.6, 303.1, -39.5).CFrame = -43.6257668, 303.111908, -39.514946, -0.707076967, -5.78493782e-05, 0.707136631, -7.68042592e-05, 1, 5.00963597e-06, -0.707136631, -5.07685909e-05, -0.707076967   [was -43.6257668, 303.111908, -39.514946, -0.707076967, -5.78461404e-05, 0.707136631, -7.67995298e-05, 1, 5.00978967e-06, -0.707136631, -5.07651348e-05, -0.707076967, 60 change(s)]
Chamber   MovingParts.CoreAntenna.SpecialCoreAntenna2.FrontPiece.StructureDetail.Front.Model.Meshes/Trapezoid ~(-44.1, 309.2, -39.0).CFrame = -44.1119041, 309.237152, -39.0287666, 0.707080722, -0.707132936, -3.09244342e-06, -1.46292177e-05, -1.0254922e-05, -1.00000012, 0.707132995, 0.707080662, -1.75958576e-05   [was -44.1119041, 309.237152, -39.0287666, 0.707080722, -0.707132936, -3.09567827e-06, -1.46339471e-05, -1.02550757e-05, -1.00000012, 0.707132995, 0.707080662, -1.75993118e-05, 60 change(s)]
Chamber   MovingParts.CoreAntenna.SpecialCoreAntenna2.FrontPiece.StructureDetail.Front.Model.Meshes/Trapezoid ~(-46.6, 303.1, -36.6).CFrame = -46.5868759, 303.112122, -36.554081, 0.707080722, -0.707132936, -3.09244342e-06, -1.46292177e-05, -1.0254922e-05, -1.00000012, 0.707132995, 0.707080662, -1.75958576e-05   [was -46.5868759, 303.112122, -36.554081, 0.707080722, -0.707132936, -3.09567827e-06, -1.46339471e-05, -1.02550757e-05, -1.00000012, 0.707132995, 0.707080662, -1.75993118e-05, 60 change(s)]
Chamber   MovingParts.CoreAntenna.SpecialCoreAntenna2.FrontPiece.StructureDetail.Front.Model.Meshes/Trapezoid ~(-46.1, 297.0, -37.0).CFrame = -46.0918922, 296.987091, -37.0491486, 0.707080722, -0.707132936, -3.09244342e-06, -1.46292177e-05, -1.0254922e-05, -1.00000012, 0.707132995, 0.707080662, -1.75958576e-05   [was -46.0918922, 296.987091, -37.0491486, 0.707080722, -0.707132936, -3.09567827e-06, -1.46339471e-05, -1.02550757e-05, -1.00000012, 0.707132995, 0.707080662, -1.75993118e-05, 60 change(s)]
Chamber   MovingParts.CoreAntenna.SpecialCoreAntenna2.FrontPiece.StructureDetail.Front.Model.Meshes/Trapezoid ~(-46.1, 309.2, -37.0).CFrame = -46.0918541, 309.237122, -37.0489349, 0.707080722, -0.707132936, -3.09244342e-06, -1.46292177e-05, -1.0254922e-05, -1.00000012, 0.707132995, 0.707080662, -1.75958576e-05   [was -46.0918541, 309.237122, -37.0489349, 0.707080722, -0.707132936, -3.09567827e-06, -1.46339471e-05, -1.02550757e-05, -1.00000012, 0.707132995, 0.707080662, -1.75993118e-05, 60 change(s)]
Chamber   MovingParts.CoreAntenna.SpecialCoreAntenna2.FrontPiece.StructureDetail.Front.Model.Part ~(-43.6, 302.5, -39.5).CFrame = -43.6257477, 302.524384, -39.5149803, 0.707076967, 5.78538857e-05, 0.707136631, -9.50327012e-06, -1, 9.13171607e-05, 0.707136631, -7.12886904e-05, -0.707076967   [was -43.6257477, 302.524384, -39.5149803, 0.707076967, 5.78506515e-05, 0.707136631, -9.50799949e-06, -1, 9.13173135e-05, 0.707136631, -7.12921465e-05, -0.707076967, 60 change(s)]
Chamber   MovingParts.CoreAntenna.SpecialCoreAntenna2.FrontPiece.StructureDetail.Front.Model.Meshes/Trapezoid ~(-45.1, 299.4, -38.0).CFrame = -45.1019058, 299.437134, -38.0390167, 0.707080722, -0.707132936, -3.09244342e-06, -1.46292177e-05, -1.0254922e-05, -1.00000012, 0.707132995, 0.707080662, -1.75958576e-05   [was -45.1019058, 299.437134, -38.0390167, 0.707080722, -0.707132936, -3.09567827e-06, -1.46339471e-05, -1.02550757e-05, -1.00000012, 0.707132995, 0.707080662, -1.75993118e-05, 60 change(s)]
Chamber   MovingParts.CoreAntenna.SpecialCoreAntenna2.FrontPiece.StructureDetail.Front.Model.Meshes/Trapezoid ~(-47.6, 303.1, -35.6).CFrame = -47.5768661, 303.112122, -35.5641785, 0.707080722, -0.707132936, -3.09244342e-06, -1.46292177e-05, -1.0254922e-05, -1.00000012, 0.707132995, 0.707080662, -1.75958576e-05   [was -47.5768661, 303.112122, -35.5641785, 0.707080722, -0.707132936, -3.09567827e-06, -1.46339471e-05, -1.02550757e-05, -1.00000012, 0.707132995, 0.707080662, -1.75993118e-05, 60 change(s)]
Chamber   MovingParts.CoreAntenna.SpecialCoreAntenna2.FrontPiece.StructureDetail.Front.Model.Meshes/Trapezoid ~(-46.1, 301.9, -37.0).CFrame = -46.0918808, 301.887115, -37.0490685, 0.707080722, -0.707132936, -3.09244342e-06, -1.46292177e-05, -1.0254922e-05, -1.00000012, 0.707132995, 0.707080662, -1.75958576e-05   [was -46.0918808, 301.887115, -37.0490685, 0.707080722, -0.707132936, -3.09567827e-06, -1.46339471e-05, -1.02550757e-05, -1.00000012, 0.707132995, 0.707080662, -1.75993118e-05, 60 change(s)]
Chamber   MovingParts.CoreAntenna.SpecialCoreAntenna2.FrontPiece.StructureDetail.Front.Model.Meshes/Trapezoid ~(-45.6, 305.6, -37.5).CFrame = -45.5968742, 305.562164, -37.5439758, 0.707080722, -0.707132936, -3.09244342e-06, -1.46292177e-05, -1.0254922e-05, -1.00000012, 0.707132995, 0.707080662, -1.75958576e-05   [was -45.5968742, 305.562164, -37.5439758, 0.707080722, -0.707132936, -3.09567827e-06, -1.46339471e-05, -1.02550757e-05, -1.00000012, 0.707132995, 0.707080662, -1.75993118e-05, 60 change(s)]
Chamber   MovingParts.CoreAntenna.SpecialCoreAntenna2.FrontPiece.StructureDetail.Front.Model.Meshes/Trapezoid ~(-47.6, 304.3, -35.5).CFrame = -47.5945396, 304.337128, -35.5464859, 0.707080722, 0.707133114, 3.26102463e-06, -1.46292177e-05, 1.02549247e-05, 1.00000012, 0.707132995, -0.707080841, 1.77644524e-05   [was -47.5945396, 304.337128, -35.5464859, 0.707080722, 0.707133114, 3.26425948e-06, -1.46339471e-05, 1.02550785e-05, 1.00000012, 0.707132995, -0.707080841, 1.77679067e-05, 60 change(s)]
Chamber   MovingParts.CoreAntenna.SpecialCoreAntenna2.FrontPiece.StructureDetail.Front.Model.Meshes/Trapezoid ~(-46.1, 304.3, -37.0).CFrame = -46.0918808, 304.337158, -37.0490341, 0.707080722, -0.707132936, -3.09244342e-06, -1.46292177e-05, -1.0254922e-05, -1.00000012, 0.707132995, 0.707080662, -1.75958576e-05   [was -46.0918808, 304.337158, -37.0490341, 0.707080722, -0.707132936, -3.09567827e-06, -1.46339471e-05, -1.02550757e-05, -1.00000012, 0.707132995, 0.707080662, -1.75993118e-05, 60 change(s)]
Chamber   MovingParts.CoreAntenna.SpecialCoreAntenna2.FrontPiece.StructureDetail.Front.Model.Meshes/Trapezoid ~(-47.1, 298.2, -36.0).CFrame = -47.0995712, 298.212097, -36.0415306, 0.707080722, 0.707133114, 3.26102463e-06, -1.46292177e-05, 1.02549247e-05, 1.00000012, 0.707132995, -0.707080841, 1.77644524e-05   [was -47.0995712, 298.212097, -36.0415306, 0.707080722, 0.707133114, 3.26425948e-06, -1.46339471e-05, 1.02550785e-05, 1.00000012, 0.707132995, -0.707080841, 1.77679067e-05, 60 change(s)]
Chamber   MovingParts.CoreAntenna.SpecialCoreAntenna2.FrontPiece.StructureDetail.Front.Model.Meshes/Trapezoid ~(-47.1, 308.0, -36.0).CFrame = -47.0995216, 308.012146, -36.0413818, 0.707080722, 0.707133114, 3.26102463e-06, -1.46292177e-05, 1.02549247e-05, 1.00000012, 0.707132995, -0.707080841, 1.77644524e-05   [was -47.0995216, 308.012146, -36.0413818, 0.707080722, 0.707133114, 3.26425948e-06, -1.46339471e-05, 1.02550785e-05, 1.00000012, 0.707132995, -0.707080841, 1.77679067e-05, 60 change(s)]
Chamber   MovingParts.CoreAntenna.SpecialCoreAntenna2.FrontPiece.StructureDetail.Front.Model.Meshes/Trapezoid ~(-47.6, 299.4, -35.5).CFrame = -47.5945435, 299.437103, -35.5465622, 0.707080722, 0.707133114, 3.26102463e-06, -1.46292177e-05, 1.02549247e-05, 1.00000012, 0.707132995, -0.707080841, 1.77644524e-05   [was -47.5945435, 299.437103, -35.5465622, 0.707080722, 0.707133114, 3.26425948e-06, -1.46339471e-05, 1.02550785e-05, 1.00000012, 0.707132995, -0.707080841, 1.77679067e-05, 60 change(s)]
Chamber   MovingParts.CoreAntenna.SpecialCoreAntenna2.FrontPiece.StructureDetail.Front.Model.Meshes/Trapezoid ~(-44.6, 297.0, -38.5).CFrame = -44.6245575, 296.987122, -38.5163689, 0.707080722, 0.707133114, 3.26102463e-06, -1.46292177e-05, 1.02549247e-05, 1.00000012, 0.707132995, -0.707080841, 1.77644524e-05   [was -44.6245575, 296.987122, -38.5163689, 0.707080722, 0.707133114, 3.26425948e-06, -1.46339471e-05, 1.02550785e-05, 1.00000012, 0.707132995, -0.707080841, 1.77679067e-05, 60 change(s)]
Chamber   MovingParts.CoreAntenna.SpecialCoreAntenna2.FrontPiece.StructureDetail.Front.Model.Meshes/Trapezoid ~(-45.6, 308.0, -37.5).CFrame = -45.5968781, 308.012177, -37.5438995, 0.707080722, -0.707132936, -3.09244342e-06, -1.46292177e-05, -1.0254922e-05, -1.00000012, 0.707132995, 0.707080662, -1.75958576e-05   [was -45.5968781, 308.012177, -37.5438995, 0.707080722, -0.707132936, -3.09567827e-06, -1.46339471e-05, -1.02550757e-05, -1.00000012, 0.707132995, 0.707080662, -1.75993118e-05, 60 change(s)]
Chamber   MovingParts.CoreAntenna.SpecialCoreAntenna2.FrontPiece.StructureDetail.Front.Model.Meshes/Trapezoid ~(-48.1, 298.2, -35.1).CFrame = -48.0895767, 298.212097, -35.0516052, 0.707080722, 0.707133114, 3.26102463e-06, -1.46292177e-05, 1.02549247e-05, 1.00000012, 0.707132995, -0.707080841, 1.77644524e-05   [was -48.0895767, 298.212097, -35.0516052, 0.707080722, 0.707133114, 3.26425948e-06, -1.46339471e-05, 1.02550785e-05, 1.00000012, 0.707132995, -0.707080841, 1.77679067e-05, 60 change(s)]
Chamber   MovingParts.CoreAntenna.SpecialCoreAntenna2.FrontPiece.StructureDetail.Front.Model.Meshes/Trapezoid ~(-44.1, 306.8, -39.0).CFrame = -44.1118851, 306.78717, -39.0288239, 0.707080722, -0.707132936, -3.09244342e-06, -1.46292177e-05, -1.0254922e-05, -1.00000012, 0.707132995, 0.707080662, -1.75958576e-05   [was -44.1118851, 306.78717, -39.0288239, 0.707080722, -0.707132936, -3.09567827e-06, -1.46339471e-05, -1.02550757e-05, -1.00000012, 0.707132995, 0.707080662, -1.75993118e-05, 60 change(s)]
Chamber   MovingParts.CoreAntenna.SpecialCoreAntenna2.FrontPiece.StructureDetail.Front.Model.Meshes/Trapezoid ~(-44.6, 309.2, -38.5).CFrame = -44.6245461, 309.237152, -38.5161362, 0.707080722, 0.707133114, 3.26102463e-06, -1.46292177e-05, 1.02549247e-05, 1.00000012, 0.707132995, -0.707080841, 1.77644524e-05   [was -44.6245461, 309.237152, -38.5161362, 0.707080722, 0.707133114, 3.26425948e-06, -1.46339471e-05, 1.02550785e-05, 1.00000012, 0.707132995, -0.707080841, 1.77679067e-05, 60 change(s)]
Chamber   MovingParts.CoreAntenna.SpecialCoreAntenna2.FrontPiece.StructureDetail.Front.Model.Meshes/Trapezoid ~(-44.6, 306.8, -38.5).CFrame = -44.6245499, 306.78717, -38.5161781, 0.707080722, 0.707133114, 3.26102463e-06, -1.46292177e-05, 1.02549247e-05, 1.00000012, 0.707132995, -0.707080841, 1.77644524e-05   [was -44.6245499, 306.78717, -38.5161781, 0.707080722, 0.707133114, 3.26425948e-06, -1.46339471e-05, 1.02550785e-05, 1.00000012, 0.707132995, -0.707080841, 1.77679067e-05, 60 change(s)]
Chamber   MovingParts.CoreAntenna.SpecialCoreAntenna2.FrontPiece.StructureDetail.Front.Model.Meshes/Trapezoid ~(-44.6, 303.1, -38.5).CFrame = -44.6068954, 303.112152, -38.5339241, 0.707080722, -0.707132936, -3.09244342e-06, -1.46292177e-05, -1.0254922e-05, -1.00000012, 0.707132995, 0.707080662, -1.75958576e-05   [was -44.6068954, 303.112152, -38.5339241, 0.707080722, -0.707132936, -3.09567827e-06, -1.46339471e-05, -1.02550757e-05, -1.00000012, 0.707132995, 0.707080662, -1.75993118e-05, 60 change(s)]
Chamber   MovingParts.CoreAntenna.SpecialCoreAntenna2.FrontPiece.StructureDetail.Front.Model.Meshes/Trapezoid ~(-48.1, 305.6, -35.1).CFrame = -48.08955, 305.562134, -35.0514717, 0.707080722, 0.707133114, 3.26102463e-06, -1.46292177e-05, 1.02549247e-05, 1.00000012, 0.707132995, -0.707080841, 1.77644524e-05   [was -48.08955, 305.562134, -35.0514717, 0.707080722, 0.707133114, 3.26425948e-06, -1.46339471e-05, 1.02550785e-05, 1.00000012, 0.707132995, -0.707080841, 1.77679067e-05, 60 change(s)]
Chamber   MovingParts.CoreAntenna.SpecialCoreAntenna2.FrontPiece.StructureDetail.Front.Model.Meshes/Trapezoid ~(-45.6, 309.2, -37.5).CFrame = -45.6145248, 309.237122, -37.5262222, 0.707080722, 0.707133114, 3.26102463e-06, -1.46292177e-05, 1.02549247e-05, 1.00000012, 0.707132995, -0.707080841, 1.77644524e-05   [was -45.6145248, 309.237122, -37.5262222, 0.707080722, 0.707133114, 3.26425948e-06, -1.46339471e-05, 1.02550785e-05, 1.00000012, 0.707132995, -0.707080841, 1.77679067e-05, 60 change(s)]
Chamber   MovingParts.CoreAntenna.SpecialCoreAntenna2.FrontPiece.StructureDetail.Front.Model.Meshes/Trapezoid ~(-47.6, 309.2, -35.5).CFrame = -47.5945015, 309.237091, -35.5463791, 0.707080722, 0.707133114, 3.26102463e-06, -1.46292177e-05, 1.02549247e-05, 1.00000012, 0.707132995, -0.707080841, 1.77644524e-05   [was -47.5945015, 309.237091, -35.5463791, 0.707080722, 0.707133114, 3.26425948e-06, -1.46339471e-05, 1.02550785e-05, 1.00000012, 0.707132995, -0.707080841, 1.77679067e-05, 60 change(s)]
Chamber   MovingParts.CoreAntenna.SpecialCoreAntenna2.FrontPiece.StructureDetail.Front.Model.Meshes/Trapezoid ~(-44.6, 304.3, -38.5).CFrame = -44.6245499, 304.337189, -38.5162544, 0.707080722, 0.707133114, 3.26102463e-06, -1.46292177e-05, 1.02549247e-05, 1.00000012, 0.707132995, -0.707080841, 1.77644524e-05   [was -44.6245499, 304.337189, -38.5162544, 0.707080722, 0.707133114, 3.26425948e-06, -1.46339471e-05, 1.02550785e-05, 1.00000012, 0.707132995, -0.707080841, 1.77679067e-05, 60 change(s)]
Chamber   MovingParts.CoreAntenna.SpecialCoreAntenna2.FrontPiece.StructureDetail.Front.Model.Meshes/Trapezoid ~(-46.1, 308.0, -37.0).CFrame = -46.1095161, 308.012146, -37.031311, 0.707080722, 0.707133114, 3.26102463e-06, -1.46292177e-05, 1.02549247e-05, 1.00000012, 0.707132995, -0.707080841, 1.77644524e-05   [was -46.1095161, 308.012146, -37.031311, 0.707080722, 0.707133114, 3.26425948e-06, -1.46339471e-05, 1.02550785e-05, 1.00000012, 0.707132995, -0.707080841, 1.77679067e-05, 60 change(s)]
Chamber   MovingParts.CoreAntenna.SpecialCoreAntenna2.FrontPiece.StructureDetail.Front.Model.Meshes/Trapezoid ~(-46.1, 306.8, -37.0).CFrame = -46.0918732, 306.78717, -37.0489883, 0.707080722, -0.707132936, -3.09244342e-06, -1.46292177e-05, -1.0254922e-05, -1.00000012, 0.707132995, 0.707080662, -1.75958576e-05   [was -46.0918732, 306.78717, -37.0489883, 0.707080722, -0.707132936, -3.09567827e-06, -1.46339471e-05, -1.02550757e-05, -1.00000012, 0.707132995, 0.707080662, -1.75993118e-05, 60 change(s)]
Chamber   MovingParts.CoreAntenna.SpecialCoreAntenna2.FrontPiece.StructureDetail.Front.Model.Meshes/Trapezoid ~(-46.6, 301.9, -36.5).CFrame = -46.604557, 301.887115, -36.5364304, 0.707080722, 0.707133114, 3.26102463e-06, -1.46292177e-05, 1.02549247e-05, 1.00000012, 0.707132995, -0.707080841, 1.77644524e-05   [was -46.604557, 301.887115, -36.5364304, 0.707080722, 0.707133114, 3.26425948e-06, -1.46339471e-05, 1.02550785e-05, 1.00000012, 0.707132995, -0.707080841, 1.77679067e-05, 60 change(s)]
Chamber   MovingParts.CoreAntenna.SpecialCoreAntenna2.FrontPiece.StructureDetail.Front.Model.Meshes/Trapezoid ~(-47.1, 309.2, -36.1).CFrame = -47.0818558, 309.237122, -36.0590019, 0.707080722, -0.707132936, -3.09244342e-06, -1.46292177e-05, -1.0254922e-05, -1.00000012, 0.707132995, 0.707080662, -1.75958576e-05   [was -47.0818558, 309.237122, -36.0590019, 0.707080722, -0.707132936, -3.09567827e-06, -1.46339471e-05, -1.02550757e-05, -1.00000012, 0.707132995, 0.707080662, -1.75993118e-05, 60 change(s)]
Chamber   MovingParts.CoreAntenna.SpecialCoreAntenna2.FrontPiece.StructureDetail.Front.Model.Meshes/Trapezoid ~(-46.1, 299.4, -37.0).CFrame = -46.0918961, 299.437103, -37.0491219, 0.707080722, -0.707132936, -3.09244342e-06, -1.46292177e-05, -1.0254922e-05, -1.00000012, 0.707132995, 0.707080662, -1.75958576e-05   [was -46.0918961, 299.437103, -37.0491219, 0.707080722, -0.707132936, -3.09567827e-06, -1.46339471e-05, -1.02550757e-05, -1.00000012, 0.707132995, 0.707080662, -1.75993118e-05, 60 change(s)]
Chamber   MovingParts.CoreAntenna.SpecialCoreAntenna2.FrontPiece.StructureDetail.Front.Model.Meshes/Trapezoid ~(-48.6, 303.1, -34.6).CFrame = -48.5668945, 303.112122, -34.5742302, 0.707080722, -0.707132936, -3.09244342e-06, -1.46292177e-05, -1.0254922e-05, -1.00000012, 0.707132995, 0.707080662, -1.75958576e-05   [was -48.5668945, 303.112122, -34.5742302, 0.707080722, -0.707132936, -3.09567827e-06, -1.46339471e-05, -1.02550757e-05, -1.00000012, 0.707132995, 0.707080662, -1.75993118e-05, 60 change(s)]
Chamber   MovingParts.CoreAntenna.SpecialCoreAntenna2.FrontPiece.StructureDetail.Front.Model.Meshes/Trapezoid ~(-48.6, 306.8, -34.6).CFrame = -48.5845184, 306.787109, -34.5564957, 0.707080722, 0.707133114, 3.26102463e-06, -1.46292177e-05, 1.02549247e-05, 1.00000012, 0.707132995, -0.707080841, 1.77644524e-05   [was -48.5845184, 306.787109, -34.5564957, 0.707080722, 0.707133114, 3.26425948e-06, -1.46339471e-05, 1.02550785e-05, 1.00000012, 0.707132995, -0.707080841, 1.77679067e-05, 60 change(s)]
Chamber   MovingParts.CoreAntenna.SpecialCoreAntenna2.FrontPiece.StructureDetail.Front.Model.Meshes/Trapezoid ~(-44.1, 299.4, -39.0).CFrame = -44.1119156, 299.437134, -39.0289612, 0.707080722, -0.707132936, -3.09244342e-06, -1.46292177e-05, -1.0254922e-05, -1.00000012, 0.707132995, 0.707080662, -1.75958576e-05   [was -44.1119156, 299.437134, -39.0289612, 0.707080722, -0.707132936, -3.09567827e-06, -1.46339471e-05, -1.02550757e-05, -1.00000012, 0.707132995, 0.707080662, -1.75993118e-05, 60 change(s)]
Chamber   MovingParts.CoreAntenna.SpecialCoreAntenna2.FrontPiece.StructureDetail.Front.Model.Meshes/Trapezoid ~(-47.1, 297.0, -36.1).CFrame = -47.0819016, 296.987061, -36.059227, 0.707080722, -0.707132936, -3.09244342e-06, -1.46292177e-05, -1.0254922e-05, -1.00000012, 0.707132995, 0.707080662, -1.75958576e-05   [was -47.0819054, 296.987061, -36.059227, 0.707080722, -0.707132936, -3.09567827e-06, -1.46339471e-05, -1.02550757e-05, -1.00000012, 0.707132995, 0.707080662, -1.75993118e-05, 60 change(s)]
Chamber   MovingParts.CoreAntenna.SpecialCoreAntenna2.FrontPiece.StructureDetail.Front.Model.Meshes/Trapezoid ~(-43.6, 297.0, -39.5).CFrame = -43.6345749, 296.987122, -39.506321, 0.707080722, 0.707133114, 3.26102463e-06, -1.46292177e-05, 1.02549247e-05, 1.00000012, 0.707132995, -0.707080841, 1.77644524e-05   [was -43.6345749, 296.987122, -39.506321, 0.707080722, 0.707133114, 3.26425948e-06, -1.46339471e-05, 1.02550785e-05, 1.00000012, 0.707132995, -0.707080841, 1.77679067e-05, 60 change(s)]
Chamber   MovingParts.CoreAntenna.SpecialCoreAntenna2.FrontPiece.StructureDetail.Front.Model.Meshes/Trapezoid ~(-45.1, 301.9, -38.0).CFrame = -45.1018791, 301.887146, -38.0389977, 0.707080722, -0.707132936, -3.09244342e-06, -1.46292177e-05, -1.0254922e-05, -1.00000012, 0.707132995, 0.707080662, -1.75958576e-05   [was -45.1018791, 301.887146, -38.0389977, 0.707080722, -0.707132936, -3.09567827e-06, -1.46339471e-05, -1.02550757e-05, -1.00000012, 0.707132995, 0.707080662, -1.75993118e-05, 60 change(s)]
Chamber   MovingParts.CoreAntenna.SpecialCoreAntenna2.FrontPiece.StructureDetail.Front.Model.Meshes/Trapezoid ~(-46.1, 300.7, -37.0).CFrame = -46.109539, 300.662109, -37.0314407, 0.707080722, 0.707133114, 3.26102463e-06, -1.46292177e-05, 1.02549247e-05, 1.00000012, 0.707132995, -0.707080841, 1.77644524e-05   [was -46.109539, 300.662109, -37.0314407, 0.707080722, 0.707133114, 3.26425948e-06, -1.46339471e-05, 1.02550785e-05, 1.00000012, 0.707132995, -0.707080841, 1.77679067e-05, 60 change(s)]
Chamber   MovingParts.CoreAntenna.SpecialCoreAntenna2.FrontPiece.StructureDetail.Front.Model.Meshes/Trapezoid ~(-44.6, 300.7, -38.5).CFrame = -44.6068993, 300.66214, -38.5339622, 0.707080722, -0.707132936, -3.09244342e-06, -1.46292177e-05, -1.0254922e-05, -1.00000012, 0.707132995, 0.707080662, -1.75958576e-05   [was -44.6068993, 300.66214, -38.5339622, 0.707080722, -0.707132936, -3.09567827e-06, -1.46339471e-05, -1.02550757e-05, -1.00000012, 0.707132995, 0.707080662, -1.75993118e-05, 60 change(s)]
Chamber   MovingParts.CoreAntenna.SpecialCoreAntenna2.FrontPiece.StructureDetail.Front.Model.Meshes/Trapezoid ~(-46.6, 304.3, -36.5).CFrame = -46.6045456, 304.337158, -36.5363808, 0.707080722, 0.707133114, 3.26102463e-06, -1.46292177e-05, 1.02549247e-05, 1.00000012, 0.707132995, -0.707080841, 1.77644524e-05   [was -46.6045456, 304.337158, -36.5363808, 0.707080722, 0.707133114, 3.26425948e-06, -1.46339471e-05, 1.02550785e-05, 1.00000012, 0.707132995, -0.707080841, 1.77679067e-05, 60 change(s)]
Chamber   MovingParts.CoreAntenna.SpecialCoreAntenna2.FrontPiece.StructureDetail.Front.Model.Meshes/Trapezoid ~(-46.6, 305.6, -36.6).CFrame = -46.5868797, 305.562134, -36.5540466, 0.707080722, -0.707132936, -3.09244342e-06, -1.46292177e-05, -1.0254922e-05, -1.00000012, 0.707132995, 0.707080662, -1.75958576e-05   [was -46.5868797, 305.562134, -36.5540466, 0.707080722, -0.707132936, -3.09567827e-06, -1.46339471e-05, -1.02550757e-05, -1.00000012, 0.707132995, 0.707080662, -1.75993118e-05, 60 change(s)]
Chamber   MovingParts.CoreAntenna.SpecialCoreAntenna2.FrontPiece.StructureDetail.Front.Model.Meshes/Trapezoid ~(-49.1, 297.0, -34.1).CFrame = -49.061882, 296.987061, -34.0793839, 0.707080722, -0.707132936, -3.09244342e-06, -1.46292177e-05, -1.0254922e-05, -1.00000012, 0.707132995, 0.707080662, -1.75958576e-05   [was -49.061882, 296.987061, -34.0793839, 0.707080722, -0.707132936, -3.09567827e-06, -1.46339471e-05, -1.02550757e-05, -1.00000012, 0.707132995, 0.707080662, -1.75993118e-05, 60 change(s)]
Chamber   MovingParts.CoreAntenna.SpecialCoreAntenna2.FrontPiece.StructureDetail.Front.Model.Meshes/Trapezoid ~(-46.1, 303.1, -37.0).CFrame = -46.1095505, 303.112122, -37.0313759, 0.707080722, 0.707133114, 3.26102463e-06, -1.46292177e-05, 1.02549247e-05, 1.00000012, 0.707132995, -0.707080841, 1.77644524e-05   [was -46.1095505, 303.112122, -37.0313759, 0.707080722, 0.707133114, 3.26425948e-06, -1.46339471e-05, 1.02550785e-05, 1.00000012, 0.707132995, -0.707080841, 1.77679067e-05, 60 change(s)]
Chamber   MovingParts.CoreAntenna.SpecialCoreAntenna2.FrontPiece.StructureDetail.Front.Model.Meshes/Trapezoid ~(-49.1, 301.9, -34.1).CFrame = -49.0618744, 301.887085, -34.0793037, 0.707080722, -0.707132936, -3.09244342e-06, -1.46292177e-05, -1.0254922e-05, -1.00000012, 0.707132995, 0.707080662, -1.75958576e-05   [was -49.0618744, 301.887085, -34.0793037, 0.707080722, -0.707132936, -3.09567827e-06, -1.46339471e-05, -1.02550757e-05, -1.00000012, 0.707132995, 0.707080662, -1.75993118e-05, 60 change(s)]
Chamber   MovingParts.CoreAntenna.SpecialCoreAntenna2.FrontPiece.StructureDetail.Front.Model.Meshes/Trapezoid ~(-45.6, 298.2, -37.5).CFrame = -45.5968933, 298.212128, -37.5440979, 0.707080722, -0.707132936, -3.09244342e-06, -1.46292177e-05, -1.0254922e-05, -1.00000012, 0.707132995, 0.707080662, -1.75958576e-05   [was -45.5968933, 298.212128, -37.5440979, 0.707080722, -0.707132936, -3.09567827e-06, -1.46339471e-05, -1.02550757e-05, -1.00000012, 0.707132995, 0.707080662, -1.75993118e-05, 60 change(s)]
Chamber   MovingParts.CoreAntenna.SpecialCoreAntenna2.FrontPiece.StructureDetail.Front.Model.Meshes/Trapezoid ~(-44.1, 308.0, -39.0).CFrame = -44.1295357, 308.012177, -39.0111542, 0.707080722, 0.707133114, 3.26102463e-06, -1.46292177e-05, 1.02549247e-05, 1.00000012, 0.707132995, -0.707080841, 1.77644524e-05   [was -44.1295357, 308.012177, -39.0111542, 0.707080722, 0.707133114, 3.26425948e-06, -1.46339471e-05, 1.02550785e-05, 1.00000012, 0.707132995, -0.707080841, 1.77679067e-05, 60 change(s)]
Chamber   MovingParts.CoreAntenna.SpecialCoreAntenna2.FrontPiece.StructureDetail.Front.Model.Meshes/Trapezoid ~(-48.1, 303.1, -35.1).CFrame = -48.0895386, 303.112091, -35.0515366, 0.707080722, 0.707133114, 3.26102463e-06, -1.46292177e-05, 1.02549247e-05, 1.00000012, 0.707132995, -0.707080841, 1.77644524e-05   [was -48.0895386, 303.112091, -35.0515366, 0.707080722, 0.707133114, 3.26425948e-06, -1.46339471e-05, 1.02550785e-05, 1.00000012, 0.707132995, -0.707080841, 1.77679067e-05, 60 change(s)]
Chamber   MovingParts.CoreAntenna.SpecialCoreAntenna2.FrontPiece.StructureDetail.Front.Model.Meshes/Trapezoid ~(-48.1, 301.9, -35.1).CFrame = -48.0719032, 301.887085, -35.0692215, 0.707080722, -0.707132936, -3.09244342e-06, -1.46292177e-05, -1.0254922e-05, -1.00000012, 0.707132995, 0.707080662, -1.75958576e-05   [was -48.0719032, 301.887085, -35.0692215, 0.707080722, -0.707132936, -3.09567827e-06, -1.46339471e-05, -1.02550757e-05, -1.00000012, 0.707132995, 0.707080662, -1.75993118e-05, 60 change(s)]
Chamber   MovingParts.CoreAntenna.SpecialCoreAntenna2.FrontPiece.StructureDetail.Front.Model.Meshes/Trapezoid ~(-48.6, 300.7, -34.6).CFrame = -48.5668945, 300.662079, -34.5742645, 0.707080722, -0.707132936, -3.09244342e-06, -1.46292177e-05, -1.0254922e-05, -1.00000012, 0.707132995, 0.707080662, -1.75958576e-05   [was -48.5668945, 300.662079, -34.5742645, 0.707080722, -0.707132936, -3.09567827e-06, -1.46339471e-05, -1.02550757e-05, -1.00000012, 0.707132995, 0.707080662, -1.75993118e-05, 60 change(s)]
Chamber   MovingParts.CoreAntenna.SpecialCoreAntenna2.FrontPiece.StructureDetail.Front.Plates.Plating.CFrame = -48.0364647, 301.887054, -35.0691719, 0.707080722, -0.707132936, -3.09244342e-06, -1.46292177e-05, -1.0254922e-05, -1.00000012, 0.707132995, 0.707080662, -1.75958576e-05   [was -48.0364647, 301.887054, -35.0691719, 0.707080722, -0.707132936, -3.09567827e-06, -1.46339471e-05, -1.02550757e-05, -1.00000012, 0.707132995, 0.707080662, -1.75993118e-05, 60 change(s)]
Chamber   MovingParts.CoreAntenna.SpecialCoreAntenna2.FrontPiece.StructureDetail.Front.Plates.Part.CFrame = -43.6080742, 305.036896, -39.4972229, 0.707084358, -5.67897841e-05, 0.70712924, -9.5031628e-06, -1, -7.0807313e-05, 0.70712924, 4.33465066e-05, -0.707084358   [was -43.6080742, 305.036896, -39.4972229, 0.707084358, -5.67930183e-05, 0.70712924, -9.50789217e-06, -1, -7.08071602e-05, 0.70712924, 4.33430505e-05, -0.707084358, 60 change(s)]
Chamber   MovingParts.CoreAntenna.SpecialCoreAntenna2.FrontPiece.StructureDetail.Front.Plates.Plating ~(-48.1, 298.2, -35.0).CFrame = -48.0895691, 298.212097, -35.016201, 0.707080722, 0.707133114, 3.26102463e-06, -1.46292177e-05, 1.02549247e-05, 1.00000012, 0.707132995, -0.707080841, 1.77644524e-05   [was -48.0895691, 298.212097, -35.016201, 0.707080722, 0.707133114, 3.26425948e-06, -1.46339471e-05, 1.02550785e-05, 1.00000012, 0.707132995, -0.707080841, 1.77679067e-05, 60 change(s)]
Chamber   MovingParts.CoreAntenna.SpecialCoreAntenna2.FrontPiece.StructureDetail.Front.Plates.Plating ~(-47.6, 309.2, -35.5).CFrame = -47.5945053, 309.237122, -35.5109901, 0.707080722, 0.707133114, 3.26102463e-06, -1.46292177e-05, 1.02549247e-05, 1.00000012, 0.707132995, -0.707080841, 1.77644524e-05   [was -47.5945053, 309.237122, -35.5109901, 0.707080722, 0.707133114, 3.26425948e-06, -1.46339471e-05, 1.02550785e-05, 1.00000012, 0.707132995, -0.707080841, 1.77679067e-05, 60 change(s)]
Chamber   MovingParts.CoreAntenna.SpecialCoreAntenna2.FrontPiece.StructureDetail.Front.Plates.Plating ~(-48.1, 303.1, -35.0).CFrame = -48.0895462, 303.112091, -35.0161095, 0.707080722, 0.707133114, 3.26102463e-06, -1.46292177e-05, 1.02549247e-05, 1.00000012, 0.707132995, -0.707080841, 1.77644524e-05   [was -48.0895462, 303.112091, -35.0161095, 0.707080722, 0.707133114, 3.26425948e-06, -1.46339471e-05, 1.02550785e-05, 1.00000012, 0.707132995, -0.707080841, 1.77679067e-05, 60 change(s)]
Chamber   MovingParts.CoreAntenna.SpecialCoreAntenna2.FrontPiece.StructureDetail.Front.Plates.Plating ~(-47.1, 303.1, -36.0).CFrame = -47.0995178, 303.112091, -36.0060577, 0.707080722, 0.707133114, 3.26102463e-06, -1.46292177e-05, 1.02549247e-05, 1.00000012, 0.707132995, -0.707080841, 1.77644524e-05   [was -47.0995178, 303.112091, -36.0060577, 0.707080722, 0.707133114, 3.26425948e-06, -1.46339471e-05, 1.02550785e-05, 1.00000012, 0.707132995, -0.707080841, 1.77679067e-05, 60 change(s)]
Chamber   MovingParts.CoreAntenna.SpecialCoreAntenna2.FrontPiece.StructureDetail.Front.Plates.Part ~(-43.6, 303.6, -39.5).CFrame = -43.6080933, 303.636871, -39.497261, -0.707084358, 5.67897841e-05, 0.70712924, 9.5031628e-06, 1, -7.0807313e-05, -0.70712924, -4.33465066e-05, -0.707084358   [was -43.6080933, 303.636871, -39.497261, -0.707084358, 5.67930183e-05, 0.70712924, 9.50789217e-06, 1, -7.08071602e-05, -0.70712924, -4.33430505e-05, -0.707084358, 60 change(s)]
Chamber   MovingParts.CoreAntenna.SpecialCoreAntenna2.FrontPiece.StructureDetail.Front.Plates.Plating ~(-49.0, 309.2, -34.1).CFrame = -49.0264244, 309.237122, -34.0791779, 0.707080722, -0.707132936, -3.09244342e-06, -1.46292177e-05, -1.0254922e-05, -1.00000012, 0.707132995, 0.707080662, -1.75958576e-05   [was -49.0264244, 309.237122, -34.0791779, 0.707080722, -0.707132936, -3.09567827e-06, -1.46339471e-05, -1.02550757e-05, -1.00000012, 0.707132995, 0.707080662, -1.75993118e-05, 60 change(s)]
Chamber   MovingParts.CoreAntenna.SpecialCoreAntenna2.FrontPiece.StructureDetail.Front.Plates.Plating ~(-46.6, 309.2, -36.5).CFrame = -46.6045799, 309.237091, -36.5009117, 0.707080722, 0.707133114, 3.26102463e-06, -1.46292177e-05, 1.02549247e-05, 1.00000012, 0.707132995, -0.707080841, 1.77644524e-05   [was -46.6045799, 309.237091, -36.5009117, 0.707080722, 0.707133114, 3.26425948e-06, -1.46339471e-05, 1.02550785e-05, 1.00000012, 0.707132995, -0.707080841, 1.77679067e-05, 60 change(s)]
Chamber   MovingParts.CoreAntenna.SpecialCoreAntenna2.FrontPiece.StructureDetail.Front.Plates.Plating ~(-45.1, 306.8, -38.0).CFrame = -45.0664902, 306.787109, -38.0388451, 0.707080722, -0.707132936, -3.09244342e-06, -1.46292177e-05, -1.0254922e-05, -1.00000012, 0.707132995, 0.707080662, -1.75958576e-05   [was -45.0664902, 306.787109, -38.0388451, 0.707080722, -0.707132936, -3.09567827e-06, -1.46339471e-05, -1.02550757e-05, -1.00000012, 0.707132995, 0.707080662, -1.75993118e-05, 60 change(s)]
Chamber   MovingParts.CoreAntenna.SpecialCoreAntenna2.FrontPiece.StructureDetail.Front.Plates.Plating ~(-45.6, 305.6, -37.5).CFrame = -45.5614777, 305.562103, -37.5439224, 0.707080722, -0.707132936, -3.09244342e-06, -1.46292177e-05, -1.0254922e-05, -1.00000012, 0.707132995, 0.707080662, -1.75958576e-05   [was -45.5614777, 305.562103, -37.5439224, 0.707080722, -0.707132936, -3.09567827e-06, -1.46339471e-05, -1.02550757e-05, -1.00000012, 0.707132995, 0.707080662, -1.75993118e-05, 60 change(s)]
Chamber   MovingParts.CoreAntenna.SpecialCoreAntenna2.FrontPiece.StructureDetail.Front.Plates.Plating ~(-45.1, 303.1, -38.0).CFrame = -45.1195564, 303.112122, -37.985878, 0.707080722, 0.707133114, 3.26102463e-06, -1.46292177e-05, 1.02549247e-05, 1.00000012, 0.707132995, -0.707080841, 1.77644524e-05   [was -45.1195564, 303.112122, -37.985878, 0.707080722, 0.707133114, 3.26425948e-06, -1.46339471e-05, 1.02550785e-05, 1.00000012, 0.707132995, -0.707080841, 1.77679067e-05, 60 change(s)]
Chamber   MovingParts.CoreAntenna.SpecialCoreAntenna2.FrontPiece.StructureDetail.Front.Plates.Part ~(-43.6, 306.1, -39.5).CFrame = -43.6080894, 306.086914, -39.4972229, -0.707084358, 5.67897841e-05, 0.70712924, 9.5031628e-06, 1, -7.0807313e-05, -0.70712924, -4.33465066e-05, -0.707084358   [was -43.6080894, 306.086914, -39.4972229, -0.707084358, 5.67930183e-05, 0.70712924, 9.50789217e-06, 1, -7.08071602e-05, -0.70712924, -4.33430505e-05, -0.707084358, 60 change(s)]
Chamber   MovingParts.CoreAntenna.SpecialCoreAntenna2.FrontPiece.StructureDetail.Front.Plates.Plating ~(-45.6, 300.7, -37.5).CFrame = -45.5615311, 300.66214, -37.5440445, 0.707080722, -0.707132936, -3.09244342e-06, -1.46292177e-05, -1.0254922e-05, -1.00000012, 0.707132995, 0.707080662, -1.75958576e-05   [was -45.5615311, 300.66214, -37.5440445, 0.707080722, -0.707132936, -3.09567827e-06, -1.46339471e-05, -1.02550757e-05, -1.00000012, 0.707132995, 0.707080662, -1.75993118e-05, 60 change(s)]
Chamber   MovingParts.CoreAntenna.SpecialCoreAntenna2.FrontPiece.StructureDetail.Front.Plates.Plating ~(-45.1, 298.2, -38.0).CFrame = -45.1196022, 298.212097, -37.9859962, 0.707080722, 0.707133114, 3.26102463e-06, -1.46292177e-05, 1.02549247e-05, 1.00000012, 0.707132995, -0.707080841, 1.77644524e-05   [was -45.1196022, 298.212097, -37.9859962, 0.707080722, 0.707133114, 3.26425948e-06, -1.46339471e-05, 1.02550785e-05, 1.00000012, 0.707132995, -0.707080841, 1.77679067e-05, 60 change(s)]
Chamber   MovingParts.CoreAntenna.SpecialCoreAntenna2.FrontPiece.StructureDetail.Front.Plates.Plating ~(-46.1, 297.0, -37.0).CFrame = -46.0565376, 296.987091, -37.0491409, 0.707080722, -0.707132936, -3.09244342e-06, -1.46292177e-05, -1.0254922e-05, -1.00000012, 0.707132995, 0.707080662, -1.75958576e-05   [was -46.0565376, 296.987091, -37.0491409, 0.707080722, -0.707132936, -3.09567827e-06, -1.46339471e-05, -1.02550757e-05, -1.00000012, 0.707132995, 0.707080662, -1.75993118e-05, 60 change(s)]
Chamber   MovingParts.CoreAntenna.SpecialCoreAntenna2.FrontPiece.StructureDetail.Front.Plates.Part ~(-43.6, 305.6, -39.5).CFrame = -43.6080704, 305.56192, -39.4972153, -0.707076967, -5.78493782e-05, 0.707136631, -7.68042592e-05, 1, 5.00963597e-06, -0.707136631, -5.07685909e-05, -0.707076967   [was -43.6080704, 305.56192, -39.4972153, -0.707076967, -5.78461404e-05, 0.707136631, -7.67995298e-05, 1, 5.00978967e-06, -0.707136631, -5.07651348e-05, -0.707076967, 60 change(s)]
Chamber   MovingParts.CoreAntenna.SpecialCoreAntenna2.FrontPiece.StructureDetail.Front.Plates.Plating ~(-44.6, 305.6, -38.5).CFrame = -44.5714951, 305.562103, -38.5338326, 0.707080722, -0.707132936, -3.09244342e-06, -1.46292177e-05, -1.0254922e-05, -1.00000012, 0.707132995, 0.707080662, -1.75958576e-05   [was -44.5714951, 305.562103, -38.5338326, 0.707080722, -0.707132936, -3.09567827e-06, -1.46339471e-05, -1.02550757e-05, -1.00000012, 0.707132995, 0.707080662, -1.75993118e-05, 60 change(s)]
Chamber   MovingParts.CoreAntenna.SpecialCoreAntenna2.FrontPiece.StructureDetail.Front.Plates.Plating ~(-44.6, 300.7, -38.5).CFrame = -44.5715485, 300.66214, -38.5339546, 0.707080722, -0.707132936, -3.09244342e-06, -1.46292177e-05, -1.0254922e-05, -1.00000012, 0.707132995, 0.707080662, -1.75958576e-05   [was -44.5715485, 300.66214, -38.5339546, 0.707080722, -0.707132936, -3.09567827e-06, -1.46339471e-05, -1.02550757e-05, -1.00000012, 0.707132995, 0.707080662, -1.75993118e-05, 60 change(s)]
Chamber   MovingParts.CoreAntenna.SpecialCoreAntenna2.FrontPiece.StructureDetail.Front.Plates.Plating ~(-45.6, 297.0, -37.5).CFrame = -45.614624, 296.987091, -37.491066, 0.707080722, 0.707133114, 3.26102463e-06, -1.46292177e-05, 1.02549247e-05, 1.00000012, 0.707132995, -0.707080841, 1.77644524e-05   [was -45.614624, 296.987091, -37.491066, 0.707080722, 0.707133114, 3.26425948e-06, -1.46339471e-05, 1.02550785e-05, 1.00000012, 0.707132995, -0.707080841, 1.77679067e-05, 60 change(s)]
Chamber   MovingParts.CoreAntenna.SpecialCoreAntenna2.FrontPiece.StructureDetail.Front.Plates.Part ~(-43.6, 301.2, -39.5).CFrame = -43.6080856, 301.18692, -39.4973335, -0.707084358, 5.67897841e-05, 0.70712924, 9.5031628e-06, 1, -7.0807313e-05, -0.70712924, -4.33465066e-05, -0.707084358   [was -43.6080856, 301.18692, -39.4973335, -0.707084358, 5.67930183e-05, 0.70712924, 9.50789217e-06, 1, -7.08071602e-05, -0.70712924, -4.33430505e-05, -0.707084358, 60 change(s)]
Chamber   MovingParts.CoreAntenna.SpecialCoreAntenna2.FrontPiece.StructureDetail.Front.Plates.Plating ~(-48.5, 303.1, -34.6).CFrame = -48.5314827, 303.112091, -34.5742073, 0.707080722, -0.707132936, -3.09244342e-06, -1.46292177e-05, -1.0254922e-05, -1.00000012, 0.707132995, 0.707080662, -1.75958576e-05   [was -48.5314827, 303.112091, -34.5742073, 0.707080722, -0.707132936, -3.09567827e-06, -1.46339471e-05, -1.02550757e-05, -1.00000012, 0.707132995, 0.707080662, -1.75993118e-05, 60 change(s)]
Chamber   MovingParts.CoreAntenna.SpecialCoreAntenna2.FrontPiece.StructureDetail.Front.Plates.Plating ~(-44.6, 304.3, -38.5).CFrame = -44.6245728, 304.337128, -38.4808006, 0.707080722, 0.707133114, 3.26102463e-06, -1.46292177e-05, 1.02549247e-05, 1.00000012, 0.707132995, -0.707080841, 1.77644524e-05   [was -44.6245728, 304.337128, -38.4808006, 0.707080722, 0.707133114, 3.26425948e-06, -1.46339471e-05, 1.02550785e-05, 1.00000012, 0.707132995, -0.707080841, 1.77679067e-05, 60 change(s)]
Chamber   MovingParts.CoreAntenna.SpecialCoreAntenna2.FrontPiece.StructureDetail.Front.Plates.Plating ~(-45.6, 301.9, -37.5).CFrame = -45.6145897, 301.887146, -37.490963, 0.707080722, 0.707133114, 3.26102463e-06, -1.46292177e-05, 1.02549247e-05, 1.00000012, 0.707132995, -0.707080841, 1.77644524e-05   [was -45.6145897, 301.887146, -37.490963, 0.707080722, 0.707133114, 3.26425948e-06, -1.46339471e-05, 1.02550785e-05, 1.00000012, 0.707132995, -0.707080841, 1.77679067e-05, 60 change(s)]
Chamber   MovingParts.CoreAntenna.SpecialCoreAntenna2.FrontPiece.StructureDetail.Front.Plates.Part ~(-43.6, 300.1, -39.5).CFrame = -43.6080856, 300.136932, -39.4973488, 0.707084358, -5.67897841e-05, 0.70712924, -9.5031628e-06, -1, -7.0807313e-05, 0.70712924, 4.33465066e-05, -0.707084358   [was -43.6080856, 300.136932, -39.4973488, 0.707084358, -5.67930183e-05, 0.70712924, -9.50789217e-06, -1, -7.08071602e-05, 0.70712924, 4.33430505e-05, -0.707084358, 60 change(s)]
Chamber   MovingParts.CoreAntenna.SpecialCoreAntenna2.FrontPiece.StructureDetail.Front.Plates.Plating ~(-46.6, 298.2, -36.6).CFrame = -46.5515289, 298.212097, -36.5541496, 0.707080722, -0.707132936, -3.09244342e-06, -1.46292177e-05, -1.0254922e-05, -1.00000012, 0.707132995, 0.707080662, -1.75958576e-05   [was -46.5515289, 298.212097, -36.5541496, 0.707080722, -0.707132936, -3.09567827e-06, -1.46339471e-05, -1.02550757e-05, -1.00000012, 0.707132995, 0.707080662, -1.75993118e-05, 60 change(s)]
Chamber   MovingParts.CoreAntenna.SpecialCoreAntenna2.FrontPiece.StructureDetail.Front.Plates.Plating ~(-45.6, 309.2, -37.5).CFrame = -45.6145821, 309.237091, -37.4908485, 0.707080722, 0.707133114, 3.26102463e-06, -1.46292177e-05, 1.02549247e-05, 1.00000012, 0.707132995, -0.707080841, 1.77644524e-05   [was -45.6145821, 309.237091, -37.4908485, 0.707080722, 0.707133114, 3.26425948e-06, -1.46339471e-05, 1.02550785e-05, 1.00000012, 0.707132995, -0.707080841, 1.77679067e-05, 60 change(s)]
Chamber   MovingParts.CoreAntenna.SpecialCoreAntenna2.FrontPiece.StructureDetail.Front.Plates.Plating ~(-43.6, 304.3, -39.5).CFrame = -43.6345482, 304.337158, -39.4707489, 0.707080722, 0.707133114, 3.26102463e-06, -1.46292177e-05, 1.02549247e-05, 1.00000012, 0.707132995, -0.707080841, 1.77644524e-05   [was -43.6345482, 304.337158, -39.4707489, 0.707080722, 0.707133114, 3.26425948e-06, -1.46339471e-05, 1.02550785e-05, 1.00000012, 0.707132995, -0.707080841, 1.77679067e-05, 60 change(s)]
Chamber   MovingParts.CoreAntenna.SpecialCoreAntenna2.FrontPiece.StructureDetail.Front.Plates.Plating ~(-44.6, 301.9, -38.5).CFrame = -44.6246071, 301.887146, -38.4808731, 0.707080722, 0.707133114, 3.26102463e-06, -1.46292177e-05, 1.02549247e-05, 1.00000012, 0.707132995, -0.707080841, 1.77644524e-05   [was -44.6246071, 301.887146, -38.4808731, 0.707080722, 0.707133114, 3.26425948e-06, -1.46339471e-05, 1.02550785e-05, 1.00000012, 0.707132995, -0.707080841, 1.77679067e-05, 60 change(s)]
Chamber   MovingParts.CoreAntenna.SpecialCoreAntenna2.FrontPiece.StructureDetail.Front.Plates.Plating ~(-46.6, 297.0, -36.5).CFrame = -46.6046104, 296.987091, -36.5011215, 0.707080722, 0.707133114, 3.26102463e-06, -1.46292177e-05, 1.02549247e-05, 1.00000012, 0.707132995, -0.707080841, 1.77644524e-05   [was -46.6046104, 296.987091, -36.5011215, 0.707080722, 0.707133114, 3.26425948e-06, -1.46339471e-05, 1.02550785e-05, 1.00000012, 0.707132995, -0.707080841, 1.77679067e-05, 60 change(s)]
Chamber   MovingParts.CoreAntenna.SpecialCoreAntenna2.FrontPiece.StructureDetail.Front.Plates.Plating ~(-48.1, 300.7, -35.0).CFrame = -48.0895309, 300.662079, -35.0161743, 0.707080722, 0.707133114, 3.26102463e-06, -1.46292177e-05, 1.02549247e-05, 1.00000012, 0.707132995, -0.707080841, 1.77644524e-05   [was -48.0895309, 300.662079, -35.0161743, 0.707080722, 0.707133114, 3.26425948e-06, -1.46339471e-05, 1.02550785e-05, 1.00000012, 0.707132995, -0.707080841, 1.77679067e-05, 60 change(s)]
Chamber   MovingParts.CoreAntenna.SpecialCoreAntenna2.FrontPiece.StructureDetail.Front.Plates.Part ~(-43.6, 303.1, -39.5).CFrame = -43.6080933, 303.111908, -39.4972687, -0.707076967, -5.78493782e-05, 0.707136631, -7.68042592e-05, 1, 5.00963597e-06, -0.707136631, -5.07685909e-05, -0.707076967   [was -43.6080933, 303.111908, -39.4972687, -0.707076967, -5.78461404e-05, 0.707136631, -7.67995298e-05, 1, 5.00978967e-06, -0.707136631, -5.07651348e-05, -0.707076967, 60 change(s)]
Chamber   MovingParts.CoreAntenna.SpecialCoreAntenna2.FrontPiece.StructureDetail.Front.Plates.Plating ~(-47.5, 298.2, -35.6).CFrame = -47.5414734, 298.212128, -35.5642471, 0.707080722, -0.707132936, -3.09244342e-06, -1.46292177e-05, -1.0254922e-05, -1.00000012, 0.707132995, 0.707080662, -1.75958576e-05   [was -47.5414734, 298.212128, -35.5642471, 0.707080722, -0.707132936, -3.09567827e-06, -1.46339471e-05, -1.02550757e-05, -1.00000012, 0.707132995, 0.707080662, -1.75993118e-05, 60 change(s)]
Chamber   MovingParts.CoreAntenna.SpecialCoreAntenna2.FrontPiece.StructureDetail.Front.Plates.Plating ~(-44.6, 308.0, -38.5).CFrame = -44.5714989, 308.012115, -38.533802, 0.707080722, -0.707132936, -3.09244342e-06, -1.46292177e-05, -1.0254922e-05, -1.00000012, 0.707132995, 0.707080662, -1.75958576e-05   [was -44.5714989, 308.012115, -38.533802, 0.707080722, -0.707132936, -3.09567827e-06, -1.46339471e-05, -1.02550757e-05, -1.00000012, 0.707132995, 0.707080662, -1.75993118e-05, 60 change(s)]
Chamber   MovingParts.CoreAntenna.SpecialCoreAntenna2.FrontPiece.StructureDetail.Front.Plates.Plating ~(-46.1, 303.1, -37.0).CFrame = -46.1095924, 303.112122, -36.9959793, 0.707080722, 0.707133114, 3.26102463e-06, -1.46292177e-05, 1.02549247e-05, 1.00000012, 0.707132995, -0.707080841, 1.77644524e-05   [was -46.1095924, 303.112122, -36.9959793, 0.707080722, 0.707133114, 3.26425948e-06, -1.46339471e-05, 1.02550785e-05, 1.00000012, 0.707132995, -0.707080841, 1.77679067e-05, 60 change(s)]
Chamber   MovingParts.CoreAntenna.SpecialCoreAntenna2.FrontPiece.StructureDetail.Front.Plates.Plating ~(-49.0, 297.0, -34.1).CFrame = -49.0264816, 296.987091, -34.0793724, 0.707080722, -0.707132936, -3.09244342e-06, -1.46292177e-05, -1.0254922e-05, -1.00000012, 0.707132995, 0.707080662, -1.75958576e-05   [was -49.0264816, 296.987091, -34.0793724, 0.707080722, -0.707132936, -3.09567827e-06, -1.46339471e-05, -1.02550757e-05, -1.00000012, 0.707132995, 0.707080662, -1.75993118e-05, 60 change(s)]
Chamber   MovingParts.CoreAntenna.SpecialCoreAntenna2.FrontPiece.StructureDetail.Front.Plates.Part ~(-43.6, 302.6, -39.5).CFrame = -43.6080933, 302.586884, -39.4972801, 0.707084358, -5.67897841e-05, 0.70712924, -9.5031628e-06, -1, -7.0807313e-05, 0.70712924, 4.33465066e-05, -0.707084358   [was -43.6080933, 302.586884, -39.4972801, 0.707084358, -5.67930183e-05, 0.70712924, -9.50789217e-06, -1, -7.08071602e-05, 0.70712924, 4.33430505e-05, -0.707084358, 60 change(s)]
Chamber   MovingParts.CoreAntenna.SpecialCoreAntenna2.FrontPiece.StructureDetail.Front.Plates.Plating ~(-47.6, 299.4, -35.5).CFrame = -47.594532, 299.437073, -35.511158, 0.707080722, 0.707133114, 3.26102463e-06, -1.46292177e-05, 1.02549247e-05, 1.00000012, 0.707132995, -0.707080841, 1.77644524e-05   [was -47.594532, 299.437073, -35.511158, 0.707080722, 0.707133114, 3.26425948e-06, -1.46339471e-05, 1.02550785e-05, 1.00000012, 0.707132995, -0.707080841, 1.77679067e-05, 60 change(s)]
Chamber   MovingParts.CoreAntenna.SpecialCoreAntenna2.FrontPiece.StructureDetail.Front.Plates.Plating ~(-45.1, 309.2, -38.0).CFrame = -45.0665359, 309.237122, -38.0388527, 0.707080722, -0.707132936, -3.09244342e-06, -1.46292177e-05, -1.0254922e-05, -1.00000012, 0.707132995, 0.707080662, -1.75958576e-05   [was -45.0665359, 309.237122, -38.0388527, 0.707080722, -0.707132936, -3.09567827e-06, -1.46339471e-05, -1.02550757e-05, -1.00000012, 0.707132995, 0.707080662, -1.75993118e-05, 60 change(s)]
Chamber   MovingParts.CoreAntenna.SpecialCoreAntenna2.FrontPiece.StructureDetail.Front.Plates.Plating ~(-44.6, 306.8, -38.5).CFrame = -44.6245575, 306.787109, -38.4807472, 0.707080722, 0.707133114, 3.26102463e-06, -1.46292177e-05, 1.02549247e-05, 1.00000012, 0.707132995, -0.707080841, 1.77644524e-05   [was -44.6245575, 306.787109, -38.4807472, 0.707080722, 0.707133114, 3.26425948e-06, -1.46339471e-05, 1.02550785e-05, 1.00000012, 0.707132995, -0.707080841, 1.77679067e-05, 60 change(s)]
Chamber   MovingParts.CoreAntenna.SpecialCoreAntenna2.FrontPiece.StructureDetail.Front.Plates.Part ~(-49.1, 307.5, -34.1).CFrame = -49.0530853, 307.486816, -34.0526505, -0.707015932, -3.17700778e-06, -0.707197666, 9.50415597e-06, -1, -5.00836313e-06, -0.707197666, -1.02623071e-05, 0.707015932   [was -49.0530853, 307.486816, -34.0526505, -0.707015932, -3.18024286e-06, -0.707197666, 9.50888534e-06, -1, -5.00851638e-06, -0.707197666, -1.02657614e-05, 0.707015932, 60 change(s)]
Chamber   MovingParts.CoreAntenna.SpecialCoreAntenna2.FrontPiece.StructureDetail.Front.Plates.Plating ~(-43.6, 299.4, -39.5).CFrame = -43.634594, 299.437164, -39.470871, 0.707080722, 0.707133114, 3.26102463e-06, -1.46292177e-05, 1.02549247e-05, 1.00000012, 0.707132995, -0.707080841, 1.77644524e-05   [was -43.634594, 299.437164, -39.470871, 0.707080722, 0.707133114, 3.26425948e-06, -1.46339471e-05, 1.02550785e-05, 1.00000012, 0.707132995, -0.707080841, 1.77679067e-05, 60 change(s)]
Chamber   MovingParts.CoreAntenna.SpecialCoreAntenna2.FrontPiece.StructureDetail.Front.Plates.Plating ~(-44.6, 298.2, -38.5).CFrame = -44.5715485, 298.212128, -38.5339928, 0.707080722, -0.707132936, -3.09244342e-06, -1.46292177e-05, -1.0254922e-05, -1.00000012, 0.707132995, 0.707080662, -1.75958576e-05   [was -44.5715485, 298.212128, -38.5339928, 0.707080722, -0.707132936, -3.09567827e-06, -1.46339471e-05, -1.02550757e-05, -1.00000012, 0.707132995, 0.707080662, -1.75993118e-05, 60 change(s)]
Chamber   MovingParts.CoreAntenna.SpecialCoreAntenna2.FrontPiece.StructureDetail.Front.Plates.Plating ~(-45.1, 301.9, -38.0).CFrame = -45.066555, 301.887146, -38.0389748, 0.707080722, -0.707132936, -3.09244342e-06, -1.46292177e-05, -1.0254922e-05, -1.00000012, 0.707132995, 0.707080662, -1.75958576e-05   [was -45.066555, 301.887146, -38.0389748, 0.707080722, -0.707132936, -3.09567827e-06, -1.46339471e-05, -1.02550757e-05, -1.00000012, 0.707132995, 0.707080662, -1.75993118e-05, 60 change(s)]
Chamber   MovingParts.CoreAntenna.SpecialCoreAntenna2.FrontPiece.StructureDetail.Front.Plates.Plating ~(-46.1, 304.3, -37.0).CFrame = -46.056488, 304.337097, -37.0489883, 0.707080722, -0.707132936, -3.09244342e-06, -1.46292177e-05, -1.0254922e-05, -1.00000012, 0.707132995, 0.707080662, -1.75958576e-05   [was -46.056488, 304.337097, -37.0489883, 0.707080722, -0.707132936, -3.09567827e-06, -1.46339471e-05, -1.02550757e-05, -1.00000012, 0.707132995, 0.707080662, -1.75993118e-05, 60 change(s)]
Chamber   MovingParts.CoreAntenna.SpecialCoreAntenna2.FrontPiece.StructureDetail.Front.Plates.Plating ~(-45.6, 303.1, -37.5).CFrame = -45.5615425, 303.112122, -37.5439796, 0.707080722, -0.707132936, -3.09244342e-06, -1.46292177e-05, -1.0254922e-05, -1.00000012, 0.707132995, 0.707080662, -1.75958576e-05   [was -45.5615425, 303.112122, -37.5439796, 0.707080722, -0.707132936, -3.09567827e-06, -1.46339471e-05, -1.02550757e-05, -1.00000012, 0.707132995, 0.707080662, -1.75993118e-05, 60 change(s)]
Chamber   MovingParts.CoreAntenna.SpecialCoreAntenna2.FrontPiece.StructureDetail.Front.Plates.Part ~(-49.1, 308.0, -34.1).CFrame = -49.0530815, 308.011841, -34.052639, -0.707076967, 5.78538857e-05, -0.707136631, 9.50327012e-06, -1, -9.13171607e-05, -0.707136631, -7.12886904e-05, 0.707076967   [was -49.0530815, 308.011841, -34.052639, -0.707076967, 5.78506515e-05, -0.707136631, 9.50799949e-06, -1, -9.13173135e-05, -0.707136631, -7.12921465e-05, 0.707076967, 60 change(s)]
Chamber   MovingParts.CoreAntenna.SpecialCoreAntenna2.FrontPiece.StructureDetail.Front.Plates.Plating ~(-48.1, 305.6, -35.0).CFrame = -48.0895462, 305.562042, -35.0160751, 0.707080722, 0.707133114, 3.26102463e-06, -1.46292177e-05, 1.02549247e-05, 1.00000012, 0.707132995, -0.707080841, 1.77644524e-05   [was -48.0895462, 305.562042, -35.0160751, 0.707080722, 0.707133114, 3.26425948e-06, -1.46339471e-05, 1.02550785e-05, 1.00000012, 0.707132995, -0.707080841, 1.77679067e-05, 60 change(s)]
Chamber   MovingParts.CoreAntenna.SpecialCoreAntenna2.FrontPiece.StructureDetail.Front.Plates.Plating ~(-48.6, 306.8, -34.5).CFrame = -48.5845146, 306.787048, -34.5211029, 0.707080722, 0.707133114, 3.26102463e-06, -1.46292177e-05, 1.02549247e-05, 1.00000012, 0.707132995, -0.707080841, 1.77644524e-05   [was -48.5845146, 306.787048, -34.5211029, 0.707080722, 0.707133114, 3.26425948e-06, -1.46339471e-05, 1.02550785e-05, 1.00000012, 0.707132995, -0.707080841, 1.77679067e-05, 60 change(s)]
Chamber   MovingParts.CoreAntenna.SpecialCoreAntenna2.FrontPiece.StructureDetail.Front.Plates.Plating ~(-48.5, 300.7, -34.6).CFrame = -48.5314713, 300.662079, -34.5742722, 0.707080722, -0.707132936, -3.09244342e-06, -1.46292177e-05, -1.0254922e-05, -1.00000012, 0.707132995, 0.707080662, -1.75958576e-05   [was -48.5314713, 300.662079, -34.5742722, 0.707080722, -0.707132936, -3.09567827e-06, -1.46339471e-05, -1.02550757e-05, -1.00000012, 0.707132995, 0.707080662, -1.75993118e-05, 60 change(s)]
Chamber   MovingParts.CoreAntenna.SpecialCoreAntenna2.FrontPiece.StructureDetail.Front.Plates.Part ~(-49.1, 305.6, -34.1).CFrame = -49.0531044, 305.561798, -34.0526543, -0.707076967, 5.78538857e-05, -0.707136631, 9.50327012e-06, -1, -9.13171607e-05, -0.707136631, -7.12886904e-05, 0.707076967   [was -49.0531044, 305.561798, -34.0526543, -0.707076967, 5.78506515e-05, -0.707136631, 9.50799949e-06, -1, -9.13173135e-05, -0.707136631, -7.12921465e-05, 0.707076967, 60 change(s)]
Chamber   MovingParts.CoreAntenna.SpecialCoreAntenna2.FrontPiece.StructureDetail.Front.Plates.Plating ~(-49.0, 304.3, -34.1).CFrame = -49.0264549, 304.337067, -34.0792389, 0.707080722, -0.707132936, -3.09244342e-06, -1.46292177e-05, -1.0254922e-05, -1.00000012, 0.707132995, 0.707080662, -1.75958576e-05   [was -49.0264549, 304.337067, -34.0792389, 0.707080722, -0.707132936, -3.09567827e-06, -1.46339471e-05, -1.02550757e-05, -1.00000012, 0.707132995, 0.707080662, -1.75993118e-05, 60 change(s)]
Chamber   MovingParts.CoreAntenna.SpecialCoreAntenna2.FrontPiece.StructureDetail.Front.Plates.Plating ~(-44.1, 298.2, -39.0).CFrame = -44.129612, 298.212128, -38.9758949, 0.707080722, 0.707133114, 3.26102463e-06, -1.46292177e-05, 1.02549247e-05, 1.00000012, 0.707132995, -0.707080841, 1.77644524e-05   [was -44.129612, 298.212128, -38.9758949, 0.707080722, 0.707133114, 3.26425948e-06, -1.46339471e-05, 1.02550785e-05, 1.00000012, 0.707132995, -0.707080841, 1.77679067e-05, 60 change(s)]
Chamber   MovingParts.CoreAntenna.SpecialCoreAntenna2.FrontPiece.StructureDetail.Front.Plates.Plating ~(-43.6, 297.0, -39.5).CFrame = -43.6346245, 296.987122, -39.47089, 0.707080722, 0.707133114, 3.26102463e-06, -1.46292177e-05, 1.02549247e-05, 1.00000012, 0.707132995, -0.707080841, 1.77644524e-05   [was -43.6346245, 296.987122, -39.47089, 0.707080722, 0.707133114, 3.26425948e-06, -1.46339471e-05, 1.02550785e-05, 1.00000012, 0.707132995, -0.707080841, 1.77679067e-05, 60 change(s)]
Chamber   MovingParts.CoreAntenna.SpecialCoreAntenna2.FrontPiece.StructureDetail.Front.Plates.Part ~(-49.1, 306.1, -34.1).CFrame = -49.0530815, 306.086792, -34.0526657, 0.707015932, 3.17700778e-06, -0.707197666, -9.50415597e-06, 1, -5.00836313e-06, 0.707197666, 1.02623071e-05, 0.707015932   [was -49.0530815, 306.086792, -34.0526657, 0.707015932, 3.18024286e-06, -0.707197666, -9.50888534e-06, 1, -5.00851638e-06, 0.707197666, 1.02657614e-05, 0.707015932, 60 change(s)]
Chamber   MovingParts.CoreAntenna.SpecialCoreAntenna2.FrontPiece.StructureDetail.Front.Plates.Plating ~(-48.6, 301.9, -34.5).CFrame = -48.5845566, 301.887054, -34.5212135, 0.707080722, 0.707133114, 3.26102463e-06, -1.46292177e-05, 1.02549247e-05, 1.00000012, 0.707132995, -0.707080841, 1.77644524e-05   [was -48.5845566, 301.887054, -34.5212135, 0.707080722, 0.707133114, 3.26425948e-06, -1.46339471e-05, 1.02550785e-05, 1.00000012, 0.707132995, -0.707080841, 1.77679067e-05, 60 change(s)]
Chamber   MovingParts.CoreAntenna.SpecialCoreAntenna2.FrontPiece.StructureDetail.Front.Plates.Plating ~(-45.1, 299.4, -38.0).CFrame = -45.0665398, 299.437134, -38.0390396, 0.707080722, -0.707132936, -3.09244342e-06, -1.46292177e-05, -1.0254922e-05, -1.00000012, 0.707132995, 0.707080662, -1.75958576e-05   [was -45.0665398, 299.437134, -38.0390396, 0.707080722, -0.707132936, -3.09567827e-06, -1.46339471e-05, -1.02550757e-05, -1.00000012, 0.707132995, 0.707080662, -1.75993118e-05, 60 change(s)]
Chamber   MovingParts.CoreAntenna.SpecialCoreAntenna2.FrontPiece.StructureDetail.Front.Plates.Plating ~(-45.6, 298.2, -37.5).CFrame = -45.5615501, 298.212097, -37.5441017, 0.707080722, -0.707132936, -3.09244342e-06, -1.46292177e-05, -1.0254922e-05, -1.00000012, 0.707132995, 0.707080662, -1.75958576e-05   [was -45.5615501, 298.212097, -37.5441017, 0.707080722, -0.707132936, -3.09567827e-06, -1.46339471e-05, -1.02550757e-05, -1.00000012, 0.707132995, 0.707080662, -1.75993118e-05, 60 change(s)]
Chamber   MovingParts.CoreAntenna.SpecialCoreAntenna2.FrontPiece.StructureDetail.Front.Plates.Plating ~(-45.1, 297.0, -38.0).CFrame = -45.0665665, 296.987091, -38.0390587, 0.707080722, -0.707132936, -3.09244342e-06, -1.46292177e-05, -1.0254922e-05, -1.00000012, 0.707132995, 0.707080662, -1.75958576e-05   [was -45.0665665, 296.987091, -38.0390587, 0.707080722, -0.707132936, -3.09567827e-06, -1.46339471e-05, -1.02550757e-05, -1.00000012, 0.707132995, 0.707080662, -1.75993118e-05, 60 change(s)]
Chamber   MovingParts.CoreAntenna.SpecialCoreAntenna2.FrontPiece.StructureDetail.Front.Plates.Part ~(-43.6, 308.0, -39.5).CFrame = -43.6080666, 308.011902, -39.4972153, -0.707076967, -5.78493782e-05, 0.707136631, -7.68042592e-05, 1, 5.00963597e-06, -0.707136631, -5.07685909e-05, -0.707076967   [was -43.6080666, 308.011902, -39.4972153, -0.707076967, -5.78461404e-05, 0.707136631, -7.67995298e-05, 1, 5.00978967e-06, -0.707136631, -5.07651348e-05, -0.707076967, 60 change(s)]
Chamber   MovingParts.CoreAntenna.SpecialCoreAntenna2.FrontPiece.StructureDetail.Front.Plates.Plating ~(-47.5, 300.7, -35.6).CFrame = -47.5414658, 300.662079, -35.5642014, 0.707080722, -0.707132936, -3.09244342e-06, -1.46292177e-05, -1.0254922e-05, -1.00000012, 0.707132995, 0.707080662, -1.75958576e-05   [was -47.5414658, 300.662079, -35.5642014, 0.707080722, -0.707132936, -3.09567827e-06, -1.46339471e-05, -1.02550757e-05, -1.00000012, 0.707132995, 0.707080662, -1.75993118e-05, 60 change(s)]
Chamber   MovingParts.CoreAntenna.SpecialCoreAntenna2.FrontPiece.StructureDetail.Front.Plates.Plating ~(-45.6, 306.8, -37.5).CFrame = -45.6145172, 306.787109, -37.4908638, 0.707080722, 0.707133114, 3.26102463e-06, -1.46292177e-05, 1.02549247e-05, 1.00000012, 0.707132995, -0.707080841, 1.77644524e-05   [was -45.6145172, 306.787109, -37.4908638, 0.707080722, 0.707133114, 3.26425948e-06, -1.46339471e-05, 1.02550785e-05, 1.00000012, 0.707132995, -0.707080841, 1.77679067e-05, 60 change(s)]
Chamber   MovingParts.CoreAntenna.SpecialCoreAntenna2.FrontPiece.StructureDetail.Front.Plates.Plating ~(-44.1, 306.8, -39.0).CFrame = -44.0764885, 306.787109, -39.0287743, 0.707080722, -0.707132936, -3.09244342e-06, -1.46292177e-05, -1.0254922e-05, -1.00000012, 0.707132995, 0.707080662, -1.75958576e-05   [was -44.0764885, 306.787109, -39.0287743, 0.707080722, -0.707132936, -3.09567827e-06, -1.46339471e-05, -1.02550757e-05, -1.00000012, 0.707132995, 0.707080662, -1.75993118e-05, 60 change(s)]
Chamber   MovingParts.CoreAntenna.SpecialCoreAntenna2.FrontPiece.StructureDetail.Front.Plates.Plating ~(-47.1, 305.6, -36.0).CFrame = -47.0995216, 305.562073, -36.0059853, 0.707080722, 0.707133114, 3.26102463e-06, -1.46292177e-05, 1.02549247e-05, 1.00000012, 0.707132995, -0.707080841, 1.77644524e-05   [was -47.0995216, 305.562073, -36.0059853, 0.707080722, 0.707133114, 3.26425948e-06, -1.46339471e-05, 1.02550785e-05, 1.00000012, 0.707132995, -0.707080841, 1.77679067e-05, 60 change(s)]
Chamber   MovingParts.CoreAntenna.SpecialCoreAntenna2.FrontPiece.StructureDetail.Front.Plates.Part ~(-43.6, 307.5, -39.5).CFrame = -43.6080627, 307.486938, -39.4972191, 0.707084358, -5.67897841e-05, 0.70712924, -9.5031628e-06, -1, -7.0807313e-05, 0.70712924, 4.33465066e-05, -0.707084358   [was -43.6080627, 307.486938, -39.4972191, 0.707084358, -5.67930183e-05, 0.70712924, -9.50789217e-06, -1, -7.08071602e-05, 0.70712924, 4.33430505e-05, -0.707084358, 60 change(s)]
Chamber   MovingParts.CoreAntenna.SpecialCoreAntenna2.FrontPiece.StructureDetail.Front.Plates.Plating ~(-48.0, 304.3, -35.1).CFrame = -48.0364532, 304.337097, -35.0691681, 0.707080722, -0.707132936, -3.09244342e-06, -1.46292177e-05, -1.0254922e-05, -1.00000012, 0.707132995, 0.707080662, -1.75958576e-05   [was -48.0364532, 304.337097, -35.0691681, 0.707080722, -0.707132936, -3.09567827e-06, -1.46339471e-05, -1.02550757e-05, -1.00000012, 0.707132995, 0.707080662, -1.75993118e-05, 60 change(s)]
Chamber   MovingParts.CoreAntenna.SpecialCoreAntenna2.FrontPiece.StructureDetail.Front.Plates.Plating ~(-45.1, 308.0, -38.0).CFrame = -45.1195335, 308.012115, -37.9857864, 0.707080722, 0.707133114, 3.26102463e-06, -1.46292177e-05, 1.02549247e-05, 1.00000012, 0.707132995, -0.707080841, 1.77644524e-05   [was -45.1195335, 308.012115, -37.9857864, 0.707080722, 0.707133114, 3.26425948e-06, -1.46339471e-05, 1.02550785e-05, 1.00000012, 0.707132995, -0.707080841, 1.77679067e-05, 60 change(s)]
Chamber   MovingParts.CoreAntenna.SpecialCoreAntenna2.FrontPiece.StructureDetail.Front.Plates.Plating ~(-46.1, 301.9, -37.0).CFrame = -46.05653, 301.887115, -37.0490608, 0.707080722, -0.707132936, -3.09244342e-06, -1.46292177e-05, -1.0254922e-05, -1.00000012, 0.707132995, 0.707080662, -1.75958576e-05   [was -46.05653, 301.887115, -37.0490608, 0.707080722, -0.707132936, -3.09567827e-06, -1.46339471e-05, -1.02550757e-05, -1.00000012, 0.707132995, 0.707080662, -1.75993118e-05, 60 change(s)]
Chamber   MovingParts.CoreAntenna.SpecialCoreAntenna2.FrontPiece.StructureDetail.Front.Plates.Plating ~(-47.6, 304.3, -35.5).CFrame = -47.5945168, 304.337097, -35.5110741, 0.707080722, 0.707133114, 3.26102463e-06, -1.46292177e-05, 1.02549247e-05, 1.00000012, 0.707132995, -0.707080841, 1.77644524e-05   [was -47.5945168, 304.337097, -35.5110741, 0.707080722, 0.707133114, 3.26425948e-06, -1.46339471e-05, 1.02550785e-05, 1.00000012, 0.707132995, -0.707080841, 1.77679067e-05, 60 change(s)]
Chamber   MovingParts.CoreAntenna.SpecialCoreAntenna2.FrontPiece.StructureDetail.Front.Plates.Part ~(-49.1, 308.5, -34.1).CFrame = -49.0531006, 308.536804, -34.0526085, 0.707015932, 3.17700778e-06, -0.707197666, -9.50415597e-06, 1, -5.00836313e-06, 0.707197666, 1.02623071e-05, 0.707015932   [was -49.0531006, 308.536804, -34.0526085, 0.707015932, 3.18024286e-06, -0.707197666, -9.50888534e-06, 1, -5.00851638e-06, 0.707197666, 1.02657614e-05, 0.707015932, 60 change(s)]
Chamber   MovingParts.CoreAntenna.SpecialCoreAntenna2.FrontPiece.StructureDetail.Front.Plates.Plating ~(-44.6, 303.1, -38.5).CFrame = -44.5715027, 303.112152, -38.5338745, 0.707080722, -0.707132936, -3.09244342e-06, -1.46292177e-05, -1.0254922e-05, -1.00000012, 0.707132995, 0.707080662, -1.75958576e-05   [was -44.5715027, 303.112152, -38.5338745, 0.707080722, -0.707132936, -3.09567827e-06, -1.46339471e-05, -1.02550757e-05, -1.00000012, 0.707132995, 0.707080662, -1.75993118e-05, 60 change(s)]
Chamber   MovingParts.CoreAntenna.SpecialCoreAntenna2.FrontPiece.StructureDetail.Front.Plates.Plating ~(-46.6, 308.0, -36.6).CFrame = -46.5514565, 308.012085, -36.5539742, 0.707080722, -0.707132936, -3.09244342e-06, -1.46292177e-05, -1.0254922e-05, -1.00000012, 0.707132995, 0.707080662, -1.75958576e-05   [was -46.5514565, 308.012085, -36.5539742, 0.707080722, -0.707132936, -3.09567827e-06, -1.46339471e-05, -1.02550757e-05, -1.00000012, 0.707132995, 0.707080662, -1.75993118e-05, 60 change(s)]
Chamber   MovingParts.CoreAntenna.SpecialCoreAntenna2.FrontPiece.StructureDetail.Front.Plates.Plating ~(-46.6, 306.8, -36.5).CFrame = -46.6045189, 306.787079, -36.5009308, 0.707080722, 0.707133114, 3.26102463e-06, -1.46292177e-05, 1.02549247e-05, 1.00000012, 0.707132995, -0.707080841, 1.77644524e-05   [was -46.6045189, 306.787079, -36.5009308, 0.707080722, 0.707133114, 3.26425948e-06, -1.46339471e-05, 1.02550785e-05, 1.00000012, 0.707132995, -0.707080841, 1.77679067e-05, 60 change(s)]
Chamber   MovingParts.CoreAntenna.SpecialCoreAntenna2.FrontPiece.StructureDetail.Front.Plates.Plating ~(-48.6, 299.4, -34.5).CFrame = -48.5845337, 299.437073, -34.521225, 0.707080722, 0.707133114, 3.26102463e-06, -1.46292177e-05, 1.02549247e-05, 1.00000012, 0.707132995, -0.707080841, 1.77644524e-05   [was -48.5845337, 299.437073, -34.521225, 0.707080722, 0.707133114, 3.26425948e-06, -1.46339471e-05, 1.02550785e-05, 1.00000012, 0.707132995, -0.707080841, 1.77679067e-05, 60 change(s)]
Chamber   MovingParts.CoreAntenna.SpecialCoreAntenna2.FrontPiece.StructureDetail.Front.Plates.Part ~(-43.6, 308.5, -39.5).CFrame = -43.608078, 308.536926, -39.4971771, -0.707084358, 5.67897841e-05, 0.70712924, 9.5031628e-06, 1, -7.0807313e-05, -0.70712924, -4.33465066e-05, -0.707084358   [was -43.608078, 308.536926, -39.4971771, -0.707084358, 5.67930183e-05, 0.70712924, 9.50789217e-06, 1, -7.08071602e-05, -0.70712924, -4.33430505e-05, -0.707084358, 60 change(s)]
Chamber   MovingParts.CoreAntenna.SpecialCoreAntenna2.FrontPiece.StructureDetail.Front.Plates.Plating ~(-47.6, 301.9, -35.5).CFrame = -47.5945396, 301.887085, -35.5111313, 0.707080722, 0.707133114, 3.26102463e-06, -1.46292177e-05, 1.02549247e-05, 1.00000012, 0.707132995, -0.707080841, 1.77644524e-05   [was -47.5945396, 301.887085, -35.5111313, 0.707080722, 0.707133114, 3.26425948e-06, -1.46339471e-05, 1.02550785e-05, 1.00000012, 0.707132995, -0.707080841, 1.77679067e-05, 60 change(s)]
Chamber   MovingParts.CoreAntenna.SpecialCoreAntenna2.FrontPiece.StructureDetail.Front.Plates.Plating ~(-47.5, 308.0, -35.6).CFrame = -47.5414391, 308.012054, -35.5640678, 0.707080722, -0.707132936, -3.09244342e-06, -1.46292177e-05, -1.0254922e-05, -1.00000012, 0.707132995, 0.707080662, -1.75958576e-05   [was -47.5414391, 308.012054, -35.5640678, 0.707080722, -0.707132936, -3.09567827e-06, -1.46339471e-05, -1.02550757e-05, -1.00000012, 0.707132995, 0.707080662, -1.75993118e-05, 60 change(s)]
Chamber   MovingParts.CoreAntenna.SpecialCoreAntenna2.FrontPiece.StructureDetail.Front.Plates.Plating ~(-47.0, 299.4, -36.1).CFrame = -47.0465431, 299.437103, -36.0591774, 0.707080722, -0.707132936, -3.09244342e-06, -1.46292177e-05, -1.0254922e-05, -1.00000012, 0.707132995, 0.707080662, -1.75958576e-05   [was -47.0465431, 299.437103, -36.0591774, 0.707080722, -0.707132936, -3.09567827e-06, -1.46339471e-05, -1.02550757e-05, -1.00000012, 0.707132995, 0.707080662, -1.75993118e-05, 60 change(s)]
Chamber   MovingParts.CoreAntenna.SpecialCoreAntenna2.FrontPiece.StructureDetail.Front.Plates.Plating ~(-46.1, 309.2, -37.0).CFrame = -46.0564995, 309.237122, -37.0489235, 0.707080722, -0.707132936, -3.09244342e-06, -1.46292177e-05, -1.0254922e-05, -1.00000012, 0.707132995, 0.707080662, -1.75958576e-05   [was -46.0564995, 309.237122, -37.0489235, 0.707080722, -0.707132936, -3.09567827e-06, -1.46339471e-05, -1.02550757e-05, -1.00000012, 0.707132995, 0.707080662, -1.75993118e-05, 60 change(s)]
Chamber   MovingParts.CoreAntenna.SpecialCoreAntenna2.FrontPiece.StructureDetail.Front.Plates.Plating ~(-46.6, 303.1, -36.6).CFrame = -46.5515213, 303.112122, -36.5540695, 0.707080722, -0.707132936, -3.09244342e-06, -1.46292177e-05, -1.0254922e-05, -1.00000012, 0.707132995, 0.707080662, -1.75958576e-05   [was -46.5515213, 303.112122, -36.5540695, 0.707080722, -0.707132936, -3.09567827e-06, -1.46339471e-05, -1.02550757e-05, -1.00000012, 0.707132995, 0.707080662, -1.75993118e-05, 60 change(s)]
Chamber   MovingParts.CoreAntenna.SpecialCoreAntenna2.FrontPiece.StructureDetail.Front.Plates.Plating ~(-46.6, 299.4, -36.5).CFrame = -46.6046028, 299.437103, -36.5010796, 0.707080722, 0.707133114, 3.26102463e-06, -1.46292177e-05, 1.02549247e-05, 1.00000012, 0.707132995, -0.707080841, 1.77644524e-05   [was -46.6046028, 299.437103, -36.5010796, 0.707080722, 0.707133114, 3.26425948e-06, -1.46339471e-05, 1.02550785e-05, 1.00000012, 0.707132995, -0.707080841, 1.77679067e-05, 60 change(s)]
Chamber   MovingParts.CoreAntenna.SpecialCoreAntenna2.FrontPiece.StructureDetail.Front.Plates.Part ~(-49.1, 302.6, -34.1).CFrame = -49.053093, 302.586823, -34.0527306, -0.707015932, -3.17700778e-06, -0.707197666, 9.50415597e-06, -1, -5.00836313e-06, -0.707197666, -1.02623071e-05, 0.707015932   [was -49.053093, 302.586823, -34.0527306, -0.707015932, -3.18024286e-06, -0.707197666, 9.50888534e-06, -1, -5.00851638e-06, -0.707197666, -1.02657614e-05, 0.707015932, 60 change(s)]
Chamber   MovingParts.CoreAntenna.SpecialCoreAntenna2.FrontPiece.StructureDetail.Front.Plates.Plating ~(-46.1, 300.7, -37.0).CFrame = -46.1096039, 300.662109, -36.9960289, 0.707080722, 0.707133114, 3.26102463e-06, -1.46292177e-05, 1.02549247e-05, 1.00000012, 0.707132995, -0.707080841, 1.77644524e-05   [was -46.1096039, 300.662109, -36.9960289, 0.707080722, 0.707133114, 3.26425948e-06, -1.46339471e-05, 1.02550785e-05, 1.00000012, 0.707132995, -0.707080841, 1.77679067e-05, 60 change(s)]
Chamber   MovingParts.CoreAntenna.SpecialCoreAntenna2.FrontPiece.StructureDetail.Front.Plates.Plating ~(-44.1, 300.7, -39.0).CFrame = -44.1296158, 300.66214, -38.9758606, 0.707080722, 0.707133114, 3.26102463e-06, -1.46292177e-05, 1.02549247e-05, 1.00000012, 0.707132995, -0.707080841, 1.77644524e-05   [was -44.1296158, 300.66214, -38.9758606, 0.707080722, 0.707133114, 3.26425948e-06, -1.46339471e-05, 1.02550785e-05, 1.00000012, 0.707132995, -0.707080841, 1.77679067e-05, 60 change(s)]
Chamber   MovingParts.CoreAntenna.SpecialCoreAntenna2.FrontPiece.StructureDetail.Front.Plates.Plating ~(-45.1, 305.6, -38.0).CFrame = -45.1195412, 305.562103, -37.9858284, 0.707080722, 0.707133114, 3.26102463e-06, -1.46292177e-05, 1.02549247e-05, 1.00000012, 0.707132995, -0.707080841, 1.77644524e-05   [was -45.1195412, 305.562103, -37.9858284, 0.707080722, 0.707133114, 3.26425948e-06, -1.46339471e-05, 1.02550785e-05, 1.00000012, 0.707132995, -0.707080841, 1.77679067e-05, 60 change(s)]
Chamber   MovingParts.CoreAntenna.SpecialCoreAntenna2.FrontPiece.StructureDetail.Front.Plates.Part ~(-49.1, 303.1, -34.1).CFrame = -49.0530891, 303.111816, -34.0527153, -0.707076967, 5.78538857e-05, -0.707136631, 9.50327012e-06, -1, -9.13171607e-05, -0.707136631, -7.12886904e-05, 0.707076967   [was -49.0530891, 303.111816, -34.0527153, -0.707076967, 5.78506515e-05, -0.707136631, 9.50799949e-06, -1, -9.13173135e-05, -0.707136631, -7.12921465e-05, 0.707076967, 60 change(s)]
Chamber   MovingParts.CoreAntenna.SpecialCoreAntenna2.FrontPiece.StructureDetail.Front.Plates.Plating ~(-46.1, 305.6, -37.0).CFrame = -46.1095276, 305.562073, -36.9959221, 0.707080722, 0.707133114, 3.26102463e-06, -1.46292177e-05, 1.02549247e-05, 1.00000012, 0.707132995, -0.707080841, 1.77644524e-05   [was -46.1095276, 305.562073, -36.9959221, 0.707080722, 0.707133114, 3.26425948e-06, -1.46339471e-05, 1.02550785e-05, 1.00000012, 0.707132995, -0.707080841, 1.77679067e-05, 60 change(s)]
Chamber   MovingParts.CoreAntenna.SpecialCoreAntenna2.FrontPiece.StructureDetail.Front.Plates.Plating ~(-45.1, 300.7, -38.0).CFrame = -45.1196136, 300.66214, -37.9859276, 0.707080722, 0.707133114, 3.26102463e-06, -1.46292177e-05, 1.02549247e-05, 1.00000012, 0.707132995, -0.707080841, 1.77644524e-05   [was -45.1196136, 300.66214, -37.9859276, 0.707080722, 0.707133114, 3.26425948e-06, -1.46339471e-05, 1.02550785e-05, 1.00000012, 0.707132995, -0.707080841, 1.77679067e-05, 60 change(s)]
Chamber   MovingParts.CoreAntenna.SpecialCoreAntenna2.FrontPiece.StructureDetail.Front.Plates.Plating ~(-48.0, 309.2, -35.1).CFrame = -48.0364456, 309.237122, -35.069046, 0.707080722, -0.707132936, -3.09244342e-06, -1.46292177e-05, -1.0254922e-05, -1.00000012, 0.707132995, 0.707080662, -1.75958576e-05   [was -48.0364456, 309.237122, -35.069046, 0.707080722, -0.707132936, -3.09567827e-06, -1.46339471e-05, -1.02550757e-05, -1.00000012, 0.707132995, 0.707080662, -1.75993118e-05, 60 change(s)]
Chamber   MovingParts.CoreAntenna.SpecialCoreAntenna2.FrontPiece.StructureDetail.Front.Plates.Plating ~(-48.5, 308.0, -34.6).CFrame = -48.5314369, 308.012054, -34.5741348, 0.707080722, -0.707132936, -3.09244342e-06, -1.46292177e-05, -1.0254922e-05, -1.00000012, 0.707132995, 0.707080662, -1.75958576e-05   [was -48.5314369, 308.012054, -34.5741348, 0.707080722, -0.707132936, -3.09567827e-06, -1.46339471e-05, -1.02550757e-05, -1.00000012, 0.707132995, 0.707080662, -1.75993118e-05, 60 change(s)]
Chamber   MovingParts.CoreAntenna.SpecialCoreAntenna2.FrontPiece.StructureDetail.Front.Plates.Part ~(-49.1, 300.7, -34.1).CFrame = -49.0531082, 300.661804, -34.0527725, -0.707076967, 5.78538857e-05, -0.707136631, 9.50327012e-06, -1, -9.13171607e-05, -0.707136631, -7.12886904e-05, 0.707076967   [was -49.0531082, 300.661804, -34.0527725, -0.707076967, 5.78506515e-05, -0.707136631, 9.50799949e-06, -1, -9.13173135e-05, -0.707136631, -7.12921465e-05, 0.707076967, 60 change(s)]
Chamber   MovingParts.CoreAntenna.SpecialCoreAntenna2.FrontPiece.StructureDetail.Front.Plates.Plating ~(-47.5, 303.1, -35.6).CFrame = -47.5414543, 303.112091, -35.5641556, 0.707080722, -0.707132936, -3.09244342e-06, -1.46292177e-05, -1.0254922e-05, -1.00000012, 0.707132995, 0.707080662, -1.75958576e-05   [was -47.5414543, 303.112091, -35.5641556, 0.707080722, -0.707132936, -3.09567827e-06, -1.46339471e-05, -1.02550757e-05, -1.00000012, 0.707132995, 0.707080662, -1.75993118e-05, 60 change(s)]
Chamber   MovingParts.CoreAntenna.SpecialCoreAntenna2.FrontPiece.StructureDetail.Front.Plates.Plating ~(-45.6, 299.4, -37.5).CFrame = -45.6145859, 299.437134, -37.4910355, 0.707080722, 0.707133114, 3.26102463e-06, -1.46292177e-05, 1.02549247e-05, 1.00000012, 0.707132995, -0.707080841, 1.77644524e-05   [was -45.6145859, 299.437134, -37.4910355, 0.707080722, 0.707133114, 3.26425948e-06, -1.46339471e-05, 1.02550785e-05, 1.00000012, 0.707132995, -0.707080841, 1.77679067e-05, 60 change(s)]
Chamber   MovingParts.CoreAntenna.SpecialCoreAntenna2.FrontPiece.StructureDetail.Front.Plates.Plating ~(-47.0, 309.2, -36.1).CFrame = -47.0465088, 309.237091, -36.0590019, 0.707080722, -0.707132936, -3.09244342e-06, -1.46292177e-05, -1.0254922e-05, -1.00000012, 0.707132995, 0.707080662, -1.75958576e-05   [was -47.0465088, 309.237091, -36.0590019, 0.707080722, -0.707132936, -3.09567827e-06, -1.46339471e-05, -1.02550757e-05, -1.00000012, 0.707132995, 0.707080662, -1.75993118e-05, 60 change(s)]
Chamber   MovingParts.CoreAntenna.SpecialCoreAntenna2.FrontPiece.StructureDetail.Front.Plates.Plating ~(-46.6, 300.7, -36.6).CFrame = -46.5515327, 300.662109, -36.5541153, 0.707080722, -0.707132936, -3.09244342e-06, -1.46292177e-05, -1.0254922e-05, -1.00000012, 0.707132995, 0.707080662, -1.75958576e-05   [was -46.5515327, 300.662109, -36.5541153, 0.707080722, -0.707132936, -3.09567827e-06, -1.46339471e-05, -1.02550757e-05, -1.00000012, 0.707132995, 0.707080662, -1.75993118e-05, 60 change(s)]
Chamber   MovingParts.CoreAntenna.SpecialCoreAntenna2.FrontPiece.StructureDetail.Front.Plates.Plating ~(-48.5, 298.2, -34.6).CFrame = -48.5314674, 298.212097, -34.5743027, 0.707080722, -0.707132936, -3.09244342e-06, -1.46292177e-05, -1.0254922e-05, -1.00000012, 0.707132995, 0.707080662, -1.75958576e-05   [was -48.5314674, 298.212097, -34.5743027, 0.707080722, -0.707132936, -3.09567827e-06, -1.46339471e-05, -1.02550757e-05, -1.00000012, 0.707132995, 0.707080662, -1.75993118e-05, 60 change(s)]
Chamber   MovingParts.CoreAntenna.SpecialCoreAntenna2.FrontPiece.StructureDetail.Front.Plates.Part ~(-49.1, 301.2, -34.1).CFrame = -49.0531006, 301.186798, -34.0527573, 0.707015932, 3.17700778e-06, -0.707197666, -9.50415597e-06, 1, -5.00836313e-06, 0.707197666, 1.02623071e-05, 0.707015932   [was -49.0531006, 301.186798, -34.0527573, 0.707015932, 3.18024286e-06, -0.707197666, -9.50888534e-06, 1, -5.00851638e-06, 0.707197666, 1.02657614e-05, 0.707015932, 60 change(s)]
Chamber   MovingParts.CoreAntenna.SpecialCoreAntenna2.FrontPiece.StructureDetail.Front.Plates.Plating ~(-48.0, 299.4, -35.1).CFrame = -48.0364838, 299.437073, -35.0692291, 0.707080722, -0.707132936, -3.09244342e-06, -1.46292177e-05, -1.0254922e-05, -1.00000012, 0.707132995, 0.707080662, -1.75958576e-05   [was -48.0364838, 299.437073, -35.0692291, 0.707080722, -0.707132936, -3.09567827e-06, -1.46339471e-05, -1.02550757e-05, -1.00000012, 0.707132995, 0.707080662, -1.75993118e-05, 60 change(s)]
Chamber   MovingParts.CoreAntenna.SpecialCoreAntenna2.FrontPiece.StructureDetail.Front.Plates.Plating ~(-44.1, 301.9, -39.0).CFrame = -44.0765305, 301.887146, -39.0289307, 0.707080722, -0.707132936, -3.09244342e-06, -1.46292177e-05, -1.0254922e-05, -1.00000012, 0.707132995, 0.707080662, -1.75958576e-05   [was -44.0765305, 301.887146, -39.0289307, 0.707080722, -0.707132936, -3.09567827e-06, -1.46339471e-05, -1.02550757e-05, -1.00000012, 0.707132995, 0.707080662, -1.75993118e-05, 60 change(s)]
Chamber   MovingParts.CoreAntenna.SpecialCoreAntenna2.FrontPiece.StructureDetail.Front.Plates.Plating ~(-48.6, 297.0, -34.5).CFrame = -48.5845566, 296.987091, -34.521286, 0.707080722, 0.707133114, 3.26102463e-06, -1.46292177e-05, 1.02549247e-05, 1.00000012, 0.707132995, -0.707080841, 1.77644524e-05   [was -48.5845566, 296.987091, -34.521286, 0.707080722, 0.707133114, 3.26425948e-06, -1.46339471e-05, 1.02550785e-05, 1.00000012, 0.707132995, -0.707080841, 1.77679067e-05, 60 change(s)]
Chamber   MovingParts.CoreAntenna.SpecialCoreAntenna2.FrontPiece.StructureDetail.Front.Plates.Plating ~(-45.1, 304.3, -38.0).CFrame = -45.0664902, 304.337128, -38.0389175, 0.707080722, -0.707132936, -3.09244342e-06, -1.46292177e-05, -1.0254922e-05, -1.00000012, 0.707132995, 0.707080662, -1.75958576e-05   [was -45.0664902, 304.337128, -38.0389175, 0.707080722, -0.707132936, -3.09567827e-06, -1.46339471e-05, -1.02550757e-05, -1.00000012, 0.707132995, 0.707080662, -1.75993118e-05, 60 change(s)]
Chamber   MovingParts.CoreAntenna.SpecialCoreAntenna2.FrontPiece.StructureDetail.Front.Plates.Plating ~(-47.0, 304.3, -36.1).CFrame = -47.0464516, 304.337097, -36.0591011, 0.707080722, -0.707132936, -3.09244342e-06, -1.46292177e-05, -1.0254922e-05, -1.00000012, 0.707132995, 0.707080662, -1.75958576e-05   [was -47.0464516, 304.337097, -36.0591011, 0.707080722, -0.707132936, -3.09567827e-06, -1.46339471e-05, -1.02550757e-05, -1.00000012, 0.707132995, 0.707080662, -1.75993118e-05, 60 change(s)]
Chamber   MovingParts.CoreAntenna.SpecialCoreAntenna2.FrontPiece.StructureDetail.Front.Plates.Plating ~(-48.6, 309.2, -34.5).CFrame = -48.5845108, 309.237122, -34.5210648, 0.707080722, 0.707133114, 3.26102463e-06, -1.46292177e-05, 1.02549247e-05, 1.00000012, 0.707132995, -0.707080841, 1.77644524e-05   [was -48.5845108, 309.237122, -34.5210648, 0.707080722, 0.707133114, 3.26425948e-06, -1.46339471e-05, 1.02550785e-05, 1.00000012, 0.707132995, -0.707080841, 1.77679067e-05, 60 change(s)]
Chamber   MovingParts.CoreAntenna.SpecialCoreAntenna2.FrontPiece.StructureDetail.Front.Plates.Plating ~(-44.1, 308.0, -39.0).CFrame = -44.1295509, 308.012115, -38.9756889, 0.707080722, 0.707133114, 3.26102463e-06, -1.46292177e-05, 1.02549247e-05, 1.00000012, 0.707132995, -0.707080841, 1.77644524e-05   [was -44.1295509, 308.012115, -38.9756889, 0.707080722, 0.707133114, 3.26425948e-06, -1.46339471e-05, 1.02550785e-05, 1.00000012, 0.707132995, -0.707080841, 1.77679067e-05, 60 change(s)]
Chamber   MovingParts.CoreAntenna.SpecialCoreAntenna2.FrontPiece.StructureDetail.Front.Plates.Plating ~(-44.1, 304.3, -39.0).CFrame = -44.0764847, 304.337128, -39.0288506, 0.707080722, -0.707132936, -3.09244342e-06, -1.46292177e-05, -1.0254922e-05, -1.00000012, 0.707132995, 0.707080662, -1.75958576e-05   [was -44.0764847, 304.337128, -39.0288506, 0.707080722, -0.707132936, -3.09567827e-06, -1.46339471e-05, -1.02550757e-05, -1.00000012, 0.707132995, 0.707080662, -1.75993118e-05, 60 change(s)]
Chamber   MovingParts.CoreAntenna.SpecialCoreAntenna2.FrontPiece.StructureDetail.Front.Plates.Plating ~(-45.6, 304.3, -37.5).CFrame = -45.6145515, 304.337128, -37.4908905, 0.707080722, 0.707133114, 3.26102463e-06, -1.46292177e-05, 1.02549247e-05, 1.00000012, 0.707132995, -0.707080841, 1.77644524e-05   [was -45.6145515, 304.337128, -37.4908905, 0.707080722, 0.707133114, 3.26425948e-06, -1.46339471e-05, 1.02550785e-05, 1.00000012, 0.707132995, -0.707080841, 1.77679067e-05, 60 change(s)]
Chamber   MovingParts.CoreAntenna.SpecialCoreAntenna2.FrontPiece.StructureDetail.Front.Plates.Plating ~(-44.1, 305.6, -39.0).CFrame = -44.1295586, 305.562103, -38.9757347, 0.707080722, 0.707133114, 3.26102463e-06, -1.46292177e-05, 1.02549247e-05, 1.00000012, 0.707132995, -0.707080841, 1.77644524e-05   [was -44.1295586, 305.562103, -38.9757347, 0.707080722, 0.707133114, 3.26425948e-06, -1.46339471e-05, 1.02550785e-05, 1.00000012, 0.707132995, -0.707080841, 1.77679067e-05, 60 change(s)]
Chamber   MovingParts.CoreAntenna.SpecialCoreAntenna2.FrontPiece.StructureDetail.Front.Plates.Plating ~(-44.1, 309.2, -39.0).CFrame = -44.0765114, 309.237122, -39.0288048, 0.707080722, -0.707132936, -3.09244342e-06, -1.46292177e-05, -1.0254922e-05, -1.00000012, 0.707132995, 0.707080662, -1.75958576e-05   [was -44.0765114, 309.237122, -39.0288048, 0.707080722, -0.707132936, -3.09567827e-06, -1.46339471e-05, -1.02550757e-05, -1.00000012, 0.707132995, 0.707080662, -1.75993118e-05, 60 change(s)]
Chamber   MovingParts.CoreAntenna.SpecialCoreAntenna2.FrontPiece.StructureDetail.Front.Plates.Part ~(-49.1, 303.6, -34.1).CFrame = -49.053093, 303.63681, -34.0527115, 0.707015932, 3.17700778e-06, -0.707197666, -9.50415597e-06, 1, -5.00836313e-06, 0.707197666, 1.02623071e-05, 0.707015932   [was -49.053093, 303.63681, -34.0527115, 0.707015932, 3.18024286e-06, -0.707197666, -9.50888534e-06, 1, -5.00851638e-06, 0.707197666, 1.02657614e-05, 0.707015932, 60 change(s)]
Chamber   MovingParts.CoreAntenna.SpecialCoreAntenna2.FrontPiece.StructureDetail.Front.Plates.Plating ~(-47.1, 298.2, -36.0).CFrame = -47.0995598, 298.212128, -36.0061302, 0.707080722, 0.707133114, 3.26102463e-06, -1.46292177e-05, 1.02549247e-05, 1.00000012, 0.707132995, -0.707080841, 1.77644524e-05   [was -47.0995598, 298.212128, -36.0061302, 0.707080722, 0.707133114, 3.26425948e-06, -1.46339471e-05, 1.02550785e-05, 1.00000012, 0.707132995, -0.707080841, 1.77679067e-05, 60 change(s)]
Chamber   MovingParts.CoreAntenna.SpecialCoreAntenna2.FrontPiece.StructureDetail.Front.Plates.Plating ~(-44.6, 309.2, -38.5).CFrame = -44.6245995, 309.237122, -38.4807549, 0.707080722, 0.707133114, 3.26102463e-06, -1.46292177e-05, 1.02549247e-05, 1.00000012, 0.707132995, -0.707080841, 1.77644524e-05   [was -44.6245995, 309.237122, -38.4807549, 0.707080722, 0.707133114, 3.26425948e-06, -1.46339471e-05, 1.02550785e-05, 1.00000012, 0.707132995, -0.707080841, 1.77679067e-05, 60 change(s)]
Chamber   MovingParts.CoreAntenna.SpecialCoreAntenna2.FrontPiece.StructureDetail.Front.Plates.Plating ~(-48.0, 297.0, -35.1).CFrame = -48.0364838, 296.987091, -35.0692596, 0.707080722, -0.707132936, -3.09244342e-06, -1.46292177e-05, -1.0254922e-05, -1.00000012, 0.707132995, 0.707080662, -1.75958576e-05   [was -48.0364838, 296.987091, -35.0692596, 0.707080722, -0.707132936, -3.09567827e-06, -1.46339471e-05, -1.02550757e-05, -1.00000012, 0.707132995, 0.707080662, -1.75993118e-05, 60 change(s)]
Chamber   MovingParts.CoreAntenna.SpecialCoreAntenna2.FrontPiece.StructureDetail.Front.Plates.Plating ~(-46.1, 298.2, -37.0).CFrame = -46.1096268, 298.212128, -36.9960861, 0.707080722, 0.707133114, 3.26102463e-06, -1.46292177e-05, 1.02549247e-05, 1.00000012, 0.707132995, -0.707080841, 1.77644524e-05   [was -46.1096268, 298.212128, -36.9960861, 0.707080722, 0.707133114, 3.26425948e-06, -1.46339471e-05, 1.02550785e-05, 1.00000012, 0.707132995, -0.707080841, 1.77679067e-05, 60 change(s)]
Chamber   MovingParts.CoreAntenna.SpecialCoreAntenna2.FrontPiece.StructureDetail.Front.Plates.Part ~(-49.1, 305.0, -34.1).CFrame = -49.053093, 305.036804, -34.0526962, -0.707015932, -3.17700778e-06, -0.707197666, 9.50415597e-06, -1, -5.00836313e-06, -0.707197666, -1.02623071e-05, 0.707015932   [was -49.053093, 305.036804, -34.0526962, -0.707015932, -3.18024286e-06, -0.707197666, 9.50888534e-06, -1, -5.00851638e-06, -0.707197666, -1.02657614e-05, 0.707015932, 60 change(s)]
Chamber   MovingParts.CoreAntenna.SpecialCoreAntenna2.FrontPiece.StructureDetail.Front.Plates.Plating ~(-44.6, 299.4, -38.5).CFrame = -44.6246147, 299.437134, -38.480957, 0.707080722, 0.707133114, 3.26102463e-06, -1.46292177e-05, 1.02549247e-05, 1.00000012, 0.707132995, -0.707080841, 1.77644524e-05   [was -44.6246147, 299.437134, -38.480957, 0.707080722, 0.707133114, 3.26425948e-06, -1.46339471e-05, 1.02550785e-05, 1.00000012, 0.707132995, -0.707080841, 1.77679067e-05, 60 change(s)]
Chamber   MovingParts.CoreAntenna.SpecialCoreAntenna2.FrontPiece.StructureDetail.Front.Plates.Plating ~(-49.0, 299.4, -34.1).CFrame = -49.026474, 299.437073, -34.0793266, 0.707080722, -0.707132936, -3.09244342e-06, -1.46292177e-05, -1.0254922e-05, -1.00000012, 0.707132995, 0.707080662, -1.75958576e-05   [was -49.026474, 299.437073, -34.0793266, 0.707080722, -0.707132936, -3.09567827e-06, -1.46339471e-05, -1.02550757e-05, -1.00000012, 0.707132995, 0.707080662, -1.75993118e-05, 60 change(s)]
Chamber   MovingParts.CoreAntenna.SpecialCoreAntenna2.FrontPiece.StructureDetail.Front.Plates.Part ~(-43.6, 297.7, -39.5).CFrame = -43.6081009, 297.68689, -39.4973564, 0.707084358, -5.67897841e-05, 0.70712924, -9.5031628e-06, -1, -7.0807313e-05, 0.70712924, 4.33465066e-05, -0.707084358   [was -43.6081009, 297.68689, -39.4973564, 0.707084358, -5.67930183e-05, 0.70712924, -9.50789217e-06, -1, -7.08071602e-05, 0.70712924, 4.33430505e-05, -0.707084358, 60 change(s)]
Chamber   MovingParts.CoreAntenna.SpecialCoreAntenna2.FrontPiece.StructureDetail.Front.Plates.Plating ~(-48.0, 306.8, -35.1).CFrame = -48.0364609, 306.787048, -35.0690994, 0.707080722, -0.707132936, -3.09244342e-06, -1.46292177e-05, -1.0254922e-05, -1.00000012, 0.707132995, 0.707080662, -1.75958576e-05   [was -48.0364609, 306.787048, -35.0690994, 0.707080722, -0.707132936, -3.09567827e-06, -1.46339471e-05, -1.02550757e-05, -1.00000012, 0.707132995, 0.707080662, -1.75993118e-05, 60 change(s)]
Chamber   MovingParts.CoreAntenna.SpecialCoreAntenna2.FrontPiece.StructureDetail.Front.Plates.Plating ~(-43.6, 301.9, -39.5).CFrame = -43.6345863, 301.887177, -39.4708252, 0.707080722, 0.707133114, 3.26102463e-06, -1.46292177e-05, 1.02549247e-05, 1.00000012, 0.707132995, -0.707080841, 1.77644524e-05   [was -43.6345863, 301.887177, -39.4708252, 0.707080722, 0.707133114, 3.26425948e-06, -1.46339471e-05, 1.02550785e-05, 1.00000012, 0.707132995, -0.707080841, 1.77679067e-05, 60 change(s)]
Chamber   MovingParts.CoreAntenna.SpecialCoreAntenna2.FrontPiece.StructureDetail.Front.Plates.Plating ~(-48.5, 305.6, -34.6).CFrame = -48.5314445, 305.562042, -34.574173, 0.707080722, -0.707132936, -3.09244342e-06, -1.46292177e-05, -1.0254922e-05, -1.00000012, 0.707132995, 0.707080662, -1.75958576e-05   [was -48.5314445, 305.562042, -34.574173, 0.707080722, -0.707132936, -3.09567827e-06, -1.46339471e-05, -1.02550757e-05, -1.00000012, 0.707132995, 0.707080662, -1.75993118e-05, 60 change(s)]
Chamber   MovingParts.CoreAntenna.SpecialCoreAntenna2.FrontPiece.StructureDetail.Front.Plates.Plating ~(-46.6, 301.9, -36.5).CFrame = -46.6045799, 301.887115, -36.5010643, 0.707080722, 0.707133114, 3.26102463e-06, -1.46292177e-05, 1.02549247e-05, 1.00000012, 0.707132995, -0.707080841, 1.77644524e-05   [was -46.6045799, 301.887115, -36.5010643, 0.707080722, 0.707133114, 3.26425948e-06, -1.46339471e-05, 1.02550785e-05, 1.00000012, 0.707132995, -0.707080841, 1.77679067e-05, 60 change(s)]
Chamber   MovingParts.CoreAntenna.SpecialCoreAntenna2.FrontPiece.StructureDetail.Front.Plates.Part ~(-43.6, 298.2, -39.5).CFrame = -43.6080971, 298.211914, -39.497345, -0.707076967, -5.78493782e-05, 0.707136631, -7.68042592e-05, 1, 5.00963597e-06, -0.707136631, -5.07685909e-05, -0.707076967   [was -43.6080971, 298.211914, -39.497345, -0.707076967, -5.78461404e-05, 0.707136631, -7.67995298e-05, 1, 5.00978967e-06, -0.707136631, -5.07651348e-05, -0.707076967, 60 change(s)]
Chamber   MovingParts.CoreAntenna.SpecialCoreAntenna2.FrontPiece.StructureDetail.Front.Plates.Plating ~(-47.6, 297.0, -35.5).CFrame = -47.5945549, 296.987122, -35.5112152, 0.707080722, 0.707133114, 3.26102463e-06, -1.46292177e-05, 1.02549247e-05, 1.00000012, 0.707132995, -0.707080841, 1.77644524e-05   [was -47.5945549, 296.987122, -35.5112152, 0.707080722, 0.707133114, 3.26425948e-06, -1.46339471e-05, 1.02550785e-05, 1.00000012, 0.707132995, -0.707080841, 1.77679067e-05, 60 change(s)]
Chamber   MovingParts.CoreAntenna.SpecialCoreAntenna2.FrontPiece.StructureDetail.Front.Plates.Plating ~(-48.6, 304.3, -34.5).CFrame = -48.5845184, 304.337067, -34.5211411, 0.707080722, 0.707133114, 3.26102463e-06, -1.46292177e-05, 1.02549247e-05, 1.00000012, 0.707132995, -0.707080841, 1.77644524e-05   [was -48.5845184, 304.337067, -34.5211411, 0.707080722, 0.707133114, 3.26425948e-06, -1.46339471e-05, 1.02550785e-05, 1.00000012, 0.707132995, -0.707080841, 1.77679067e-05, 60 change(s)]
Chamber   MovingParts.CoreAntenna.SpecialCoreAntenna2.FrontPiece.StructureDetail.Front.Plates.Plating ~(-47.5, 305.6, -35.6).CFrame = -47.5414619, 305.562073, -35.5640831, 0.707080722, -0.707132936, -3.09244342e-06, -1.46292177e-05, -1.0254922e-05, -1.00000012, 0.707132995, 0.707080662, -1.75958576e-05   [was -47.5414619, 305.562073, -35.5640831, 0.707080722, -0.707132936, -3.09567827e-06, -1.46339471e-05, -1.02550757e-05, -1.00000012, 0.707132995, 0.707080662, -1.75993118e-05, 60 change(s)]
Chamber   MovingParts.CoreAntenna.SpecialCoreAntenna2.FrontPiece.StructureDetail.Front.Plates.Plating ~(-49.0, 301.9, -34.1).CFrame = -49.0264359, 301.887054, -34.0792999, 0.707080722, -0.707132936, -3.09244342e-06, -1.46292177e-05, -1.0254922e-05, -1.00000012, 0.707132995, 0.707080662, -1.75958576e-05   [was -49.0264359, 301.887054, -34.0792999, 0.707080722, -0.707132936, -3.09567827e-06, -1.46339471e-05, -1.02550757e-05, -1.00000012, 0.707132995, 0.707080662, -1.75993118e-05, 60 change(s)]
Chamber   MovingParts.CoreAntenna.SpecialCoreAntenna2.FrontPiece.StructureDetail.Front.Plates.Plating ~(-43.6, 309.2, -39.5).CFrame = -43.6345596, 309.237152, -39.4706955, 0.707080722, 0.707133114, 3.26102463e-06, -1.46292177e-05, 1.02549247e-05, 1.00000012, 0.707132995, -0.707080841, 1.77644524e-05   [was -43.6345596, 309.237152, -39.4706955, 0.707080722, 0.707133114, 3.26425948e-06, -1.46339471e-05, 1.02550785e-05, 1.00000012, 0.707132995, -0.707080841, 1.77679067e-05, 60 change(s)]
Chamber   MovingParts.CoreAntenna.SpecialCoreAntenna2.FrontPiece.StructureDetail.Front.Plates.Part ~(-43.6, 298.7, -39.5).CFrame = -43.6080894, 298.736877, -39.4973755, -0.707084358, 5.67897841e-05, 0.70712924, 9.5031628e-06, 1, -7.0807313e-05, -0.70712924, -4.33465066e-05, -0.707084358   [was -43.6080894, 298.736877, -39.4973755, -0.707084358, 5.67930183e-05, 0.70712924, 9.50789217e-06, 1, -7.08071602e-05, -0.70712924, -4.33430505e-05, -0.707084358, 60 change(s)]
Chamber   MovingParts.CoreAntenna.SpecialCoreAntenna2.FrontPiece.StructureDetail.Front.Plates.Plating ~(-46.1, 299.4, -37.0).CFrame = -46.05653, 299.437103, -37.049099, 0.707080722, -0.707132936, -3.09244342e-06, -1.46292177e-05, -1.0254922e-05, -1.00000012, 0.707132995, 0.707080662, -1.75958576e-05   [was -46.05653, 299.437103, -37.049099, 0.707080722, -0.707132936, -3.09567827e-06, -1.46339471e-05, -1.02550757e-05, -1.00000012, 0.707132995, 0.707080662, -1.75993118e-05, 60 change(s)]
Chamber   MovingParts.CoreAntenna.SpecialCoreAntenna2.FrontPiece.StructureDetail.Front.Plates.Plating ~(-46.6, 304.3, -36.5).CFrame = -46.6045303, 304.337097, -36.5009804, 0.707080722, 0.707133114, 3.26102463e-06, -1.46292177e-05, 1.02549247e-05, 1.00000012, 0.707132995, -0.707080841, 1.77644524e-05   [was -46.6045303, 304.337097, -36.5009804, 0.707080722, 0.707133114, 3.26425948e-06, -1.46339471e-05, 1.02550785e-05, 1.00000012, 0.707132995, -0.707080841, 1.77679067e-05, 60 change(s)]
Chamber   MovingParts.CoreAntenna.SpecialCoreAntenna2.FrontPiece.StructureDetail.Front.Plates.Plating ~(-47.0, 306.8, -36.1).CFrame = -47.0464592, 306.787079, -36.0590286, 0.707080722, -0.707132936, -3.09244342e-06, -1.46292177e-05, -1.0254922e-05, -1.00000012, 0.707132995, 0.707080662, -1.75958576e-05   [was -47.0464592, 306.787079, -36.0590286, 0.707080722, -0.707132936, -3.09567827e-06, -1.46339471e-05, -1.02550757e-05, -1.00000012, 0.707132995, 0.707080662, -1.75993118e-05, 60 change(s)]
Chamber   MovingParts.CoreAntenna.SpecialCoreAntenna2.FrontPiece.StructureDetail.Front.Plates.Part ~(-43.6, 300.7, -39.5).CFrame = -43.608078, 300.661896, -39.4973335, -0.707076967, -5.78493782e-05, 0.707136631, -7.68042592e-05, 1, 5.00963597e-06, -0.707136631, -5.07685909e-05, -0.707076967   [was -43.608078, 300.661896, -39.4973335, -0.707076967, -5.78461404e-05, 0.707136631, -7.67995298e-05, 1, 5.00978967e-06, -0.707136631, -5.07651348e-05, -0.707076967, 60 change(s)]
Chamber   MovingParts.CoreAntenna.SpecialCoreAntenna2.FrontPiece.StructureDetail.Front.Plates.Plating ~(-46.6, 305.6, -36.6).CFrame = -46.5514832, 305.562073, -36.5539932, 0.707080722, -0.707132936, -3.09244342e-06, -1.46292177e-05, -1.0254922e-05, -1.00000012, 0.707132995, 0.707080662, -1.75958576e-05   [was -46.5514832, 305.562073, -36.5539932, 0.707080722, -0.707132936, -3.09567827e-06, -1.46339471e-05, -1.02550757e-05, -1.00000012, 0.707132995, 0.707080662, -1.75993118e-05, 60 change(s)]
Chamber   MovingParts.CoreAntenna.SpecialCoreAntenna2.FrontPiece.StructureDetail.Front.Plates.Plating ~(-48.1, 308.0, -35.0).CFrame = -48.0895271, 308.012054, -35.0160217, 0.707080722, 0.707133114, 3.26102463e-06, -1.46292177e-05, 1.02549247e-05, 1.00000012, 0.707132995, -0.707080841, 1.77644524e-05   [was -48.0895271, 308.012054, -35.0160217, 0.707080722, 0.707133114, 3.26425948e-06, -1.46339471e-05, 1.02550785e-05, 1.00000012, 0.707132995, -0.707080841, 1.77679067e-05, 60 change(s)]
Chamber   MovingParts.CoreAntenna.SpecialCoreAntenna2.FrontPiece.StructureDetail.Front.Plates.Part ~(-49.1, 298.7, -34.1).CFrame = -49.0531197, 298.736786, -34.0528107, 0.707015932, 3.17700778e-06, -0.707197666, -9.50415597e-06, 1, -5.00836313e-06, 0.707197666, 1.02623071e-05, 0.707015932   [was -49.0531197, 298.736786, -34.0528107, 0.707015932, 3.18024286e-06, -0.707197666, -9.50888534e-06, 1, -5.00851638e-06, 0.707197666, 1.02657614e-05, 0.707015932, 60 change(s)]
Chamber   MovingParts.CoreAntenna.SpecialCoreAntenna2.FrontPiece.StructureDetail.Front.Plates.Plating ~(-49.0, 306.8, -34.1).CFrame = -49.0264397, 306.787048, -34.0791855, 0.707080722, -0.707132936, -3.09244342e-06, -1.46292177e-05, -1.0254922e-05, -1.00000012, 0.707132995, 0.707080662, -1.75958576e-05   [was -49.0264397, 306.787048, -34.0791855, 0.707080722, -0.707132936, -3.09567827e-06, -1.46339471e-05, -1.02550757e-05, -1.00000012, 0.707132995, 0.707080662, -1.75993118e-05, 60 change(s)]
Chamber   MovingParts.CoreAntenna.SpecialCoreAntenna2.FrontPiece.StructureDetail.Front.Plates.Plating ~(-47.1, 300.7, -36.0).CFrame = -47.0995255, 300.662109, -36.0061035, 0.707080722, 0.707133114, 3.26102463e-06, -1.46292177e-05, 1.02549247e-05, 1.00000012, 0.707132995, -0.707080841, 1.77644524e-05   [was -47.0995255, 300.662109, -36.0061035, 0.707080722, 0.707133114, 3.26425948e-06, -1.46339471e-05, 1.02550785e-05, 1.00000012, 0.707132995, -0.707080841, 1.77679067e-05, 60 change(s)]
Chamber   MovingParts.CoreAntenna.SpecialCoreAntenna2.FrontPiece.StructureDetail.Front.Plates.Plating ~(-47.0, 297.0, -36.1).CFrame = -47.0465508, 296.987091, -36.0592194, 0.707080722, -0.707132936, -3.09244342e-06, -1.46292177e-05, -1.0254922e-05, -1.00000012, 0.707132995, 0.707080662, -1.75958576e-05   [was -47.0465508, 296.987091, -36.0592194, 0.707080722, -0.707132936, -3.09567827e-06, -1.46339471e-05, -1.02550757e-05, -1.00000012, 0.707132995, 0.707080662, -1.75993118e-05, 60 change(s)]
Chamber   MovingParts.CoreAntenna.SpecialCoreAntenna2.FrontPiece.StructureDetail.Front.Plates.Plating ~(-47.1, 308.0, -36.0).CFrame = -47.099514, 308.012054, -36.0059853, 0.707080722, 0.707133114, 3.26102463e-06, -1.46292177e-05, 1.02549247e-05, 1.00000012, 0.707132995, -0.707080841, 1.77644524e-05   [was -47.099514, 308.012054, -36.0059853, 0.707080722, 0.707133114, 3.26425948e-06, -1.46339471e-05, 1.02550785e-05, 1.00000012, 0.707132995, -0.707080841, 1.77679067e-05, 60 change(s)]
Chamber   MovingParts.CoreAntenna.SpecialCoreAntenna2.FrontPiece.StructureDetail.Front.Plates.Plating ~(-44.1, 297.0, -39.0).CFrame = -44.076561, 296.987122, -39.0289917, 0.707080722, -0.707132936, -3.09244342e-06, -1.46292177e-05, -1.0254922e-05, -1.00000012, 0.707132995, 0.707080662, -1.75958576e-05   [was -44.076561, 296.987122, -39.0289917, 0.707080722, -0.707132936, -3.09567827e-06, -1.46339471e-05, -1.02550757e-05, -1.00000012, 0.707132995, 0.707080662, -1.75993118e-05, 60 change(s)]
Chamber   MovingParts.CoreAntenna.SpecialCoreAntenna2.FrontPiece.StructureDetail.Front.Plates.Part ~(-49.1, 300.1, -34.1).CFrame = -49.0531082, 300.13681, -34.0527802, -0.707015932, -3.17700778e-06, -0.707197666, 9.50415597e-06, -1, -5.00836313e-06, -0.707197666, -1.02623071e-05, 0.707015932   [was -49.0531082, 300.13681, -34.0527802, -0.707015932, -3.18024286e-06, -0.707197666, 9.50888534e-06, -1, -5.00851638e-06, -0.707197666, -1.02657614e-05, 0.707015932, 60 change(s)]
Chamber   MovingParts.CoreAntenna.SpecialCoreAntenna2.FrontPiece.StructureDetail.Front.Plates.Plating ~(-44.1, 299.4, -39.0).CFrame = -44.0765266, 299.437164, -39.0289612, 0.707080722, -0.707132936, -3.09244342e-06, -1.46292177e-05, -1.0254922e-05, -1.00000012, 0.707132995, 0.707080662, -1.75958576e-05   [was -44.0765266, 299.437164, -39.0289612, 0.707080722, -0.707132936, -3.09567827e-06, -1.46339471e-05, -1.02550757e-05, -1.00000012, 0.707132995, 0.707080662, -1.75993118e-05, 60 change(s)]
Chamber   MovingParts.CoreAntenna.SpecialCoreAntenna2.FrontPiece.StructureDetail.Front.Plates.Plating ~(-45.6, 308.0, -37.5).CFrame = -45.5614738, 308.012085, -37.5438843, 0.707080722, -0.707132936, -3.09244342e-06, -1.46292177e-05, -1.0254922e-05, -1.00000012, 0.707132995, 0.707080662, -1.75958576e-05   [was -45.5614738, 308.012085, -37.5438843, 0.707080722, -0.707132936, -3.09567827e-06, -1.46339471e-05, -1.02550757e-05, -1.00000012, 0.707132995, 0.707080662, -1.75993118e-05, 60 change(s)]
Chamber   MovingParts.CoreAntenna.SpecialCoreAntenna2.FrontPiece.StructureDetail.Front.Plates.Plating ~(-46.1, 308.0, -37.0).CFrame = -46.1094971, 308.012085, -36.9958992, 0.707080722, 0.707133114, 3.26102463e-06, -1.46292177e-05, 1.02549247e-05, 1.00000012, 0.707132995, -0.707080841, 1.77644524e-05   [was -46.1094971, 308.012085, -36.9958992, 0.707080722, 0.707133114, 3.26425948e-06, -1.46339471e-05, 1.02550785e-05, 1.00000012, 0.707132995, -0.707080841, 1.77679067e-05, 60 change(s)]
Chamber   MovingParts.CoreAntenna.SpecialCoreAntenna2.FrontPiece.StructureDetail.Front.Plates.Part ~(-49.1, 298.2, -34.1).CFrame = -49.0531311, 298.211792, -34.0527878, -0.707076967, 5.78538857e-05, -0.707136631, 9.50327012e-06, -1, -9.13171607e-05, -0.707136631, -7.12886904e-05, 0.707076967   [was -49.0531311, 298.211792, -34.0527878, -0.707076967, 5.78506515e-05, -0.707136631, 9.50799949e-06, -1, -9.13173135e-05, -0.707136631, -7.12921465e-05, 0.707076967, 60 change(s)]
Chamber   MovingParts.CoreAntenna.SpecialCoreAntenna2.FrontPiece.StructureDetail.Front.Plates.Plating ~(-43.6, 306.8, -39.5).CFrame = -43.6345482, 306.787109, -39.4706764, 0.707080722, 0.707133114, 3.26102463e-06, -1.46292177e-05, 1.02549247e-05, 1.00000012, 0.707132995, -0.707080841, 1.77644524e-05   [was -43.6345482, 306.787109, -39.4706764, 0.707080722, 0.707133114, 3.26425948e-06, -1.46339471e-05, 1.02550785e-05, 1.00000012, 0.707132995, -0.707080841, 1.77679067e-05, 60 change(s)]
Chamber   MovingParts.CoreAntenna.SpecialCoreAntenna2.FrontPiece.StructureDetail.Front.Plates.Plating ~(-44.6, 297.0, -38.5).CFrame = -44.6246376, 296.987091, -38.4809723, 0.707080722, 0.707133114, 3.26102463e-06, -1.46292177e-05, 1.02549247e-05, 1.00000012, 0.707132995, -0.707080841, 1.77644524e-05   [was -44.6246376, 296.987091, -38.4809723, 0.707080722, 0.707133114, 3.26425948e-06, -1.46339471e-05, 1.02550785e-05, 1.00000012, 0.707132995, -0.707080841, 1.77679067e-05, 60 change(s)]
Chamber   MovingParts.CoreAntenna.SpecialCoreAntenna2.FrontPiece.StructureDetail.Front.Plates.Plating ~(-44.1, 303.1, -39.0).CFrame = -44.1295776, 303.112152, -38.9757881, 0.707080722, 0.707133114, 3.26102463e-06, -1.46292177e-05, 1.02549247e-05, 1.00000012, 0.707132995, -0.707080841, 1.77644524e-05   [was -44.1295776, 303.112152, -38.9757881, 0.707080722, 0.707133114, 3.26425948e-06, -1.46339471e-05, 1.02550785e-05, 1.00000012, 0.707132995, -0.707080841, 1.77679067e-05, 60 change(s)]
Chamber   MovingParts.CoreAntenna.SpecialCoreAntenna2.FrontPiece.StructureDetail.Front.Plates.Plating ~(-46.1, 306.8, -37.0).CFrame = -46.0564537, 306.787079, -37.0489578, 0.707080722, -0.707132936, -3.09244342e-06, -1.46292177e-05, -1.0254922e-05, -1.00000012, 0.707132995, 0.707080662, -1.75958576e-05   [was -46.0564537, 306.787079, -37.0489578, 0.707080722, -0.707132936, -3.09567827e-06, -1.46339471e-05, -1.02550757e-05, -1.00000012, 0.707132995, 0.707080662, -1.75993118e-05, 60 change(s)]
Chamber   MovingParts.CoreAntenna.SpecialCoreAntenna2.FrontPiece.StructureDetail.Front.Plates.Plating ~(-47.6, 306.8, -35.5).CFrame = -47.5945015, 306.787079, -35.5110207, 0.707080722, 0.707133114, 3.26102463e-06, -1.46292177e-05, 1.02549247e-05, 1.00000012, 0.707132995, -0.707080841, 1.77644524e-05   [was -47.5945015, 306.787079, -35.5110207, 0.707080722, 0.707133114, 3.26425948e-06, -1.46339471e-05, 1.02550785e-05, 1.00000012, 0.707132995, -0.707080841, 1.77679067e-05, 60 change(s)]
Chamber   MovingParts.CoreAntenna.SpecialCoreAntenna2.FrontPiece.StructureDetail.Front.Plates.Plating ~(-47.0, 301.9, -36.1).CFrame = -47.0465126, 301.887115, -36.0591545, 0.707080722, -0.707132936, -3.09244342e-06, -1.46292177e-05, -1.0254922e-05, -1.00000012, 0.707132995, 0.707080662, -1.75958576e-05   [was -47.0465126, 301.887115, -36.0591545, 0.707080722, -0.707132936, -3.09567827e-06, -1.46339471e-05, -1.02550757e-05, -1.00000012, 0.707132995, 0.707080662, -1.75993118e-05, 60 change(s)]
Chamber   MovingParts.CoreAntenna.SpecialCoreAntenna2.FrontPiece.StructureDetail.Front.Plates.Part ~(-49.1, 297.7, -34.1).CFrame = -49.0531158, 297.686798, -34.0528221, -0.707015932, -3.17700778e-06, -0.707197666, 9.50415597e-06, -1, -5.00836313e-06, -0.707197666, -1.02623071e-05, 0.707015932   [was -49.0531158, 297.686798, -34.0528221, -0.707015932, -3.18024286e-06, -0.707197666, 9.50888534e-06, -1, -5.00851638e-06, -0.707197666, -1.02657614e-05, 0.707015932, 60 change(s)]
Chamber   MovingParts.CoreAntenna.SpecialCoreAntenna2.FrontPiece.StructureDetail.CautionPart.CFrame = -47.6563721, 302.821503, -38.1008759, 3.17673357e-06, 0.707132936, -0.707080662, 1, 1.0254922e-05, 1.47484252e-05, 1.76801532e-05, -0.707080662, -0.707132936   [was -47.6563721, 302.821503, -38.1008759, 3.17996842e-06, 0.707132936, -0.707080662, 1, 1.02550757e-05, 1.47531546e-05, 1.76836074e-05, -0.707080662, -0.707132936, 60 change(s)]
Chamber   MovingParts.CoreAntenna.SpecialCoreAntenna2.FrontPiece.StructureDetail.TextPart.CFrame = -47.0376663, 295.946472, -37.4822693, -0.707136631, 0.707076967, -6.52674935e-05, -1.55000525e-05, 7.68042592e-05, 1, 0.707076967, 0.707136631, -4.33510177e-05   [was -47.0376663, 295.946472, -37.4822693, -0.707136631, 0.707076967, -6.5264263e-05, -1.55002072e-05, 7.67995298e-05, 1, 0.707076967, 0.707136631, -4.33475652e-05, 60 change(s)]
Chamber   MovingParts.CoreAntenna.SpecialCoreAntenna2.FrontPiece.StructureDetail.MainFrame.CFrame = -48.2838898, 303.108978, -38.7107849, -3.17673357e-06, -0.707132936, -0.707080662, -1, -1.0254922e-05, 1.47484252e-05, -1.76801532e-05, 0.707080662, -0.707132936   [was -48.2838898, 303.108978, -38.7107849, -3.17996842e-06, -0.707132936, -0.707080662, -1, -1.02550757e-05, 1.47531546e-05, -1.76836074e-05, 0.707080662, -0.707132936, 60 change(s)]
Chamber   MovingParts.CoreAntenna.SpecialCoreAntenna2.FrontPiece.StructureDetail.Vent.CFrame = -47.0376663, 302.921417, -37.4821243, 3.17673425e-06, 0.707080781, 0.707133055, 1.00000024, -1.47484261e-05, 1.02549211e-05, 1.76801568e-05, 0.707132936, -0.707080662   [was -47.0376663, 302.921417, -37.4821243, 3.1799691e-06, 0.707080781, 0.707133055, 1.00000024, -1.47531555e-05, 1.02550748e-05, 1.76836111e-05, 0.707132936, -0.707080662, 60 change(s)]
Chamber   MovingParts.CoreAntenna.SpecialCoreAntenna1.FrontPiece.StructureDetail.Front.Model.Meshes/Trapezoid.CFrame = 40.5265656, 298.212128, 9.89295387, -0.965914309, 0.258862585, 3.89834759e-06, -6.81182883e-06, -1.03579814e-05, -1.00000012, -0.258862615, -0.96591419, 1.17682494e-05   [was 40.5265656, 298.212128, 9.89295387, -0.965914309, 0.258862585, 3.85663543e-06, -6.76864965e-06, -1.03579996e-05, -1.00000012, -0.258862615, -0.96591419, 1.17570899e-05, 60 change(s)]
Chamber   MovingParts.CoreAntenna.SpecialCoreAntenna1.FrontPiece.StructureDetail.Front.Model.Meshes/Trapezoid ~(39.4, 304.3, 13.9).CFrame = 39.4457817, 304.337219, 13.9256535, -0.965914309, -0.258862644, -4.12863983e-06, -6.81182883e-06, 1.03579841e-05, 1.00000012, -0.258862615, 0.965914428, -1.18299677e-05   [was 39.4457817, 304.337219, 13.9256535, -0.965914309, -0.258862644, -4.08692767e-06, -6.76864965e-06, 1.03580023e-05, 1.00000012, -0.258862615, 0.965914428, -1.18188082e-05, 60 change(s)]
Chamber   MovingParts.CoreAntenna.SpecialCoreAntenna1.FrontPiece.StructureDetail.Front.Model.Meshes/Trapezoid ~(39.8, 297.0, 12.6).CFrame = 39.8082123, 296.987122, 12.5734329, -0.965914309, -0.258862644, -4.12863983e-06, -6.81182883e-06, 1.03579841e-05, 1.00000012, -0.258862615, 0.965914428, -1.18299677e-05   [was 39.8082123, 296.987122, 12.5734329, -0.965914309, -0.258862644, -4.08692767e-06, -6.76864965e-06, 1.03580023e-05, 1.00000012, -0.258862615, 0.965914428, -1.18188082e-05, 60 change(s)]
Chamber   MovingParts.CoreAntenna.SpecialCoreAntenna1.FrontPiece.StructureDetail.Front.Model.Meshes/Trapezoid ~(40.7, 306.8, 9.2).CFrame = 40.7077484, 306.78717, 9.21670341, -0.965914309, 0.258862585, 3.89834759e-06, -6.81182883e-06, -1.03579814e-05, -1.00000012, -0.258862615, -0.96591419, 1.17682494e-05   [was 40.7077484, 306.78717, 9.21670341, -0.965914309, 0.258862585, 3.85663543e-06, -6.76864965e-06, -1.03579996e-05, -1.00000012, -0.258862615, -0.96591419, 1.17570899e-05, 60 change(s)]
Chamber   MovingParts.CoreAntenna.SpecialCoreAntenna1.FrontPiece.StructureDetail.Front.Model.Meshes/Trapezoid ~(40.5, 305.6, 9.9).CFrame = 40.5265503, 305.562164, 9.89287186, -0.965914309, 0.258862585, 3.89834759e-06, -6.81182883e-06, -1.03579814e-05, -1.00000012, -0.258862615, -0.96591419, 1.17682494e-05   [was 40.5265503, 305.562164, 9.89287186, -0.965914309, 0.258862585, 3.85663543e-06, -6.76864965e-06, -1.03579996e-05, -1.00000012, -0.258862615, -0.96591419, 1.17570899e-05, 60 change(s)]
Chamber   MovingParts.CoreAntenna.SpecialCoreAntenna1.FrontPiece.StructureDetail.Front.Model.Part.CFrame = 38.7177238, 302.524414, 16.6422424, -0.965912819, -2.20369293e-05, -0.258867651, -1.68588258e-06, -1, 9.1420261e-05, -0.258867651, 8.87405622e-05, 0.965912819   [was 38.7177238, 302.524414, 16.6422424, -0.965912819, -2.20786405e-05, -0.258867651, -1.64270341e-06, -1, 9.14202828e-05, -0.258867651, 8.87294009e-05, 0.965912819, 60 change(s)]
Chamber   MovingParts.CoreAntenna.SpecialCoreAntenna1.FrontPiece.StructureDetail.Front.Model.Meshes/Trapezoid ~(39.8, 301.9, 12.6).CFrame = 39.8082008, 301.887177, 12.5733461, -0.965914309, -0.258862644, -4.12863983e-06, -6.81182883e-06, 1.03579841e-05, 1.00000012, -0.258862615, 0.965914428, -1.18299677e-05   [was 39.8082008, 301.887177, 12.5733461, -0.965914309, -0.258862644, -4.08692767e-06, -6.76864965e-06, 1.03580023e-05, 1.00000012, -0.258862615, 0.965914428, -1.18188082e-05, 60 change(s)]
Chamber   MovingParts.CoreAntenna.SpecialCoreAntenna1.FrontPiece.StructureDetail.Front.Model.Meshes/Trapezoid ~(39.6, 309.2, 13.3).CFrame = 39.620491, 309.237183, 13.2735519, -0.965914309, 0.258862585, 3.89834759e-06, -6.81182883e-06, -1.03579814e-05, -1.00000012, -0.258862615, -0.96591419, 1.17682494e-05   [was 39.620491, 309.237183, 13.2735519, -0.965914309, 0.258862585, 3.85663543e-06, -6.76864965e-06, -1.03579996e-05, -1.00000012, -0.258862615, -0.96591419, 1.17570899e-05, 60 change(s)]
Chamber   MovingParts.CoreAntenna.SpecialCoreAntenna1.FrontPiece.StructureDetail.Front.Model.Part ~(40.7, 305.0, 9.2).CFrame = 40.7110367, 304.974335, 9.20458794, 0.965912819, -2.20369293e-05, 0.258867651, 1.68588258e-06, -1, -9.1420261e-05, 0.258867651, 8.87405622e-05, -0.965912819   [was 40.7110367, 304.974335, 9.20458794, 0.965912819, -2.20786405e-05, 0.258867651, 1.64270341e-06, -1, -9.14202828e-05, 0.258867651, 8.87294009e-05, -0.965912819, 60 change(s)]
Chamber   MovingParts.CoreAntenna.SpecialCoreAntenna1.FrontPiece.StructureDetail.Front.Model.Meshes/Trapezoid ~(40.4, 308.0, 10.5).CFrame = 40.3517914, 308.012177, 10.544817, -0.965914309, -0.258862644, -4.12863983e-06, -6.81182883e-06, 1.03579841e-05, 1.00000012, -0.258862615, 0.965914428, -1.18299677e-05   [was 40.3517914, 308.012177, 10.544817, -0.965914309, -0.258862644, -4.08692767e-06, -6.76864965e-06, 1.03580023e-05, 1.00000012, -0.258862615, 0.965914428, -1.18188082e-05, 60 change(s)]
Chamber   MovingParts.CoreAntenna.SpecialCoreAntenna1.FrontPiece.StructureDetail.Front.Model.Meshes/Trapezoid ~(39.3, 309.2, 14.6).CFrame = 39.2581139, 309.237183, 14.6258335, -0.965914309, 0.258862585, 3.89834759e-06, -6.81182883e-06, -1.03579814e-05, -1.00000012, -0.258862615, -0.96591419, 1.17682494e-05   [was 39.2581139, 309.237183, 14.6258335, -0.965914309, 0.258862585, 3.85663543e-06, -6.76864965e-06, -1.03579996e-05, -1.00000012, -0.258862615, -0.96591419, 1.17570899e-05, 60 change(s)]
Chamber   MovingParts.CoreAntenna.SpecialCoreAntenna1.FrontPiece.StructureDetail.Front.Model.Part ~(38.7, 303.7, 16.6).CFrame = 38.7177353, 303.699493, 16.6422005, 0.965912819, 2.20369293e-05, -0.258867651, 1.68588258e-06, 1, 9.1420261e-05, 0.258867651, -8.87405622e-05, 0.965912819   [was 38.7177353, 303.699493, 16.6422005, 0.965912819, 2.20786405e-05, -0.258867651, 1.64270341e-06, 1, 9.14202828e-05, 0.258867651, -8.87294009e-05, 0.965912819, 60 change(s)]
Chamber   MovingParts.CoreAntenna.SpecialCoreAntenna1.FrontPiece.StructureDetail.Front.Model.Meshes/Trapezoid ~(39.3, 308.0, 14.6).CFrame = 39.2645607, 308.012238, 14.6017303, -0.965914309, -0.258862644, -4.12863983e-06, -6.81182883e-06, 1.03579841e-05, 1.00000012, -0.258862615, 0.965914428, -1.18299677e-05   [was 39.2645607, 308.012238, 14.6017303, -0.965914309, -0.258862644, -4.08692767e-06, -6.76864965e-06, 1.03580023e-05, 1.00000012, -0.258862615, 0.965914428, -1.18188082e-05, 60 change(s)]
Chamber   MovingParts.CoreAntenna.SpecialCoreAntenna1.FrontPiece.StructureDetail.Front.Model.Meshes/Trapezoid ~(38.7, 297.0, 16.6).CFrame = 38.7209969, 296.987152, 16.6303196, -0.965914309, -0.258862644, -4.12863983e-06, -6.81182883e-06, 1.03579841e-05, 1.00000012, -0.258862615, 0.965914428, -1.18299677e-05   [was 38.7209969, 296.987152, 16.6303196, -0.965914309, -0.258862644, -4.08692767e-06, -6.76864965e-06, 1.03580023e-05, 1.00000012, -0.258862615, 0.965914428, -1.18188082e-05, 60 change(s)]
Chamber   MovingParts.CoreAntenna.SpecialCoreAntenna1.FrontPiece.StructureDetail.Front.Model.Meshes/Trapezoid ~(40.5, 300.7, 9.9).CFrame = 40.5265656, 300.66214, 9.8928957, -0.965914309, 0.258862585, 3.89834759e-06, -6.81182883e-06, -1.03579814e-05, -1.00000012, -0.258862615, -0.96591419, 1.17682494e-05   [was 40.5265656, 300.66214, 9.8928957, -0.965914309, 0.258862585, 3.85663543e-06, -6.76864965e-06, -1.03579996e-05, -1.00000012, -0.258862615, -0.96591419, 1.17570899e-05, 60 change(s)]
Chamber   MovingParts.CoreAntenna.SpecialCoreAntenna1.FrontPiece.StructureDetail.Front.Model.Meshes/Trapezoid ~(39.8, 308.0, 12.6).CFrame = 39.8017082, 308.012207, 12.5974159, -0.965914309, 0.258862585, 3.89834759e-06, -6.81182883e-06, -1.03579814e-05, -1.00000012, -0.258862615, -0.96591419, 1.17682494e-05   [was 39.8017082, 308.012207, 12.5974159, -0.965914309, 0.258862585, 3.85663543e-06, -6.76864965e-06, -1.03579996e-05, -1.00000012, -0.258862615, -0.96591419, 1.17570899e-05, 60 change(s)]
Chamber   MovingParts.CoreAntenna.SpecialCoreAntenna1.FrontPiece.StructureDetail.Front.Model.Meshes/Trapezoid ~(40.3, 306.8, 10.6).CFrame = 40.3453445, 306.78717, 10.5689783, -0.965914309, 0.258862585, 3.89834759e-06, -6.81182883e-06, -1.03579814e-05, -1.00000012, -0.258862615, -0.96591419, 1.17682494e-05   [was 40.3453445, 306.78717, 10.5689783, -0.965914309, 0.258862585, 3.85663543e-06, -6.76864965e-06, -1.03579996e-05, -1.00000012, -0.258862615, -0.96591419, 1.17570899e-05, 60 change(s)]
Chamber   MovingParts.CoreAntenna.SpecialCoreAntenna1.FrontPiece.StructureDetail.Front.Model.Part ~(38.7, 303.1, 16.6).CFrame = 38.7177238, 303.111969, 16.6422043, 0.965912819, 8.30608042e-05, -0.258867651, -8.46216426e-05, 1, 5.11273629e-06, 0.258867651, 1.69668911e-05, 0.965912819   [was 38.7177238, 303.111969, 16.6422043, 0.965912819, 8.31025172e-05, -0.258867651, -8.46648254e-05, 1, 5.11275493e-06, 0.258867651, 1.69780506e-05, 0.965912819, 60 change(s)]
Chamber   MovingParts.CoreAntenna.SpecialCoreAntenna1.FrontPiece.StructureDetail.Front.Model.Meshes/Trapezoid ~(39.4, 306.8, 13.9).CFrame = 39.4457741, 306.787201, 13.9255934, -0.965914309, -0.258862644, -4.12863983e-06, -6.81182883e-06, 1.03579841e-05, 1.00000012, -0.258862615, 0.965914428, -1.18299677e-05   [was 39.4457741, 306.787201, 13.9255934, -0.965914309, -0.258862644, -4.08692767e-06, -6.76864965e-06, 1.03580023e-05, 1.00000012, -0.258862615, 0.965914428, -1.18188082e-05, 60 change(s)]
Chamber   MovingParts.CoreAntenna.SpecialCoreAntenna1.FrontPiece.StructureDetail.Front.Model.Part ~(40.7, 300.7, 9.2).CFrame = 40.7110443, 300.661865, 9.20463562, 0.965912819, -2.20369293e-05, 0.258867651, 1.68588258e-06, -1, -9.1420261e-05, 0.258867651, 8.87405622e-05, -0.965912819   [was 40.7110443, 300.661865, 9.20463562, 0.965912819, -2.20786405e-05, 0.258867651, 1.64270341e-06, -1, -9.14202828e-05, 0.258867651, 8.87294009e-05, -0.965912819, 60 change(s)]
Chamber   MovingParts.CoreAntenna.SpecialCoreAntenna1.FrontPiece.StructureDetail.Front.Model.Meshes/Trapezoid ~(38.9, 305.6, 16.0).CFrame = 38.9021759, 305.562225, 15.9540358, -0.965914309, -0.258862644, -4.12863983e-06, -6.81182883e-06, 1.03579841e-05, 1.00000012, -0.258862615, 0.965914428, -1.18299677e-05   [was 38.9021759, 305.562225, 15.9540358, -0.965914309, -0.258862644, -4.08692767e-06, -6.76864965e-06, 1.03580023e-05, 1.00000012, -0.258862615, 0.965914428, -1.18188082e-05, 60 change(s)]
Chamber   MovingParts.CoreAntenna.SpecialCoreAntenna1.FrontPiece.StructureDetail.Front.Model.Meshes/Trapezoid ~(39.1, 303.1, 15.3).CFrame = 39.0769119, 303.112183, 15.3020525, -0.965914309, 0.258862585, 3.89834759e-06, -6.81182883e-06, -1.03579814e-05, -1.00000012, -0.258862615, -0.96591419, 1.17682494e-05   [was 39.0769119, 303.112183, 15.3020525, -0.965914309, 0.258862585, 3.85663543e-06, -6.76864965e-06, -1.03579996e-05, -1.00000012, -0.258862615, -0.96591419, 1.17570899e-05, 60 change(s)]
Chamber   MovingParts.CoreAntenna.SpecialCoreAntenna1.FrontPiece.StructureDetail.Front.Model.Meshes/Trapezoid ~(40.0, 303.1, 11.9).CFrame = 39.9893951, 303.112152, 11.8972092, -0.965914309, -0.258862644, -4.12863983e-06, -6.81182883e-06, 1.03579841e-05, 1.00000012, -0.258862615, 0.965914428, -1.18299677e-05   [was 39.9893951, 303.112152, 11.8972092, -0.965914309, -0.258862644, -4.08692767e-06, -6.76864965e-06, 1.03580023e-05, 1.00000012, -0.258862615, 0.965914428, -1.18188082e-05, 60 change(s)]
Chamber   MovingParts.CoreAntenna.SpecialCoreAntenna1.FrontPiece.StructureDetail.Front.Model.Meshes/Trapezoid ~(40.7, 304.3, 9.2).CFrame = 40.7077522, 304.337158, 9.21673107, -0.965914309, 0.258862585, 3.89834759e-06, -6.81182883e-06, -1.03579814e-05, -1.00000012, -0.258862615, -0.96591419, 1.17682494e-05   [was 40.7077522, 304.337158, 9.21673107, -0.965914309, 0.258862585, 3.85663543e-06, -6.76864965e-06, -1.03579996e-05, -1.00000012, -0.258862615, -0.96591419, 1.17570899e-05, 60 change(s)]
Chamber   MovingParts.CoreAntenna.SpecialCoreAntenna1.FrontPiece.StructureDetail.Front.Model.Part ~(40.7, 301.2, 9.2).CFrame = 40.7110329, 301.24939, 9.20462704, -0.965912819, 2.20369293e-05, 0.258867651, -1.68588258e-06, 1, -9.1420261e-05, -0.258867651, -8.87405622e-05, -0.965912819   [was 40.7110329, 301.24939, 9.20462704, -0.965912819, 2.20786405e-05, 0.258867651, -1.64270341e-06, 1, -9.14202828e-05, -0.258867651, -8.87294009e-05, -0.965912819, 60 change(s)]
Chamber   MovingParts.CoreAntenna.SpecialCoreAntenna1.FrontPiece.StructureDetail.Front.Model.Meshes/Trapezoid ~(40.2, 299.4, 11.2).CFrame = 40.1706123, 299.437164, 11.2210999, -0.965914309, -0.258862644, -4.12863983e-06, -6.81182883e-06, 1.03579841e-05, 1.00000012, -0.258862615, 0.965914428, -1.18299677e-05   [was 40.1706123, 299.437164, 11.2210999, -0.965914309, -0.258862644, -4.08692767e-06, -6.76864965e-06, 1.03580023e-05, 1.00000012, -0.258862615, 0.965914428, -1.18188082e-05, 60 change(s)]
Chamber   MovingParts.CoreAntenna.SpecialCoreAntenna1.FrontPiece.StructureDetail.Front.Model.Meshes/Trapezoid ~(39.4, 299.4, 13.9).CFrame = 39.4457932, 299.437164, 13.9256773, -0.965914309, -0.258862644, -4.12863983e-06, -6.81182883e-06, 1.03579841e-05, 1.00000012, -0.258862615, 0.965914428, -1.18299677e-05   [was 39.4457932, 299.437164, 13.9256773, -0.965914309, -0.258862644, -4.08692767e-06, -6.76864965e-06, 1.03580023e-05, 1.00000012, -0.258862615, 0.965914428, -1.18188082e-05, 60 change(s)]
Chamber   MovingParts.CoreAntenna.SpecialCoreAntenna1.FrontPiece.StructureDetail.Front.Model.Meshes/Trapezoid ~(39.6, 301.9, 13.3).CFrame = 39.6205254, 301.887177, 13.2736397, -0.965914309, 0.258862585, 3.89834759e-06, -6.81182883e-06, -1.03579814e-05, -1.00000012, -0.258862615, -0.96591419, 1.17682494e-05   [was 39.6205254, 301.887177, 13.2736397, -0.965914309, 0.258862585, 3.85663543e-06, -6.76864965e-06, -1.03579996e-05, -1.00000012, -0.258862615, -0.96591419, 1.17570899e-05, 60 change(s)]
Chamber   MovingParts.CoreAntenna.SpecialCoreAntenna1.FrontPiece.StructureDetail.Front.Model.Part ~(38.7, 305.0, 16.6).CFrame = 38.7177086, 304.974426, 16.6422119, -0.965912819, -2.20369293e-05, -0.258867651, -1.68588258e-06, -1, 9.1420261e-05, -0.258867651, 8.87405622e-05, 0.965912819   [was 38.7177086, 304.974426, 16.6422119, -0.965912819, -2.20786405e-05, -0.258867651, -1.64270341e-06, -1, 9.14202828e-05, -0.258867651, 8.87294009e-05, 0.965912819, 60 change(s)]
Chamber   MovingParts.CoreAntenna.SpecialCoreAntenna1.FrontPiece.StructureDetail.Front.Model.Meshes/Trapezoid ~(40.2, 304.3, 11.2).CFrame = 40.1706085, 304.337189, 11.2210464, -0.965914309, -0.258862644, -4.12863983e-06, -6.81182883e-06, 1.03579841e-05, 1.00000012, -0.258862615, 0.965914428, -1.18299677e-05   [was 40.1706085, 304.337189, 11.2210464, -0.965914309, -0.258862644, -4.08692767e-06, -6.76864965e-06, 1.03580023e-05, 1.00000012, -0.258862615, 0.965914428, -1.18188082e-05, 60 change(s)]
Chamber   MovingParts.CoreAntenna.SpecialCoreAntenna1.FrontPiece.StructureDetail.Front.Model.Meshes/Trapezoid ~(39.4, 300.7, 13.9).CFrame = 39.4393311, 300.66217, 13.9497766, -0.965914309, 0.258862585, 3.89834759e-06, -6.81182883e-06, -1.03579814e-05, -1.00000012, -0.258862615, -0.96591419, 1.17682494e-05   [was 39.4393311, 300.66217, 13.9497766, -0.965914309, 0.258862585, 3.85663543e-06, -6.76864965e-06, -1.03579996e-05, -1.00000012, -0.258862615, -0.96591419, 1.17570899e-05, 60 change(s)]
Chamber   MovingParts.CoreAntenna.SpecialCoreAntenna1.FrontPiece.StructureDetail.Front.Model.Meshes/Trapezoid ~(38.9, 300.7, 16.0).CFrame = 38.9021759, 300.662201, 15.9541206, -0.965914309, -0.258862644, -4.12863983e-06, -6.81182883e-06, 1.03579841e-05, 1.00000012, -0.258862615, 0.965914428, -1.18299677e-05   [was 38.9021759, 300.662201, 15.9541206, -0.965914309, -0.258862644, -4.08692767e-06, -6.76864965e-06, 1.03580023e-05, 1.00000012, -0.258862615, 0.965914428, -1.18188082e-05, 60 change(s)]
Chamber   MovingParts.CoreAntenna.SpecialCoreAntenna1.FrontPiece.StructureDetail.Front.Model.Meshes/Trapezoid ~(40.2, 298.2, 11.2).CFrame = 40.1641808, 298.212128, 11.245266, -0.965914309, 0.258862585, 3.89834759e-06, -6.81182883e-06, -1.03579814e-05, -1.00000012, -0.258862615, -0.96591419, 1.17682494e-05   [was 40.1641808, 298.212128, 11.245266, -0.965914309, 0.258862585, 3.85663543e-06, -6.76864965e-06, -1.03579996e-05, -1.00000012, -0.258862615, -0.96591419, 1.17570899e-05, 60 change(s)]
Chamber   MovingParts.CoreAntenna.SpecialCoreAntenna1.FrontPiece.StructureDetail.Front.Model.Part ~(40.7, 300.1, 9.2).CFrame = 40.7110405, 300.074341, 9.20460892, 0.965912819, -2.20369293e-05, 0.258867651, 1.68588258e-06, -1, -9.1420261e-05, 0.258867651, 8.87405622e-05, -0.965912819   [was 40.7110405, 300.074341, 9.20460892, 0.965912819, -2.20786405e-05, 0.258867651, 1.64270341e-06, -1, -9.14202828e-05, 0.258867651, 8.87294009e-05, -0.965912819, 60 change(s)]
Chamber   MovingParts.CoreAntenna.SpecialCoreAntenna1.FrontPiece.StructureDetail.Front.Model.Meshes/Trapezoid ~(40.2, 297.0, 11.2).CFrame = 40.1706085, 296.987122, 11.2211246, -0.965914309, -0.258862644, -4.12863983e-06, -6.81182883e-06, 1.03579841e-05, 1.00000012, -0.258862615, 0.965914428, -1.18299677e-05   [was 40.1706085, 296.987122, 11.2211246, -0.965914309, -0.258862644, -4.08692767e-06, -6.76864965e-06, 1.03580023e-05, 1.00000012, -0.258862615, 0.965914428, -1.18188082e-05, 60 change(s)]
Chamber   MovingParts.CoreAntenna.SpecialCoreAntenna1.FrontPiece.StructureDetail.Front.Model.Meshes/Trapezoid ~(39.8, 300.7, 12.6).CFrame = 39.8017311, 300.66217, 12.5975018, -0.965914309, 0.258862585, 3.89834759e-06, -6.81182883e-06, -1.03579814e-05, -1.00000012, -0.258862615, -0.96591419, 1.17682494e-05   [was 39.8017311, 300.66217, 12.5975018, -0.965914309, 0.258862585, 3.85663543e-06, -6.76864965e-06, -1.03579996e-05, -1.00000012, -0.258862615, -0.96591419, 1.17570899e-05, 60 change(s)]
Chamber   MovingParts.CoreAntenna.SpecialCoreAntenna1.FrontPiece.StructureDetail.Front.Model.Meshes/Trapezoid ~(39.6, 303.1, 13.2).CFrame = 39.6269913, 303.112183, 13.2494831, -0.965914309, -0.258862644, -4.12863983e-06, -6.81182883e-06, 1.03579841e-05, 1.00000012, -0.258862615, 0.965914428, -1.18299677e-05   [was 39.6269913, 303.112183, 13.2494831, -0.965914309, -0.258862644, -4.08692767e-06, -6.76864965e-06, 1.03580023e-05, 1.00000012, -0.258862615, 0.965914428, -1.18188082e-05, 60 change(s)]
Chamber   MovingParts.CoreAntenna.SpecialCoreAntenna1.FrontPiece.StructureDetail.Front.Model.Meshes/Trapezoid ~(39.8, 306.8, 12.6).CFrame = 39.8081818, 306.787201, 12.5733194, -0.965914309, -0.258862644, -4.12863983e-06, -6.81182883e-06, 1.03579841e-05, 1.00000012, -0.258862615, 0.965914428, -1.18299677e-05   [was 39.8081818, 306.787201, 12.5733194, -0.965914309, -0.258862644, -4.08692767e-06, -6.76864965e-06, 1.03580023e-05, 1.00000012, -0.258862615, 0.965914428, -1.18188082e-05, 60 change(s)]
Chamber   MovingParts.CoreAntenna.SpecialCoreAntenna1.FrontPiece.StructureDetail.Front.Model.Meshes/Trapezoid ~(39.6, 297.0, 13.3).CFrame = 39.6205368, 296.987152, 13.2736959, -0.965914309, 0.258862585, 3.89834759e-06, -6.81182883e-06, -1.03579814e-05, -1.00000012, -0.258862615, -0.96591419, 1.17682494e-05   [was 39.6205368, 296.987152, 13.2736959, -0.965914309, 0.258862585, 3.85663543e-06, -6.76864965e-06, -1.03579996e-05, -1.00000012, -0.258862615, -0.96591419, 1.17570899e-05, 60 change(s)]
Chamber   MovingParts.CoreAntenna.SpecialCoreAntenna1.FrontPiece.StructureDetail.Front.Model.Meshes/Trapezoid ~(40.3, 297.0, 10.6).CFrame = 40.3453865, 296.987122, 10.5690947, -0.965914309, 0.258862585, 3.89834759e-06, -6.81182883e-06, -1.03579814e-05, -1.00000012, -0.258862615, -0.96591419, 1.17682494e-05   [was 40.3453865, 296.987122, 10.5690947, -0.965914309, 0.258862585, 3.85663543e-06, -6.76864965e-06, -1.03579996e-05, -1.00000012, -0.258862615, -0.96591419, 1.17570899e-05, 60 change(s)]
Chamber   MovingParts.CoreAntenna.SpecialCoreAntenna1.FrontPiece.StructureDetail.Front.Model.Part ~(38.7, 308.0, 16.6).CFrame = 38.71772, 308.011993, 16.6421509, 0.965912819, 8.30608042e-05, -0.258867651, -8.46216426e-05, 1, 5.11273629e-06, 0.258867651, 1.69668911e-05, 0.965912819   [was 38.71772, 308.011993, 16.6421509, 0.965912819, 8.31025172e-05, -0.258867651, -8.46648254e-05, 1, 5.11275493e-06, 0.258867651, 1.69780506e-05, 0.965912819, 60 change(s)]
Chamber   MovingParts.CoreAntenna.SpecialCoreAntenna1.FrontPiece.StructureDetail.Front.Model.Meshes/Trapezoid ~(40.2, 309.2, 11.2).CFrame = 40.1705589, 309.237122, 11.2209806, -0.965914309, -0.258862644, -4.12863983e-06, -6.81182883e-06, 1.03579841e-05, 1.00000012, -0.258862615, 0.965914428, -1.18299677e-05   [was 40.1705589, 309.237122, 11.2209806, -0.965914309, -0.258862644, -4.08692767e-06, -6.76864965e-06, 1.03580023e-05, 1.00000012, -0.258862615, 0.965914428, -1.18188082e-05, 60 change(s)]
Chamber   MovingParts.CoreAntenna.SpecialCoreAntenna1.FrontPiece.StructureDetail.Front.Model.Meshes/Trapezoid ~(40.5, 308.0, 9.9).CFrame = 40.5265503, 308.012177, 9.89281273, -0.965914309, 0.258862585, 3.89834759e-06, -6.81182883e-06, -1.03579814e-05, -1.00000012, -0.258862615, -0.96591419, 1.17682494e-05   [was 40.5265503, 308.012177, 9.89281273, -0.965914309, 0.258862585, 3.85663543e-06, -6.76864965e-06, -1.03579996e-05, -1.00000012, -0.258862615, -0.96591419, 1.17570899e-05, 60 change(s)]
Chamber   MovingParts.CoreAntenna.SpecialCoreAntenna1.FrontPiece.StructureDetail.Front.Model.Meshes/Trapezoid ~(38.7, 299.4, 16.6).CFrame = 38.7209663, 299.437195, 16.6302853, -0.965914309, -0.258862644, -4.12863983e-06, -6.81182883e-06, 1.03579841e-05, 1.00000012, -0.258862615, 0.965914428, -1.18299677e-05   [was 38.7209663, 299.437195, 16.6302853, -0.965914309, -0.258862644, -4.08692767e-06, -6.76864965e-06, 1.03580023e-05, 1.00000012, -0.258862615, 0.965914428, -1.18188082e-05, 60 change(s)]
Chamber   MovingParts.CoreAntenna.SpecialCoreAntenna1.FrontPiece.StructureDetail.Front.Model.Meshes/Trapezoid ~(38.9, 306.8, 16.0).CFrame = 38.8956871, 306.787231, 15.9781609, -0.965914309, 0.258862585, 3.89834759e-06, -6.81182883e-06, -1.03579814e-05, -1.00000012, -0.258862615, -0.96591419, 1.17682494e-05   [was 38.8956909, 306.787231, 15.9781609, -0.965914309, 0.258862585, 3.85663543e-06, -6.76864965e-06, -1.03579996e-05, -1.00000012, -0.258862615, -0.96591419, 1.17570899e-05, 60 change(s)]
Chamber   MovingParts.CoreAntenna.SpecialCoreAntenna1.FrontPiece.StructureDetail.Front.Model.Part ~(38.7, 308.6, 16.6).CFrame = 38.71772, 308.599518, 16.6421432, 0.965912819, 2.20369293e-05, -0.258867651, 1.68588258e-06, 1, 9.1420261e-05, 0.258867651, -8.87405622e-05, 0.965912819   [was 38.71772, 308.599518, 16.6421432, 0.965912819, 2.20786405e-05, -0.258867651, 1.64270341e-06, 1, 9.14202828e-05, 0.258867651, -8.87294009e-05, 0.965912819, 60 change(s)]
Chamber   MovingParts.CoreAntenna.SpecialCoreAntenna1.FrontPiece.StructureDetail.Front.Model.Meshes/Trapezoid ~(40.7, 299.4, 9.2).CFrame = 40.7077789, 299.437134, 9.21679115, -0.965914309, 0.258862585, 3.89834759e-06, -6.81182883e-06, -1.03579814e-05, -1.00000012, -0.258862615, -0.96591419, 1.17682494e-05   [was 40.7077789, 299.437134, 9.21679115, -0.965914309, 0.258862585, 3.85663543e-06, -6.76864965e-06, -1.03579996e-05, -1.00000012, -0.258862615, -0.96591419, 1.17570899e-05, 60 change(s)]
Chamber   MovingParts.CoreAntenna.SpecialCoreAntenna1.FrontPiece.StructureDetail.Front.Model.Meshes/Trapezoid ~(39.8, 298.2, 12.6).CFrame = 39.8017578, 298.212158, 12.5975342, -0.965914309, 0.258862585, 3.89834759e-06, -6.81182883e-06, -1.03579814e-05, -1.00000012, -0.258862615, -0.96591419, 1.17682494e-05   [was 39.8017578, 298.212158, 12.5975342, -0.965914309, 0.258862585, 3.85663543e-06, -6.76864965e-06, -1.03579996e-05, -1.00000012, -0.258862615, -0.96591419, 1.17570899e-05, 60 change(s)]
Chamber   MovingParts.CoreAntenna.SpecialCoreAntenna1.FrontPiece.StructureDetail.Front.Model.Meshes/Trapezoid ~(39.8, 309.2, 12.6).CFrame = 39.8081627, 309.237183, 12.5732565, -0.965914309, -0.258862644, -4.12863983e-06, -6.81182883e-06, 1.03579841e-05, 1.00000012, -0.258862615, 0.965914428, -1.18299677e-05   [was 39.8081627, 309.237183, 12.5732565, -0.965914309, -0.258862644, -4.08692767e-06, -6.76864965e-06, 1.03580023e-05, 1.00000012, -0.258862615, 0.965914428, -1.18188082e-05, 60 change(s)]
Chamber   MovingParts.CoreAntenna.SpecialCoreAntenna1.FrontPiece.StructureDetail.Front.Model.Meshes/Trapezoid ~(39.1, 298.2, 15.3).CFrame = 39.076931, 298.212189, 15.3021097, -0.965914309, 0.258862585, 3.89834759e-06, -6.81182883e-06, -1.03579814e-05, -1.00000012, -0.258862615, -0.96591419, 1.17682494e-05   [was 39.076931, 298.212189, 15.3021097, -0.965914309, 0.258862585, 3.85663543e-06, -6.76864965e-06, -1.03579996e-05, -1.00000012, -0.258862615, -0.96591419, 1.17570899e-05, 60 change(s)]
Chamber   MovingParts.CoreAntenna.SpecialCoreAntenna1.FrontPiece.StructureDetail.Front.Model.Part ~(38.7, 306.1, 16.6).CFrame = 38.717701, 306.149506, 16.6421661, 0.965912819, 2.20369293e-05, -0.258867651, 1.68588258e-06, 1, 9.1420261e-05, 0.258867651, -8.87405622e-05, 0.965912819   [was 38.717701, 306.149506, 16.6421661, 0.965912819, 2.20786405e-05, -0.258867651, 1.64270341e-06, 1, 9.14202828e-05, 0.258867651, -8.87294009e-05, 0.965912819, 60 change(s)]
Chamber   MovingParts.CoreAntenna.SpecialCoreAntenna1.FrontPiece.StructureDetail.Front.Model.Meshes/Trapezoid ~(39.3, 300.7, 14.6).CFrame = 39.2645836, 300.662201, 14.6018152, -0.965914309, -0.258862644, -4.12863983e-06, -6.81182883e-06, 1.03579841e-05, 1.00000012, -0.258862615, 0.965914428, -1.18299677e-05   [was 39.2645836, 300.662201, 14.6018152, -0.965914309, -0.258862644, -4.08692767e-06, -6.76864965e-06, 1.03580023e-05, 1.00000012, -0.258862615, 0.965914428, -1.18188082e-05, 60 change(s)]
Chamber   MovingParts.CoreAntenna.SpecialCoreAntenna1.FrontPiece.StructureDetail.Front.Model.Meshes/Trapezoid ~(40.4, 303.1, 10.5).CFrame = 40.3518105, 303.112152, 10.5449057, -0.965914309, -0.258862644, -4.12863983e-06, -6.81182883e-06, 1.03579841e-05, 1.00000012, -0.258862615, 0.965914428, -1.18299677e-05   [was 40.3518105, 303.112152, 10.5449057, -0.965914309, -0.258862644, -4.08692767e-06, -6.76864965e-06, 1.03580023e-05, 1.00000012, -0.258862615, 0.965914428, -1.18188082e-05, 60 change(s)]
Chamber   MovingParts.CoreAntenna.SpecialCoreAntenna1.FrontPiece.StructureDetail.Front.Model.Meshes/Trapezoid ~(39.6, 305.6, 13.2).CFrame = 39.6269913, 305.562195, 13.2494574, -0.965914309, -0.258862644, -4.12863983e-06, -6.81182883e-06, 1.03579841e-05, 1.00000012, -0.258862615, 0.965914428, -1.18299677e-05   [was 39.6269913, 305.562195, 13.2494574, -0.965914309, -0.258862644, -4.08692767e-06, -6.76864965e-06, 1.03580023e-05, 1.00000012, -0.258862615, 0.965914428, -1.18188082e-05, 60 change(s)]
Chamber   MovingParts.CoreAntenna.SpecialCoreAntenna1.FrontPiece.StructureDetail.Front.Model.Meshes/Trapezoid ~(39.6, 308.0, 13.2).CFrame = 39.6269646, 308.012207, 13.2494564, -0.965914309, -0.258862644, -4.12863983e-06, -6.81182883e-06, 1.03579841e-05, 1.00000012, -0.258862615, 0.965914428, -1.18299677e-05   [was 39.6269646, 308.012207, 13.2494564, -0.965914309, -0.258862644, -4.08692767e-06, -6.76864965e-06, 1.03580023e-05, 1.00000012, -0.258862615, 0.965914428, -1.18188082e-05, 60 change(s)]
Chamber   MovingParts.CoreAntenna.SpecialCoreAntenna1.FrontPiece.StructureDetail.Front.Model.Part ~(38.7, 305.6, 16.6).CFrame = 38.7177086, 305.561951, 16.6422043, 0.965912819, 8.30608042e-05, -0.258867651, -8.46216426e-05, 1, 5.11273629e-06, 0.258867651, 1.69668911e-05, 0.965912819   [was 38.7177086, 305.561951, 16.6422043, 0.965912819, 8.31025172e-05, -0.258867651, -8.46648254e-05, 1, 5.11275493e-06, 0.258867651, 1.69780506e-05, 0.965912819, 60 change(s)]
Chamber   MovingParts.CoreAntenna.SpecialCoreAntenna1.FrontPiece.StructureDetail.Front.Model.Meshes/Trapezoid ~(39.4, 305.6, 13.9).CFrame = 39.439312, 305.562225, 13.9497499, -0.965914309, 0.258862585, 3.89834759e-06, -6.81182883e-06, -1.03579814e-05, -1.00000012, -0.258862615, -0.96591419, 1.17682494e-05   [was 39.439312, 305.562225, 13.9497499, -0.965914309, 0.258862585, 3.85663543e-06, -6.76864965e-06, -1.03579996e-05, -1.00000012, -0.258862615, -0.96591419, 1.17570899e-05, 60 change(s)]
Chamber   MovingParts.CoreAntenna.SpecialCoreAntenna1.FrontPiece.StructureDetail.Front.Model.Meshes/Trapezoid ~(40.0, 300.7, 11.9).CFrame = 39.9894066, 300.66217, 11.8972378, -0.965914309, -0.258862644, -4.12863983e-06, -6.81182883e-06, 1.03579841e-05, 1.00000012, -0.258862615, 0.965914428, -1.18299677e-05   [was 39.9894066, 300.66217, 11.8972378, -0.965914309, -0.258862644, -4.08692767e-06, -6.76864965e-06, 1.03580023e-05, 1.00000012, -0.258862615, 0.965914428, -1.18188082e-05, 60 change(s)]
Chamber   MovingParts.CoreAntenna.SpecialCoreAntenna1.FrontPiece.StructureDetail.Front.Model.Part ~(40.7, 298.8, 9.2).CFrame = 40.7110443, 298.799347, 9.20462418, -0.965912819, 2.20369293e-05, 0.258867651, -1.68588258e-06, 1, -9.1420261e-05, -0.258867651, -8.87405622e-05, -0.965912819   [was 40.7110443, 298.799347, 9.20462418, -0.965912819, 2.20786405e-05, 0.258867651, -1.64270341e-06, 1, -9.14202828e-05, -0.258867651, -8.87294009e-05, -0.965912819, 60 change(s)]
Chamber   MovingParts.CoreAntenna.SpecialCoreAntenna1.FrontPiece.StructureDetail.Front.Model.Meshes/Trapezoid ~(39.1, 306.8, 15.3).CFrame = 39.0833549, 306.787231, 15.2778635, -0.965914309, -0.258862644, -4.12863983e-06, -6.81182883e-06, 1.03579841e-05, 1.00000012, -0.258862615, 0.965914428, -1.18299677e-05   [was 39.0833549, 306.787231, 15.2778635, -0.965914309, -0.258862644, -4.08692767e-06, -6.76864965e-06, 1.03580023e-05, 1.00000012, -0.258862615, 0.965914428, -1.18188082e-05, 60 change(s)]
Chamber   MovingParts.CoreAntenna.SpecialCoreAntenna1.FrontPiece.StructureDetail.Front.Model.Meshes/Trapezoid ~(40.0, 308.0, 11.9).CFrame = 39.9893799, 308.012207, 11.8971529, -0.965914309, -0.258862644, -4.12863983e-06, -6.81182883e-06, 1.03579841e-05, 1.00000012, -0.258862615, 0.965914428, -1.18299677e-05   [was 39.9893799, 308.012207, 11.8971529, -0.965914309, -0.258862644, -4.08692767e-06, -6.76864965e-06, 1.03580023e-05, 1.00000012, -0.258862615, 0.965914428, -1.18188082e-05, 60 change(s)]
Chamber   MovingParts.CoreAntenna.SpecialCoreAntenna1.FrontPiece.StructureDetail.Front.Model.Meshes/Trapezoid ~(39.3, 301.9, 14.6).CFrame = 39.25811, 301.887177, 14.6259432, -0.965914309, 0.258862585, 3.89834759e-06, -6.81182883e-06, -1.03579814e-05, -1.00000012, -0.258862615, -0.96591419, 1.17682494e-05   [was 39.25811, 301.887177, 14.6259432, -0.965914309, 0.258862585, 3.85663543e-06, -6.76864965e-06, -1.03579996e-05, -1.00000012, -0.258862615, -0.96591419, 1.17570899e-05, 60 change(s)]
Chamber   MovingParts.CoreAntenna.SpecialCoreAntenna1.FrontPiece.StructureDetail.Front.Model.Meshes/Trapezoid ~(39.1, 304.3, 15.3).CFrame = 39.0833702, 304.337219, 15.2779264, -0.965914309, -0.258862644, -4.12863983e-06, -6.81182883e-06, 1.03579841e-05, 1.00000012, -0.258862615, 0.965914428, -1.18299677e-05   [was 39.0833702, 304.337219, 15.2779264, -0.965914309, -0.258862644, -4.08692767e-06, -6.76864965e-06, 1.03580023e-05, 1.00000012, -0.258862615, 0.965914428, -1.18188082e-05, 60 change(s)]
Chamber   MovingParts.CoreAntenna.SpecialCoreAntenna1.FrontPiece.StructureDetail.Front.Model.Part ~(40.7, 298.2, 9.2).CFrame = 40.7110519, 298.211823, 9.20466423, 0.965912819, -2.20369293e-05, 0.258867651, 1.68588258e-06, -1, -9.1420261e-05, 0.258867651, 8.87405622e-05, -0.965912819   [was 40.7110519, 298.211823, 9.20466423, 0.965912819, -2.20786405e-05, 0.258867651, 1.64270341e-06, -1, -9.14202828e-05, 0.258867651, 8.87294009e-05, -0.965912819, 60 change(s)]
Chamber   MovingParts.CoreAntenna.SpecialCoreAntenna1.FrontPiece.StructureDetail.Front.Model.Meshes/Trapezoid ~(38.9, 301.9, 16.0).CFrame = 38.8957062, 301.887207, 15.9782171, -0.965914309, 0.258862585, 3.89834759e-06, -6.81182883e-06, -1.03579814e-05, -1.00000012, -0.258862615, -0.96591419, 1.17682494e-05   [was 38.8957062, 301.887207, 15.9782171, -0.965914309, 0.258862585, 3.85663543e-06, -6.76864965e-06, -1.03579996e-05, -1.00000012, -0.258862615, -0.96591419, 1.17570899e-05, 60 change(s)]
Chamber   MovingParts.CoreAntenna.SpecialCoreAntenna1.FrontPiece.StructureDetail.Front.Model.Meshes/Trapezoid ~(40.7, 297.0, 9.2).CFrame = 40.7077751, 296.987091, 9.21681595, -0.965914309, 0.258862585, 3.89834759e-06, -6.81182883e-06, -1.03579814e-05, -1.00000012, -0.258862615, -0.96591419, 1.17682494e-05   [was 40.7077751, 296.987091, 9.21681595, -0.965914309, 0.258862585, 3.85663543e-06, -6.76864965e-06, -1.03579996e-05, -1.00000012, -0.258862615, -0.96591419, 1.17570899e-05, 60 change(s)]
Chamber   MovingParts.CoreAntenna.SpecialCoreAntenna1.FrontPiece.StructureDetail.Front.Model.Meshes/Trapezoid ~(40.5, 309.2, 9.9).CFrame = 40.5329857, 309.237122, 9.86864853, -0.965914309, -0.258862644, -4.12863983e-06, -6.81182883e-06, 1.03579841e-05, 1.00000012, -0.258862615, 0.965914428, -1.18299677e-05   [was 40.5329857, 309.237122, 9.86864853, -0.965914309, -0.258862644, -4.08692767e-06, -6.76864965e-06, 1.03580023e-05, 1.00000012, -0.258862615, 0.965914428, -1.18188082e-05, 60 change(s)]
Chamber   MovingParts.CoreAntenna.SpecialCoreAntenna1.FrontPiece.StructureDetail.Front.Model.Part ~(40.7, 297.6, 9.2).CFrame = 40.7110443, 297.624298, 9.20466805, 0.965912819, -2.20369293e-05, 0.258867651, 1.68588258e-06, -1, -9.1420261e-05, 0.258867651, 8.87405622e-05, -0.965912819   [was 40.7110443, 297.624298, 9.20466805, 0.965912819, -2.20786405e-05, 0.258867651, 1.64270341e-06, -1, -9.14202828e-05, 0.258867651, 8.87294009e-05, -0.965912819, 60 change(s)]
Chamber   MovingParts.CoreAntenna.SpecialCoreAntenna1.FrontPiece.StructureDetail.Front.Model.Meshes/Trapezoid ~(40.2, 301.9, 11.2).CFrame = 40.1706123, 301.887146, 11.2210732, -0.965914309, -0.258862644, -4.12863983e-06, -6.81182883e-06, 1.03579841e-05, 1.00000012, -0.258862615, 0.965914428, -1.18299677e-05   [was 40.1706123, 301.887146, 11.2210732, -0.965914309, -0.258862644, -4.08692767e-06, -6.76864965e-06, 1.03580023e-05, 1.00000012, -0.258862615, 0.965914428, -1.18188082e-05, 60 change(s)]
Chamber   MovingParts.CoreAntenna.SpecialCoreAntenna1.FrontPiece.StructureDetail.Front.Model.Meshes/Trapezoid ~(39.3, 297.0, 14.6).CFrame = 39.2581253, 296.987152, 14.6259689, -0.965914309, 0.258862585, 3.89834759e-06, -6.81182883e-06, -1.03579814e-05, -1.00000012, -0.258862615, -0.96591419, 1.17682494e-05   [was 39.2581253, 296.987152, 14.6259689, -0.965914309, 0.258862585, 3.85663543e-06, -6.76864965e-06, -1.03579996e-05, -1.00000012, -0.258862615, -0.96591419, 1.17570899e-05, 60 change(s)]
Chamber   MovingParts.CoreAntenna.SpecialCoreAntenna1.FrontPiece.StructureDetail.Front.Model.Meshes/Trapezoid ~(39.8, 299.4, 12.6).CFrame = 39.808197, 299.437164, 12.5734024, -0.965914309, -0.258862644, -4.12863983e-06, -6.81182883e-06, 1.03579841e-05, 1.00000012, -0.258862615, 0.965914428, -1.18299677e-05   [was 39.808197, 299.437164, 12.5734024, -0.965914309, -0.258862644, -4.08692767e-06, -6.76864965e-06, 1.03580023e-05, 1.00000012, -0.258862615, 0.965914428, -1.18188082e-05, 60 change(s)]
Chamber   MovingParts.CoreAntenna.SpecialCoreAntenna1.FrontPiece.StructureDetail.Front.Model.Meshes/Trapezoid ~(39.3, 299.4, 14.6).CFrame = 39.2581253, 299.437195, 14.6259422, -0.965914309, 0.258862585, 3.89834759e-06, -6.81182883e-06, -1.03579814e-05, -1.00000012, -0.258862615, -0.96591419, 1.17682494e-05   [was 39.2581253, 299.437195, 14.6259422, -0.965914309, 0.258862585, 3.85663543e-06, -6.76864965e-06, -1.03579996e-05, -1.00000012, -0.258862615, -0.96591419, 1.17570899e-05, 60 change(s)]
Chamber   MovingParts.CoreAntenna.SpecialCoreAntenna1.FrontPiece.StructureDetail.Front.Model.Part ~(38.7, 297.6, 16.6).CFrame = 38.7177505, 297.62442, 16.6422691, -0.965912819, -2.20369293e-05, -0.258867651, -1.68588258e-06, -1, 9.1420261e-05, -0.258867651, 8.87405622e-05, 0.965912819   [was 38.7177505, 297.62442, 16.6422691, -0.965912819, -2.20786405e-05, -0.258867651, -1.64270341e-06, -1, 9.14202828e-05, -0.258867651, 8.87294009e-05, 0.965912819, 60 change(s)]
Chamber   MovingParts.CoreAntenna.SpecialCoreAntenna1.FrontPiece.StructureDetail.Front.Model.Meshes/Trapezoid ~(39.4, 298.2, 13.9).CFrame = 39.4393311, 298.212189, 13.9498348, -0.965914309, 0.258862585, 3.89834759e-06, -6.81182883e-06, -1.03579814e-05, -1.00000012, -0.258862615, -0.96591419, 1.17682494e-05   [was 39.4393311, 298.212189, 13.9498348, -0.965914309, 0.258862585, 3.85663543e-06, -6.76864965e-06, -1.03579996e-05, -1.00000012, -0.258862615, -0.96591419, 1.17570899e-05, 60 change(s)]
Chamber   MovingParts.CoreAntenna.SpecialCoreAntenna1.FrontPiece.StructureDetail.Front.Model.Meshes/Trapezoid ~(39.1, 309.2, 15.3).CFrame = 39.0833473, 309.237213, 15.2778358, -0.965914309, -0.258862644, -4.12863983e-06, -6.81182883e-06, 1.03579841e-05, 1.00000012, -0.258862615, 0.965914428, -1.18299677e-05   [was 39.0833473, 309.237213, 15.2778358, -0.965914309, -0.258862644, -4.08692767e-06, -6.76864965e-06, 1.03580023e-05, 1.00000012, -0.258862615, 0.965914428, -1.18188082e-05, 60 change(s)]
Chamber   MovingParts.CoreAntenna.SpecialCoreAntenna1.FrontPiece.StructureDetail.Front.Model.Meshes/Trapezoid ~(38.7, 306.8, 16.6).CFrame = 38.7209396, 306.787231, 16.6301994, -0.965914309, -0.258862644, -4.12863983e-06, -6.81182883e-06, 1.03579841e-05, 1.00000012, -0.258862615, 0.965914428, -1.18299677e-05   [was 38.7209396, 306.787231, 16.6301994, -0.965914309, -0.258862644, -4.08692767e-06, -6.76864965e-06, 1.03580023e-05, 1.00000012, -0.258862615, 0.965914428, -1.18188082e-05, 60 change(s)]
Chamber   MovingParts.CoreAntenna.SpecialCoreAntenna1.FrontPiece.StructureDetail.Front.Model.Part ~(40.7, 305.6, 9.2).CFrame = 40.7110252, 305.561859, 9.2045784, 0.965912819, -2.20369293e-05, 0.258867651, 1.68588258e-06, -1, -9.1420261e-05, 0.258867651, 8.87405622e-05, -0.965912819   [was 40.7110252, 305.561859, 9.2045784, 0.965912819, -2.20786405e-05, 0.258867651, 1.64270341e-06, -1, -9.14202828e-05, 0.258867651, 8.87294009e-05, -0.965912819, 60 change(s)]
Chamber   MovingParts.CoreAntenna.SpecialCoreAntenna1.FrontPiece.StructureDetail.Front.Model.Meshes/Trapezoid ~(39.4, 301.9, 13.9).CFrame = 39.4457932, 301.887177, 13.9256506, -0.965914309, -0.258862644, -4.12863983e-06, -6.81182883e-06, 1.03579841e-05, 1.00000012, -0.258862615, 0.965914428, -1.18299677e-05   [was 39.4457932, 301.887177, 13.9256506, -0.965914309, -0.258862644, -4.08692767e-06, -6.76864965e-06, 1.03580023e-05, 1.00000012, -0.258862615, 0.965914428, -1.18188082e-05, 60 change(s)]
Chamber   MovingParts.CoreAntenna.SpecialCoreAntenna1.FrontPiece.StructureDetail.Front.Model.Meshes/Trapezoid ~(38.9, 308.0, 16.0).CFrame = 38.9021492, 308.012238, 15.9540348, -0.965914309, -0.258862644, -4.12863983e-06, -6.81182883e-06, 1.03579841e-05, 1.00000012, -0.258862615, 0.965914428, -1.18299677e-05   [was 38.9021492, 308.012238, 15.9540348, -0.965914309, -0.258862644, -4.08692767e-06, -6.76864965e-06, 1.03580023e-05, 1.00000012, -0.258862615, 0.965914428, -1.18188082e-05, 60 change(s)]
Chamber   MovingParts.CoreAntenna.SpecialCoreAntenna1.FrontPiece.StructureDetail.Front.Model.Meshes/Trapezoid ~(39.4, 309.2, 13.9).CFrame = 39.4457474, 309.237152, 13.92556, -0.965914309, -0.258862644, -4.12863983e-06, -6.81182883e-06, 1.03579841e-05, 1.00000012, -0.258862615, 0.965914428, -1.18299677e-05   [was 39.4457474, 309.237152, 13.92556, -0.965914309, -0.258862644, -4.08692767e-06, -6.76864965e-06, 1.03580023e-05, 1.00000012, -0.258862615, 0.965914428, -1.18188082e-05, 60 change(s)]
Chamber   MovingParts.CoreAntenna.SpecialCoreAntenna1.FrontPiece.StructureDetail.Front.Model.Meshes/Trapezoid ~(40.0, 301.9, 11.9).CFrame = 39.9829407, 301.887146, 11.9213371, -0.965914309, 0.258862585, 3.89834759e-06, -6.81182883e-06, -1.03579814e-05, -1.00000012, -0.258862615, -0.96591419, 1.17682494e-05   [was 39.9829407, 301.887146, 11.9213371, -0.965914309, 0.258862585, 3.85663543e-06, -6.76864965e-06, -1.03579996e-05, -1.00000012, -0.258862615, -0.96591419, 1.17570899e-05, 60 change(s)]
Chamber   MovingParts.CoreAntenna.SpecialCoreAntenna1.FrontPiece.StructureDetail.Front.Model.Part ~(40.7, 306.1, 9.2).CFrame = 40.7110291, 306.149384, 9.20457268, -0.965912819, 2.20369293e-05, 0.258867651, -1.68588258e-06, 1, -9.1420261e-05, -0.258867651, -8.87405622e-05, -0.965912819   [was 40.7110291, 306.149384, 9.20457268, -0.965912819, 2.20786405e-05, 0.258867651, -1.64270341e-06, 1, -9.14202828e-05, -0.258867651, -8.87294009e-05, -0.965912819, 60 change(s)]
Chamber   MovingParts.CoreAntenna.SpecialCoreAntenna1.FrontPiece.StructureDetail.Front.Model.Meshes/Trapezoid ~(40.0, 304.3, 11.9).CFrame = 39.9829445, 304.337189, 11.9213114, -0.965914309, 0.258862585, 3.89834759e-06, -6.81182883e-06, -1.03579814e-05, -1.00000012, -0.258862615, -0.96591419, 1.17682494e-05   [was 39.9829445, 304.337189, 11.9213114, -0.965914309, 0.258862585, 3.85663543e-06, -6.76864965e-06, -1.03579996e-05, -1.00000012, -0.258862615, -0.96591419, 1.17570899e-05, 60 change(s)]
Chamber   MovingParts.CoreAntenna.SpecialCoreAntenna1.FrontPiece.StructureDetail.Front.Model.Meshes/Trapezoid ~(39.1, 300.7, 15.3).CFrame = 39.0769119, 300.662201, 15.3020792, -0.965914309, 0.258862585, 3.89834759e-06, -6.81182883e-06, -1.03579814e-05, -1.00000012, -0.258862615, -0.96591419, 1.17682494e-05   [was 39.0769119, 300.662201, 15.3020792, -0.965914309, 0.258862585, 3.85663543e-06, -6.76864965e-06, -1.03579996e-05, -1.00000012, -0.258862615, -0.96591419, 1.17570899e-05, 60 change(s)]
Chamber   MovingParts.CoreAntenna.SpecialCoreAntenna1.FrontPiece.StructureDetail.Front.Model.Meshes/Trapezoid ~(40.0, 297.0, 11.9).CFrame = 39.9829636, 296.987122, 11.9213953, -0.965914309, 0.258862585, 3.89834759e-06, -6.81182883e-06, -1.03579814e-05, -1.00000012, -0.258862615, -0.96591419, 1.17682494e-05   [was 39.9829636, 296.987122, 11.9213953, -0.965914309, 0.258862585, 3.85663543e-06, -6.76864965e-06, -1.03579996e-05, -1.00000012, -0.258862615, -0.96591419, 1.17570899e-05, 60 change(s)]
Chamber   MovingParts.CoreAntenna.SpecialCoreAntenna1.FrontPiece.StructureDetail.Front.Model.Meshes/Trapezoid ~(40.4, 300.7, 10.5).CFrame = 40.3518143, 300.66214, 10.5449333, -0.965914309, -0.258862644, -4.12863983e-06, -6.81182883e-06, 1.03579841e-05, 1.00000012, -0.258862615, 0.965914428, -1.18299677e-05   [was 40.3518143, 300.66214, 10.5449333, -0.965914309, -0.258862644, -4.08692767e-06, -6.76864965e-06, 1.03580023e-05, 1.00000012, -0.258862615, 0.965914428, -1.18188082e-05, 60 change(s)]
Chamber   MovingParts.CoreAntenna.SpecialCoreAntenna1.FrontPiece.StructureDetail.Front.Model.Part ~(38.7, 298.8, 16.6).CFrame = 38.7177582, 298.799469, 16.6422577, 0.965912819, 2.20369293e-05, -0.258867651, 1.68588258e-06, 1, 9.1420261e-05, 0.258867651, -8.87405622e-05, 0.965912819   [was 38.7177582, 298.799469, 16.6422577, 0.965912819, 2.20786405e-05, -0.258867651, 1.64270341e-06, 1, 9.14202828e-05, 0.258867651, -8.87294009e-05, 0.965912819, 60 change(s)]
Chamber   MovingParts.CoreAntenna.SpecialCoreAntenna1.FrontPiece.StructureDetail.Front.Model.Meshes/Trapezoid ~(40.2, 303.1, 11.2).CFrame = 40.1641388, 303.112183, 11.2452011, -0.965914309, 0.258862585, 3.89834759e-06, -6.81182883e-06, -1.03579814e-05, -1.00000012, -0.258862615, -0.96591419, 1.17682494e-05   [was 40.1641388, 303.112183, 11.2452011, -0.965914309, 0.258862585, 3.85663543e-06, -6.76864965e-06, -1.03579996e-05, -1.00000012, -0.258862615, -0.96591419, 1.17570899e-05, 60 change(s)]
Chamber   MovingParts.CoreAntenna.SpecialCoreAntenna1.FrontPiece.StructureDetail.Front.Model.Meshes/Trapezoid ~(39.8, 305.6, 12.6).CFrame = 39.8017273, 305.562195, 12.5974474, -0.965914309, 0.258862585, 3.89834759e-06, -6.81182883e-06, -1.03579814e-05, -1.00000012, -0.258862615, -0.96591419, 1.17682494e-05   [was 39.8017273, 305.562195, 12.5974474, -0.965914309, 0.258862585, 3.85663543e-06, -6.76864965e-06, -1.03579996e-05, -1.00000012, -0.258862615, -0.96591419, 1.17570899e-05, 60 change(s)]
Chamber   MovingParts.CoreAntenna.SpecialCoreAntenna1.FrontPiece.StructureDetail.Front.Model.Meshes/Trapezoid ~(40.2, 305.6, 11.2).CFrame = 40.1641388, 305.562195, 11.2451744, -0.965914309, 0.258862585, 3.89834759e-06, -6.81182883e-06, -1.03579814e-05, -1.00000012, -0.258862615, -0.96591419, 1.17682494e-05   [was 40.1641388, 305.562195, 11.2451744, -0.965914309, 0.258862585, 3.85663543e-06, -6.76864965e-06, -1.03579996e-05, -1.00000012, -0.258862615, -0.96591419, 1.17570899e-05, 60 change(s)]
Chamber   MovingParts.CoreAntenna.SpecialCoreAntenna1.FrontPiece.StructureDetail.Front.Model.Meshes/Trapezoid ~(40.2, 306.8, 11.2).CFrame = 40.1706009, 306.787201, 11.2210178, -0.965914309, -0.258862644, -4.12863983e-06, -6.81182883e-06, 1.03579841e-05, 1.00000012, -0.258862615, 0.965914428, -1.18299677e-05   [was 40.1706009, 306.787201, 11.2210178, -0.965914309, -0.258862644, -4.08692767e-06, -6.76864965e-06, 1.03580023e-05, 1.00000012, -0.258862615, 0.965914428, -1.18188082e-05, 60 change(s)]
Chamber   MovingParts.CoreAntenna.SpecialCoreAntenna1.FrontPiece.StructureDetail.Front.Model.Part ~(38.7, 298.2, 16.6).CFrame = 38.7177582, 298.211945, 16.6422977, 0.965912819, 8.30608042e-05, -0.258867651, -8.46216426e-05, 1, 5.11273629e-06, 0.258867651, 1.69668911e-05, 0.965912819   [was 38.7177582, 298.211945, 16.6422977, 0.965912819, 8.31025172e-05, -0.258867651, -8.46648254e-05, 1, 5.11275493e-06, 0.258867651, 1.69780506e-05, 0.965912819, 60 change(s)]
Chamber   MovingParts.CoreAntenna.SpecialCoreAntenna1.FrontPiece.StructureDetail.Front.Model.Meshes/Trapezoid ~(39.6, 306.8, 13.3).CFrame = 39.6205139, 306.787201, 13.2735844, -0.965914309, 0.258862585, 3.89834759e-06, -6.81182883e-06, -1.03579814e-05, -1.00000012, -0.258862615, -0.96591419, 1.17682494e-05   [was 39.6205139, 306.787201, 13.2735844, -0.965914309, 0.258862585, 3.85663543e-06, -6.76864965e-06, -1.03579996e-05, -1.00000012, -0.258862615, -0.96591419, 1.17570899e-05, 60 change(s)]
Chamber   MovingParts.CoreAntenna.SpecialCoreAntenna1.FrontPiece.StructureDetail.Front.Model.Meshes/Trapezoid ~(40.4, 298.2, 10.5).CFrame = 40.351841, 298.212128, 10.5449352, -0.965914309, -0.258862644, -4.12863983e-06, -6.81182883e-06, 1.03579841e-05, 1.00000012, -0.258862615, 0.965914428, -1.18299677e-05   [was 40.351841, 298.212128, 10.5449352, -0.965914309, -0.258862644, -4.08692767e-06, -6.76864965e-06, 1.03580023e-05, 1.00000012, -0.258862615, 0.965914428, -1.18188082e-05, 60 change(s)]
Chamber   MovingParts.CoreAntenna.SpecialCoreAntenna1.FrontPiece.StructureDetail.Front.Model.Part ~(38.7, 300.7, 16.6).CFrame = 38.7177391, 300.661957, 16.6422348, 0.965912819, 8.30608042e-05, -0.258867651, -8.46216426e-05, 1, 5.11273629e-06, 0.258867651, 1.69668911e-05, 0.965912819   [was 38.7177391, 300.661957, 16.6422348, 0.965912819, 8.31025172e-05, -0.258867651, -8.46648254e-05, 1, 5.11275493e-06, 0.258867651, 1.69780506e-05, 0.965912819, 60 change(s)]
Chamber   MovingParts.CoreAntenna.SpecialCoreAntenna1.FrontPiece.StructureDetail.Front.Model.Meshes/Trapezoid ~(39.6, 300.7, 13.2).CFrame = 39.6269913, 300.66217, 13.2495422, -0.965914309, -0.258862644, -4.12863983e-06, -6.81182883e-06, 1.03579841e-05, 1.00000012, -0.258862615, 0.965914428, -1.18299677e-05   [was 39.6269913, 300.66217, 13.2495422, -0.965914309, -0.258862644, -4.08692767e-06, -6.76864965e-06, 1.03580023e-05, 1.00000012, -0.258862615, 0.965914428, -1.18188082e-05, 60 change(s)]
Chamber   MovingParts.CoreAntenna.SpecialCoreAntenna1.FrontPiece.StructureDetail.Front.Model.Meshes/Trapezoid ~(38.9, 298.2, 16.0).CFrame = 38.9021797, 298.212158, 15.9541159, -0.965914309, -0.258862644, -4.12863983e-06, -6.81182883e-06, 1.03579841e-05, 1.00000012, -0.258862615, 0.965914428, -1.18299677e-05   [was 38.9021797, 298.212158, 15.9541159, -0.965914309, -0.258862644, -4.08692767e-06, -6.76864965e-06, 1.03580023e-05, 1.00000012, -0.258862615, 0.965914428, -1.18188082e-05, 60 change(s)]
Chamber   MovingParts.CoreAntenna.SpecialCoreAntenna1.FrontPiece.StructureDetail.Front.Model.Meshes/Trapezoid ~(38.9, 297.0, 16.0).CFrame = 38.8957214, 296.987183, 15.9782429, -0.965914309, 0.258862585, 3.89834759e-06, -6.81182883e-06, -1.03579814e-05, -1.00000012, -0.258862615, -0.96591419, 1.17682494e-05   [was 38.8957214, 296.987183, 15.9782429, -0.965914309, 0.258862585, 3.85663543e-06, -6.76864965e-06, -1.03579996e-05, -1.00000012, -0.258862615, -0.96591419, 1.17570899e-05, 60 change(s)]
Chamber   MovingParts.CoreAntenna.SpecialCoreAntenna1.FrontPiece.StructureDetail.Front.Model.Meshes/Trapezoid ~(40.5, 303.1, 9.9).CFrame = 40.5265656, 303.112152, 9.89286995, -0.965914309, 0.258862585, 3.89834759e-06, -6.81182883e-06, -1.03579814e-05, -1.00000012, -0.258862615, -0.96591419, 1.17682494e-05   [was 40.5265656, 303.112152, 9.89286995, -0.965914309, 0.258862585, 3.85663543e-06, -6.76864965e-06, -1.03579996e-05, -1.00000012, -0.258862615, -0.96591419, 1.17570899e-05, 60 change(s)]
Chamber   MovingParts.CoreAntenna.SpecialCoreAntenna1.FrontPiece.StructureDetail.Front.Model.Part ~(38.7, 300.1, 16.6).CFrame = 38.7177467, 300.074432, 16.6422424, -0.965912819, -2.20369293e-05, -0.258867651, -1.68588258e-06, -1, 9.1420261e-05, -0.258867651, 8.87405622e-05, 0.965912819   [was 38.7177429, 300.074432, 16.6422424, -0.965912819, -2.20786405e-05, -0.258867651, -1.64270341e-06, -1, 9.14202828e-05, -0.258867651, 8.87294009e-05, 0.965912819, 60 change(s)]
Chamber   MovingParts.CoreAntenna.SpecialCoreAntenna1.FrontPiece.StructureDetail.Front.Model.Meshes/Trapezoid ~(38.9, 303.1, 16.0).CFrame = 38.9021835, 303.111542, 15.9540329, -0.965972543, -0.258626759, 0.00305948709, 0.0031645156, 9.97250572e-06, 0.999994934, -0.258625478, 0.965977371, 0.000808810582   [was 38.9021835, 303.111542, 15.9540329, -0.965972543, -0.258626759, 0.00305952877, 0.00316455867, 9.972513e-06, 0.999994934, -0.258625478, 0.965977371, 0.000808821758, 60 change(s)]
Chamber   MovingParts.CoreAntenna.SpecialCoreAntenna1.FrontPiece.StructureDetail.Front.Model.Meshes/Trapezoid ~(40.5, 306.8, 9.9).CFrame = 40.5329895, 306.78717, 9.86870766, -0.965914309, -0.258862644, -4.12863983e-06, -6.81182883e-06, 1.03579841e-05, 1.00000012, -0.258862615, 0.965914428, -1.18299677e-05   [was 40.5329895, 306.78717, 9.86870766, -0.965914309, -0.258862644, -4.08692767e-06, -6.76864965e-06, 1.03580023e-05, 1.00000012, -0.258862615, 0.965914428, -1.18188082e-05, 60 change(s)]
Chamber   MovingParts.CoreAntenna.SpecialCoreAntenna1.FrontPiece.StructureDetail.Front.Model.Meshes/Trapezoid ~(40.7, 301.9, 9.2).CFrame = 40.7077637, 301.887146, 9.21675968, -0.965914309, 0.258862585, 3.89834759e-06, -6.81182883e-06, -1.03579814e-05, -1.00000012, -0.258862615, -0.96591419, 1.17682494e-05   [was 40.7077637, 301.887146, 9.21675968, -0.965914309, 0.258862585, 3.85663543e-06, -6.76864965e-06, -1.03579996e-05, -1.00000012, -0.258862615, -0.96591419, 1.17570899e-05, 60 change(s)]
Chamber   MovingParts.CoreAntenna.SpecialCoreAntenna1.FrontPiece.StructureDetail.Front.Model.Meshes/Trapezoid ~(39.8, 303.1, 12.6).CFrame = 39.8017235, 303.112183, 12.5974731, -0.965914309, 0.258862585, 3.89834759e-06, -6.81182883e-06, -1.03579814e-05, -1.00000012, -0.258862615, -0.96591419, 1.17682494e-05   [was 39.8017235, 303.112183, 12.5974731, -0.965914309, 0.258862585, 3.85663543e-06, -6.76864965e-06, -1.03579996e-05, -1.00000012, -0.258862615, -0.96591419, 1.17570899e-05, 60 change(s)]
Chamber   MovingParts.CoreAntenna.SpecialCoreAntenna1.FrontPiece.StructureDetail.Front.Model.Part ~(38.7, 307.4, 16.6).CFrame = 38.7177238, 307.424469, 16.6421566, -0.965912819, -2.20369293e-05, -0.258867651, -1.68588258e-06, -1, 9.1420261e-05, -0.258867651, 8.87405622e-05, 0.965912819   [was 38.7177238, 307.424469, 16.6421566, -0.965912819, -2.20786405e-05, -0.258867651, -1.64270341e-06, -1, 9.14202828e-05, -0.258867651, 8.87294009e-05, 0.965912819, 60 change(s)]
Chamber   MovingParts.CoreAntenna.SpecialCoreAntenna1.FrontPiece.StructureDetail.Front.Model.Meshes/Trapezoid ~(40.3, 299.4, 10.6).CFrame = 40.3453903, 299.437134, 10.5690699, -0.965914309, 0.258862585, 3.89834759e-06, -6.81182883e-06, -1.03579814e-05, -1.00000012, -0.258862615, -0.96591419, 1.17682494e-05   [was 40.3453903, 299.437134, 10.5690699, -0.965914309, 0.258862585, 3.85663543e-06, -6.76864965e-06, -1.03579996e-05, -1.00000012, -0.258862615, -0.96591419, 1.17570899e-05, 60 change(s)]
Chamber   MovingParts.CoreAntenna.SpecialCoreAntenna1.FrontPiece.StructureDetail.Front.Model.Meshes/Trapezoid ~(38.9, 304.3, 16.0).CFrame = 38.8957062, 304.337219, 15.9781599, -0.965914309, 0.258862585, 3.89834759e-06, -6.81182883e-06, -1.03579814e-05, -1.00000012, -0.258862615, -0.96591419, 1.17682494e-05   [was 38.8957062, 304.337219, 15.9781599, -0.965914309, 0.258862585, 3.85663543e-06, -6.76864965e-06, -1.03579996e-05, -1.00000012, -0.258862615, -0.96591419, 1.17570899e-05, 60 change(s)]
Chamber   MovingParts.CoreAntenna.SpecialCoreAntenna1.FrontPiece.StructureDetail.Front.Model.Meshes/Trapezoid ~(40.4, 305.6, 10.5).CFrame = 40.3518066, 305.562164, 10.5448475, -0.965914309, -0.258862644, -4.12863983e-06, -6.81182883e-06, 1.03579841e-05, 1.00000012, -0.258862615, 0.965914428, -1.18299677e-05   [was 40.3518066, 305.562164, 10.5448475, -0.965914309, -0.258862644, -4.08692767e-06, -6.76864965e-06, 1.03580023e-05, 1.00000012, -0.258862615, 0.965914428, -1.18188082e-05, 60 change(s)]
Chamber   MovingParts.CoreAntenna.SpecialCoreAntenna1.FrontPiece.StructureDetail.Front.Model.Meshes/Trapezoid ~(40.0, 298.2, 11.9).CFrame = 39.9894218, 298.212158, 11.8972378, -0.965914309, -0.258862644, -4.12863983e-06, -6.81182883e-06, 1.03579841e-05, 1.00000012, -0.258862615, 0.965914428, -1.18299677e-05   [was 39.9894218, 298.212158, 11.8972378, -0.965914309, -0.258862644, -4.08692767e-06, -6.76864965e-06, 1.03580023e-05, 1.00000012, -0.258862615, 0.965914428, -1.18188082e-05, 60 change(s)]
Chamber   MovingParts.CoreAntenna.SpecialCoreAntenna1.FrontPiece.StructureDetail.Front.Model.Part ~(38.7, 301.2, 16.6).CFrame = 38.7177391, 301.249481, 16.6422272, 0.965912819, 2.20369293e-05, -0.258867651, 1.68588258e-06, 1, 9.1420261e-05, 0.258867651, -8.87405622e-05, 0.965912819   [was 38.7177391, 301.249481, 16.6422272, 0.965912819, 2.20786405e-05, -0.258867651, 1.64270341e-06, 1, 9.14202828e-05, 0.258867651, -8.87294009e-05, 0.965912819, 60 change(s)]
Chamber   MovingParts.CoreAntenna.SpecialCoreAntenna1.FrontPiece.StructureDetail.Front.Model.Meshes/Trapezoid ~(39.6, 299.4, 13.3).CFrame = 39.6205444, 299.437164, 13.2736721, -0.965914309, 0.258862585, 3.89834759e-06, -6.81182883e-06, -1.03579814e-05, -1.00000012, -0.258862615, -0.96591419, 1.17682494e-05   [was 39.6205444, 299.437164, 13.2736721, -0.965914309, 0.258862585, 3.85663543e-06, -6.76864965e-06, -1.03579996e-05, -1.00000012, -0.258862615, -0.96591419, 1.17570899e-05, 60 change(s)]
Chamber   MovingParts.CoreAntenna.SpecialCoreAntenna1.FrontPiece.StructureDetail.Front.Model.Meshes/Trapezoid ~(39.1, 305.6, 15.3).CFrame = 39.0769043, 305.562225, 15.3020239, -0.965914309, 0.258862585, 3.89834759e-06, -6.81182883e-06, -1.03579814e-05, -1.00000012, -0.258862615, -0.96591419, 1.17682494e-05   [was 39.0769043, 305.562225, 15.3020239, -0.965914309, 0.258862585, 3.85663543e-06, -6.76864965e-06, -1.03579996e-05, -1.00000012, -0.258862615, -0.96591419, 1.17570899e-05, 60 change(s)]
Chamber   MovingParts.CoreAntenna.SpecialCoreAntenna1.FrontPiece.StructureDetail.Front.Model.Meshes/Trapezoid ~(40.5, 304.3, 9.9).CFrame = 40.53302, 304.337158, 9.86874199, -0.965914309, -0.258862644, -4.12863983e-06, -6.81182883e-06, 1.03579841e-05, 1.00000012, -0.258862615, 0.965914428, -1.18299677e-05   [was 40.53302, 304.337158, 9.86874199, -0.965914309, -0.258862644, -4.08692767e-06, -6.76864965e-06, 1.03580023e-05, 1.00000012, -0.258862615, 0.965914428, -1.18188082e-05, 60 change(s)]
Chamber   MovingParts.CoreAntenna.SpecialCoreAntenna1.FrontPiece.StructureDetail.Front.Model.Meshes/Trapezoid ~(40.3, 309.2, 10.6).CFrame = 40.3453484, 309.237152, 10.5689526, -0.965914309, 0.258862585, 3.89834759e-06, -6.81182883e-06, -1.03579814e-05, -1.00000012, -0.258862615, -0.96591419, 1.17682494e-05   [was 40.3453484, 309.237152, 10.5689526, -0.965914309, 0.258862585, 3.85663543e-06, -6.76864965e-06, -1.03579996e-05, -1.00000012, -0.258862615, -0.96591419, 1.17570899e-05, 60 change(s)]
Chamber   MovingParts.CoreAntenna.SpecialCoreAntenna1.FrontPiece.StructureDetail.Front.Model.Meshes/Trapezoid ~(40.5, 301.9, 9.9).CFrame = 40.5330238, 301.887146, 9.86876965, -0.965914309, -0.258862644, -4.12863983e-06, -6.81182883e-06, 1.03579841e-05, 1.00000012, -0.258862615, 0.965914428, -1.18299677e-05   [was 40.5330238, 301.887146, 9.86876965, -0.965914309, -0.258862644, -4.08692767e-06, -6.76864965e-06, 1.03580023e-05, 1.00000012, -0.258862615, 0.965914428, -1.18188082e-05, 60 change(s)]
Chamber   MovingParts.CoreAntenna.SpecialCoreAntenna1.FrontPiece.StructureDetail.Front.Model.Meshes/Trapezoid ~(38.7, 304.3, 16.6).CFrame = 38.7209511, 304.33725, 16.630228, -0.965914309, -0.258862644, -4.12863983e-06, -6.81182883e-06, 1.03579841e-05, 1.00000012, -0.258862615, 0.965914428, -1.18299677e-05   [was 38.7209511, 304.33725, 16.630228, -0.965914309, -0.258862644, -4.08692767e-06, -6.76864965e-06, 1.03580023e-05, 1.00000012, -0.258862615, 0.965914428, -1.18188082e-05, 60 change(s)]
Chamber   MovingParts.CoreAntenna.SpecialCoreAntenna1.FrontPiece.StructureDetail.Front.Model.Meshes/Trapezoid ~(39.3, 306.8, 14.6).CFrame = 39.2580948, 306.787231, 14.6258869, -0.965914309, 0.258862585, 3.89834759e-06, -6.81182883e-06, -1.03579814e-05, -1.00000012, -0.258862615, -0.96591419, 1.17682494e-05   [was 39.2580948, 306.787231, 14.6258869, -0.965914309, 0.258862585, 3.85663543e-06, -6.76864965e-06, -1.03579996e-05, -1.00000012, -0.258862615, -0.96591419, 1.17570899e-05, 60 change(s)]
Chamber   MovingParts.CoreAntenna.SpecialCoreAntenna1.FrontPiece.StructureDetail.Front.Model.Meshes/Trapezoid ~(40.5, 297.0, 9.9).CFrame = 40.5330353, 296.987091, 9.86882401, -0.965914309, -0.258862644, -4.12863983e-06, -6.81182883e-06, 1.03579841e-05, 1.00000012, -0.258862615, 0.965914428, -1.18299677e-05   [was 40.5330353, 296.987091, 9.86882401, -0.965914309, -0.258862644, -4.08692767e-06, -6.76864965e-06, 1.03580023e-05, 1.00000012, -0.258862615, 0.965914428, -1.18188082e-05, 60 change(s)]
Chamber   MovingParts.CoreAntenna.SpecialCoreAntenna1.FrontPiece.StructureDetail.Front.Model.Meshes/Trapezoid ~(39.4, 297.0, 13.9).CFrame = 39.4457932, 296.987152, 13.9257345, -0.965914309, -0.258862644, -4.12863983e-06, -6.81182883e-06, 1.03579841e-05, 1.00000012, -0.258862615, 0.965914428, -1.18299677e-05   [was 39.4457932, 296.987152, 13.9257345, -0.965914309, -0.258862644, -4.08692767e-06, -6.76864965e-06, 1.03580023e-05, 1.00000012, -0.258862615, 0.965914428, -1.18188082e-05, 60 change(s)]
Chamber   MovingParts.CoreAntenna.SpecialCoreAntenna1.FrontPiece.StructureDetail.Front.Model.Meshes/Trapezoid ~(39.3, 298.2, 14.6).CFrame = 39.2646027, 298.212189, 14.6018152, -0.965914309, -0.258862644, -4.12863983e-06, -6.81182883e-06, 1.03579841e-05, 1.00000012, -0.258862615, 0.965914428, -1.18299677e-05   [was 39.2646027, 298.212189, 14.6018152, -0.965914309, -0.258862644, -4.08692767e-06, -6.76864965e-06, 1.03580023e-05, 1.00000012, -0.258862615, 0.965914428, -1.18188082e-05, 60 change(s)]
Chamber   MovingParts.CoreAntenna.SpecialCoreAntenna1.FrontPiece.StructureDetail.Front.Model.Meshes/Trapezoid ~(39.1, 299.4, 15.3).CFrame = 39.0833817, 299.437195, 15.2779818, -0.965914309, -0.258862644, -4.12863983e-06, -6.81182883e-06, 1.03579841e-05, 1.00000012, -0.258862615, 0.965914428, -1.18299677e-05   [was 39.0833817, 299.437195, 15.2779818, -0.965914309, -0.258862644, -4.08692767e-06, -6.76864965e-06, 1.03580023e-05, 1.00000012, -0.258862615, 0.965914428, -1.18188082e-05, 60 change(s)]
Chamber   MovingParts.CoreAntenna.SpecialCoreAntenna1.FrontPiece.StructureDetail.Front.Model.Meshes/Trapezoid ~(39.3, 303.1, 14.6).CFrame = 39.264576, 303.112183, 14.6017866, -0.965914309, -0.258862644, -4.12863983e-06, -6.81182883e-06, 1.03579841e-05, 1.00000012, -0.258862615, 0.965914428, -1.18299677e-05   [was 39.264576, 303.112183, 14.6017866, -0.965914309, -0.258862644, -4.08692767e-06, -6.76864965e-06, 1.03580023e-05, 1.00000012, -0.258862615, 0.965914428, -1.18188082e-05, 60 change(s)]
Chamber   MovingParts.CoreAntenna.SpecialCoreAntenna1.FrontPiece.StructureDetail.Front.Model.Meshes/Trapezoid ~(38.9, 299.4, 16.0).CFrame = 38.8957291, 299.437195, 15.9782505, -0.965914309, 0.258862585, 3.89834759e-06, -6.81182883e-06, -1.03579814e-05, -1.00000012, -0.258862615, -0.96591419, 1.17682494e-05   [was 38.8957291, 299.437195, 15.9782505, -0.965914309, 0.258862585, 3.85663543e-06, -6.76864965e-06, -1.03579996e-05, -1.00000012, -0.258862615, -0.96591419, 1.17570899e-05, 60 change(s)]
Chamber   MovingParts.CoreAntenna.SpecialCoreAntenna1.FrontPiece.StructureDetail.Front.Model.Part ~(40.7, 308.0, 9.2).CFrame = 40.7110291, 308.011871, 9.20452118, 0.965912819, -2.20369293e-05, 0.258867651, 1.68588258e-06, -1, -9.1420261e-05, 0.258867651, 8.87405622e-05, -0.965912819   [was 40.7110291, 308.011871, 9.20452118, 0.965912819, -2.20786405e-05, 0.258867651, 1.64270341e-06, -1, -9.14202828e-05, 0.258867651, 8.87294009e-05, -0.965912819, 60 change(s)]
Chamber   MovingParts.CoreAntenna.SpecialCoreAntenna1.FrontPiece.StructureDetail.Front.Model.Meshes/Trapezoid ~(40.0, 306.8, 11.9).CFrame = 39.9829216, 306.787201, 11.9213114, -0.965914309, 0.258862585, 3.89834759e-06, -6.81182883e-06, -1.03579814e-05, -1.00000012, -0.258862615, -0.96591419, 1.17682494e-05   [was 39.9829216, 306.787201, 11.9213114, -0.965914309, 0.258862585, 3.85663543e-06, -6.76864965e-06, -1.03579996e-05, -1.00000012, -0.258862615, -0.96591419, 1.17570899e-05, 60 change(s)]
Chamber   MovingParts.CoreAntenna.SpecialCoreAntenna1.FrontPiece.StructureDetail.Front.Model.Meshes/Trapezoid ~(40.7, 309.2, 9.2).CFrame = 40.707756, 309.237122, 9.21667862, -0.965914309, 0.258862585, 3.89834759e-06, -6.81182883e-06, -1.03579814e-05, -1.00000012, -0.258862615, -0.96591419, 1.17682494e-05   [was 40.707756, 309.237122, 9.21667862, -0.965914309, 0.258862585, 3.85663543e-06, -6.76864965e-06, -1.03579996e-05, -1.00000012, -0.258862615, -0.96591419, 1.17570899e-05, 60 change(s)]
Chamber   MovingParts.CoreAntenna.SpecialCoreAntenna1.FrontPiece.StructureDetail.Front.Model.Meshes/Trapezoid ~(38.9, 309.2, 16.0).CFrame = 38.8956985, 309.237213, 15.9781055, -0.965914309, 0.258862585, 3.89834759e-06, -6.81182883e-06, -1.03579814e-05, -1.00000012, -0.258862615, -0.96591419, 1.17682494e-05   [was 38.8956985, 309.237213, 15.9781055, -0.965914309, 0.258862585, 3.85663543e-06, -6.76864965e-06, -1.03579996e-05, -1.00000012, -0.258862615, -0.96591419, 1.17570899e-05, 60 change(s)]
Chamber   MovingParts.CoreAntenna.SpecialCoreAntenna1.FrontPiece.StructureDetail.Front.Model.Meshes/Trapezoid ~(40.3, 304.3, 10.6).CFrame = 40.345356, 304.337158, 10.5690079, -0.965914309, 0.258862585, 3.89834759e-06, -6.81182883e-06, -1.03579814e-05, -1.00000012, -0.258862615, -0.96591419, 1.17682494e-05   [was 40.345356, 304.337158, 10.5690079, -0.965914309, 0.258862585, 3.85663543e-06, -6.76864965e-06, -1.03579996e-05, -1.00000012, -0.258862615, -0.96591419, 1.17570899e-05, 60 change(s)]
Chamber   MovingParts.CoreAntenna.SpecialCoreAntenna1.FrontPiece.StructureDetail.Front.Model.Meshes/Trapezoid ~(40.0, 309.2, 11.9).CFrame = 39.9829025, 309.237152, 11.9212475, -0.965914309, 0.258862585, 3.89834759e-06, -6.81182883e-06, -1.03579814e-05, -1.00000012, -0.258862615, -0.96591419, 1.17682494e-05   [was 39.9829025, 309.237152, 11.9212475, -0.965914309, 0.258862585, 3.85663543e-06, -6.76864965e-06, -1.03579996e-05, -1.00000012, -0.258862615, -0.96591419, 1.17570899e-05, 60 change(s)]
Chamber   MovingParts.CoreAntenna.SpecialCoreAntenna1.FrontPiece.StructureDetail.Front.Model.Part ~(40.7, 308.6, 9.2).CFrame = 40.7110176, 308.599396, 9.20454311, -0.965912819, 2.20369293e-05, 0.258867651, -1.68588258e-06, 1, -9.1420261e-05, -0.258867651, -8.87405622e-05, -0.965912819   [was 40.7110176, 308.599396, 9.20454311, -0.965912819, 2.20786405e-05, 0.258867651, -1.64270341e-06, 1, -9.14202828e-05, -0.258867651, -8.87294009e-05, -0.965912819, 60 change(s)]
Chamber   MovingParts.CoreAntenna.SpecialCoreAntenna1.FrontPiece.StructureDetail.Front.Model.Meshes/Trapezoid ~(38.7, 309.2, 16.6).CFrame = 38.7209282, 309.237213, 16.6301689, -0.965914309, -0.258862644, -4.12863983e-06, -6.81182883e-06, 1.03579841e-05, 1.00000012, -0.258862615, 0.965914428, -1.18299677e-05   [was 38.7209282, 309.237213, 16.6301689, -0.965914309, -0.258862644, -4.08692767e-06, -6.76864965e-06, 1.03580023e-05, 1.00000012, -0.258862615, 0.965914428, -1.18188082e-05, 60 change(s)]
Chamber   MovingParts.CoreAntenna.SpecialCoreAntenna1.FrontPiece.StructureDetail.Front.Model.Meshes/Trapezoid ~(40.5, 299.4, 9.9).CFrame = 40.5330238, 299.437134, 9.86879539, -0.965914309, -0.258862644, -4.12863983e-06, -6.81182883e-06, 1.03579841e-05, 1.00000012, -0.258862615, 0.965914428, -1.18299677e-05   [was 40.5330238, 299.437134, 9.86879539, -0.965914309, -0.258862644, -4.08692767e-06, -6.76864965e-06, 1.03580023e-05, 1.00000012, -0.258862615, 0.965914428, -1.18188082e-05, 60 change(s)]
Chamber   MovingParts.CoreAntenna.SpecialCoreAntenna1.FrontPiece.StructureDetail.Front.Model.Meshes/Trapezoid ~(39.1, 297.0, 15.3).CFrame = 39.0833817, 296.987152, 15.2780075, -0.965914309, -0.258862644, -4.12863983e-06, -6.81182883e-06, 1.03579841e-05, 1.00000012, -0.258862615, 0.965914428, -1.18299677e-05   [was 39.0833817, 296.987152, 15.2780075, -0.965914309, -0.258862644, -4.08692767e-06, -6.76864965e-06, 1.03580023e-05, 1.00000012, -0.258862615, 0.965914428, -1.18188082e-05, 60 change(s)]
Chamber   MovingParts.CoreAntenna.SpecialCoreAntenna1.FrontPiece.StructureDetail.Front.Model.Part ~(40.7, 303.7, 9.2).CFrame = 40.7110252, 303.699402, 9.20459747, -0.965912819, 2.20369293e-05, 0.258867651, -1.68588258e-06, 1, -9.1420261e-05, -0.258867651, -8.87405622e-05, -0.965912819   [was 40.7110252, 303.699402, 9.20459747, -0.965912819, 2.20786405e-05, 0.258867651, -1.64270341e-06, 1, -9.14202828e-05, -0.258867651, -8.87294009e-05, -0.965912819, 60 change(s)]
Chamber   MovingParts.CoreAntenna.SpecialCoreAntenna1.FrontPiece.StructureDetail.Front.Model.Meshes/Trapezoid ~(40.2, 308.0, 11.2).CFrame = 40.1641235, 308.012177, 11.2451448, -0.965914309, 0.258862585, 3.89834759e-06, -6.81182883e-06, -1.03579814e-05, -1.00000012, -0.258862615, -0.96591419, 1.17682494e-05   [was 40.1641235, 308.012177, 11.2451448, -0.965914309, 0.258862585, 3.85663543e-06, -6.76864965e-06, -1.03579996e-05, -1.00000012, -0.258862615, -0.96591419, 1.17570899e-05, 60 change(s)]
Chamber   MovingParts.CoreAntenna.SpecialCoreAntenna1.FrontPiece.StructureDetail.Front.Model.Meshes/Trapezoid ~(39.3, 305.6, 14.6).CFrame = 39.264576, 305.562225, 14.6017609, -0.965914309, -0.258862644, -4.12863983e-06, -6.81182883e-06, 1.03579841e-05, 1.00000012, -0.258862615, 0.965914428, -1.18299677e-05   [was 39.264576, 305.562225, 14.6017609, -0.965914309, -0.258862644, -4.08692767e-06, -6.76864965e-06, 1.03580023e-05, 1.00000012, -0.258862615, 0.965914428, -1.18188082e-05, 60 change(s)]
Chamber   MovingParts.CoreAntenna.SpecialCoreAntenna1.FrontPiece.StructureDetail.Front.Model.Meshes/Trapezoid ~(40.0, 299.4, 11.9).CFrame = 39.9829559, 299.437164, 11.9213991, -0.965914309, 0.258862585, 3.89834759e-06, -6.81182883e-06, -1.03579814e-05, -1.00000012, -0.258862615, -0.96591419, 1.17682494e-05   [was 39.9829559, 299.437164, 11.9213982, -0.965914309, 0.258862585, 3.85663543e-06, -6.76864965e-06, -1.03579996e-05, -1.00000012, -0.258862615, -0.96591419, 1.17570899e-05, 60 change(s)]
Chamber   MovingParts.CoreAntenna.SpecialCoreAntenna1.FrontPiece.StructureDetail.Front.Model.Part ~(40.7, 307.4, 9.2).CFrame = 40.71101, 307.424347, 9.20452213, 0.965912819, -2.20369293e-05, 0.258867651, 1.68588258e-06, -1, -9.1420261e-05, 0.258867651, 8.87405622e-05, -0.965912819   [was 40.71101, 307.424347, 9.20452309, 0.965912819, -2.20786405e-05, 0.258867651, 1.64270341e-06, -1, -9.14202828e-05, 0.258867651, 8.87294009e-05, -0.965912819, 60 change(s)]
Chamber   MovingParts.CoreAntenna.SpecialCoreAntenna1.FrontPiece.StructureDetail.Front.Model.Meshes/Trapezoid ~(38.7, 301.9, 16.6).CFrame = 38.7209549, 301.887207, 16.6302547, -0.965914309, -0.258862644, -4.12863983e-06, -6.81182883e-06, 1.03579841e-05, 1.00000012, -0.258862615, 0.965914428, -1.18299677e-05   [was 38.7209549, 301.887207, 16.6302547, -0.965914309, -0.258862644, -4.08692767e-06, -6.76864965e-06, 1.03580023e-05, 1.00000012, -0.258862615, 0.965914428, -1.18188082e-05, 60 change(s)]
Chamber   MovingParts.CoreAntenna.SpecialCoreAntenna1.FrontPiece.StructureDetail.Front.Model.Meshes/Trapezoid ~(39.6, 298.2, 13.2).CFrame = 39.6270103, 298.212158, 13.2495413, -0.965914309, -0.258862644, -4.12863983e-06, -6.81182883e-06, 1.03579841e-05, 1.00000012, -0.258862615, 0.965914428, -1.18299677e-05   [was 39.6270103, 298.212158, 13.2495413, -0.965914309, -0.258862644, -4.08692767e-06, -6.76864965e-06, 1.03580023e-05, 1.00000012, -0.258862615, 0.965914428, -1.18188082e-05, 60 change(s)]
Chamber   MovingParts.CoreAntenna.SpecialCoreAntenna1.FrontPiece.StructureDetail.Front.Model.Meshes/Trapezoid ~(39.1, 308.0, 15.3).CFrame = 39.0768776, 308.012238, 15.3019905, -0.965914309, 0.258862585, 3.89834759e-06, -6.81182883e-06, -1.03579814e-05, -1.00000012, -0.258862615, -0.96591419, 1.17682494e-05   [was 39.0768776, 308.012238, 15.3019905, -0.965914309, 0.258862585, 3.85663543e-06, -6.76864965e-06, -1.03579996e-05, -1.00000012, -0.258862615, -0.96591419, 1.17570899e-05, 60 change(s)]
Chamber   MovingParts.CoreAntenna.SpecialCoreAntenna1.FrontPiece.StructureDetail.Front.Model.Part ~(40.7, 302.5, 9.2).CFrame = 40.7110329, 302.524353, 9.20458126, 0.965912819, -2.20369293e-05, 0.258867651, 1.68588258e-06, -1, -9.1420261e-05, 0.258867651, 8.87405622e-05, -0.965912819   [was 40.7110329, 302.524353, 9.20458126, 0.965912819, -2.20786405e-05, 0.258867651, 1.64270341e-06, -1, -9.14202828e-05, 0.258867651, 8.87294009e-05, -0.965912819, 60 change(s)]
Chamber   MovingParts.CoreAntenna.SpecialCoreAntenna1.FrontPiece.StructureDetail.Front.Model.Meshes/Trapezoid ~(40.0, 305.6, 11.9).CFrame = 39.9894104, 305.562195, 11.8971548, -0.965914309, -0.258862644, -4.12863983e-06, -6.81182883e-06, 1.03579841e-05, 1.00000012, -0.258862615, 0.965914428, -1.18299677e-05   [was 39.9894104, 305.562195, 11.8971548, -0.965914309, -0.258862644, -4.08692767e-06, -6.76864965e-06, 1.03580023e-05, 1.00000012, -0.258862615, 0.965914428, -1.18188082e-05, 60 change(s)]
Chamber   MovingParts.CoreAntenna.SpecialCoreAntenna1.FrontPiece.StructureDetail.Front.Model.Meshes/Trapezoid ~(39.6, 304.3, 13.3).CFrame = 39.6205254, 304.337219, 13.2736139, -0.965914309, 0.258862585, 3.89834759e-06, -6.81182883e-06, -1.03579814e-05, -1.00000012, -0.258862615, -0.96591419, 1.17682494e-05   [was 39.6205254, 304.337219, 13.2736139, -0.965914309, 0.258862585, 3.85663543e-06, -6.76864965e-06, -1.03579996e-05, -1.00000012, -0.258862615, -0.96591419, 1.17570899e-05, 60 change(s)]
Chamber   MovingParts.CoreAntenna.SpecialCoreAntenna1.FrontPiece.StructureDetail.Front.Model.Meshes/Trapezoid ~(39.4, 308.0, 13.9).CFrame = 39.4392967, 308.012207, 13.9496889, -0.965914309, 0.258862585, 3.89834759e-06, -6.81182883e-06, -1.03579814e-05, -1.00000012, -0.258862615, -0.96591419, 1.17682494e-05   [was 39.4392967, 308.012207, 13.9496889, -0.965914309, 0.258862585, 3.85663543e-06, -6.76864965e-06, -1.03579996e-05, -1.00000012, -0.258862615, -0.96591419, 1.17570899e-05, 60 change(s)]
Chamber   MovingParts.CoreAntenna.SpecialCoreAntenna1.FrontPiece.StructureDetail.Front.Model.Meshes/Trapezoid ~(40.2, 300.7, 11.2).CFrame = 40.1641731, 300.66214, 11.2452364, -0.965914309, 0.258862585, 3.89834759e-06, -6.81182883e-06, -1.03579814e-05, -1.00000012, -0.258862615, -0.96591419, 1.17682494e-05   [was 40.1641731, 300.66214, 11.2452364, -0.965914309, 0.258862585, 3.85663543e-06, -6.76864965e-06, -1.03579996e-05, -1.00000012, -0.258862615, -0.96591419, 1.17570899e-05, 60 change(s)]
Chamber   MovingParts.CoreAntenna.SpecialCoreAntenna1.FrontPiece.StructureDetail.Front.Model.Meshes/Trapezoid ~(39.1, 301.9, 15.3).CFrame = 39.0833817, 301.887207, 15.2779236, -0.965914309, -0.258862644, -4.12863983e-06, -6.81182883e-06, 1.03579841e-05, 1.00000012, -0.258862615, 0.965914428, -1.18299677e-05   [was 39.0833817, 301.887207, 15.2779236, -0.965914309, -0.258862644, -4.08692767e-06, -6.76864965e-06, 1.03580023e-05, 1.00000012, -0.258862615, 0.965914428, -1.18188082e-05, 60 change(s)]
Chamber   MovingParts.CoreAntenna.SpecialCoreAntenna1.FrontPiece.StructureDetail.Front.Model.Part ~(40.7, 303.1, 9.2).CFrame = 40.7110367, 303.111877, 9.20457649, 0.965912819, -2.20369293e-05, 0.258867651, 1.68588258e-06, -1, -9.1420261e-05, 0.258867651, 8.87405622e-05, -0.965912819   [was 40.7110367, 303.111877, 9.20457649, 0.965912819, -2.20786405e-05, 0.258867651, 1.64270341e-06, -1, -9.14202828e-05, 0.258867651, 8.87294009e-05, -0.965912819, 60 change(s)]
Chamber   MovingParts.CoreAntenna.SpecialCoreAntenna1.FrontPiece.StructureDetail.Front.Model.Meshes/Trapezoid ~(40.3, 301.9, 10.6).CFrame = 40.3453712, 301.887146, 10.5690374, -0.965914309, 0.258862585, 3.89834759e-06, -6.81182883e-06, -1.03579814e-05, -1.00000012, -0.258862615, -0.96591419, 1.17682494e-05   [was 40.3453712, 301.887146, 10.5690374, -0.965914309, 0.258862585, 3.85663543e-06, -6.76864965e-06, -1.03579996e-05, -1.00000012, -0.258862615, -0.96591419, 1.17570899e-05, 60 change(s)]
Chamber   MovingParts.CoreAntenna.SpecialCoreAntenna1.FrontPiece.StructureDetail.Front.Model.Meshes/Trapezoid ~(39.4, 303.1, 13.9).CFrame = 39.439312, 303.112183, 13.9497776, -0.965914309, 0.258862585, 3.89834759e-06, -6.81182883e-06, -1.03579814e-05, -1.00000012, -0.258862615, -0.96591419, 1.17682494e-05   [was 39.439312, 303.112183, 13.9497776, -0.965914309, 0.258862585, 3.85663543e-06, -6.76864965e-06, -1.03579996e-05, -1.00000012, -0.258862615, -0.96591419, 1.17570899e-05, 60 change(s)]
Chamber   MovingParts.CoreAntenna.SpecialCoreAntenna1.FrontPiece.StructureDetail.Front.Model.Meshes/Trapezoid ~(39.3, 304.3, 14.6).CFrame = 39.2581177, 304.337219, 14.6258869, -0.965914309, 0.258862585, 3.89834759e-06, -6.81182883e-06, -1.03579814e-05, -1.00000012, -0.258862615, -0.96591419, 1.17682494e-05   [was 39.2581177, 304.337219, 14.6258869, -0.965914309, 0.258862585, 3.85663543e-06, -6.76864965e-06, -1.03579996e-05, -1.00000012, -0.258862615, -0.96591419, 1.17570899e-05, 60 change(s)]
Chamber   MovingParts.CoreAntenna.SpecialCoreAntenna1.FrontPiece.StructureDetail.Front.Model.Meshes/Trapezoid ~(39.8, 304.3, 12.6).CFrame = 39.8081856, 304.337219, 12.5733156, -0.965914309, -0.258862644, -4.12863983e-06, -6.81182883e-06, 1.03579841e-05, 1.00000012, -0.258862615, 0.965914428, -1.18299677e-05   [was 39.8081856, 304.337219, 12.5733156, -0.965914309, -0.258862644, -4.08692767e-06, -6.76864965e-06, 1.03580023e-05, 1.00000012, -0.258862615, 0.965914428, -1.18188082e-05, 60 change(s)]
Chamber   MovingParts.CoreAntenna.SpecialCoreAntenna1.FrontPiece.StructureDetail.Front.Plates.Plating.CFrame = 39.6093254, 303.112183, 13.218811, -0.965914309, -0.258862644, -4.12863983e-06, -6.81182883e-06, 1.03579841e-05, 1.00000012, -0.258862615, 0.965914428, -1.18299677e-05   [was 39.6093254, 303.112183, 13.218811, -0.965914309, -0.258862644, -4.08692767e-06, -6.76864965e-06, 1.03580023e-05, 1.00000012, -0.258862615, 0.965914428, -1.18188082e-05, 60 change(s)]
Chamber   MovingParts.CoreAntenna.SpecialCoreAntenna1.FrontPiece.StructureDetail.Front.Plates.Plating ~(40.3, 299.4, 10.6).CFrame = 40.314682, 299.437134, 10.5867481, -0.965914309, 0.258862585, 3.89834759e-06, -6.81182883e-06, -1.03579814e-05, -1.00000012, -0.258862615, -0.96591419, 1.17682494e-05   [was 40.314682, 299.437134, 10.5867481, -0.965914309, 0.258862585, 3.85663543e-06, -6.76864965e-06, -1.03579996e-05, -1.00000012, -0.258862615, -0.96591419, 1.17570899e-05, 60 change(s)]
Chamber   MovingParts.CoreAntenna.SpecialCoreAntenna1.FrontPiece.StructureDetail.Front.Plates.Part.CFrame = 40.6869049, 297.686859, 9.19819832, 0.965890467, 3.04859896e-07, 0.258951008, 1.68677661e-06, -1, -5.1121383e-06, 0.258951008, 5.37489677e-06, -0.965890467   [was 40.6869049, 297.686859, 9.19819832, 0.965890467, 2.6314774e-07, 0.258951008, 1.64359744e-06, -1, -5.11216012e-06, 0.258951008, 5.36373727e-06, -0.965890467, 60 change(s)]
Chamber   MovingParts.CoreAntenna.SpecialCoreAntenna1.FrontPiece.StructureDetail.Front.Plates.Plating ~(39.1, 301.9, 15.2).CFrame = 39.0657158, 301.887207, 15.2472496, -0.965914309, -0.258862644, -4.12863983e-06, -6.81182883e-06, 1.03579841e-05, 1.00000012, -0.258862615, 0.965914428, -1.18299677e-05   [was 39.0657158, 301.887207, 15.2472496, -0.965914309, -0.258862644, -4.08692767e-06, -6.76864965e-06, 1.03580023e-05, 1.00000012, -0.258862615, 0.965914428, -1.18188082e-05, 60 change(s)]
Chamber   MovingParts.CoreAntenna.SpecialCoreAntenna1.FrontPiece.StructureDetail.Front.Plates.Plating ~(38.9, 298.2, 15.9).CFrame = 38.8845139, 298.212189, 15.9234428, -0.965914309, -0.258862644, -4.12863983e-06, -6.81182883e-06, 1.03579841e-05, 1.00000012, -0.258862615, 0.965914428, -1.18299677e-05   [was 38.8845139, 298.212189, 15.9234428, -0.965914309, -0.258862644, -4.08692767e-06, -6.76864965e-06, 1.03580023e-05, 1.00000012, -0.258862615, 0.965914428, -1.18188082e-05, 60 change(s)]
Chamber   MovingParts.CoreAntenna.SpecialCoreAntenna1.FrontPiece.StructureDetail.Front.Plates.Part ~(38.7, 298.7, 16.6).CFrame = 38.6935997, 298.736938, 16.6358166, 0.965915561, -1.99310707e-05, -0.258857518, 1.68577435e-06, 1, -7.07043e-05, 0.258857518, 6.78579236e-05, 0.965915561   [was 38.6935997, 298.736938, 16.6358166, 0.965915561, -1.98893595e-05, -0.258857518, 1.64259518e-06, 1, -7.07042782e-05, 0.258857518, 6.78690849e-05, 0.965915561, 60 change(s)]
Chamber   MovingParts.CoreAntenna.SpecialCoreAntenna1.FrontPiece.StructureDetail.Front.Plates.Plating ~(39.2, 303.1, 14.6).CFrame = 39.2468681, 303.112183, 14.5711021, -0.965914309, -0.258862644, -4.12863983e-06, -6.81182883e-06, 1.03579841e-05, 1.00000012, -0.258862615, 0.965914428, -1.18299677e-05   [was 39.2468681, 303.112183, 14.5711021, -0.965914309, -0.258862644, -4.08692767e-06, -6.76864965e-06, 1.03580023e-05, 1.00000012, -0.258862615, 0.965914428, -1.18188082e-05, 60 change(s)]
Chamber   MovingParts.CoreAntenna.SpecialCoreAntenna1.FrontPiece.StructureDetail.Front.Plates.Plating ~(39.4, 308.0, 14.0).CFrame = 39.4086266, 308.012146, 13.9673767, -0.965914309, 0.258862585, 3.89834759e-06, -6.81182883e-06, -1.03579814e-05, -1.00000012, -0.258862615, -0.96591419, 1.17682494e-05   [was 39.4086266, 308.012146, 13.9673767, -0.965914309, 0.258862585, 3.85663543e-06, -6.76864965e-06, -1.03579996e-05, -1.00000012, -0.258862615, -0.96591419, 1.17570899e-05, 60 change(s)]
Chamber   MovingParts.CoreAntenna.SpecialCoreAntenna1.FrontPiece.StructureDetail.Front.Plates.Part ~(38.7, 297.7, 16.6).CFrame = 38.6935921, 297.686951, 16.6357937, -0.965915561, 1.99310707e-05, -0.258857518, -1.68577435e-06, -1, -7.07043e-05, -0.258857518, -6.78579236e-05, 0.965915561   [was 38.6935921, 297.686951, 16.6357937, -0.965915561, 1.98893595e-05, -0.258857518, -1.64259518e-06, -1, -7.07042782e-05, -0.258857518, -6.78690849e-05, 0.965915561, 60 change(s)]
Chamber   MovingParts.CoreAntenna.SpecialCoreAntenna1.FrontPiece.StructureDetail.Front.Plates.Plating ~(39.4, 301.9, 13.9).CFrame = 39.4281197, 301.887177, 13.8949757, -0.965914309, -0.258862644, -4.12863983e-06, -6.81182883e-06, 1.03579841e-05, 1.00000012, -0.258862615, 0.965914428, -1.18299677e-05   [was 39.4281197, 301.887177, 13.8949757, -0.965914309, -0.258862644, -4.08692767e-06, -6.76864965e-06, 1.03580023e-05, 1.00000012, -0.258862615, 0.965914428, -1.18188082e-05, 60 change(s)]
Chamber   MovingParts.CoreAntenna.SpecialCoreAntenna1.FrontPiece.StructureDetail.Front.Plates.Plating ~(39.1, 299.4, 15.2).CFrame = 39.0657425, 299.437195, 15.2473154, -0.965914309, -0.258862644, -4.12863983e-06, -6.81182883e-06, 1.03579841e-05, 1.00000012, -0.258862615, 0.965914428, -1.18299677e-05   [was 39.0657425, 299.437195, 15.2473154, -0.965914309, -0.258862644, -4.08692767e-06, -6.76864965e-06, 1.03580023e-05, 1.00000012, -0.258862615, 0.965914428, -1.18188082e-05, 60 change(s)]
Chamber   MovingParts.CoreAntenna.SpecialCoreAntenna1.FrontPiece.StructureDetail.Front.Plates.Part ~(38.7, 298.2, 16.6).CFrame = 38.6935883, 298.211975, 16.635788, 0.965912819, 8.30608042e-05, -0.258867651, -8.46216426e-05, 1, 5.11273629e-06, 0.258867651, 1.69668911e-05, 0.965912819   [was 38.6935883, 298.211975, 16.635788, 0.965912819, 8.31025172e-05, -0.258867651, -8.46648254e-05, 1, 5.11275493e-06, 0.258867651, 1.69780506e-05, 0.965912819, 60 change(s)]
Chamber   MovingParts.CoreAntenna.SpecialCoreAntenna1.FrontPiece.StructureDetail.Front.Plates.Plating ~(38.9, 303.1, 15.9).CFrame = 38.8844643, 303.112183, 15.923377, -0.965914309, -0.258862644, -4.12863983e-06, -6.81182883e-06, 1.03579841e-05, 1.00000012, -0.258862615, 0.965914428, -1.18299677e-05   [was 38.8844643, 303.112183, 15.923377, -0.965914309, -0.258862644, -4.08692767e-06, -6.76864965e-06, 1.03580023e-05, 1.00000012, -0.258862615, 0.965914428, -1.18188082e-05, 60 change(s)]
Chamber   MovingParts.CoreAntenna.SpecialCoreAntenna1.FrontPiece.StructureDetail.Front.Plates.Plating ~(40.3, 301.9, 10.6).CFrame = 40.3146553, 301.887115, 10.5867138, -0.965914309, 0.258862585, 3.89834759e-06, -6.81182883e-06, -1.03579814e-05, -1.00000012, -0.258862615, -0.96591419, 1.17682494e-05   [was 40.3146553, 301.887115, 10.5867138, -0.965914309, 0.258862585, 3.85663543e-06, -6.76864965e-06, -1.03579996e-05, -1.00000012, -0.258862615, -0.96591419, 1.17570899e-05, 60 change(s)]
Chamber   MovingParts.CoreAntenna.SpecialCoreAntenna1.FrontPiece.StructureDetail.Front.Plates.Part ~(40.7, 306.1, 9.2).CFrame = 40.6868629, 306.086853, 9.19809723, -0.965890467, -3.04859896e-07, 0.258951008, -1.68677661e-06, 1, -5.1121383e-06, -0.258951008, -5.37489677e-06, -0.965890467   [was 40.6868629, 306.086853, 9.19809723, -0.965890467, -2.6314774e-07, 0.258951008, -1.64359744e-06, 1, -5.11216012e-06, -0.258951008, -5.36373727e-06, -0.965890467, 60 change(s)]
Chamber   MovingParts.CoreAntenna.SpecialCoreAntenna1.FrontPiece.StructureDetail.Front.Plates.Plating ~(39.8, 301.9, 12.5).CFrame = 39.7905388, 301.887177, 12.5427046, -0.965914309, -0.258862644, -4.12863983e-06, -6.81182883e-06, 1.03579841e-05, 1.00000012, -0.258862615, 0.965914428, -1.18299677e-05   [was 39.7905388, 301.887177, 12.5427046, -0.965914309, -0.258862644, -4.08692767e-06, -6.76864965e-06, 1.03580023e-05, 1.00000012, -0.258862615, 0.965914428, -1.18188082e-05, 60 change(s)]
Chamber   MovingParts.CoreAntenna.SpecialCoreAntenna1.FrontPiece.StructureDetail.Front.Plates.Plating ~(40.3, 306.8, 10.6).CFrame = 40.3146553, 306.787109, 10.5866604, -0.965914309, 0.258862585, 3.89834759e-06, -6.81182883e-06, -1.03579814e-05, -1.00000012, -0.258862615, -0.96591419, 1.17682494e-05   [was 40.3146553, 306.787109, 10.5866604, -0.965914309, 0.258862585, 3.85663543e-06, -6.76864965e-06, -1.03579996e-05, -1.00000012, -0.258862615, -0.96591419, 1.17570899e-05, 60 change(s)]
Chamber   MovingParts.CoreAntenna.SpecialCoreAntenna1.FrontPiece.StructureDetail.Front.Plates.Part ~(38.7, 300.1, 16.6).CFrame = 38.6935959, 300.136963, 16.6358013, -0.965915561, 1.99310707e-05, -0.258857518, -1.68577435e-06, -1, -7.07043e-05, -0.258857518, -6.78579236e-05, 0.965915561   [was 38.6935959, 300.136963, 16.6358013, -0.965915561, 1.98893595e-05, -0.258857518, -1.64259518e-06, -1, -7.07042782e-05, -0.258857518, -6.78690849e-05, 0.965915561, 60 change(s)]
Chamber   MovingParts.CoreAntenna.SpecialCoreAntenna1.FrontPiece.StructureDetail.Front.Plates.Plating ~(40.3, 300.7, 10.5).CFrame = 40.3341064, 300.66214, 10.5142803, -0.965914309, -0.258862644, -4.12863983e-06, -6.81182883e-06, 1.03579841e-05, 1.00000012, -0.258862615, 0.965914428, -1.18299677e-05   [was 40.3341064, 300.66214, 10.5142803, -0.965914309, -0.258862644, -4.08692767e-06, -6.76864965e-06, 1.03580023e-05, 1.00000012, -0.258862615, 0.965914428, -1.18188082e-05, 60 change(s)]
Chamber   MovingParts.CoreAntenna.SpecialCoreAntenna1.FrontPiece.StructureDetail.Front.Plates.Plating ~(40.0, 300.7, 11.9).CFrame = 39.9716911, 300.66214, 11.8665829, -0.965914309, -0.258862644, -4.12863983e-06, -6.81182883e-06, 1.03579841e-05, 1.00000012, -0.258862615, 0.965914428, -1.18299677e-05   [was 39.9716911, 300.66214, 11.8665829, -0.965914309, -0.258862644, -4.08692767e-06, -6.76864965e-06, 1.03580023e-05, 1.00000012, -0.258862615, 0.965914428, -1.18188082e-05, 60 change(s)]
Chamber   MovingParts.CoreAntenna.SpecialCoreAntenna1.FrontPiece.StructureDetail.Front.Plates.Part ~(40.7, 307.5, 9.2).CFrame = 40.6868668, 307.486877, 9.19808292, 0.965890467, 3.04859896e-07, 0.258951008, 1.68677661e-06, -1, -5.1121383e-06, 0.258951008, 5.37489677e-06, -0.965890467   [was 40.6868668, 307.486877, 9.19808388, 0.965890467, 2.6314774e-07, 0.258951008, 1.64359744e-06, -1, -5.11216012e-06, 0.258951008, 5.36373727e-06, -0.965890467, 60 change(s)]
Chamber   MovingParts.CoreAntenna.SpecialCoreAntenna1.FrontPiece.StructureDetail.Front.Plates.Plating ~(39.8, 303.1, 12.6).CFrame = 39.7710991, 303.112183, 12.6151419, -0.965914309, 0.258862585, 3.89834759e-06, -6.81182883e-06, -1.03579814e-05, -1.00000012, -0.258862615, -0.96591419, 1.17682494e-05   [was 39.7710991, 303.112183, 12.6151419, -0.965914309, 0.258862585, 3.85663543e-06, -6.76864965e-06, -1.03579996e-05, -1.00000012, -0.258862615, -0.96591419, 1.17570899e-05, 60 change(s)]
Chamber   MovingParts.CoreAntenna.SpecialCoreAntenna1.FrontPiece.StructureDetail.Front.Plates.Plating ~(40.5, 306.8, 9.8).CFrame = 40.5152893, 306.787109, 9.83805656, -0.965914309, -0.258862644, -4.12863983e-06, -6.81182883e-06, 1.03579841e-05, 1.00000012, -0.258862615, 0.965914428, -1.18299677e-05   [was 40.5152893, 306.787109, 9.83805656, -0.965914309, -0.258862644, -4.08692767e-06, -6.76864965e-06, 1.03580023e-05, 1.00000012, -0.258862615, 0.965914428, -1.18188082e-05, 60 change(s)]
Chamber   MovingParts.CoreAntenna.SpecialCoreAntenna1.FrontPiece.StructureDetail.Front.Plates.Part ~(38.7, 300.7, 16.6).CFrame = 38.6935806, 300.661957, 16.6357918, 0.965912819, 8.30608042e-05, -0.258867651, -8.46216426e-05, 1, 5.11273629e-06, 0.258867651, 1.69668911e-05, 0.965912819   [was 38.6935806, 300.661957, 16.6357918, 0.965912819, 8.31025172e-05, -0.258867651, -8.46648254e-05, 1, 5.11275493e-06, 0.258867651, 1.69780506e-05, 0.965912819, 60 change(s)]
Chamber   MovingParts.CoreAntenna.SpecialCoreAntenna1.FrontPiece.StructureDetail.Front.Plates.Plating ~(40.7, 304.3, 9.2).CFrame = 40.6770782, 304.337128, 9.23441792, -0.965914309, 0.258862585, 3.89834759e-06, -6.81182883e-06, -1.03579814e-05, -1.00000012, -0.258862615, -0.96591419, 1.17682494e-05   [was 40.6770782, 304.337128, 9.23441792, -0.965914309, 0.258862585, 3.85663543e-06, -6.76864965e-06, -1.03579996e-05, -1.00000012, -0.258862615, -0.96591419, 1.17570899e-05, 60 change(s)]
Chamber   MovingParts.CoreAntenna.SpecialCoreAntenna1.FrontPiece.StructureDetail.Front.Plates.Plating ~(38.9, 308.0, 15.9).CFrame = 38.8844299, 308.012177, 15.923315, -0.965914309, -0.258862644, -4.12863983e-06, -6.81182883e-06, 1.03579841e-05, 1.00000012, -0.258862615, 0.965914428, -1.18299677e-05   [was 38.8844299, 308.012177, 15.923315, -0.965914309, -0.258862644, -4.08692767e-06, -6.76864965e-06, 1.03580023e-05, 1.00000012, -0.258862615, 0.965914428, -1.18188082e-05, 60 change(s)]
Chamber   MovingParts.CoreAntenna.SpecialCoreAntenna1.FrontPiece.StructureDetail.Front.Plates.Part ~(40.7, 305.0, 9.2).CFrame = 40.686882, 305.036865, 9.19811344, 0.965890467, 3.04859896e-07, 0.258951008, 1.68677661e-06, -1, -5.1121383e-06, 0.258951008, 5.37489677e-06, -0.965890467   [was 40.686882, 305.036865, 9.19811344, 0.965890467, 2.6314774e-07, 0.258951008, 1.64359744e-06, -1, -5.11216012e-06, 0.258951008, 5.36373727e-06, -0.965890467, 60 change(s)]
Chamber   MovingParts.CoreAntenna.SpecialCoreAntenna1.FrontPiece.StructureDetail.Front.Plates.Plating ~(39.6, 299.4, 13.3).CFrame = 39.5899048, 299.437164, 13.2913361, -0.965914309, 0.258862585, 3.89834759e-06, -6.81182883e-06, -1.03579814e-05, -1.00000012, -0.258862615, -0.96591419, 1.17682494e-05   [was 39.5899048, 299.437164, 13.2913361, -0.965914309, 0.258862585, 3.85663543e-06, -6.76864965e-06, -1.03579996e-05, -1.00000012, -0.258862615, -0.96591419, 1.17570899e-05, 60 change(s)]
Chamber   MovingParts.CoreAntenna.SpecialCoreAntenna1.FrontPiece.StructureDetail.Front.Plates.Plating ~(39.8, 298.2, 12.6).CFrame = 39.7711105, 298.212128, 12.6151962, -0.965914309, 0.258862585, 3.89834759e-06, -6.81182883e-06, -1.03579814e-05, -1.00000012, -0.258862615, -0.96591419, 1.17682494e-05   [was 39.7711105, 298.212128, 12.6151962, -0.965914309, 0.258862585, 3.85663543e-06, -6.76864965e-06, -1.03579996e-05, -1.00000012, -0.258862615, -0.96591419, 1.17570899e-05, 60 change(s)]
Chamber   MovingParts.CoreAntenna.SpecialCoreAntenna1.FrontPiece.StructureDetail.Front.Plates.Part ~(38.7, 308.5, 16.6).CFrame = 38.6935654, 308.536987, 16.6356697, 0.965915561, -1.99310707e-05, -0.258857518, 1.68577435e-06, 1, -7.07043e-05, 0.258857518, 6.78579236e-05, 0.965915561   [was 38.6935654, 308.536987, 16.6356716, 0.965915561, -1.98893595e-05, -0.258857518, 1.64259518e-06, 1, -7.07042782e-05, 0.258857518, 6.78690849e-05, 0.965915561, 60 change(s)]
Chamber   MovingParts.CoreAntenna.SpecialCoreAntenna1.FrontPiece.StructureDetail.Front.Plates.Plating ~(40.2, 304.3, 11.2).CFrame = 40.1528816, 304.337158, 11.1903877, -0.965914309, -0.258862644, -4.12863983e-06, -6.81182883e-06, 1.03579841e-05, 1.00000012, -0.258862615, 0.965914428, -1.18299677e-05   [was 40.1528816, 304.337158, 11.1903877, -0.965914309, -0.258862644, -4.08692767e-06, -6.76864965e-06, 1.03580023e-05, 1.00000012, -0.258862615, 0.965914428, -1.18188082e-05, 60 change(s)]
Chamber   MovingParts.CoreAntenna.SpecialCoreAntenna1.FrontPiece.StructureDetail.Front.Plates.Plating ~(38.7, 297.0, 16.6).CFrame = 38.7033234, 296.987183, 16.5996113, -0.965914309, -0.258862644, -4.12863983e-06, -6.81182883e-06, 1.03579841e-05, 1.00000012, -0.258862615, 0.965914428, -1.18299677e-05   [was 38.7033234, 296.987183, 16.5996113, -0.965914309, -0.258862644, -4.08692767e-06, -6.76864965e-06, 1.03580023e-05, 1.00000012, -0.258862615, 0.965914428, -1.18188082e-05, 60 change(s)]
Chamber   MovingParts.CoreAntenna.SpecialCoreAntenna1.FrontPiece.StructureDetail.Front.Plates.Part ~(40.7, 305.6, 9.2).CFrame = 40.6868706, 305.561829, 9.19807339, 0.965912819, -2.20369293e-05, 0.258867651, 1.68588258e-06, -1, -9.1420261e-05, 0.258867651, 8.87405622e-05, -0.965912819   [was 40.6868706, 305.561829, 9.19807339, 0.965912819, -2.20786405e-05, 0.258867651, 1.64270341e-06, -1, -9.14202828e-05, 0.258867651, 8.87294009e-05, -0.965912819, 60 change(s)]
Chamber   MovingParts.CoreAntenna.SpecialCoreAntenna1.FrontPiece.StructureDetail.Front.Plates.Plating ~(39.2, 306.8, 14.6).CFrame = 39.2274246, 306.78714, 14.6435108, -0.965914309, 0.258862585, 3.89834759e-06, -6.81182883e-06, -1.03579814e-05, -1.00000012, -0.258862615, -0.96591419, 1.17682494e-05   [was 39.2274246, 306.78714, 14.6435108, -0.965914309, 0.258862585, 3.85663543e-06, -6.76864965e-06, -1.03579996e-05, -1.00000012, -0.258862615, -0.96591419, 1.17570899e-05, 60 change(s)]
Chamber   MovingParts.CoreAntenna.SpecialCoreAntenna1.FrontPiece.StructureDetail.Front.Plates.Plating ~(39.2, 298.2, 14.6).CFrame = 39.246933, 298.212158, 14.5711718, -0.965914309, -0.258862644, -4.12863983e-06, -6.81182883e-06, 1.03579841e-05, 1.00000012, -0.258862615, 0.965914428, -1.18299677e-05   [was 39.246933, 298.212158, 14.5711718, -0.965914309, -0.258862644, -4.08692767e-06, -6.76864965e-06, 1.03580023e-05, 1.00000012, -0.258862615, 0.965914428, -1.18188082e-05, 60 change(s)]
Chamber   MovingParts.CoreAntenna.SpecialCoreAntenna1.FrontPiece.StructureDetail.Front.Plates.Part ~(38.7, 308.0, 16.6).CFrame = 38.6935692, 308.011963, 16.6357098, 0.965912819, 8.30608042e-05, -0.258867651, -8.46216426e-05, 1, 5.11273629e-06, 0.258867651, 1.69668911e-05, 0.965912819   [was 38.6935692, 308.011963, 16.6357098, 0.965912819, 8.31025172e-05, -0.258867651, -8.46648254e-05, 1, 5.11275493e-06, 0.258867651, 1.69780506e-05, 0.965912819, 60 change(s)]
Chamber   MovingParts.CoreAntenna.SpecialCoreAntenna1.FrontPiece.StructureDetail.Front.Plates.Plating ~(40.7, 299.4, 9.2).CFrame = 40.6770973, 299.437134, 9.23447609, -0.965914309, 0.258862585, 3.89834759e-06, -6.81182883e-06, -1.03579814e-05, -1.00000012, -0.258862615, -0.96591419, 1.17682494e-05   [was 40.6770973, 299.437134, 9.23447609, -0.965914309, 0.258862585, 3.85663543e-06, -6.76864965e-06, -1.03579996e-05, -1.00000012, -0.258862615, -0.96591419, 1.17570899e-05, 60 change(s)]
Chamber   MovingParts.CoreAntenna.SpecialCoreAntenna1.FrontPiece.StructureDetail.Front.Plates.Plating ~(40.5, 303.1, 9.9).CFrame = 40.4958878, 303.112122, 9.91055489, -0.965914309, 0.258862585, 3.89834759e-06, -6.81182883e-06, -1.03579814e-05, -1.00000012, -0.258862615, -0.96591419, 1.17682494e-05   [was 40.4958878, 303.112122, 9.91055489, -0.965914309, 0.258862585, 3.85663543e-06, -6.76864965e-06, -1.03579996e-05, -1.00000012, -0.258862615, -0.96591419, 1.17570899e-05, 60 change(s)]
Chamber   MovingParts.CoreAntenna.SpecialCoreAntenna1.FrontPiece.StructureDetail.Front.Plates.Part ~(40.7, 303.1, 9.2).CFrame = 40.6868706, 303.111877, 9.19813156, 0.965912819, -2.20369293e-05, 0.258867651, 1.68588258e-06, -1, -9.1420261e-05, 0.258867651, 8.87405622e-05, -0.965912819   [was 40.6868706, 303.111877, 9.19813156, 0.965912819, -2.20786405e-05, 0.258867651, 1.64270341e-06, -1, -9.14202828e-05, 0.258867651, 8.87294009e-05, -0.965912819, 60 change(s)]
Chamber   MovingParts.CoreAntenna.SpecialCoreAntenna1.FrontPiece.StructureDetail.Front.Plates.Plating ~(40.2, 297.0, 11.2).CFrame = 40.1529312, 296.987152, 11.1904793, -0.965914309, -0.258862644, -4.12863983e-06, -6.81182883e-06, 1.03579841e-05, 1.00000012, -0.258862615, 0.965914428, -1.18299677e-05   [was 40.1529312, 296.987152, 11.1904793, -0.965914309, -0.258862644, -4.08692767e-06, -6.76864965e-06, 1.03580023e-05, 1.00000012, -0.258862615, 0.965914428, -1.18188082e-05, 60 change(s)]
Chamber   MovingParts.CoreAntenna.SpecialCoreAntenna1.FrontPiece.StructureDetail.Front.Plates.Plating ~(39.6, 297.0, 13.3).CFrame = 39.5899124, 296.987152, 13.2913647, -0.965914309, 0.258862585, 3.89834759e-06, -6.81182883e-06, -1.03579814e-05, -1.00000012, -0.258862615, -0.96591419, 1.17682494e-05   [was 39.5899124, 296.987152, 13.2913647, -0.965914309, 0.258862585, 3.85663543e-06, -6.76864965e-06, -1.03579996e-05, -1.00000012, -0.258862615, -0.96591419, 1.17570899e-05, 60 change(s)]
Chamber   MovingParts.CoreAntenna.SpecialCoreAntenna1.FrontPiece.StructureDetail.Front.Plates.Part ~(40.7, 308.0, 9.2).CFrame = 40.6868629, 308.011871, 9.19807625, 0.965912819, -2.20369293e-05, 0.258867651, 1.68588258e-06, -1, -9.1420261e-05, 0.258867651, 8.87405622e-05, -0.965912819   [was 40.6868629, 308.011871, 9.19807625, 0.965912819, -2.20786405e-05, 0.258867651, 1.64270341e-06, -1, -9.14202828e-05, 0.258867651, 8.87294009e-05, -0.965912819, 60 change(s)]
Chamber   MovingParts.CoreAntenna.SpecialCoreAntenna1.FrontPiece.StructureDetail.Front.Plates.Plating ~(38.7, 301.9, 16.6).CFrame = 38.7032967, 301.887207, 16.5995827, -0.965914309, -0.258862644, -4.12863983e-06, -6.81182883e-06, 1.03579841e-05, 1.00000012, -0.258862615, 0.965914428, -1.18299677e-05   [was 38.7032967, 301.887207, 16.5995827, -0.965914309, -0.258862644, -4.08692767e-06, -6.76864965e-06, 1.03580023e-05, 1.00000012, -0.258862615, 0.965914428, -1.18188082e-05, 60 change(s)]
Chamber   MovingParts.CoreAntenna.SpecialCoreAntenna1.FrontPiece.StructureDetail.Front.Plates.Plating ~(40.7, 309.2, 9.2).CFrame = 40.6770554, 309.237152, 9.23439121, -0.965914309, 0.258862585, 3.89834759e-06, -6.81182883e-06, -1.03579814e-05, -1.00000012, -0.258862615, -0.96591419, 1.17682494e-05   [was 40.6770592, 309.237152, 9.23439121, -0.965914309, 0.258862585, 3.85663543e-06, -6.76864965e-06, -1.03579996e-05, -1.00000012, -0.258862615, -0.96591419, 1.17570899e-05, 60 change(s)]
Chamber   MovingParts.CoreAntenna.SpecialCoreAntenna1.FrontPiece.StructureDetail.Front.Plates.Part ~(40.7, 303.6, 9.2).CFrame = 40.6868744, 303.636841, 9.19812679, -0.965890467, -3.04859896e-07, 0.258951008, -1.68677661e-06, 1, -5.1121383e-06, -0.258951008, -5.37489677e-06, -0.965890467   [was 40.6868744, 303.636841, 9.19812679, -0.965890467, -2.6314774e-07, 0.258951008, -1.64359744e-06, 1, -5.11216012e-06, -0.258951008, -5.36373727e-06, -0.965890467, 60 change(s)]
Chamber   MovingParts.CoreAntenna.SpecialCoreAntenna1.FrontPiece.StructureDetail.Front.Plates.Plating ~(40.0, 299.4, 11.9).CFrame = 39.9523315, 299.437164, 11.9390364, -0.965914309, 0.258862585, 3.89834759e-06, -6.81182883e-06, -1.03579814e-05, -1.00000012, -0.258862615, -0.96591419, 1.17682494e-05   [was 39.9523315, 299.437164, 11.9390364, -0.965914309, 0.258862585, 3.85663543e-06, -6.76864965e-06, -1.03579996e-05, -1.00000012, -0.258862615, -0.96591419, 1.17570899e-05, 60 change(s)]
Chamber   MovingParts.CoreAntenna.SpecialCoreAntenna1.FrontPiece.StructureDetail.Front.Plates.Plating ~(39.8, 297.0, 12.5).CFrame = 39.7905579, 296.987122, 12.5427313, -0.965914309, -0.258862644, -4.12863983e-06, -6.81182883e-06, 1.03579841e-05, 1.00000012, -0.258862615, 0.965914428, -1.18299677e-05   [was 39.7905579, 296.987122, 12.5427313, -0.965914309, -0.258862644, -4.08692767e-06, -6.76864965e-06, 1.03580023e-05, 1.00000012, -0.258862615, 0.965914428, -1.18188082e-05, 60 change(s)]
Chamber   MovingParts.CoreAntenna.SpecialCoreAntenna1.FrontPiece.StructureDetail.Front.Plates.Plating ~(39.2, 308.0, 14.6).CFrame = 39.2468414, 308.012146, 14.5710421, -0.965914309, -0.258862644, -4.12863983e-06, -6.81182883e-06, 1.03579841e-05, 1.00000012, -0.258862615, 0.965914428, -1.18299677e-05   [was 39.2468414, 308.012146, 14.5710421, -0.965914309, -0.258862644, -4.08692767e-06, -6.76864965e-06, 1.03580023e-05, 1.00000012, -0.258862615, 0.965914428, -1.18188082e-05, 60 change(s)]
Chamber   MovingParts.CoreAntenna.SpecialCoreAntenna1.FrontPiece.StructureDetail.Front.Plates.Part ~(40.7, 308.5, 9.2).CFrame = 40.6868668, 308.536865, 9.19804001, -0.965890467, -3.04859896e-07, 0.258951008, -1.68677661e-06, 1, -5.1121383e-06, -0.258951008, -5.37489677e-06, -0.965890467   [was 40.6868668, 308.536865, 9.19804001, -0.965890467, -2.6314774e-07, 0.258951008, -1.64359744e-06, 1, -5.11216012e-06, -0.258951008, -5.36373727e-06, -0.965890467, 60 change(s)]
Chamber   MovingParts.CoreAntenna.SpecialCoreAntenna1.FrontPiece.StructureDetail.Front.Plates.Plating ~(39.4, 297.0, 13.9).CFrame = 39.4281616, 296.987152, 13.8950396, -0.965914309, -0.258862644, -4.12863983e-06, -6.81182883e-06, 1.03579841e-05, 1.00000012, -0.258862615, 0.965914428, -1.18299677e-05   [was 39.4281616, 296.987152, 13.8950396, -0.965914309, -0.258862644, -4.08692767e-06, -6.76864965e-06, 1.03580023e-05, 1.00000012, -0.258862615, 0.965914428, -1.18188082e-05, 60 change(s)]
Chamber   MovingParts.CoreAntenna.SpecialCoreAntenna1.FrontPiece.StructureDetail.Front.Plates.Plating ~(40.3, 309.2, 10.6).CFrame = 40.3146324, 309.237183, 10.5866289, -0.965914309, 0.258862585, 3.89834759e-06, -6.81182883e-06, -1.03579814e-05, -1.00000012, -0.258862615, -0.96591419, 1.17682494e-05   [was 40.3146324, 309.237183, 10.5866289, -0.965914309, 0.258862585, 3.85663543e-06, -6.76864965e-06, -1.03579996e-05, -1.00000012, -0.258862615, -0.96591419, 1.17570899e-05, 60 change(s)]
Chamber   MovingParts.CoreAntenna.SpecialCoreAntenna1.FrontPiece.StructureDetail.Front.Plates.Part ~(38.7, 303.1, 16.6).CFrame = 38.6935844, 303.111969, 16.6357346, 0.965912819, 8.30608042e-05, -0.258867651, -8.46216426e-05, 1, 5.11273629e-06, 0.258867651, 1.69668911e-05, 0.965912819   [was 38.6935844, 303.111969, 16.6357346, 0.965912819, 8.31025172e-05, -0.258867651, -8.46648254e-05, 1, 5.11275493e-06, 0.258867651, 1.69780506e-05, 0.965912819, 60 change(s)]
Chamber   MovingParts.CoreAntenna.SpecialCoreAntenna1.FrontPiece.StructureDetail.Front.Plates.Plating ~(39.6, 300.7, 13.2).CFrame = 39.6093445, 300.66217, 13.2188416, -0.965914309, -0.258862644, -4.12863983e-06, -6.81182883e-06, 1.03579841e-05, 1.00000012, -0.258862615, 0.965914428, -1.18299677e-05   [was 39.6093445, 300.66217, 13.2188416, -0.965914309, -0.258862644, -4.08692767e-06, -6.76864965e-06, 1.03580023e-05, 1.00000012, -0.258862615, 0.965914428, -1.18188082e-05, 60 change(s)]
Chamber   MovingParts.CoreAntenna.SpecialCoreAntenna1.FrontPiece.StructureDetail.Front.Plates.Plating ~(40.3, 305.6, 10.5).CFrame = 40.3341064, 305.562103, 10.5141964, -0.965914309, -0.258862644, -4.12863983e-06, -6.81182883e-06, 1.03579841e-05, 1.00000012, -0.258862615, 0.965914428, -1.18299677e-05   [was 40.3341064, 305.562103, 10.5141964, -0.965914309, -0.258862644, -4.08692767e-06, -6.76864965e-06, 1.03580023e-05, 1.00000012, -0.258862615, 0.965914428, -1.18188082e-05, 60 change(s)]
Chamber   MovingParts.CoreAntenna.SpecialCoreAntenna1.FrontPiece.StructureDetail.Front.Plates.Part ~(38.7, 305.6, 16.6).CFrame = 38.6935539, 305.561981, 16.6357002, 0.965912819, 8.30608042e-05, -0.258867651, -8.46216426e-05, 1, 5.11273629e-06, 0.258867651, 1.69668911e-05, 0.965912819   [was 38.6935539, 305.561981, 16.6357002, 0.965912819, 8.31025172e-05, -0.258867651, -8.46648254e-05, 1, 5.11275493e-06, 0.258867651, 1.69780506e-05, 0.965912819, 60 change(s)]
Chamber   MovingParts.CoreAntenna.SpecialCoreAntenna1.FrontPiece.StructureDetail.Front.Plates.Plating ~(40.0, 297.0, 11.9).CFrame = 39.952343, 296.987122, 11.939065, -0.965914309, 0.258862585, 3.89834759e-06, -6.81182883e-06, -1.03579814e-05, -1.00000012, -0.258862615, -0.96591419, 1.17682494e-05   [was 39.952343, 296.987122, 11.939065, -0.965914309, 0.258862585, 3.85663543e-06, -6.76864965e-06, -1.03579996e-05, -1.00000012, -0.258862615, -0.96591419, 1.17570899e-05, 60 change(s)]
Chamber   MovingParts.CoreAntenna.SpecialCoreAntenna1.FrontPiece.StructureDetail.Front.Plates.Plating ~(40.0, 309.2, 11.9).CFrame = 39.9522896, 309.237152, 11.93892, -0.965914309, 0.258862585, 3.89834759e-06, -6.81182883e-06, -1.03579814e-05, -1.00000012, -0.258862615, -0.96591419, 1.17682494e-05   [was 39.9522896, 309.237152, 11.93892, -0.965914309, 0.258862585, 3.85663543e-06, -6.76864965e-06, -1.03579996e-05, -1.00000012, -0.258862615, -0.96591419, 1.17570899e-05, 60 change(s)]
Chamber   MovingParts.CoreAntenna.SpecialCoreAntenna1.FrontPiece.StructureDetail.Front.Plates.Part ~(38.7, 303.6, 16.6).CFrame = 38.6935806, 303.636932, 16.6357269, 0.965915561, -1.99310707e-05, -0.258857518, 1.68577435e-06, 1, -7.07043e-05, 0.258857518, 6.78579236e-05, 0.965915561   [was 38.6935806, 303.636932, 16.6357269, 0.965915561, -1.98893595e-05, -0.258857518, 1.64259518e-06, 1, -7.07042782e-05, 0.258857518, 6.78690849e-05, 0.965915561, 60 change(s)]
Chamber   MovingParts.CoreAntenna.SpecialCoreAntenna1.FrontPiece.StructureDetail.Front.Plates.Plating ~(39.2, 300.7, 14.6).CFrame = 39.2469254, 300.662201, 14.5711126, -0.965914309, -0.258862644, -4.12863983e-06, -6.81182883e-06, 1.03579841e-05, 1.00000012, -0.258862615, 0.965914428, -1.18299677e-05   [was 39.2469254, 300.662201, 14.5711126, -0.965914309, -0.258862644, -4.08692767e-06, -6.76864965e-06, 1.03580023e-05, 1.00000012, -0.258862615, 0.965914428, -1.18188082e-05, 60 change(s)]
Chamber   MovingParts.CoreAntenna.SpecialCoreAntenna1.FrontPiece.StructureDetail.Front.Plates.Plating ~(40.5, 301.9, 9.8).CFrame = 40.5153427, 301.887115, 9.83812332, -0.965914309, -0.258862644, -4.12863983e-06, -6.81182883e-06, 1.03579841e-05, 1.00000012, -0.258862615, 0.965914428, -1.18299677e-05   [was 40.5153427, 301.887115, 9.83812332, -0.965914309, -0.258862644, -4.08692767e-06, -6.76864965e-06, 1.03580023e-05, 1.00000012, -0.258862615, 0.965914428, -1.18188082e-05, 60 change(s)]
Chamber   MovingParts.CoreAntenna.SpecialCoreAntenna1.FrontPiece.StructureDetail.Front.Plates.Part ~(38.7, 305.0, 16.6).CFrame = 38.6935577, 305.036957, 16.6357059, -0.965915561, 1.99310707e-05, -0.258857518, -1.68577435e-06, -1, -7.07043e-05, -0.258857518, -6.78579236e-05, 0.965915561   [was 38.6935577, 305.036957, 16.6357059, -0.965915561, 1.98893595e-05, -0.258857518, -1.64259518e-06, -1, -7.07042782e-05, -0.258857518, -6.78690849e-05, 0.965915561, 60 change(s)]
Chamber   MovingParts.CoreAntenna.SpecialCoreAntenna1.FrontPiece.StructureDetail.Front.Plates.Plating ~(39.6, 298.2, 13.2).CFrame = 39.6093712, 298.212158, 13.2188749, -0.965914309, -0.258862644, -4.12863983e-06, -6.81182883e-06, 1.03579841e-05, 1.00000012, -0.258862615, 0.965914428, -1.18299677e-05   [was 39.6093712, 298.212158, 13.2188749, -0.965914309, -0.258862644, -4.08692767e-06, -6.76864965e-06, 1.03580023e-05, 1.00000012, -0.258862615, 0.965914428, -1.18188082e-05, 60 change(s)]
Chamber   MovingParts.CoreAntenna.SpecialCoreAntenna1.FrontPiece.StructureDetail.Front.Plates.Plating ~(40.5, 297.0, 9.8).CFrame = 40.5153427, 296.987152, 9.83817673, -0.965914309, -0.258862644, -4.12863983e-06, -6.81182883e-06, 1.03579841e-05, 1.00000012, -0.258862615, 0.965914428, -1.18299677e-05   [was 40.5153427, 296.987152, 9.83817673, -0.965914309, -0.258862644, -4.08692767e-06, -6.76864965e-06, 1.03580023e-05, 1.00000012, -0.258862615, 0.965914428, -1.18188082e-05, 60 change(s)]
Chamber   MovingParts.CoreAntenna.SpecialCoreAntenna1.FrontPiece.StructureDetail.Front.Plates.Part ~(38.7, 301.2, 16.6).CFrame = 38.6935959, 301.186951, 16.6357899, 0.965915561, -1.99310707e-05, -0.258857518, 1.68577435e-06, 1, -7.07043e-05, 0.258857518, 6.78579236e-05, 0.965915561   [was 38.6935959, 301.186981, 16.6357899, 0.965915561, -1.98893595e-05, -0.258857518, 1.64259518e-06, 1, -7.07042782e-05, 0.258857518, 6.78690849e-05, 0.965915561, 60 change(s)]
Chamber   MovingParts.CoreAntenna.SpecialCoreAntenna1.FrontPiece.StructureDetail.Front.Plates.Plating ~(38.9, 297.0, 16.0).CFrame = 38.8651085, 296.987183, 15.9959459, -0.965914309, 0.258862585, 3.89834759e-06, -6.81182883e-06, -1.03579814e-05, -1.00000012, -0.258862615, -0.96591419, 1.17682494e-05   [was 38.8651085, 296.987183, 15.9959459, -0.965914309, 0.258862585, 3.85663543e-06, -6.76864965e-06, -1.03579996e-05, -1.00000012, -0.258862615, -0.96591419, 1.17570899e-05, 60 change(s)]
Chamber   MovingParts.CoreAntenna.SpecialCoreAntenna1.FrontPiece.StructureDetail.Front.Plates.Plating ~(39.0, 308.0, 15.3).CFrame = 39.0462303, 308.012146, 15.3196535, -0.965914309, 0.258862585, 3.89834759e-06, -6.81182883e-06, -1.03579814e-05, -1.00000012, -0.258862615, -0.96591419, 1.17682494e-05   [was 39.0462303, 308.012146, 15.3196535, -0.965914309, 0.258862585, 3.85663543e-06, -6.76864965e-06, -1.03579996e-05, -1.00000012, -0.258862615, -0.96591419, 1.17570899e-05, 60 change(s)]
Chamber   MovingParts.CoreAntenna.SpecialCoreAntenna1.FrontPiece.StructureDetail.Front.Plates.Part ~(38.7, 307.5, 16.6).CFrame = 38.6935654, 307.487, 16.6357136, -0.965915561, 1.99310707e-05, -0.258857518, -1.68577435e-06, -1, -7.07043e-05, -0.258857518, -6.78579236e-05, 0.965915561   [was 38.6935654, 307.487, 16.6357136, -0.965915561, 1.98893595e-05, -0.258857518, -1.64259518e-06, -1, -7.07042782e-05, -0.258857518, -6.78690849e-05, 0.965915561, 60 change(s)]
Chamber   MovingParts.CoreAntenna.SpecialCoreAntenna1.FrontPiece.StructureDetail.Front.Plates.Plating ~(39.8, 299.4, 12.5).CFrame = 39.7905464, 299.437164, 12.5427017, -0.965914309, -0.258862644, -4.12863983e-06, -6.81182883e-06, 1.03579841e-05, 1.00000012, -0.258862615, 0.965914428, -1.18299677e-05   [was 39.7905464, 299.437164, 12.5427017, -0.965914309, -0.258862644, -4.08692767e-06, -6.76864965e-06, 1.03580023e-05, 1.00000012, -0.258862615, 0.965914428, -1.18188082e-05, 60 change(s)]
Chamber   MovingParts.CoreAntenna.SpecialCoreAntenna1.FrontPiece.StructureDetail.Front.Plates.Plating ~(40.5, 298.2, 9.9).CFrame = 40.4958839, 298.212158, 9.91063881, -0.965914309, 0.258862585, 3.89834759e-06, -6.81182883e-06, -1.03579814e-05, -1.00000012, -0.258862615, -0.96591419, 1.17682494e-05   [was 40.4958839, 298.212158, 9.91063881, -0.965914309, 0.258862585, 3.85663543e-06, -6.76864965e-06, -1.03579996e-05, -1.00000012, -0.258862615, -0.96591419, 1.17570899e-05, 60 change(s)]
Chamber   MovingParts.CoreAntenna.SpecialCoreAntenna1.FrontPiece.StructureDetail.Front.Plates.Part ~(38.7, 302.6, 16.6).CFrame = 38.6935844, 302.586945, 16.6357403, -0.965915561, 1.99310707e-05, -0.258857518, -1.68577435e-06, -1, -7.07043e-05, -0.258857518, -6.78579236e-05, 0.965915561   [was 38.6935844, 302.586945, 16.6357403, -0.965915561, 1.98893595e-05, -0.258857518, -1.64259518e-06, -1, -7.07042782e-05, -0.258857518, -6.78690849e-05, 0.965915561, 60 change(s)]
Chamber   MovingParts.CoreAntenna.SpecialCoreAntenna1.FrontPiece.StructureDetail.Front.Plates.Plating ~(40.5, 308.0, 9.9).CFrame = 40.4958496, 308.012115, 9.91052437, -0.965914309, 0.258862585, 3.89834759e-06, -6.81182883e-06, -1.03579814e-05, -1.00000012, -0.258862615, -0.96591419, 1.17682494e-05   [was 40.4958496, 308.012115, 9.91052437, -0.965914309, 0.258862585, 3.85663543e-06, -6.76864965e-06, -1.03579996e-05, -1.00000012, -0.258862615, -0.96591419, 1.17570899e-05, 60 change(s)]
Chamber   MovingParts.CoreAntenna.SpecialCoreAntenna1.FrontPiece.StructureDetail.Front.Plates.Plating ~(40.7, 306.8, 9.2).CFrame = 40.6770554, 306.787109, 9.23438644, -0.965914309, 0.258862585, 3.89834759e-06, -6.81182883e-06, -1.03579814e-05, -1.00000012, -0.258862615, -0.96591419, 1.17682494e-05   [was 40.6770554, 306.787109, 9.23438644, -0.965914309, 0.258862585, 3.85663543e-06, -6.76864965e-06, -1.03579996e-05, -1.00000012, -0.258862615, -0.96591419, 1.17570899e-05, 60 change(s)]
Chamber   MovingParts.CoreAntenna.SpecialCoreAntenna1.FrontPiece.StructureDetail.Front.Plates.Part ~(38.7, 306.1, 16.6).CFrame = 38.6935806, 306.086975, 16.6357002, 0.965915561, -1.99310707e-05, -0.258857518, 1.68577435e-06, 1, -7.07043e-05, 0.258857518, 6.78579236e-05, 0.965915561   [was 38.6935806, 306.086975, 16.6357002, 0.965915561, -1.98893595e-05, -0.258857518, 1.64259518e-06, 1, -7.07042782e-05, 0.258857518, 6.78690849e-05, 0.965915561, 60 change(s)]
Chamber   MovingParts.CoreAntenna.SpecialCoreAntenna1.FrontPiece.StructureDetail.Front.Plates.Plating ~(39.6, 309.2, 13.3).CFrame = 39.5898666, 309.237152, 13.2912197, -0.965914309, 0.258862585, 3.89834759e-06, -6.81182883e-06, -1.03579814e-05, -1.00000012, -0.258862615, -0.96591419, 1.17682494e-05   [was 39.5898666, 309.237152, 13.2912207, -0.965914309, 0.258862585, 3.85663543e-06, -6.76864965e-06, -1.03579996e-05, -1.00000012, -0.258862615, -0.96591419, 1.17570899e-05, 60 change(s)]
Chamber   MovingParts.CoreAntenna.SpecialCoreAntenna1.FrontPiece.StructureDetail.Front.Plates.Plating ~(40.0, 305.6, 11.9).CFrame = 39.9716644, 305.562134, 11.8664913, -0.965914309, -0.258862644, -4.12863983e-06, -6.81182883e-06, 1.03579841e-05, 1.00000012, -0.258862615, 0.965914428, -1.18299677e-05   [was 39.9716644, 305.562134, 11.8664913, -0.965914309, -0.258862644, -4.08692767e-06, -6.76864965e-06, 1.03580023e-05, 1.00000012, -0.258862615, 0.965914428, -1.18188082e-05, 60 change(s)]
Chamber   MovingParts.CoreAntenna.SpecialCoreAntenna1.FrontPiece.StructureDetail.Front.Plates.Part ~(40.7, 300.1, 9.2).CFrame = 40.6868973, 300.136871, 9.19816971, 0.965890467, 3.04859896e-07, 0.258951008, 1.68677661e-06, -1, -5.1121383e-06, 0.258951008, 5.37489677e-06, -0.965890467   [was 40.6868973, 300.136871, 9.19816971, 0.965890467, 2.6314774e-07, 0.258951008, 1.64359744e-06, -1, -5.11216012e-06, 0.258951008, 5.36373727e-06, -0.965890467, 60 change(s)]
Chamber   MovingParts.CoreAntenna.SpecialCoreAntenna1.FrontPiece.StructureDetail.Front.Plates.Plating ~(40.3, 308.0, 10.5).CFrame = 40.3340836, 308.012115, 10.514163, -0.965914309, -0.258862644, -4.12863983e-06, -6.81182883e-06, 1.03579841e-05, 1.00000012, -0.258862615, 0.965914428, -1.18299677e-05   [was 40.3340836, 308.012115, 10.514164, -0.965914309, -0.258862644, -4.08692767e-06, -6.76864965e-06, 1.03580023e-05, 1.00000012, -0.258862615, 0.965914428, -1.18188082e-05, 60 change(s)]
Chamber   MovingParts.CoreAntenna.SpecialCoreAntenna1.FrontPiece.StructureDetail.Front.Plates.Plating ~(40.0, 298.2, 11.9).CFrame = 39.971714, 298.212189, 11.8665848, -0.965914309, -0.258862644, -4.12863983e-06, -6.81182883e-06, 1.03579841e-05, 1.00000012, -0.258862615, 0.965914428, -1.18299677e-05   [was 39.971714, 298.212189, 11.8665848, -0.965914309, -0.258862644, -4.08692767e-06, -6.76864965e-06, 1.03580023e-05, 1.00000012, -0.258862615, 0.965914428, -1.18188082e-05, 60 change(s)]
Chamber   MovingParts.CoreAntenna.SpecialCoreAntenna1.FrontPiece.StructureDetail.Front.Plates.Plating ~(39.1, 309.2, 15.2).CFrame = 39.0657043, 309.237183, 15.2471676, -0.965914309, -0.258862644, -4.12863983e-06, -6.81182883e-06, 1.03579841e-05, 1.00000012, -0.258862615, 0.965914428, -1.18299677e-05   [was 39.0657043, 309.237183, 15.2471676, -0.965914309, -0.258862644, -4.08692767e-06, -6.76864965e-06, 1.03580023e-05, 1.00000012, -0.258862615, 0.965914428, -1.18188082e-05, 60 change(s)]
Chamber   MovingParts.CoreAntenna.SpecialCoreAntenna1.FrontPiece.StructureDetail.Front.Plates.Plating ~(40.0, 304.3, 11.9).CFrame = 39.9522476, 304.337158, 11.9390249, -0.965914309, 0.258862585, 3.89834759e-06, -6.81182883e-06, -1.03579814e-05, -1.00000012, -0.258862615, -0.96591419, 1.17682494e-05   [was 39.9522476, 304.337158, 11.9390249, -0.965914309, 0.258862585, 3.85663543e-06, -6.76864965e-06, -1.03579996e-05, -1.00000012, -0.258862615, -0.96591419, 1.17570899e-05, 60 change(s)]
Chamber   MovingParts.CoreAntenna.SpecialCoreAntenna1.FrontPiece.StructureDetail.Front.Plates.Part ~(40.7, 300.7, 9.2).CFrame = 40.6868973, 300.661865, 9.19816494, 0.965912819, -2.20369293e-05, 0.258867651, 1.68588258e-06, -1, -9.1420261e-05, 0.258867651, 8.87405622e-05, -0.965912819   [was 40.6868973, 300.661865, 9.19816494, 0.965912819, -2.20786405e-05, 0.258867651, 1.64270341e-06, -1, -9.14202828e-05, 0.258867651, 8.87294009e-05, -0.965912819, 60 change(s)]
Chamber   MovingParts.CoreAntenna.SpecialCoreAntenna1.FrontPiece.StructureDetail.Front.Plates.Plating ~(39.6, 304.3, 13.3).CFrame = 39.5898514, 304.337158, 13.2912693, -0.965914309, 0.258862585, 3.89834759e-06, -6.81182883e-06, -1.03579814e-05, -1.00000012, -0.258862615, -0.96591419, 1.17682494e-05   [was 39.5898514, 304.337158, 13.2912693, -0.965914309, 0.258862585, 3.85663543e-06, -6.76864965e-06, -1.03579996e-05, -1.00000012, -0.258862615, -0.96591419, 1.17570899e-05, 60 change(s)]
Chamber   MovingParts.CoreAntenna.SpecialCoreAntenna1.FrontPiece.StructureDetail.Front.Plates.Plating ~(38.7, 309.2, 16.6).CFrame = 38.7032623, 309.237183, 16.5994968, -0.965914309, -0.258862644, -4.12863983e-06, -6.81182883e-06, 1.03579841e-05, 1.00000012, -0.258862615, 0.965914428, -1.18299677e-05   [was 38.7032623, 309.237183, 16.5994968, -0.965914309, -0.258862644, -4.08692767e-06, -6.76864965e-06, 1.03580023e-05, 1.00000012, -0.258862615, 0.965914428, -1.18188082e-05, 60 change(s)]
Chamber   MovingParts.CoreAntenna.SpecialCoreAntenna1.FrontPiece.StructureDetail.Front.Plates.Plating ~(39.1, 297.0, 15.2).CFrame = 39.0657539, 296.987152, 15.2473125, -0.965914309, -0.258862644, -4.12863983e-06, -6.81182883e-06, 1.03579841e-05, 1.00000012, -0.258862615, 0.965914428, -1.18299677e-05   [was 39.0657539, 296.987152, 15.2473125, -0.965914309, -0.258862644, -4.08692767e-06, -6.76864965e-06, 1.03580023e-05, 1.00000012, -0.258862615, 0.965914428, -1.18188082e-05, 60 change(s)]
Chamber   MovingParts.CoreAntenna.SpecialCoreAntenna1.FrontPiece.StructureDetail.Front.Plates.Plating ~(39.8, 308.0, 12.6).CFrame = 39.7710304, 308.012115, 12.6151028, -0.965914309, 0.258862585, 3.89834759e-06, -6.81182883e-06, -1.03579814e-05, -1.00000012, -0.258862615, -0.96591419, 1.17682494e-05   [was 39.7710304, 308.012115, 12.6151028, -0.965914309, 0.258862585, 3.85663543e-06, -6.76864965e-06, -1.03579996e-05, -1.00000012, -0.258862615, -0.96591419, 1.17570899e-05, 60 change(s)]
Chamber   MovingParts.CoreAntenna.SpecialCoreAntenna1.FrontPiece.StructureDetail.Front.Plates.Plating ~(39.6, 306.8, 13.3).CFrame = 39.5898247, 306.78714, 13.2912674, -0.965914309, 0.258862585, 3.89834759e-06, -6.81182883e-06, -1.03579814e-05, -1.00000012, -0.258862615, -0.96591419, 1.17682494e-05   [was 39.5898285, 306.78714, 13.2912674, -0.965914309, 0.258862585, 3.85663543e-06, -6.76864965e-06, -1.03579996e-05, -1.00000012, -0.258862615, -0.96591419, 1.17570899e-05, 60 change(s)]
Chamber   MovingParts.CoreAntenna.SpecialCoreAntenna1.FrontPiece.StructureDetail.Front.Plates.Part ~(40.7, 298.2, 9.2).CFrame = 40.6869049, 298.211823, 9.19816113, 0.965912819, -2.20369293e-05, 0.258867651, 1.68588258e-06, -1, -9.1420261e-05, 0.258867651, 8.87405622e-05, -0.965912819   [was 40.6869049, 298.211823, 9.19816113, 0.965912819, -2.20786405e-05, 0.258867651, 1.64270341e-06, -1, -9.14202828e-05, 0.258867651, 8.87294009e-05, -0.965912819, 60 change(s)]
Chamber   MovingParts.CoreAntenna.SpecialCoreAntenna1.FrontPiece.StructureDetail.Front.Plates.Plating ~(38.9, 304.3, 16.0).CFrame = 38.8650284, 304.337189, 15.9958763, -0.965914309, 0.258862585, 3.89834759e-06, -6.81182883e-06, -1.03579814e-05, -1.00000012, -0.258862615, -0.96591419, 1.17682494e-05   [was 38.8650284, 304.337189, 15.9958763, -0.965914309, 0.258862585, 3.85663543e-06, -6.76864965e-06, -1.03579996e-05, -1.00000012, -0.258862615, -0.96591419, 1.17570899e-05, 60 change(s)]
Chamber   MovingParts.CoreAntenna.SpecialCoreAntenna1.FrontPiece.StructureDetail.Front.Plates.Plating ~(38.9, 299.4, 16.0).CFrame = 38.8650818, 299.437195, 15.995945, -0.965914309, 0.258862585, 3.89834759e-06, -6.81182883e-06, -1.03579814e-05, -1.00000012, -0.258862615, -0.96591419, 1.17682494e-05   [was 38.8650818, 299.437195, 15.995945, -0.965914309, 0.258862585, 3.85663543e-06, -6.76864965e-06, -1.03579996e-05, -1.00000012, -0.258862615, -0.96591419, 1.17570899e-05, 60 change(s)]
Chamber   MovingParts.CoreAntenna.SpecialCoreAntenna1.FrontPiece.StructureDetail.Front.Plates.Plating ~(40.0, 306.8, 11.9).CFrame = 39.95224, 306.78714, 11.9389639, -0.965914309, 0.258862585, 3.89834759e-06, -6.81182883e-06, -1.03579814e-05, -1.00000012, -0.258862615, -0.96591419, 1.17682494e-05   [was 39.95224, 306.78714, 11.9389648, -0.965914309, 0.258862585, 3.85663543e-06, -6.76864965e-06, -1.03579996e-05, -1.00000012, -0.258862615, -0.96591419, 1.17570899e-05, 60 change(s)]
Chamber   MovingParts.CoreAntenna.SpecialCoreAntenna1.FrontPiece.StructureDetail.Front.Plates.Plating ~(39.8, 305.6, 12.6).CFrame = 39.7710457, 305.562134, 12.6151009, -0.965914309, 0.258862585, 3.89834759e-06, -6.81182883e-06, -1.03579814e-05, -1.00000012, -0.258862615, -0.96591419, 1.17682494e-05   [was 39.7710457, 305.562134, 12.6151009, -0.965914309, 0.258862585, 3.85663543e-06, -6.76864965e-06, -1.03579996e-05, -1.00000012, -0.258862615, -0.96591419, 1.17570899e-05, 60 change(s)]
Chamber   MovingParts.CoreAntenna.SpecialCoreAntenna1.FrontPiece.StructureDetail.Front.Plates.Part ~(40.7, 298.7, 9.2).CFrame = 40.6869125, 298.736847, 9.19818878, -0.965890467, -3.04859896e-07, 0.258951008, -1.68677661e-06, 1, -5.1121383e-06, -0.258951008, -5.37489677e-06, -0.965890467   [was 40.6869125, 298.736847, 9.19818878, -0.965890467, -2.6314774e-07, 0.258951008, -1.64359744e-06, 1, -5.11216012e-06, -0.258951008, -5.36373727e-06, -0.965890467, 60 change(s)]
Chamber   MovingParts.CoreAntenna.SpecialCoreAntenna1.FrontPiece.StructureDetail.Front.Plates.Plating ~(39.6, 305.6, 13.2).CFrame = 39.6092606, 305.562134, 13.2187986, -0.965914309, -0.258862644, -4.12863983e-06, -6.81182883e-06, 1.03579841e-05, 1.00000012, -0.258862615, 0.965914428, -1.18299677e-05   [was 39.6092606, 305.562134, 13.2187986, -0.965914309, -0.258862644, -4.08692767e-06, -6.76864965e-06, 1.03580023e-05, 1.00000012, -0.258862615, 0.965914428, -1.18188082e-05, 60 change(s)]
Chamber   MovingParts.CoreAntenna.SpecialCoreAntenna1.FrontPiece.StructureDetail.Front.Plates.Plating ~(39.0, 298.2, 15.3).CFrame = 39.0462952, 298.212158, 15.3197756, -0.965914309, 0.258862585, 3.89834759e-06, -6.81182883e-06, -1.03579814e-05, -1.00000012, -0.258862615, -0.96591419, 1.17682494e-05   [was 39.0462952, 298.212158, 15.3197756, -0.965914309, 0.258862585, 3.85663543e-06, -6.76864965e-06, -1.03579996e-05, -1.00000012, -0.258862615, -0.96591419, 1.17570899e-05, 60 change(s)]
Chamber   MovingParts.CoreAntenna.SpecialCoreAntenna1.FrontPiece.StructureDetail.Front.Plates.Plating ~(40.1, 303.1, 11.3).CFrame = 40.133461, 303.112152, 11.262888, -0.965914309, 0.258862585, 3.89834759e-06, -6.81182883e-06, -1.03579814e-05, -1.00000012, -0.258862615, -0.96591419, 1.17682494e-05   [was 40.133461, 303.112152, 11.262888, -0.965914309, 0.258862585, 3.85663543e-06, -6.76864965e-06, -1.03579996e-05, -1.00000012, -0.258862615, -0.96591419, 1.17570899e-05, 60 change(s)]
Chamber   MovingParts.CoreAntenna.SpecialCoreAntenna1.FrontPiece.StructureDetail.Front.Plates.Plating ~(40.5, 300.7, 9.9).CFrame = 40.4958878, 300.662109, 9.91061401, -0.965914309, 0.258862585, 3.89834759e-06, -6.81182883e-06, -1.03579814e-05, -1.00000012, -0.258862615, -0.96591419, 1.17682494e-05   [was 40.4958878, 300.662109, 9.91061401, -0.965914309, 0.258862585, 3.85663543e-06, -6.76864965e-06, -1.03579996e-05, -1.00000012, -0.258862615, -0.96591419, 1.17570899e-05, 60 change(s)]
Chamber   MovingParts.CoreAntenna.SpecialCoreAntenna1.FrontPiece.StructureDetail.Front.Plates.Plating ~(40.1, 305.6, 11.3).CFrame = 40.1334496, 305.562103, 11.262826, -0.965914309, 0.258862585, 3.89834759e-06, -6.81182883e-06, -1.03579814e-05, -1.00000012, -0.258862615, -0.96591419, 1.17682494e-05   [was 40.1334496, 305.562103, 11.262826, -0.965914309, 0.258862585, 3.85663543e-06, -6.76864965e-06, -1.03579996e-05, -1.00000012, -0.258862615, -0.96591419, 1.17570899e-05, 60 change(s)]
Chamber   MovingParts.CoreAntenna.SpecialCoreAntenna1.FrontPiece.StructureDetail.Front.Plates.Plating ~(39.2, 299.4, 14.6).CFrame = 39.2275085, 299.437195, 14.6436443, -0.965914309, 0.258862585, 3.89834759e-06, -6.81182883e-06, -1.03579814e-05, -1.00000012, -0.258862615, -0.96591419, 1.17682494e-05   [was 39.2275085, 299.437195, 14.6436443, -0.965914309, 0.258862585, 3.85663543e-06, -6.76864965e-06, -1.03579996e-05, -1.00000012, -0.258862615, -0.96591419, 1.17570899e-05, 60 change(s)]
Chamber   MovingParts.CoreAntenna.SpecialCoreAntenna1.FrontPiece.StructureDetail.Front.Plates.Plating ~(40.2, 301.9, 11.2).CFrame = 40.1529121, 301.887146, 11.1904221, -0.965914309, -0.258862644, -4.12863983e-06, -6.81182883e-06, 1.03579841e-05, 1.00000012, -0.258862615, 0.965914428, -1.18299677e-05   [was 40.1529121, 301.887146, 11.1904221, -0.965914309, -0.258862644, -4.08692767e-06, -6.76864965e-06, 1.03580023e-05, 1.00000012, -0.258862615, 0.965914428, -1.18188082e-05, 60 change(s)]
Chamber   MovingParts.CoreAntenna.SpecialCoreAntenna1.FrontPiece.StructureDetail.Front.Plates.Plating ~(39.8, 304.3, 12.5).CFrame = 39.7904739, 304.337158, 12.5426607, -0.965914309, -0.258862644, -4.12863983e-06, -6.81182883e-06, 1.03579841e-05, 1.00000012, -0.258862615, 0.965914428, -1.18299677e-05   [was 39.7904739, 304.337158, 12.5426607, -0.965914309, -0.258862644, -4.08692767e-06, -6.76864965e-06, 1.03580023e-05, 1.00000012, -0.258862615, 0.965914428, -1.18188082e-05, 60 change(s)]
Chamber   MovingParts.CoreAntenna.SpecialCoreAntenna1.FrontPiece.StructureDetail.Front.Plates.Plating ~(39.8, 306.8, 12.5).CFrame = 39.7904549, 306.78714, 12.5426302, -0.965914309, -0.258862644, -4.12863983e-06, -6.81182883e-06, 1.03579841e-05, 1.00000012, -0.258862615, 0.965914428, -1.18299677e-05   [was 39.7904549, 306.78714, 12.5426302, -0.965914309, -0.258862644, -4.08692767e-06, -6.76864965e-06, 1.03580023e-05, 1.00000012, -0.258862615, 0.965914428, -1.18188082e-05, 60 change(s)]
Chamber   MovingParts.CoreAntenna.SpecialCoreAntenna1.FrontPiece.StructureDetail.Front.Plates.Plating ~(38.7, 304.3, 16.6).CFrame = 38.7032433, 304.337189, 16.5995426, -0.965914309, -0.258862644, -4.12863983e-06, -6.81182883e-06, 1.03579841e-05, 1.00000012, -0.258862615, 0.965914428, -1.18299677e-05   [was 38.7032433, 304.337189, 16.5995426, -0.965914309, -0.258862644, -4.08692767e-06, -6.76864965e-06, 1.03580023e-05, 1.00000012, -0.258862615, 0.965914428, -1.18188082e-05, 60 change(s)]
Chamber   MovingParts.CoreAntenna.SpecialCoreAntenna1.FrontPiece.StructureDetail.Front.Plates.Plating ~(39.4, 303.1, 14.0).CFrame = 39.408699, 303.112183, 13.9674168, -0.965914309, 0.258862585, 3.89834759e-06, -6.81182883e-06, -1.03579814e-05, -1.00000012, -0.258862615, -0.96591419, 1.17682494e-05   [was 39.408699, 303.112183, 13.9674168, -0.965914309, 0.258862585, 3.85663543e-06, -6.76864965e-06, -1.03579996e-05, -1.00000012, -0.258862615, -0.96591419, 1.17570899e-05, 60 change(s)]
Chamber   MovingParts.CoreAntenna.SpecialCoreAntenna1.FrontPiece.StructureDetail.Front.Plates.Plating ~(40.0, 303.1, 11.9).CFrame = 39.9716759, 303.112152, 11.8665533, -0.965914309, -0.258862644, -4.12863983e-06, -6.81182883e-06, 1.03579841e-05, 1.00000012, -0.258862615, 0.965914428, -1.18299677e-05   [was 39.9716759, 303.112152, 11.8665533, -0.965914309, -0.258862644, -4.08692767e-06, -6.76864965e-06, 1.03580023e-05, 1.00000012, -0.258862615, 0.965914428, -1.18188082e-05, 60 change(s)]
Chamber   MovingParts.CoreAntenna.SpecialCoreAntenna1.FrontPiece.StructureDetail.Front.Plates.Plating ~(40.2, 306.8, 11.2).CFrame = 40.1528625, 306.787109, 11.1903563, -0.965914309, -0.258862644, -4.12863983e-06, -6.81182883e-06, 1.03579841e-05, 1.00000012, -0.258862615, 0.965914428, -1.18299677e-05   [was 40.1528625, 306.787109, 11.1903563, -0.965914309, -0.258862644, -4.08692767e-06, -6.76864965e-06, 1.03580023e-05, 1.00000012, -0.258862615, 0.965914428, -1.18188082e-05, 60 change(s)]
Chamber   MovingParts.CoreAntenna.SpecialCoreAntenna1.FrontPiece.StructureDetail.Front.Plates.Plating ~(39.0, 303.1, 15.3).CFrame = 39.0462341, 303.112183, 15.3197079, -0.965914309, 0.258862585, 3.89834759e-06, -6.81182883e-06, -1.03579814e-05, -1.00000012, -0.258862615, -0.96591419, 1.17682494e-05   [was 39.0462341, 303.112183, 15.3197079, -0.965914309, 0.258862585, 3.85663543e-06, -6.76864965e-06, -1.03579996e-05, -1.00000012, -0.258862615, -0.96591419, 1.17570899e-05, 60 change(s)]
Chamber   MovingParts.CoreAntenna.SpecialCoreAntenna1.FrontPiece.StructureDetail.Front.Plates.Plating ~(39.4, 299.4, 13.9).CFrame = 39.4281349, 299.437195, 13.8950367, -0.965914309, -0.258862644, -4.12863983e-06, -6.81182883e-06, 1.03579841e-05, 1.00000012, -0.258862615, 0.965914428, -1.18299677e-05   [was 39.4281349, 299.437195, 13.8950367, -0.965914309, -0.258862644, -4.08692767e-06, -6.76864965e-06, 1.03580023e-05, 1.00000012, -0.258862615, 0.965914428, -1.18188082e-05, 60 change(s)]
Chamber   MovingParts.CoreAntenna.SpecialCoreAntenna1.FrontPiece.StructureDetail.Front.Plates.Plating ~(39.0, 305.6, 15.3).CFrame = 39.0462265, 305.562164, 15.3196783, -0.965914309, 0.258862585, 3.89834759e-06, -6.81182883e-06, -1.03579814e-05, -1.00000012, -0.258862615, -0.96591419, 1.17682494e-05   [was 39.0462265, 305.562164, 15.3196783, -0.965914309, 0.258862585, 3.85663543e-06, -6.76864965e-06, -1.03579996e-05, -1.00000012, -0.258862615, -0.96591419, 1.17570899e-05, 60 change(s)]
Chamber   MovingParts.CoreAntenna.SpecialCoreAntenna1.FrontPiece.StructureDetail.Front.Plates.Plating ~(40.3, 304.3, 10.6).CFrame = 40.3146629, 304.337128, 10.5867214, -0.965914309, 0.258862585, 3.89834759e-06, -6.81182883e-06, -1.03579814e-05, -1.00000012, -0.258862615, -0.96591419, 1.17682494e-05   [was 40.3146629, 304.337128, 10.5867214, -0.965914309, 0.258862585, 3.85663543e-06, -6.76864965e-06, -1.03579996e-05, -1.00000012, -0.258862615, -0.96591419, 1.17570899e-05, 60 change(s)]
Chamber   MovingParts.CoreAntenna.SpecialCoreAntenna1.FrontPiece.StructureDetail.Front.Plates.Plating ~(39.4, 306.8, 13.9).CFrame = 39.4280434, 306.78714, 13.8949347, -0.965914309, -0.258862644, -4.12863983e-06, -6.81182883e-06, 1.03579841e-05, 1.00000012, -0.258862615, 0.965914428, -1.18299677e-05   [was 39.4280472, 306.78714, 13.8949347, -0.965914309, -0.258862644, -4.08692767e-06, -6.76864965e-06, 1.03580023e-05, 1.00000012, -0.258862615, 0.965914428, -1.18188082e-05, 60 change(s)]
Chamber   MovingParts.CoreAntenna.SpecialCoreAntenna1.FrontPiece.StructureDetail.Front.Plates.Plating ~(39.4, 298.2, 14.0).CFrame = 39.4087296, 298.212158, 13.9675093, -0.965914309, 0.258862585, 3.89834759e-06, -6.81182883e-06, -1.03579814e-05, -1.00000012, -0.258862615, -0.96591419, 1.17682494e-05   [was 39.4087296, 298.212158, 13.9675083, -0.965914309, 0.258862585, 3.85663543e-06, -6.76864965e-06, -1.03579996e-05, -1.00000012, -0.258862615, -0.96591419, 1.17570899e-05, 60 change(s)]
Chamber   MovingParts.CoreAntenna.SpecialCoreAntenna1.FrontPiece.StructureDetail.Front.Plates.Plating ~(39.4, 305.6, 14.0).CFrame = 39.4086304, 305.562134, 13.9674044, -0.965914309, 0.258862585, 3.89834759e-06, -6.81182883e-06, -1.03579814e-05, -1.00000012, -0.258862615, -0.96591419, 1.17682494e-05   [was 39.4086304, 305.562134, 13.9674044, -0.965914309, 0.258862585, 3.85663543e-06, -6.76864965e-06, -1.03579996e-05, -1.00000012, -0.258862615, -0.96591419, 1.17570899e-05, 60 change(s)]
Chamber   MovingParts.CoreAntenna.SpecialCoreAntenna1.FrontPiece.StructureDetail.Front.Plates.Plating ~(40.3, 303.1, 10.5).CFrame = 40.3341064, 303.112122, 10.5142221, -0.965914309, -0.258862644, -4.12863983e-06, -6.81182883e-06, 1.03579841e-05, 1.00000012, -0.258862615, 0.965914428, -1.18299677e-05   [was 40.3341064, 303.112122, 10.5142221, -0.965914309, -0.258862644, -4.08692767e-06, -6.76864965e-06, 1.03580023e-05, 1.00000012, -0.258862615, 0.965914428, -1.18188082e-05, 60 change(s)]
Chamber   MovingParts.CoreAntenna.SpecialCoreAntenna1.FrontPiece.StructureDetail.Front.Plates.Plating ~(40.1, 298.2, 11.3).CFrame = 40.1334839, 298.212158, 11.2629461, -0.965914309, 0.258862585, 3.89834759e-06, -6.81182883e-06, -1.03579814e-05, -1.00000012, -0.258862615, -0.96591419, 1.17682494e-05   [was 40.1334839, 298.212158, 11.2629461, -0.965914309, 0.258862585, 3.85663543e-06, -6.76864965e-06, -1.03579996e-05, -1.00000012, -0.258862615, -0.96591419, 1.17570899e-05, 60 change(s)]
Chamber   MovingParts.CoreAntenna.SpecialCoreAntenna1.FrontPiece.StructureDetail.Front.Plates.Plating ~(39.2, 304.3, 14.6).CFrame = 39.2274399, 304.337189, 14.6435738, -0.965914309, 0.258862585, 3.89834759e-06, -6.81182883e-06, -1.03579814e-05, -1.00000012, -0.258862615, -0.96591419, 1.17682494e-05   [was 39.2274399, 304.337189, 14.6435738, -0.965914309, 0.258862585, 3.85663543e-06, -6.76864965e-06, -1.03579996e-05, -1.00000012, -0.258862615, -0.96591419, 1.17570899e-05, 60 change(s)]
Chamber   MovingParts.CoreAntenna.SpecialCoreAntenna1.FrontPiece.StructureDetail.Front.Plates.Plating ~(38.9, 300.7, 15.9).CFrame = 38.8845177, 300.662201, 15.9234171, -0.965914309, -0.258862644, -4.12863983e-06, -6.81182883e-06, 1.03579841e-05, 1.00000012, -0.258862615, 0.965914428, -1.18299677e-05   [was 38.8845177, 300.662201, 15.9234171, -0.965914309, -0.258862644, -4.08692767e-06, -6.76864965e-06, 1.03580023e-05, 1.00000012, -0.258862615, 0.965914428, -1.18188082e-05, 60 change(s)]
Chamber   MovingParts.CoreAntenna.SpecialCoreAntenna1.FrontPiece.StructureDetail.Front.Plates.Plating ~(40.5, 309.2, 9.8).CFrame = 40.5152893, 309.237152, 9.83802986, -0.965914309, -0.258862644, -4.12863983e-06, -6.81182883e-06, 1.03579841e-05, 1.00000012, -0.258862615, 0.965914428, -1.18299677e-05   [was 40.5152893, 309.237152, 9.83802986, -0.965914309, -0.258862644, -4.08692767e-06, -6.76864965e-06, 1.03580023e-05, 1.00000012, -0.258862615, 0.965914428, -1.18188082e-05, 60 change(s)]
Chamber   MovingParts.CoreAntenna.SpecialCoreAntenna1.FrontPiece.StructureDetail.Front.Plates.Plating ~(40.3, 297.0, 10.6).CFrame = 40.3146782, 296.987152, 10.5867729, -0.965914309, 0.258862585, 3.89834759e-06, -6.81182883e-06, -1.03579814e-05, -1.00000012, -0.258862615, -0.96591419, 1.17682494e-05   [was 40.3146782, 296.987152, 10.5867729, -0.965914309, 0.258862585, 3.85663543e-06, -6.76864965e-06, -1.03579996e-05, -1.00000012, -0.258862615, -0.96591419, 1.17570899e-05, 60 change(s)]
Chamber   MovingParts.CoreAntenna.SpecialCoreAntenna1.FrontPiece.StructureDetail.Front.Plates.Plating ~(39.4, 304.3, 13.9).CFrame = 39.4280701, 304.337158, 13.8949356, -0.965914309, -0.258862644, -4.12863983e-06, -6.81182883e-06, 1.03579841e-05, 1.00000012, -0.258862615, 0.965914428, -1.18299677e-05   [was 39.4280701, 304.337158, 13.8949356, -0.965914309, -0.258862644, -4.08692767e-06, -6.76864965e-06, 1.03580023e-05, 1.00000012, -0.258862615, 0.965914428, -1.18188082e-05, 60 change(s)]
Chamber   MovingParts.CoreAntenna.SpecialCoreAntenna1.FrontPiece.StructureDetail.Front.Plates.Plating ~(40.5, 299.4, 9.8).CFrame = 40.5153122, 299.437134, 9.83814144, -0.965914309, -0.258862644, -4.12863983e-06, -6.81182883e-06, 1.03579841e-05, 1.00000012, -0.258862615, 0.965914428, -1.18299677e-05   [was 40.5153122, 299.437134, 9.83814144, -0.965914309, -0.258862644, -4.08692767e-06, -6.76864965e-06, 1.03580023e-05, 1.00000012, -0.258862615, 0.965914428, -1.18188082e-05, 60 change(s)]
Chamber   MovingParts.CoreAntenna.SpecialCoreAntenna1.FrontPiece.StructureDetail.Front.Plates.Plating ~(40.2, 309.2, 11.2).CFrame = 40.1528664, 309.237183, 11.1903315, -0.965914309, -0.258862644, -4.12863983e-06, -6.81182883e-06, 1.03579841e-05, 1.00000012, -0.258862615, 0.965914428, -1.18299677e-05   [was 40.1528664, 309.237183, 11.1903315, -0.965914309, -0.258862644, -4.08692767e-06, -6.76864965e-06, 1.03580023e-05, 1.00000012, -0.258862615, 0.965914428, -1.18188082e-05, 60 change(s)]
Chamber   MovingParts.CoreAntenna.SpecialCoreAntenna1.FrontPiece.StructureDetail.Front.Plates.Part ~(40.7, 301.2, 9.2).CFrame = 40.6868858, 301.186859, 9.1981554, -0.965890467, -3.04859896e-07, 0.258951008, -1.68677661e-06, 1, -5.1121383e-06, -0.258951008, -5.37489677e-06, -0.965890467   [was 40.6868858, 301.186859, 9.1981554, -0.965890467, -2.6314774e-07, 0.258951008, -1.64359744e-06, 1, -5.11216012e-06, -0.258951008, -5.36373727e-06, -0.965890467, 60 change(s)]
Chamber   MovingParts.CoreAntenna.SpecialCoreAntenna1.FrontPiece.StructureDetail.Front.Plates.Plating ~(38.9, 306.8, 16.0).CFrame = 38.8650093, 306.78717, 15.9958153, -0.965914309, 0.258862585, 3.89834759e-06, -6.81182883e-06, -1.03579814e-05, -1.00000012, -0.258862615, -0.96591419, 1.17682494e-05   [was 38.8650093, 306.78717, 15.9958153, -0.965914309, 0.258862585, 3.85663543e-06, -6.76864965e-06, -1.03579996e-05, -1.00000012, -0.258862615, -0.96591419, 1.17570899e-05, 60 change(s)]
Chamber   MovingParts.CoreAntenna.SpecialCoreAntenna1.FrontPiece.StructureDetail.Front.Plates.Plating ~(38.9, 309.2, 16.0).CFrame = 38.8650627, 309.237183, 15.9958344, -0.965914309, 0.258862585, 3.89834759e-06, -6.81182883e-06, -1.03579814e-05, -1.00000012, -0.258862615, -0.96591419, 1.17682494e-05   [was 38.8650627, 309.237183, 15.9958344, -0.965914309, 0.258862585, 3.85663543e-06, -6.76864965e-06, -1.03579996e-05, -1.00000012, -0.258862615, -0.96591419, 1.17570899e-05, 60 change(s)]
Chamber   MovingParts.CoreAntenna.SpecialCoreAntenna1.FrontPiece.StructureDetail.Front.Plates.Plating ~(38.9, 305.6, 15.9).CFrame = 38.8844414, 305.562164, 15.9233446, -0.965914309, -0.258862644, -4.12863983e-06, -6.81182883e-06, 1.03579841e-05, 1.00000012, -0.258862615, 0.965914428, -1.18299677e-05   [was 38.8844414, 305.562164, 15.9233446, -0.965914309, -0.258862644, -4.08692767e-06, -6.76864965e-06, 1.03580023e-05, 1.00000012, -0.258862615, 0.965914428, -1.18188082e-05, 60 change(s)]
Chamber   MovingParts.CoreAntenna.SpecialCoreAntenna1.FrontPiece.StructureDetail.Front.Plates.Plating ~(39.8, 309.2, 12.5).CFrame = 39.7905159, 309.237152, 12.5425882, -0.965914309, -0.258862644, -4.12863983e-06, -6.81182883e-06, 1.03579841e-05, 1.00000012, -0.258862615, 0.965914428, -1.18299677e-05   [was 39.7905159, 309.237152, 12.5425882, -0.965914309, -0.258862644, -4.08692767e-06, -6.76864965e-06, 1.03580023e-05, 1.00000012, -0.258862615, 0.965914428, -1.18188082e-05, 60 change(s)]
Chamber   MovingParts.CoreAntenna.SpecialCoreAntenna1.FrontPiece.StructureDetail.Front.Plates.Part ~(40.7, 302.6, 9.2).CFrame = 40.6868782, 302.586853, 9.19813919, 0.965890467, 3.04859896e-07, 0.258951008, 1.68677661e-06, -1, -5.1121383e-06, 0.258951008, 5.37489677e-06, -0.965890467   [was 40.6868782, 302.586853, 9.19813919, 0.965890467, 2.6314774e-07, 0.258951008, 1.64359744e-06, -1, -5.11216012e-06, 0.258951008, 5.36373727e-06, -0.965890467, 60 change(s)]
Chamber   MovingParts.CoreAntenna.SpecialCoreAntenna1.FrontPiece.StructureDetail.Front.Plates.Plating ~(40.2, 299.4, 11.2).CFrame = 40.1529007, 299.437134, 11.1904459, -0.965914309, -0.258862644, -4.12863983e-06, -6.81182883e-06, 1.03579841e-05, 1.00000012, -0.258862615, 0.965914428, -1.18299677e-05   [was 40.1529007, 299.437134, 11.1904459, -0.965914309, -0.258862644, -4.08692767e-06, -6.76864965e-06, 1.03580023e-05, 1.00000012, -0.258862615, 0.965914428, -1.18188082e-05, 60 change(s)]
Chamber   MovingParts.CoreAntenna.SpecialCoreAntenna1.FrontPiece.StructureDetail.Front.Plates.Plating ~(39.1, 306.8, 15.2).CFrame = 39.0656433, 306.78717, 15.2471781, -0.965914309, -0.258862644, -4.12863983e-06, -6.81182883e-06, 1.03579841e-05, 1.00000012, -0.258862615, 0.965914428, -1.18299677e-05   [was 39.0656433, 306.78717, 15.2471781, -0.965914309, -0.258862644, -4.08692767e-06, -6.76864965e-06, 1.03580023e-05, 1.00000012, -0.258862615, 0.965914428, -1.18188082e-05, 60 change(s)]
Chamber   MovingParts.CoreAntenna.SpecialCoreAntenna1.FrontPiece.StructureDetail.Front.Plates.Plating ~(40.7, 297.0, 9.2).CFrame = 40.6771088, 296.987152, 9.23450565, -0.965914309, 0.258862585, 3.89834759e-06, -6.81182883e-06, -1.03579814e-05, -1.00000012, -0.258862615, -0.96591419, 1.17682494e-05   [was 40.6771088, 296.987152, 9.23450565, -0.965914309, 0.258862585, 3.85663543e-06, -6.76864965e-06, -1.03579996e-05, -1.00000012, -0.258862615, -0.96591419, 1.17570899e-05, 60 change(s)]
Chamber   MovingParts.CoreAntenna.SpecialCoreAntenna1.FrontPiece.StructureDetail.Front.Plates.Plating ~(39.2, 305.6, 14.6).CFrame = 39.2468491, 305.562164, 14.5710716, -0.965914309, -0.258862644, -4.12863983e-06, -6.81182883e-06, 1.03579841e-05, 1.00000012, -0.258862615, 0.965914428, -1.18299677e-05   [was 39.2468491, 305.562164, 14.5710716, -0.965914309, -0.258862644, -4.08692767e-06, -6.76864965e-06, 1.03580023e-05, 1.00000012, -0.258862615, 0.965914428, -1.18188082e-05, 60 change(s)]
Chamber   MovingParts.CoreAntenna.SpecialCoreAntenna1.FrontPiece.StructureDetail.Front.Plates.Plating ~(39.0, 300.7, 15.3).CFrame = 39.0462952, 300.662201, 15.3197489, -0.965914309, 0.258862585, 3.89834759e-06, -6.81182883e-06, -1.03579814e-05, -1.00000012, -0.258862615, -0.96591419, 1.17682494e-05   [was 39.0462952, 300.662201, 15.3197489, -0.965914309, 0.258862585, 3.85663543e-06, -6.76864965e-06, -1.03579996e-05, -1.00000012, -0.258862615, -0.96591419, 1.17570899e-05, 60 change(s)]
Chamber   MovingParts.CoreAntenna.SpecialCoreAntenna1.FrontPiece.StructureDetail.Front.Plates.Plating ~(39.8, 300.7, 12.6).CFrame = 39.7711143, 300.66217, 12.6151714, -0.965914309, 0.258862585, 3.89834759e-06, -6.81182883e-06, -1.03579814e-05, -1.00000012, -0.258862615, -0.96591419, 1.17682494e-05   [was 39.7711143, 300.66217, 12.6151714, -0.965914309, 0.258862585, 3.85663543e-06, -6.76864965e-06, -1.03579996e-05, -1.00000012, -0.258862615, -0.96591419, 1.17570899e-05, 60 change(s)]
Chamber   MovingParts.CoreAntenna.SpecialCoreAntenna1.FrontPiece.StructureDetail.Front.Plates.Plating ~(38.7, 306.8, 16.6).CFrame = 38.7032242, 306.78717, 16.5994797, -0.965914309, -0.258862644, -4.12863983e-06, -6.81182883e-06, 1.03579841e-05, 1.00000012, -0.258862615, 0.965914428, -1.18299677e-05   [was 38.7032242, 306.78717, 16.5994797, -0.965914309, -0.258862644, -4.08692767e-06, -6.76864965e-06, 1.03580023e-05, 1.00000012, -0.258862615, 0.965914428, -1.18188082e-05, 60 change(s)]
Chamber   MovingParts.CoreAntenna.SpecialCoreAntenna1.FrontPiece.StructureDetail.Front.Plates.Plating ~(40.3, 298.2, 10.5).CFrame = 40.3341331, 298.212158, 10.5142822, -0.965914309, -0.258862644, -4.12863983e-06, -6.81182883e-06, 1.03579841e-05, 1.00000012, -0.258862615, 0.965914428, -1.18299677e-05   [was 40.3341331, 298.212158, 10.5142822, -0.965914309, -0.258862644, -4.08692767e-06, -6.76864965e-06, 1.03580023e-05, 1.00000012, -0.258862615, 0.965914428, -1.18188082e-05, 60 change(s)]
Chamber   MovingParts.CoreAntenna.SpecialCoreAntenna1.FrontPiece.StructureDetail.Front.Plates.Plating ~(40.5, 304.3, 9.8).CFrame = 40.5152969, 304.337128, 9.83808422, -0.965914309, -0.258862644, -4.12863983e-06, -6.81182883e-06, 1.03579841e-05, 1.00000012, -0.258862615, 0.965914428, -1.18299677e-05   [was 40.5152969, 304.337128, 9.83808422, -0.965914309, -0.258862644, -4.08692767e-06, -6.76864965e-06, 1.03580023e-05, 1.00000012, -0.258862615, 0.965914428, -1.18188082e-05, 60 change(s)]
Chamber   MovingParts.CoreAntenna.SpecialCoreAntenna1.FrontPiece.StructureDetail.Front.Plates.Plating ~(39.4, 300.7, 14.0).CFrame = 39.408699, 300.66217, 13.9674749, -0.965914309, 0.258862585, 3.89834759e-06, -6.81182883e-06, -1.03579814e-05, -1.00000012, -0.258862615, -0.96591419, 1.17682494e-05   [was 39.408699, 300.662201, 13.9674749, -0.965914309, 0.258862585, 3.85663543e-06, -6.76864965e-06, -1.03579996e-05, -1.00000012, -0.258862615, -0.96591419, 1.17570899e-05, 60 change(s)]
Chamber   MovingParts.CoreAntenna.SpecialCoreAntenna1.FrontPiece.StructureDetail.Front.Plates.Plating ~(39.4, 309.2, 13.9).CFrame = 39.4281082, 309.237152, 13.8948936, -0.965914309, -0.258862644, -4.12863983e-06, -6.81182883e-06, 1.03579841e-05, 1.00000012, -0.258862615, 0.965914428, -1.18299677e-05   [was 39.4281082, 309.237152, 13.8948936, -0.965914309, -0.258862644, -4.08692767e-06, -6.76864965e-06, 1.03580023e-05, 1.00000012, -0.258862615, 0.965914428, -1.18188082e-05, 60 change(s)]
Chamber   MovingParts.CoreAntenna.SpecialCoreAntenna1.FrontPiece.StructureDetail.Front.Plates.Plating ~(39.6, 301.9, 13.3).CFrame = 39.5899048, 301.887177, 13.2913103, -0.965914309, 0.258862585, 3.89834759e-06, -6.81182883e-06, -1.03579814e-05, -1.00000012, -0.258862615, -0.96591419, 1.17682494e-05   [was 39.5899048, 301.887177, 13.2913094, -0.965914309, 0.258862585, 3.85663543e-06, -6.76864965e-06, -1.03579996e-05, -1.00000012, -0.258862615, -0.96591419, 1.17570899e-05, 60 change(s)]
Chamber   MovingParts.CoreAntenna.SpecialCoreAntenna1.FrontPiece.StructureDetail.Front.Plates.Plating ~(40.7, 301.9, 9.2).CFrame = 40.6770706, 301.887085, 9.23447418, -0.965914309, 0.258862585, 3.89834759e-06, -6.81182883e-06, -1.03579814e-05, -1.00000012, -0.258862615, -0.96591419, 1.17682494e-05   [was 40.6770706, 301.887085, 9.23447418, -0.965914309, 0.258862585, 3.85663543e-06, -6.76864965e-06, -1.03579996e-05, -1.00000012, -0.258862615, -0.96591419, 1.17570899e-05, 60 change(s)]
Chamber   MovingParts.CoreAntenna.SpecialCoreAntenna1.FrontPiece.StructureDetail.Front.Plates.Plating ~(40.1, 300.7, 11.3).CFrame = 40.1334763, 300.66214, 11.2629175, -0.965914309, 0.258862585, 3.89834759e-06, -6.81182883e-06, -1.03579814e-05, -1.00000012, -0.258862615, -0.96591419, 1.17682494e-05   [was 40.1334763, 300.66214, 11.2629175, -0.965914309, 0.258862585, 3.85663543e-06, -6.76864965e-06, -1.03579996e-05, -1.00000012, -0.258862615, -0.96591419, 1.17570899e-05, 60 change(s)]
Chamber   MovingParts.CoreAntenna.SpecialCoreAntenna1.FrontPiece.StructureDetail.Front.Plates.Plating ~(39.2, 309.2, 14.6).CFrame = 39.2274857, 309.237152, 14.6435013, -0.965914309, 0.258862585, 3.89834759e-06, -6.81182883e-06, -1.03579814e-05, -1.00000012, -0.258862615, -0.96591419, 1.17682494e-05   [was 39.2274857, 309.237152, 14.6435013, -0.965914309, 0.258862585, 3.85663543e-06, -6.76864965e-06, -1.03579996e-05, -1.00000012, -0.258862615, -0.96591419, 1.17570899e-05, 60 change(s)]
Chamber   MovingParts.CoreAntenna.SpecialCoreAntenna1.FrontPiece.StructureDetail.Front.Plates.Plating ~(40.0, 301.9, 11.9).CFrame = 39.9523125, 301.887177, 11.9390354, -0.965914309, 0.258862585, 3.89834759e-06, -6.81182883e-06, -1.03579814e-05, -1.00000012, -0.258862615, -0.96591419, 1.17682494e-05   [was 39.9523125, 301.887177, 11.9390354, -0.965914309, 0.258862585, 3.85663543e-06, -6.76864965e-06, -1.03579996e-05, -1.00000012, -0.258862615, -0.96591419, 1.17570899e-05, 60 change(s)]
Chamber   MovingParts.CoreAntenna.SpecialCoreAntenna1.FrontPiece.StructureDetail.Front.Plates.Plating ~(40.1, 308.0, 11.3).CFrame = 40.1334419, 308.012115, 11.2628298, -0.965914309, 0.258862585, 3.89834759e-06, -6.81182883e-06, -1.03579814e-05, -1.00000012, -0.258862615, -0.96591419, 1.17682494e-05   [was 40.1334419, 308.012115, 11.2628298, -0.965914309, 0.258862585, 3.85663543e-06, -6.76864965e-06, -1.03579996e-05, -1.00000012, -0.258862615, -0.96591419, 1.17570899e-05, 60 change(s)]
Chamber   MovingParts.CoreAntenna.SpecialCoreAntenna1.FrontPiece.StructureDetail.Front.Plates.Plating ~(40.0, 308.0, 11.9).CFrame = 39.9716759, 308.012115, 11.8665009, -0.965914309, -0.258862644, -4.12863983e-06, -6.81182883e-06, 1.03579841e-05, 1.00000012, -0.258862615, 0.965914428, -1.18299677e-05   [was 39.9716759, 308.012115, 11.8665009, -0.965914309, -0.258862644, -4.08692767e-06, -6.76864965e-06, 1.03580023e-05, 1.00000012, -0.258862615, 0.965914428, -1.18188082e-05, 60 change(s)]
Chamber   MovingParts.CoreAntenna.SpecialCoreAntenna1.FrontPiece.StructureDetail.Front.Plates.Plating ~(38.9, 301.9, 16.0).CFrame = 38.8650894, 301.887207, 15.9959202, -0.965914309, 0.258862585, 3.89834759e-06, -6.81182883e-06, -1.03579814e-05, -1.00000012, -0.258862615, -0.96591419, 1.17682494e-05   [was 38.8650894, 301.887207, 15.9959202, -0.965914309, 0.258862585, 3.85663543e-06, -6.76864965e-06, -1.03579996e-05, -1.00000012, -0.258862615, -0.96591419, 1.17570899e-05, 60 change(s)]
Chamber   MovingParts.CoreAntenna.SpecialCoreAntenna1.FrontPiece.StructureDetail.Front.Plates.Plating ~(40.5, 305.6, 9.9).CFrame = 40.4958534, 305.562103, 9.91055202, -0.965914309, 0.258862585, 3.89834759e-06, -6.81182883e-06, -1.03579814e-05, -1.00000012, -0.258862615, -0.96591419, 1.17682494e-05   [was 40.4958534, 305.562103, 9.91055202, -0.965914309, 0.258862585, 3.85663543e-06, -6.76864965e-06, -1.03579996e-05, -1.00000012, -0.258862615, -0.96591419, 1.17570899e-05, 60 change(s)]
Chamber   MovingParts.CoreAntenna.SpecialCoreAntenna1.FrontPiece.StructureDetail.Front.Plates.Plating ~(39.2, 297.0, 14.6).CFrame = 39.2275238, 296.987152, 14.6436424, -0.965914309, 0.258862585, 3.89834759e-06, -6.81182883e-06, -1.03579814e-05, -1.00000012, -0.258862615, -0.96591419, 1.17682494e-05   [was 39.2275238, 296.987152, 14.6436424, -0.965914309, 0.258862585, 3.85663543e-06, -6.76864965e-06, -1.03579996e-05, -1.00000012, -0.258862615, -0.96591419, 1.17570899e-05, 60 change(s)]
Chamber   MovingParts.CoreAntenna.SpecialCoreAntenna1.FrontPiece.StructureDetail.Front.Plates.Plating ~(39.2, 301.9, 14.6).CFrame = 39.2275085, 301.887177, 14.6435862, -0.965914309, 0.258862585, 3.89834759e-06, -6.81182883e-06, -1.03579814e-05, -1.00000012, -0.258862615, -0.96591419, 1.17682494e-05   [was 39.2275085, 301.887177, 14.6435862, -0.965914309, 0.258862585, 3.85663543e-06, -6.76864965e-06, -1.03579996e-05, -1.00000012, -0.258862615, -0.96591419, 1.17570899e-05, 60 change(s)]
Chamber   MovingParts.CoreAntenna.SpecialCoreAntenna1.FrontPiece.StructureDetail.Front.Plates.Plating ~(39.6, 308.0, 13.2).CFrame = 39.6092415, 308.012146, 13.2187986, -0.965914309, -0.258862644, -4.12863983e-06, -6.81182883e-06, 1.03579841e-05, 1.00000012, -0.258862615, 0.965914428, -1.18299677e-05   [was 39.6092415, 308.012146, 13.2187986, -0.965914309, -0.258862644, -4.08692767e-06, -6.76864965e-06, 1.03580023e-05, 1.00000012, -0.258862615, 0.965914428, -1.18188082e-05, 60 change(s)]
Chamber   MovingParts.CoreAntenna.SpecialCoreAntenna1.FrontPiece.StructureDetail.Front.Plates.Plating ~(39.1, 304.3, 15.2).CFrame = 39.0656662, 304.337189, 15.2472095, -0.965914309, -0.258862644, -4.12863983e-06, -6.81182883e-06, 1.03579841e-05, 1.00000012, -0.258862615, 0.965914428, -1.18299677e-05   [was 39.0656662, 304.337189, 15.2472095, -0.965914309, -0.258862644, -4.08692767e-06, -6.76864965e-06, 1.03580023e-05, 1.00000012, -0.258862615, 0.965914428, -1.18188082e-05, 60 change(s)]
Chamber   MovingParts.CoreAntenna.SpecialCoreAntenna1.FrontPiece.StructureDetail.Front.Plates.Plating ~(38.7, 299.4, 16.6).CFrame = 38.7033081, 299.437225, 16.5996132, -0.965914309, -0.258862644, -4.12863983e-06, -6.81182883e-06, 1.03579841e-05, 1.00000012, -0.258862615, 0.965914428, -1.18299677e-05   [was 38.7033043, 299.437225, 16.5996132, -0.965914309, -0.258862644, -4.08692767e-06, -6.76864965e-06, 1.03580023e-05, 1.00000012, -0.258862615, 0.965914428, -1.18188082e-05, 60 change(s)]
Chamber   MovingParts.CoreAntenna.SpecialCoreAntenna1.FrontPiece.StructureDetail.MainFrame.CFrame = 42.3497238, 303.109009, 13.6167488, 4.01349325e-06, 0.258862585, 0.96591419, -1, -1.03579814e-05, 6.93103721e-06, 1.17991067e-05, -0.96591419, 0.258862585   [was 42.3497238, 303.109009, 13.6167488, 3.9717811e-06, 0.258862585, 0.96591419, -1, -1.03579996e-05, 6.88785804e-06, 1.17879472e-05, -0.96591419, 0.258862585, 60 change(s)]
Chamber   MovingParts.CoreAntenna.SpecialCoreAntenna1.FrontPiece.StructureDetail.CautionPart.CFrame = 41.5013237, 302.821533, 13.4023046, -4.01349325e-06, -0.258862585, 0.96591419, 1, 1.03579814e-05, 6.93103721e-06, -1.17991067e-05, 0.96591419, 0.258862585   [was 41.5013237, 302.821533, 13.4023046, -3.9717811e-06, -0.258862585, 0.96591419, 1, 1.03579996e-05, 6.88785804e-06, -1.17879472e-05, 0.96591419, 0.258862585, 60 change(s)]
Chamber   MovingParts.CoreAntenna.SpecialCoreAntenna1.FrontPiece.StructureDetail.TextPart.CFrame = 40.6561508, 295.946503, 13.1759062, 0.258867651, -0.965912819, 8.57763807e-05, -1.56031529e-05, 8.46216426e-05, 1, -0.965912819, -0.258867651, 6.83404869e-06   [was 40.6561508, 295.946503, 13.1759062, 0.258867651, -0.965912819, 8.58180938e-05, -1.56031711e-05, 8.46648254e-05, 1, -0.965912819, -0.258867651, 6.84520819e-06, 60 change(s)]
Chamber   MovingParts.CoreAntenna.SpecialCoreAntenna1.FrontPiece.StructureDetail.Vent.CFrame = 40.6561356, 302.921478, 13.1757956, -4.01349416e-06, -0.965914369, -0.258862734, 1.00000024, -6.93103675e-06, 1.03579814e-05, -1.17991094e-05, -0.258862495, 0.965914249   [was 40.6561356, 302.921478, 13.1757956, -3.97178201e-06, -0.965914369, -0.258862734, 1.00000024, -6.88785758e-06, 1.03579996e-05, -1.17879499e-05, -0.258862495, 0.965914249, 60 change(s)]
Chamber   MovingParts.CoreAntenna.SpecialCoreAntenna.FrontPiece.StructureDetail.Front.Plates.Plating ~(40.0, 301.9, -12.7).CFrame = 39.9598083, 301.887177, -12.7237892, -0.965913296, 0.258866191, -1.18297639e-05, -9.58570126e-06, 9.0414178e-06, 1.00000012, 0.258866161, 0.965913415, -6.19009188e-06   [was 39.9598083, 301.887177, -12.7237902, -0.965913296, 0.258866191, -1.2005793e-05, -9.76592855e-06, 9.04893204e-06, 1.00000012, 0.258866161, 0.965913415, -6.1506953e-06, 60 change(s)]
Chamber   MovingParts.CoreAntenna.SpecialCoreAntenna.FrontPiece.StructureDetail.Front.Plates.Part ~(40.7, 302.6, -10.0).CFrame = 40.6943207, 302.586945, -9.98301697, -0.965911806, -1.43360885e-05, 0.258871198, -4.45965361e-06, -1, -7.20208482e-05, 0.258871198, -7.07204017e-05, 0.965911806   [was 40.6943207, 302.586945, -9.98301888, -0.965911806, -1.41600594e-05, 0.258871198, -4.6398809e-06, -1, -7.20133321e-05, 0.258871198, -7.0759801e-05, 0.965911806, 60 change(s)]
Chamber   MovingParts.CoreAntenna.SpecialCoreAntenna.FrontPiece.StructureDetail.Front.Plates.Plating ~(40.3, 299.4, -11.4).CFrame = 40.3222809, 299.437164, -11.371479, -0.965913296, 0.258866191, -1.18297639e-05, -9.58570126e-06, 9.0414178e-06, 1.00000012, 0.258866161, 0.965913415, -6.19009188e-06   [was 40.3222847, 299.437164, -11.37148, -0.965913296, 0.258866191, -1.2005793e-05, -9.76592855e-06, 9.04893204e-06, 1.00000012, 0.258866161, 0.965913415, -6.1506953e-06, 60 change(s)]
Chamber   MovingParts.CoreAntenna.SpecialCoreAntenna.FrontPiece.StructureDetail.Front.Plates.Plating ~(40.0, 309.2, -12.7).CFrame = 39.9597397, 309.237152, -12.7238398, -0.965913296, 0.258866191, -1.18297639e-05, -9.58570126e-06, 9.0414178e-06, 1.00000012, 0.258866161, 0.965913415, -6.19009188e-06   [was 39.9597397, 309.237152, -12.7238407, -0.965913296, 0.258866191, -1.2005793e-05, -9.76592855e-06, 9.04893204e-06, 1.00000012, 0.258866161, 0.965913415, -6.1506953e-06, 60 change(s)]
Chamber   MovingParts.CoreAntenna.SpecialCoreAntenna.FrontPiece.StructureDetail.Front.Plates.Plating ~(39.1, 309.2, -16.0).CFrame = 39.0730515, 309.237183, -16.0320606, -0.965913296, -0.258866131, 1.15994726e-05, -9.58570126e-06, -9.04141598e-06, -1.00000012, 0.258866161, -0.965913177, 6.25181019e-06   [was 39.0730515, 309.237183, -16.0320606, -0.965913296, -0.258866131, 1.17755017e-05, -9.76592855e-06, -9.04893022e-06, -1.00000012, 0.258866161, -0.965913177, 6.21241361e-06, 60 change(s)]
Chamber   MovingParts.CoreAntenna.SpecialCoreAntenna.FrontPiece.StructureDetail.Front.Plates.Part ~(38.7, 308.5, -17.4).CFrame = 38.7009926, 308.536865, -17.4206963, -0.965936899, -5.29039289e-06, -0.258777708, -4.46052854e-06, 1, -3.79531866e-06, 0.258777708, -2.51234087e-06, -0.965936899   [was 38.7009926, 308.536865, -17.4206963, -0.965936899, -5.46642195e-06, -0.258777708, -4.64075674e-06, 1, -3.80281654e-06, 0.258777708, -2.47294429e-06, -0.965936899, 60 change(s)]
Chamber   MovingParts.CoreAntenna.SpecialCoreAntenna.FrontPiece.StructureDetail.Front.Plates.Plating ~(39.2, 301.9, -15.4).CFrame = 39.2349663, 301.887115, -15.4283285, -0.965913296, 0.258866191, -1.18297639e-05, -9.58570126e-06, 9.0414178e-06, 1.00000012, 0.258866161, 0.965913415, -6.19009188e-06   [was 39.2349663, 301.887115, -15.4283295, -0.965913296, 0.258866191, -1.2005793e-05, -9.76592855e-06, 9.04893204e-06, 1.00000012, 0.258866161, 0.965913415, -6.1506953e-06, 60 change(s)]
Chamber   MovingParts.CoreAntenna.SpecialCoreAntenna.FrontPiece.StructureDetail.Front.Plates.Plating ~(39.6, 305.6, -14.0).CFrame = 39.6167259, 305.562134, -14.0036163, -0.965913296, -0.258866131, 1.15994726e-05, -9.58570126e-06, -9.04141598e-06, -1.00000012, 0.258866161, -0.965913177, 6.25181019e-06   [was 39.6167259, 305.562134, -14.0036173, -0.965913296, -0.258866131, 1.17755017e-05, -9.76592855e-06, -9.04893022e-06, -1.00000012, 0.258866161, -0.965913177, 6.21241361e-06, 60 change(s)]
Chamber   MovingParts.CoreAntenna.SpecialCoreAntenna.FrontPiece.StructureDetail.Front.Plates.Plating ~(39.8, 306.8, -13.3).CFrame = 39.7979279, 306.78714, -13.3274431, -0.965913296, -0.258866131, 1.15994726e-05, -9.58570126e-06, -9.04141598e-06, -1.00000012, 0.258866161, -0.965913177, 6.25181019e-06   [was 39.7979279, 306.78714, -13.3274441, -0.965913296, -0.258866131, 1.17755017e-05, -9.76592855e-06, -9.04893022e-06, -1.00000012, 0.258866161, -0.965913177, 6.21241361e-06, 60 change(s)]
Chamber   MovingParts.CoreAntenna.SpecialCoreAntenna.FrontPiece.StructureDetail.Front.Plates.Plating ~(40.7, 301.9, -10.0).CFrame = 40.6846504, 301.887207, -10.019186, -0.965913296, 0.258866191, -1.18297639e-05, -9.58570126e-06, 9.0414178e-06, 1.00000012, 0.258866161, 0.965913415, -6.19009188e-06   [was 40.6846504, 301.887207, -10.019187, -0.965913296, 0.258866191, -1.2005793e-05, -9.76592855e-06, 9.04893204e-06, 1.00000012, 0.258866161, 0.965913415, -6.1506953e-06, 60 change(s)]
Chamber   MovingParts.CoreAntenna.SpecialCoreAntenna.FrontPiece.StructureDetail.Front.Plates.Plating ~(39.4, 305.6, -14.8).CFrame = 39.4160919, 305.562103, -14.7522211, -0.965913296, 0.258866191, -1.18297639e-05, -9.58570126e-06, 9.0414178e-06, 1.00000012, 0.258866161, 0.965913415, -6.19009188e-06   [was 39.4160919, 305.562103, -14.7522211, -0.965913296, 0.258866191, -1.2005793e-05, -9.76592855e-06, 9.04893204e-06, 1.00000012, 0.258866161, 0.965913415, -6.1506953e-06, 60 change(s)]
Chamber   MovingParts.CoreAntenna.SpecialCoreAntenna.FrontPiece.StructureDetail.Front.Plates.Part ~(40.7, 301.2, -10.0).CFrame = 40.694355, 301.186951, -9.98298264, 0.965911806, 1.43360885e-05, 0.258871198, 4.45965361e-06, 1, -7.20208482e-05, -0.258871198, 7.07204017e-05, 0.965911806   [was 40.694355, 301.186951, -9.98298359, 0.965911806, 1.41600594e-05, 0.258871198, 4.6398809e-06, 1, -7.20133321e-05, -0.258871198, 7.0759801e-05, 0.965911806, 60 change(s)]
Chamber   MovingParts.CoreAntenna.SpecialCoreAntenna.FrontPiece.StructureDetail.Front.Plates.Plating ~(39.4, 299.4, -14.7).CFrame = 39.4356422, 299.437164, -14.6797438, -0.965913296, -0.258866131, 1.15994726e-05, -9.58570126e-06, -9.04141598e-06, -1.00000012, 0.258866161, -0.965913177, 6.25181019e-06   [was 39.4356422, 299.437164, -14.6797447, -0.965913296, -0.258866131, 1.17755017e-05, -9.76592855e-06, -9.04893022e-06, -1.00000012, 0.258866161, -0.965913177, 6.21241361e-06, 60 change(s)]
Chamber   MovingParts.CoreAntenna.SpecialCoreAntenna.FrontPiece.StructureDetail.Front.Plates.Plating ~(40.3, 303.1, -11.3).CFrame = 40.3415833, 303.112183, -11.2990265, -0.965913296, -0.258866131, 1.15994726e-05, -9.58570126e-06, -9.04141598e-06, -1.00000012, 0.258866161, -0.965913177, 6.25181019e-06   [was 40.3415833, 303.112183, -11.2990274, -0.965913296, -0.258866131, 1.17755017e-05, -9.76592855e-06, -9.04893022e-06, -1.00000012, 0.258866161, -0.965913177, 6.21241361e-06, 60 change(s)]
Chamber   MovingParts.CoreAntenna.SpecialCoreAntenna.FrontPiece.StructureDetail.Front.Plates.Plating ~(38.7, 309.2, -17.4).CFrame = 38.7106743, 309.237152, -17.3843098, -0.965913296, -0.258866131, 1.15994726e-05, -9.58570126e-06, -9.04141598e-06, -1.00000012, 0.258866161, -0.965913177, 6.25181019e-06   [was 38.7106705, 309.237152, -17.3843117, -0.965913296, -0.258866131, 1.17755017e-05, -9.76592855e-06, -9.04893022e-06, -1.00000012, 0.258866161, -0.965913177, 6.21241361e-06, 60 change(s)]
Chamber   MovingParts.CoreAntenna.SpecialCoreAntenna.FrontPiece.StructureDetail.Front.Plates.Part ~(38.7, 308.0, -17.4).CFrame = 38.7010078, 308.011871, -17.4206638, 0.965914547, 2.76324899e-05, -0.258861065, 4.4597482e-06, -1, -9.01036838e-05, -0.258861065, 8.5877924e-05, -0.965914547   [was 38.701004, 308.011871, -17.4206638, 0.965914547, 2.78085172e-05, -0.258861065, 4.63997549e-06, -1, -9.01111998e-05, -0.258861065, 8.58385247e-05, -0.965914547, 60 change(s)]
Chamber   MovingParts.CoreAntenna.SpecialCoreAntenna.FrontPiece.StructureDetail.Front.Plates.Plating ~(40.2, 297.0, -12.0).CFrame = 40.1604996, 296.987152, -11.9751549, -0.965913296, -0.258866131, 1.15994726e-05, -9.58570126e-06, -9.04141598e-06, -1.00000012, 0.258866161, -0.965913177, 6.25181019e-06   [was 40.1605034, 296.987152, -11.9751558, -0.965913296, -0.258866131, 1.17755017e-05, -9.76592855e-06, -9.04893022e-06, -1.00000012, 0.258866161, -0.965913177, 6.21241361e-06, 60 change(s)]
Chamber   MovingParts.CoreAntenna.SpecialCoreAntenna.FrontPiece.StructureDetail.Front.Plates.Plating ~(39.8, 299.4, -13.3).CFrame = 39.7980461, 299.437134, -13.3274384, -0.965913296, -0.258866131, 1.15994726e-05, -9.58570126e-06, -9.04141598e-06, -1.00000012, 0.258866161, -0.965913177, 6.25181019e-06   [was 39.7980461, 299.437134, -13.3274393, -0.965913296, -0.258866131, 1.17755017e-05, -9.76592855e-06, -9.04893022e-06, -1.00000012, 0.258866161, -0.965913177, 6.21241361e-06, 60 change(s)]
Chamber   MovingParts.CoreAntenna.SpecialCoreAntenna.FrontPiece.StructureDetail.Front.Plates.Part ~(40.7, 307.5, -10.0).CFrame = 40.6942787, 307.486969, -9.98302078, -0.965911806, -1.43360885e-05, 0.258871198, -4.45965361e-06, -1, -7.20208482e-05, 0.258871198, -7.07204017e-05, 0.965911806   [was 40.6942787, 307.486969, -9.98302174, -0.965911806, -1.41600594e-05, 0.258871198, -4.6398809e-06, -1, -7.20133321e-05, 0.258871198, -7.0759801e-05, 0.965911806, 60 change(s)]
Chamber   MovingParts.CoreAntenna.SpecialCoreAntenna.FrontPiece.StructureDetail.Front.Plates.Plating ~(40.0, 305.6, -12.7).CFrame = 39.9791451, 305.562134, -12.6513138, -0.965913296, -0.258866131, 1.15994726e-05, -9.58570126e-06, -9.04141598e-06, -1.00000012, 0.258866161, -0.965913177, 6.25181019e-06   [was 39.9791451, 305.562134, -12.6513147, -0.965913296, -0.258866131, 1.17755017e-05, -9.76592855e-06, -9.04893022e-06, -1.00000012, 0.258866161, -0.965913177, 6.21241361e-06, 60 change(s)]
Chamber   MovingParts.CoreAntenna.SpecialCoreAntenna.FrontPiece.StructureDetail.Front.Plates.Plating ~(39.1, 300.7, -16.1).CFrame = 39.0537567, 300.66214, -16.1044674, -0.965913296, 0.258866191, -1.18297639e-05, -9.58570126e-06, 9.0414178e-06, 1.00000012, 0.258866161, 0.965913415, -6.19009188e-06   [was 39.0537567, 300.662109, -16.1044693, -0.965913296, 0.258866191, -1.2005793e-05, -9.76592855e-06, 9.04893204e-06, 1.00000012, 0.258866161, 0.965913415, -6.1506953e-06, 60 change(s)]
Chamber   MovingParts.CoreAntenna.SpecialCoreAntenna.FrontPiece.StructureDetail.Front.Plates.Plating ~(40.5, 308.0, -10.7).CFrame = 40.5033073, 308.012146, -10.6953897, -0.965913296, 0.258866191, -1.18297639e-05, -9.58570126e-06, 9.0414178e-06, 1.00000012, 0.258866161, 0.965913415, -6.19009188e-06   [was 40.5033035, 308.012146, -10.6953907, -0.965913296, 0.258866191, -1.2005793e-05, -9.76592855e-06, 9.04893204e-06, 1.00000012, 0.258866161, 0.965913415, -6.1506953e-06, 60 change(s)]
Chamber   MovingParts.CoreAntenna.SpecialCoreAntenna.FrontPiece.StructureDetail.Front.Plates.Plating ~(40.7, 306.8, -10.0).CFrame = 40.6845245, 306.78717, -10.0192299, -0.965913296, 0.258866191, -1.18297639e-05, -9.58570126e-06, 9.0414178e-06, 1.00000012, 0.258866161, 0.965913415, -6.19009188e-06   [was 40.6845245, 306.78717, -10.0192308, -0.965913296, 0.258866191, -1.2005793e-05, -9.76592855e-06, 9.04893204e-06, 1.00000012, 0.258866161, 0.965913415, -6.1506953e-06, 60 change(s)]
Chamber   MovingParts.CoreAntenna.SpecialCoreAntenna.FrontPiece.StructureDetail.Front.Plates.Part ~(40.7, 306.1, -10.0).CFrame = 40.6942863, 306.086945, -9.98304176, 0.965911806, 1.43360885e-05, 0.258871198, 4.45965361e-06, 1, -7.20208482e-05, -0.258871198, 7.07204017e-05, 0.965911806   [was 40.6942863, 306.086945, -9.98304176, 0.965911806, 1.41600594e-05, 0.258871198, 4.6398809e-06, 1, -7.20133321e-05, -0.258871198, 7.0759801e-05, 0.965911806, 60 change(s)]
Chamber   MovingParts.CoreAntenna.SpecialCoreAntenna.FrontPiece.StructureDetail.Front.Plates.Plating ~(38.7, 301.9, -17.4).CFrame = 38.7107468, 301.887085, -17.3842602, -0.965913296, -0.258866131, 1.15994726e-05, -9.58570126e-06, -9.04141598e-06, -1.00000012, 0.258866161, -0.965913177, 6.25181019e-06   [was 38.7107468, 301.887085, -17.3842621, -0.965913296, -0.258866131, 1.17755017e-05, -9.76592855e-06, -9.04893022e-06, -1.00000012, 0.258866161, -0.965913177, 6.21241361e-06, 60 change(s)]
Chamber   MovingParts.CoreAntenna.SpecialCoreAntenna.FrontPiece.StructureDetail.Front.Plates.Plating ~(39.1, 306.8, -16.0).CFrame = 39.0730896, 306.787109, -16.0320473, -0.965913296, -0.258866131, 1.15994726e-05, -9.58570126e-06, -9.04141598e-06, -1.00000012, 0.258866161, -0.965913177, 6.25181019e-06   [was 39.0730896, 306.787109, -16.0320473, -0.965913296, -0.258866131, 1.17755017e-05, -9.76592855e-06, -9.04893022e-06, -1.00000012, 0.258866161, -0.965913177, 6.21241361e-06, 60 change(s)]
Chamber   MovingParts.CoreAntenna.SpecialCoreAntenna.FrontPiece.StructureDetail.Front.Plates.Plating ~(39.6, 298.2, -14.0).CFrame = 39.6168442, 298.212128, -14.0035791, -0.965913296, -0.258866131, 1.15994726e-05, -9.58570126e-06, -9.04141598e-06, -1.00000012, 0.258866161, -0.965913177, 6.25181019e-06   [was 39.6168442, 298.212128, -14.003581, -0.965913296, -0.258866131, 1.17755017e-05, -9.76592855e-06, -9.04893022e-06, -1.00000012, 0.258866161, -0.965913177, 6.21241361e-06, 60 change(s)]
Chamber   MovingParts.CoreAntenna.SpecialCoreAntenna.FrontPiece.StructureDetail.Front.Plates.Plating ~(40.7, 297.0, -10.0).CFrame = 40.6847, 296.987152, -10.0191851, -0.965913296, 0.258866191, -1.18297639e-05, -9.58570126e-06, 9.0414178e-06, 1.00000012, 0.258866161, 0.965913415, -6.19009188e-06   [was 40.6847, 296.987152, -10.019186, -0.965913296, 0.258866191, -1.2005793e-05, -9.76592855e-06, 9.04893204e-06, 1.00000012, 0.258866161, 0.965913415, -6.1506953e-06, 60 change(s)]
Chamber   MovingParts.CoreAntenna.SpecialCoreAntenna.FrontPiece.StructureDetail.Front.Plates.Part ~(40.7, 308.5, -10.0).CFrame = 40.6942558, 308.536957, -9.98305511, 0.965911806, 1.43360885e-05, 0.258871198, 4.45965361e-06, 1, -7.20208482e-05, -0.258871198, 7.07204017e-05, 0.965911806   [was 40.6942558, 308.536957, -9.98305702, 0.965911806, 1.41600594e-05, 0.258871198, 4.6398809e-06, 1, -7.20133321e-05, -0.258871198, 7.0759801e-05, 0.965911806, 60 change(s)]
Chamber   MovingParts.CoreAntenna.SpecialCoreAntenna.FrontPiece.StructureDetail.Front.Plates.Plating ~(40.1, 298.2, -12.0).CFrame = 40.1410637, 298.212158, -12.047616, -0.965913296, 0.258866191, -1.18297639e-05, -9.58570126e-06, 9.0414178e-06, 1.00000012, 0.258866161, 0.965913415, -6.19009188e-06   [was 40.1410675, 298.212158, -12.047617, -0.965913296, 0.258866191, -1.2005793e-05, -9.76592855e-06, 9.04893204e-06, 1.00000012, 0.258866161, 0.965913415, -6.1506953e-06, 60 change(s)]
Chamber   MovingParts.CoreAntenna.SpecialCoreAntenna.FrontPiece.StructureDetail.Front.Plates.Plating ~(39.3, 308.0, -15.4).CFrame = 39.2542992, 308.012115, -15.3558769, -0.965913296, -0.258866131, 1.15994726e-05, -9.58570126e-06, -9.04141598e-06, -1.00000012, 0.258866161, -0.965913177, 6.25181019e-06   [was 39.2542992, 308.012115, -15.3558769, -0.965913296, -0.258866131, 1.17755017e-05, -9.76592855e-06, -9.04893022e-06, -1.00000012, 0.258866161, -0.965913177, 6.21241361e-06, 60 change(s)]
Chamber   MovingParts.CoreAntenna.SpecialCoreAntenna.FrontPiece.StructureDetail.Front.Plates.Plating ~(38.9, 303.1, -16.7).CFrame = 38.8919334, 303.112122, -16.7081795, -0.965913296, -0.258866131, 1.15994726e-05, -9.58570126e-06, -9.04141598e-06, -1.00000012, 0.258866161, -0.965913177, 6.25181019e-06   [was 38.8919334, 303.112122, -16.7081795, -0.965913296, -0.258866131, 1.17755017e-05, -9.76592855e-06, -9.04893022e-06, -1.00000012, 0.258866161, -0.965913177, 6.21241361e-06, 60 change(s)]
Chamber   MovingParts.CoreAntenna.SpecialCoreAntenna.FrontPiece.StructureDetail.Front.Plates.Part ~(40.7, 308.0, -10.0).CFrame = 40.6942787, 308.011963, -9.9830265, 0.965914547, 7.80751798e-05, 0.258861065, -8.18477711e-05, 1, 3.79615631e-06, -0.258861065, -2.48544366e-05, 0.965914547   [was 40.6942787, 308.011963, -9.9830265, 0.965914547, 7.78991525e-05, 0.258861065, -8.16675456e-05, 1, 3.80366964e-06, -0.258861065, -2.48150391e-05, 0.965914547, 60 change(s)]
Chamber   MovingParts.CoreAntenna.SpecialCoreAntenna.FrontPiece.StructureDetail.Front.Plates.Plating ~(40.3, 301.9, -11.4).CFrame = 40.3222198, 301.887177, -11.3715162, -0.965913296, 0.258866191, -1.18297639e-05, -9.58570126e-06, 9.0414178e-06, 1.00000012, 0.258866161, 0.965913415, -6.19009188e-06   [was 40.3222198, 301.887177, -11.3715172, -0.965913296, 0.258866191, -1.2005793e-05, -9.76592855e-06, 9.04893204e-06, 1.00000012, 0.258866161, 0.965913415, -6.1506953e-06, 60 change(s)]
Chamber   MovingParts.CoreAntenna.SpecialCoreAntenna.FrontPiece.StructureDetail.Front.Plates.Plating ~(40.0, 303.1, -12.7).CFrame = 39.9792137, 303.112183, -12.6513414, -0.965913296, -0.258866131, 1.15994726e-05, -9.58570126e-06, -9.04141598e-06, -1.00000012, 0.258866161, -0.965913177, 6.25181019e-06   [was 39.9792137, 303.112183, -12.6513424, -0.965913296, -0.258866131, 1.17755017e-05, -9.76592855e-06, -9.04893022e-06, -1.00000012, 0.258866161, -0.965913177, 6.21241361e-06, 60 change(s)]
Chamber   MovingParts.CoreAntenna.SpecialCoreAntenna.FrontPiece.StructureDetail.Front.Plates.Plating ~(40.2, 304.3, -12.0).CFrame = 40.1603775, 304.337158, -11.9751587, -0.965913296, -0.258866131, 1.15994726e-05, -9.58570126e-06, -9.04141598e-06, -1.00000012, 0.258866161, -0.965913177, 6.25181019e-06   [was 40.1603775, 304.337158, -11.9751596, -0.965913296, -0.258866131, 1.17755017e-05, -9.76592855e-06, -9.04893022e-06, -1.00000012, 0.258866161, -0.965913177, 6.21241361e-06, 60 change(s)]
Chamber   MovingParts.CoreAntenna.SpecialCoreAntenna.FrontPiece.StructureDetail.Front.Plates.Plating ~(39.4, 309.2, -14.7).CFrame = 39.435524, 309.237122, -14.6798038, -0.965913296, -0.258866131, 1.15994726e-05, -9.58570126e-06, -9.04141598e-06, -1.00000012, 0.258866161, -0.965913177, 6.25181019e-06   [was 39.435524, 309.237122, -14.6798048, -0.965913296, -0.258866131, 1.17755017e-05, -9.76592855e-06, -9.04893022e-06, -1.00000012, 0.258866161, -0.965913177, 6.21241361e-06, 60 change(s)]
Chamber   MovingParts.CoreAntenna.SpecialCoreAntenna.FrontPiece.StructureDetail.Front.Plates.Plating ~(39.3, 303.1, -15.4).CFrame = 39.2543564, 303.112122, -15.3558464, -0.965913296, -0.258866131, 1.15994726e-05, -9.58570126e-06, -9.04141598e-06, -1.00000012, 0.258866161, -0.965913177, 6.25181019e-06   [was 39.2543564, 303.112122, -15.3558474, -0.965913296, -0.258866131, 1.17755017e-05, -9.76592855e-06, -9.04893022e-06, -1.00000012, 0.258866161, -0.965913177, 6.21241361e-06, 60 change(s)]
Chamber   MovingParts.CoreAntenna.SpecialCoreAntenna.FrontPiece.StructureDetail.Front.Plates.Part ~(40.7, 298.7, -10.0).CFrame = 40.6943817, 298.736908, -9.98296642, 0.965911806, 1.43360885e-05, 0.258871198, 4.45965361e-06, 1, -7.20208482e-05, -0.258871198, 7.07204017e-05, 0.965911806   [was 40.6943817, 298.736908, -9.98296738, 0.965911806, 1.41600594e-05, 0.258871198, 4.6398809e-06, 1, -7.20133321e-05, -0.258871198, 7.0759801e-05, 0.965911806, 60 change(s)]
Chamber   MovingParts.CoreAntenna.SpecialCoreAntenna.FrontPiece.StructureDetail.Front.Plates.Plating ~(39.3, 298.2, -15.4).CFrame = 39.2544174, 298.212158, -15.3558168, -0.965913296, -0.258866131, 1.15994726e-05, -9.58570126e-06, -9.04141598e-06, -1.00000012, 0.258866161, -0.965913177, 6.25181019e-06   [was 39.2544212, 298.212158, -15.3558178, -0.965913296, -0.258866131, 1.17755017e-05, -9.76592855e-06, -9.04893022e-06, -1.00000012, 0.258866161, -0.965913177, 6.21241361e-06, 60 change(s)]
Chamber   MovingParts.CoreAntenna.SpecialCoreAntenna.FrontPiece.StructureDetail.Front.Plates.Plating ~(40.5, 305.6, -10.7).CFrame = 40.503334, 305.562164, -10.6953745, -0.965913296, 0.258866191, -1.18297639e-05, -9.58570126e-06, 9.0414178e-06, 1.00000012, 0.258866161, 0.965913415, -6.19009188e-06   [was 40.503334, 305.562164, -10.6953754, -0.965913296, 0.258866191, -1.2005793e-05, -9.76592855e-06, 9.04893204e-06, 1.00000012, 0.258866161, 0.965913415, -6.1506953e-06, 60 change(s)]
Chamber   MovingParts.CoreAntenna.SpecialCoreAntenna.FrontPiece.StructureDetail.Front.Plates.Plating ~(40.3, 306.8, -11.4).CFrame = 40.322113, 306.78714, -11.3715334, -0.965913296, 0.258866191, -1.18297639e-05, -9.58570126e-06, 9.0414178e-06, 1.00000012, 0.258866161, 0.965913415, -6.19009188e-06   [was 40.3221092, 306.78714, -11.3715343, -0.965913296, 0.258866191, -1.2005793e-05, -9.76592855e-06, 9.04893204e-06, 1.00000012, 0.258866161, 0.965913415, -6.1506953e-06, 60 change(s)]
Chamber   MovingParts.CoreAntenna.SpecialCoreAntenna.FrontPiece.StructureDetail.Front.Plates.Part ~(38.7, 305.6, -17.4).CFrame = 38.7010193, 305.561829, -17.4206753, 0.965914547, 2.76324899e-05, -0.258861065, 4.4597482e-06, -1, -9.01036838e-05, -0.258861065, 8.5877924e-05, -0.965914547   [was 38.7010193, 305.561829, -17.4206772, 0.965914547, 2.78085172e-05, -0.258861065, 4.63997549e-06, -1, -9.01111998e-05, -0.258861065, 8.58385247e-05, -0.965914547, 60 change(s)]
Chamber   MovingParts.CoreAntenna.SpecialCoreAntenna.FrontPiece.StructureDetail.Front.Plates.Plating ~(40.5, 298.2, -10.7).CFrame = 40.5034637, 298.212158, -10.6953411, -0.965913296, 0.258866191, -1.18297639e-05, -9.58570126e-06, 9.0414178e-06, 1.00000012, 0.258866161, 0.965913415, -6.19009188e-06   [was 40.5034676, 298.212158, -10.6953421, -0.965913296, 0.258866191, -1.2005793e-05, -9.76592855e-06, 9.04893204e-06, 1.00000012, 0.258866161, 0.965913415, -6.1506953e-06, 60 change(s)]
Chamber   MovingParts.CoreAntenna.SpecialCoreAntenna.FrontPiece.StructureDetail.Front.Plates.Plating ~(39.1, 297.0, -16.0).CFrame = 39.0731888, 296.987122, -16.0319824, -0.965913296, -0.258866131, 1.15994726e-05, -9.58570126e-06, -9.04141598e-06, -1.00000012, 0.258866161, -0.965913177, 6.25181019e-06   [was 39.0731926, 296.987122, -16.0319843, -0.965913296, -0.258866131, 1.17755017e-05, -9.76592855e-06, -9.04893022e-06, -1.00000012, 0.258866161, -0.965913177, 6.21241361e-06, 60 change(s)]
Chamber   MovingParts.CoreAntenna.SpecialCoreAntenna.FrontPiece.StructureDetail.Front.Plates.Plating ~(40.0, 300.7, -12.7).CFrame = 39.979248, 300.66217, -12.6512966, -0.965913296, -0.258866131, 1.15994726e-05, -9.58570126e-06, -9.04141598e-06, -1.00000012, 0.258866161, -0.965913177, 6.25181019e-06   [was 39.979248, 300.66217, -12.6512976, -0.965913296, -0.258866131, 1.17755017e-05, -9.76592855e-06, -9.04893022e-06, -1.00000012, 0.258866161, -0.965913177, 6.21241361e-06, 60 change(s)]
Chamber   MovingParts.CoreAntenna.SpecialCoreAntenna.FrontPiece.StructureDetail.Front.Plates.Plating ~(39.6, 303.1, -14.0).CFrame = 39.6167984, 303.112183, -14.0036125, -0.965913296, -0.258866131, 1.15994726e-05, -9.58570126e-06, -9.04141598e-06, -1.00000012, 0.258866161, -0.965913177, 6.25181019e-06   [was 39.6167984, 303.112183, -14.0036135, -0.965913296, -0.258866131, 1.17755017e-05, -9.76592855e-06, -9.04893022e-06, -1.00000012, 0.258866161, -0.965913177, 6.21241361e-06, 60 change(s)]
Chamber   MovingParts.CoreAntenna.SpecialCoreAntenna.FrontPiece.StructureDetail.Front.Plates.Plating ~(40.3, 304.3, -11.4).CFrame = 40.3221512, 304.337158, -11.371521, -0.965913296, 0.258866191, -1.18297639e-05, -9.58570126e-06, 9.0414178e-06, 1.00000012, 0.258866161, 0.965913415, -6.19009188e-06   [was 40.3221512, 304.337158, -11.3715219, -0.965913296, 0.258866191, -1.2005793e-05, -9.76592855e-06, 9.04893204e-06, 1.00000012, 0.258866161, 0.965913415, -6.1506953e-06, 60 change(s)]
Chamber   MovingParts.CoreAntenna.SpecialCoreAntenna.FrontPiece.StructureDetail.Front.Plates.Part ~(40.7, 298.2, -10.0).CFrame = 40.6943588, 298.211945, -9.98298645, 0.965914547, 7.80751798e-05, 0.258861065, -8.18477711e-05, 1, 3.79615631e-06, -0.258861065, -2.48544366e-05, 0.965914547   [was 40.6943588, 298.211945, -9.9829874, 0.965914547, 7.78991525e-05, 0.258861065, -8.16675456e-05, 1, 3.80366964e-06, -0.258861065, -2.48150391e-05, 0.965914547, 60 change(s)]
Chamber   MovingParts.CoreAntenna.SpecialCoreAntenna.FrontPiece.StructureDetail.Front.Plates.Plating ~(38.9, 297.0, -16.8).CFrame = 38.8726044, 296.987152, -16.7805996, -0.965913296, 0.258866191, -1.18297639e-05, -9.58570126e-06, 9.0414178e-06, 1.00000012, 0.258866161, 0.965913415, -6.19009188e-06   [was 38.8726044, 296.987152, -16.7806015, -0.965913296, 0.258866191, -1.2005793e-05, -9.76592855e-06, 9.04893204e-06, 1.00000012, 0.258866161, 0.965913415, -6.1506953e-06, 60 change(s)]
Chamber   MovingParts.CoreAntenna.SpecialCoreAntenna.FrontPiece.StructureDetail.Front.Plates.Plating ~(39.8, 309.2, -13.3).CFrame = 39.7979317, 309.237152, -13.3274994, -0.965913296, -0.258866131, 1.15994726e-05, -9.58570126e-06, -9.04141598e-06, -1.00000012, 0.258866161, -0.965913177, 6.25181019e-06   [was 39.7979317, 309.237152, -13.3274994, -0.965913296, -0.258866131, 1.17755017e-05, -9.76592855e-06, -9.04893022e-06, -1.00000012, 0.258866161, -0.965913177, 6.21241361e-06, 60 change(s)]
Chamber   MovingParts.CoreAntenna.SpecialCoreAntenna.FrontPiece.StructureDetail.Front.Plates.Plating ~(39.6, 308.0, -14.0).CFrame = 39.6167068, 308.012115, -14.003603, -0.965913296, -0.258866131, 1.15994726e-05, -9.58570126e-06, -9.04141598e-06, -1.00000012, 0.258866161, -0.965913177, 6.25181019e-06   [was 39.6167068, 308.012115, -14.0036039, -0.965913296, -0.258866131, 1.17755017e-05, -9.76592855e-06, -9.04893022e-06, -1.00000012, 0.258866161, -0.965913177, 6.21241361e-06, 60 change(s)]
Chamber   MovingParts.CoreAntenna.SpecialCoreAntenna.FrontPiece.StructureDetail.Front.Plates.Part ~(38.7, 305.0, -17.4).CFrame = 38.7010498, 305.036865, -17.4206467, 0.965936899, 5.29039289e-06, -0.258777708, 4.46052854e-06, -1, -3.79531866e-06, -0.258777708, 2.51234087e-06, -0.965936899   [was 38.7010498, 305.036865, -17.4206486, 0.965936899, 5.46642195e-06, -0.258777708, 4.64075674e-06, -1, -3.80281654e-06, -0.258777708, 2.47294429e-06, -0.965936899, 60 change(s)]
Chamber   MovingParts.CoreAntenna.SpecialCoreAntenna.FrontPiece.StructureDetail.Front.Plates.Plating ~(39.8, 298.2, -13.4).CFrame = 39.7786713, 298.212158, -13.3999252, -0.965913296, 0.258866191, -1.18297639e-05, -9.58570126e-06, 9.0414178e-06, 1.00000012, 0.258866161, 0.965913415, -6.19009188e-06   [was 39.7786713, 298.212158, -13.3999262, -0.965913296, 0.258866191, -1.2005793e-05, -9.76592855e-06, 9.04893204e-06, 1.00000012, 0.258866161, 0.965913415, -6.1506953e-06, 60 change(s)]
Chamber   MovingParts.CoreAntenna.SpecialCoreAntenna.FrontPiece.StructureDetail.Front.Plates.Plating ~(39.1, 299.4, -16.0).CFrame = 39.0731773, 299.437134, -16.0320015, -0.965913296, -0.258866131, 1.15994726e-05, -9.58570126e-06, -9.04141598e-06, -1.00000012, 0.258866161, -0.965913177, 6.25181019e-06   [was 39.0731773, 299.437134, -16.0320034, -0.965913296, -0.258866131, 1.17755017e-05, -9.76592855e-06, -9.04893022e-06, -1.00000012, 0.258866161, -0.965913177, 6.21241361e-06, 60 change(s)]
Chamber   MovingParts.CoreAntenna.SpecialCoreAntenna.FrontPiece.StructureDetail.Front.Plates.Plating ~(39.4, 306.8, -14.7).CFrame = 39.4355087, 306.787109, -14.6797457, -0.965913296, -0.258866131, 1.15994726e-05, -9.58570126e-06, -9.04141598e-06, -1.00000012, 0.258866161, -0.965913177, 6.25181019e-06   [was 39.4355087, 306.787109, -14.6797466, -0.965913296, -0.258866131, 1.17755017e-05, -9.76592855e-06, -9.04893022e-06, -1.00000012, 0.258866161, -0.965913177, 6.21241361e-06, 60 change(s)]
Chamber   MovingParts.CoreAntenna.SpecialCoreAntenna.FrontPiece.StructureDetail.Front.Plates.Part ~(40.7, 300.1, -10.0).CFrame = 40.6943665, 300.136963, -9.98297501, -0.965911806, -1.43360885e-05, 0.258871198, -4.45965361e-06, -1, -7.20208482e-05, 0.258871198, -7.07204017e-05, 0.965911806   [was 40.6943665, 300.136963, -9.98297596, -0.965911806, -1.41600594e-05, 0.258871198, -4.6398809e-06, -1, -7.20133321e-05, 0.258871198, -7.0759801e-05, 0.965911806, 60 change(s)]
Chamber   MovingParts.CoreAntenna.SpecialCoreAntenna.FrontPiece.StructureDetail.Front.Plates.Plating ~(38.9, 304.3, -16.8).CFrame = 38.8724976, 304.337128, -16.7806396, -0.965913296, 0.258866191, -1.18297639e-05, -9.58570126e-06, 9.0414178e-06, 1.00000012, 0.258866161, 0.965913415, -6.19009188e-06   [was 38.8724976, 304.337128, -16.7806416, -0.965913296, 0.258866191, -1.2005793e-05, -9.76592855e-06, 9.04893204e-06, 1.00000012, 0.258866161, 0.965913415, -6.1506953e-06, 60 change(s)]
Chamber   MovingParts.CoreAntenna.SpecialCoreAntenna.FrontPiece.StructureDetail.Front.Plates.Plating ~(38.9, 306.8, -16.8).CFrame = 38.8724747, 306.787079, -16.7806568, -0.965913296, 0.258866191, -1.18297639e-05, -9.58570126e-06, 9.0414178e-06, 1.00000012, 0.258866161, 0.965913415, -6.19009188e-06   [was 38.8724747, 306.787079, -16.7806568, -0.965913296, 0.258866191, -1.2005793e-05, -9.76592855e-06, 9.04893204e-06, 1.00000012, 0.258866161, 0.965913415, -6.1506953e-06, 60 change(s)]
Chamber   MovingParts.CoreAntenna.SpecialCoreAntenna.FrontPiece.StructureDetail.Front.Plates.Plating ~(40.5, 303.1, -10.7).CFrame = 40.5033798, 303.112183, -10.695363, -0.965913296, 0.258866191, -1.18297639e-05, -9.58570126e-06, 9.0414178e-06, 1.00000012, 0.258866161, 0.965913415, -6.19009188e-06   [was 40.5033798, 303.112183, -10.695364, -0.965913296, 0.258866191, -1.2005793e-05, -9.76592855e-06, 9.04893204e-06, 1.00000012, 0.258866161, 0.965913415, -6.1506953e-06, 60 change(s)]
Chamber   MovingParts.CoreAntenna.SpecialCoreAntenna.FrontPiece.StructureDetail.Front.Plates.Plating ~(40.0, 308.0, -12.7).CFrame = 39.9791183, 308.012146, -12.6513309, -0.965913296, -0.258866131, 1.15994726e-05, -9.58570126e-06, -9.04141598e-06, -1.00000012, 0.258866161, -0.965913177, 6.25181019e-06   [was 39.9791183, 308.012146, -12.6513309, -0.965913296, -0.258866131, 1.17755017e-05, -9.76592855e-06, -9.04893022e-06, -1.00000012, 0.258866161, -0.965913177, 6.21241361e-06, 60 change(s)]
Chamber   MovingParts.CoreAntenna.SpecialCoreAntenna.FrontPiece.StructureDetail.Front.Plates.Part ~(38.7, 307.5, -17.4).CFrame = 38.7010155, 307.486847, -17.4206619, 0.965936899, 5.29039289e-06, -0.258777708, 4.46052854e-06, -1, -3.79531866e-06, -0.258777708, 2.51234087e-06, -0.965936899   [was 38.7010155, 307.486847, -17.4206619, 0.965936899, 5.46642195e-06, -0.258777708, 4.64075674e-06, -1, -3.80281654e-06, -0.258777708, 2.47294429e-06, -0.965936899, 60 change(s)]
Chamber   MovingParts.CoreAntenna.SpecialCoreAntenna.FrontPiece.StructureDetail.Front.Plates.Plating ~(39.1, 304.3, -16.0).CFrame = 39.0731354, 304.337128, -16.0320053, -0.965913296, -0.258866131, 1.15994726e-05, -9.58570126e-06, -9.04141598e-06, -1.00000012, 0.258866161, -0.965913177, 6.25181019e-06   [was 39.0731354, 304.337128, -16.0320053, -0.965913296, -0.258866131, 1.17755017e-05, -9.76592855e-06, -9.04893022e-06, -1.00000012, 0.258866161, -0.965913177, 6.21241361e-06, 60 change(s)]
Chamber   MovingParts.CoreAntenna.SpecialCoreAntenna.FrontPiece.StructureDetail.Front.Plates.Plating ~(40.3, 309.2, -11.4).CFrame = 40.3221512, 309.237152, -11.3715668, -0.965913296, 0.258866191, -1.18297639e-05, -9.58570126e-06, 9.0414178e-06, 1.00000012, 0.258866161, 0.965913415, -6.19009188e-06   [was 40.3221512, 309.237152, -11.3715677, -0.965913296, 0.258866191, -1.2005793e-05, -9.76592855e-06, 9.04893204e-06, 1.00000012, 0.258866161, 0.965913415, -6.1506953e-06, 60 change(s)]
Chamber   MovingParts.CoreAntenna.SpecialCoreAntenna.FrontPiece.StructureDetail.Front.Plates.Plating ~(40.5, 304.3, -10.6).CFrame = 40.5227966, 304.337189, -10.6228561, -0.965913296, -0.258866131, 1.15994726e-05, -9.58570126e-06, -9.04141598e-06, -1.00000012, 0.258866161, -0.965913177, 6.25181019e-06   [was 40.5227966, 304.337189, -10.622858, -0.965913296, -0.258866131, 1.17755017e-05, -9.76592855e-06, -9.04893022e-06, -1.00000012, 0.258866161, -0.965913177, 6.21241361e-06, 60 change(s)]
Chamber   MovingParts.CoreAntenna.SpecialCoreAntenna.FrontPiece.StructureDetail.Front.Plates.Plating ~(40.7, 299.4, -10.0).CFrame = 40.6846809, 299.437195, -10.0191708, -0.965913296, 0.258866191, -1.18297639e-05, -9.58570126e-06, 9.0414178e-06, 1.00000012, 0.258866161, 0.965913415, -6.19009188e-06   [was 40.6846809, 299.437195, -10.0191717, -0.965913296, 0.258866191, -1.2005793e-05, -9.76592855e-06, 9.04893204e-06, 1.00000012, 0.258866161, 0.965913415, -6.1506953e-06, 60 change(s)]
Chamber   MovingParts.CoreAntenna.SpecialCoreAntenna.FrontPiece.StructureDetail.Front.Plates.Part ~(40.7, 300.7, -10.0).CFrame = 40.6943474, 300.661957, -9.98297501, 0.965914547, 7.80751798e-05, 0.258861065, -8.18477711e-05, 1, 3.79615631e-06, -0.258861065, -2.48544366e-05, 0.965914547   [was 40.6943474, 300.661957, -9.98297691, 0.965914547, 7.78991525e-05, 0.258861065, -8.16675456e-05, 1, 3.80366964e-06, -0.258861065, -2.48150391e-05, 0.965914547, 60 change(s)]
Chamber   MovingParts.CoreAntenna.SpecialCoreAntenna.FrontPiece.StructureDetail.Front.Plates.Plating ~(39.4, 297.0, -14.7).CFrame = 39.4356728, 296.987122, -14.6797285, -0.965913296, -0.258866131, 1.15994726e-05, -9.58570126e-06, -9.04141598e-06, -1.00000012, 0.258866161, -0.965913177, 6.25181019e-06   [was 39.4356728, 296.987122, -14.6797304, -0.965913296, -0.258866131, 1.17755017e-05, -9.76592855e-06, -9.04893022e-06, -1.00000012, 0.258866161, -0.965913177, 6.21241361e-06, 60 change(s)]
Chamber   MovingParts.CoreAntenna.SpecialCoreAntenna.FrontPiece.StructureDetail.Front.Plates.Plating ~(39.6, 300.7, -14.0).CFrame = 39.6168289, 300.66217, -14.0035992, -0.965913296, -0.258866131, 1.15994726e-05, -9.58570126e-06, -9.04141598e-06, -1.00000012, 0.258866161, -0.965913177, 6.25181019e-06   [was 39.6168289, 300.66217, -14.0036001, -0.965913296, -0.258866131, 1.17755017e-05, -9.76592855e-06, -9.04893022e-06, -1.00000012, 0.258866161, -0.965913177, 6.21241361e-06, 60 change(s)]
Chamber   MovingParts.CoreAntenna.SpecialCoreAntenna.FrontPiece.StructureDetail.Front.Plates.Plating ~(40.3, 300.7, -11.3).CFrame = 40.3416595, 300.662201, -11.2990246, -0.965913296, -0.258866131, 1.15994726e-05, -9.58570126e-06, -9.04141598e-06, -1.00000012, 0.258866161, -0.965913177, 6.25181019e-06   [was 40.3416595, 300.662201, -11.2990255, -0.965913296, -0.258866131, 1.17755017e-05, -9.76592855e-06, -9.04893022e-06, -1.00000012, 0.258866161, -0.965913177, 6.21241361e-06, 60 change(s)]
Chamber   MovingParts.CoreAntenna.SpecialCoreAntenna.FrontPiece.StructureDetail.Front.Plates.Part ~(38.7, 306.1, -17.4).CFrame = 38.7010231, 306.086853, -17.4206505, -0.965936899, -5.29039289e-06, -0.258777708, -4.46052854e-06, 1, -3.79531866e-06, 0.258777708, -2.51234087e-06, -0.965936899   [was 38.7010193, 306.086853, -17.4206505, -0.965936899, -5.46642195e-06, -0.258777708, -4.64075674e-06, 1, -3.80281654e-06, 0.258777708, -2.47294429e-06, -0.965936899, 60 change(s)]
Chamber   MovingParts.CoreAntenna.SpecialCoreAntenna.FrontPiece.StructureDetail.Front.Plates.Plating ~(39.8, 304.3, -13.3).CFrame = 39.7979584, 304.337158, -13.3274593, -0.965913296, -0.258866131, 1.15994726e-05, -9.58570126e-06, -9.04141598e-06, -1.00000012, 0.258866161, -0.965913177, 6.25181019e-06   [was 39.7979546, 304.337158, -13.3274603, -0.965913296, -0.258866131, 1.17755017e-05, -9.76592855e-06, -9.04893022e-06, -1.00000012, 0.258866161, -0.965913177, 6.21241361e-06, 60 change(s)]
Chamber   MovingParts.CoreAntenna.SpecialCoreAntenna.FrontPiece.StructureDetail.Front.Plates.Plating ~(40.2, 309.2, -12.0).CFrame = 40.1603699, 309.237152, -11.9752331, -0.965913296, -0.258866131, 1.15994726e-05, -9.58570126e-06, -9.04141598e-06, -1.00000012, 0.258866161, -0.965913177, 6.25181019e-06   [was 40.1603699, 309.237152, -11.975234, -0.965913296, -0.258866131, 1.17755017e-05, -9.76592855e-06, -9.04893022e-06, -1.00000012, 0.258866161, -0.965913177, 6.21241361e-06, 60 change(s)]
Chamber   MovingParts.CoreAntenna.SpecialCoreAntenna.FrontPiece.StructureDetail.Front.Plates.Part ~(38.7, 302.6, -17.4).CFrame = 38.7010651, 302.586853, -17.4206295, 0.965936899, 5.29039289e-06, -0.258777708, 4.46052854e-06, -1, -3.79531866e-06, -0.258777708, 2.51234087e-06, -0.965936899   [was 38.7010651, 302.586853, -17.4206295, 0.965936899, 5.46642195e-06, -0.258777708, 4.64075674e-06, -1, -3.80281654e-06, -0.258777708, 2.47294429e-06, -0.965936899, 60 change(s)]
Chamber   MovingParts.CoreAntenna.SpecialCoreAntenna.FrontPiece.StructureDetail.Front.Plates.Plating ~(40.5, 297.0, -10.6).CFrame = 40.5229187, 296.987152, -10.6228523, -0.965913296, -0.258866131, 1.15994726e-05, -9.58570126e-06, -9.04141598e-06, -1.00000012, 0.258866161, -0.965913177, 6.25181019e-06   [was 40.5229225, 296.987152, -10.6228533, -0.965913296, -0.258866131, 1.17755017e-05, -9.76592855e-06, -9.04893022e-06, -1.00000012, 0.258866161, -0.965913177, 6.21241361e-06, 60 change(s)]
Chamber   MovingParts.CoreAntenna.SpecialCoreAntenna.FrontPiece.StructureDetail.Front.Plates.Plating ~(39.8, 308.0, -13.4).CFrame = 39.7784996, 308.012115, -13.3999071, -0.965913296, 0.258866191, -1.18297639e-05, -9.58570126e-06, 9.0414178e-06, 1.00000012, 0.258866161, 0.965913415, -6.19009188e-06   [was 39.7784996, 308.012115, -13.3999081, -0.965913296, 0.258866191, -1.2005793e-05, -9.76592855e-06, 9.04893204e-06, 1.00000012, 0.258866161, 0.965913415, -6.1506953e-06, 60 change(s)]
Chamber   MovingParts.CoreAntenna.SpecialCoreAntenna.FrontPiece.StructureDetail.Front.Plates.Plating ~(40.5, 306.8, -10.6).CFrame = 40.522747, 306.78717, -10.6228971, -0.965913296, -0.258866131, 1.15994726e-05, -9.58570126e-06, -9.04141598e-06, -1.00000012, 0.258866161, -0.965913177, 6.25181019e-06   [was 40.522747, 306.78717, -10.6228981, -0.965913296, -0.258866131, 1.17755017e-05, -9.76592855e-06, -9.04893022e-06, -1.00000012, 0.258866161, -0.965913177, 6.21241361e-06, 60 change(s)]
Chamber   MovingParts.CoreAntenna.SpecialCoreAntenna.FrontPiece.StructureDetail.Front.Plates.Plating ~(39.3, 305.6, -15.4).CFrame = 39.2543106, 305.562103, -15.3558884, -0.965913296, -0.258866131, 1.15994726e-05, -9.58570126e-06, -9.04141598e-06, -1.00000012, 0.258866161, -0.965913177, 6.25181019e-06   [was 39.2543106, 305.562103, -15.3558884, -0.965913296, -0.258866131, 1.17755017e-05, -9.76592855e-06, -9.04893022e-06, -1.00000012, 0.258866161, -0.965913177, 6.21241361e-06, 60 change(s)]
Chamber   MovingParts.CoreAntenna.SpecialCoreAntenna.FrontPiece.StructureDetail.Front.Plates.Plating ~(40.0, 306.8, -12.7).CFrame = 39.959713, 306.78714, -12.7237768, -0.965913296, 0.258866191, -1.18297639e-05, -9.58570126e-06, 9.0414178e-06, 1.00000012, 0.258866161, 0.965913415, -6.19009188e-06   [was 39.9597092, 306.78714, -12.7237778, -0.965913296, 0.258866191, -1.2005793e-05, -9.76592855e-06, 9.04893204e-06, 1.00000012, 0.258866161, 0.965913415, -6.1506953e-06, 60 change(s)]
Chamber   MovingParts.CoreAntenna.SpecialCoreAntenna.FrontPiece.StructureDetail.Front.Plates.Plating ~(40.3, 298.2, -11.3).CFrame = 40.3416824, 298.212158, -11.2990074, -0.965913296, -0.258866131, 1.15994726e-05, -9.58570126e-06, -9.04141598e-06, -1.00000012, 0.258866161, -0.965913177, 6.25181019e-06   [was 40.3416824, 298.212158, -11.2990084, -0.965913296, -0.258866131, 1.17755017e-05, -9.76592855e-06, -9.04893022e-06, -1.00000012, 0.258866161, -0.965913177, 6.21241361e-06, 60 change(s)]
Chamber   MovingParts.CoreAntenna.SpecialCoreAntenna.FrontPiece.StructureDetail.Front.Plates.Plating ~(38.9, 298.2, -16.7).CFrame = 38.8919868, 298.212158, -16.7081146, -0.965913296, -0.258866131, 1.15994726e-05, -9.58570126e-06, -9.04141598e-06, -1.00000012, 0.258866161, -0.965913177, 6.25181019e-06   [was 38.8919868, 298.212158, -16.7081165, -0.965913296, -0.258866131, 1.17755017e-05, -9.76592855e-06, -9.04893022e-06, -1.00000012, 0.258866161, -0.965913177, 6.21241361e-06, 60 change(s)]
Chamber   MovingParts.CoreAntenna.SpecialCoreAntenna.FrontPiece.StructureDetail.Front.Plates.Plating ~(39.6, 304.3, -14.1).CFrame = 39.5973244, 304.337158, -14.0760651, -0.965913296, 0.258866191, -1.18297639e-05, -9.58570126e-06, 9.0414178e-06, 1.00000012, 0.258866161, 0.965913415, -6.19009188e-06   [was 39.5973244, 304.337158, -14.076066, -0.965913296, 0.258866191, -1.2005793e-05, -9.76592855e-06, 9.04893204e-06, 1.00000012, 0.258866161, 0.965913415, -6.1506953e-06, 60 change(s)]
Chamber   MovingParts.CoreAntenna.SpecialCoreAntenna.FrontPiece.StructureDetail.Front.Plates.Part ~(38.7, 300.7, -17.4).CFrame = 38.7010994, 300.661865, -17.42062, 0.965914547, 2.76324899e-05, -0.258861065, 4.4597482e-06, -1, -9.01036838e-05, -0.258861065, 8.5877924e-05, -0.965914547   [was 38.7010994, 300.661865, -17.42062, 0.965914547, 2.78085172e-05, -0.258861065, 4.63997549e-06, -1, -9.01111998e-05, -0.258861065, 8.58385247e-05, -0.965914547, 60 change(s)]
Chamber   MovingParts.CoreAntenna.SpecialCoreAntenna.FrontPiece.StructureDetail.Front.Plates.Plating ~(40.2, 299.4, -12.0).CFrame = 40.1604843, 299.437164, -11.9751406, -0.965913296, -0.258866131, 1.15994726e-05, -9.58570126e-06, -9.04141598e-06, -1.00000012, 0.258866161, -0.965913177, 6.25181019e-06   [was 40.1604843, 299.437164, -11.9751415, -0.965913296, -0.258866131, 1.17755017e-05, -9.76592855e-06, -9.04893022e-06, -1.00000012, 0.258866161, -0.965913177, 6.21241361e-06, 60 change(s)]
Chamber   MovingParts.CoreAntenna.SpecialCoreAntenna.FrontPiece.StructureDetail.Front.Plates.Plating ~(40.5, 299.4, -10.6).CFrame = 40.522892, 299.437195, -10.6228361, -0.965913296, -0.258866131, 1.15994726e-05, -9.58570126e-06, -9.04141598e-06, -1.00000012, 0.258866161, -0.965913177, 6.25181019e-06   [was 40.522892, 299.437195, -10.6228371, -0.965913296, -0.258866131, 1.17755017e-05, -9.76592855e-06, -9.04893022e-06, -1.00000012, 0.258866161, -0.965913177, 6.21241361e-06, 60 change(s)]
Chamber   MovingParts.CoreAntenna.SpecialCoreAntenna.FrontPiece.StructureDetail.Front.Plates.Plating ~(40.2, 301.9, -12.0).CFrame = 40.1604462, 301.887177, -11.9751854, -0.965913296, -0.258866131, 1.15994726e-05, -9.58570126e-06, -9.04141598e-06, -1.00000012, 0.258866161, -0.965913177, 6.25181019e-06   [was 40.1604462, 301.887177, -11.9751873, -0.965913296, -0.258866131, 1.17755017e-05, -9.76592855e-06, -9.04893022e-06, -1.00000012, 0.258866161, -0.965913177, 6.21241361e-06, 60 change(s)]
Chamber   MovingParts.CoreAntenna.SpecialCoreAntenna.FrontPiece.StructureDetail.Front.Plates.Plating ~(38.9, 301.9, -16.8).CFrame = 38.8725662, 301.887115, -16.7806358, -0.965913296, 0.258866191, -1.18297639e-05, -9.58570126e-06, 9.0414178e-06, 1.00000012, 0.258866161, 0.965913415, -6.19009188e-06   [was 38.8725662, 301.887115, -16.7806358, -0.965913296, 0.258866191, -1.2005793e-05, -9.76592855e-06, 9.04893204e-06, 1.00000012, 0.258866161, 0.965913415, -6.1506953e-06, 60 change(s)]
Chamber   MovingParts.CoreAntenna.SpecialCoreAntenna.FrontPiece.StructureDetail.Front.Plates.Part ~(38.7, 301.2, -17.4).CFrame = 38.7010803, 301.186859, -17.42062, -0.965936899, -5.29039289e-06, -0.258777708, -4.46052854e-06, 1, -3.79531866e-06, 0.258777708, -2.51234087e-06, -0.965936899   [was 38.7010841, 301.186859, -17.4206219, -0.965936899, -5.46642195e-06, -0.258777708, -4.64075674e-06, 1, -3.80281654e-06, 0.258777708, -2.47294429e-06, -0.965936899, 60 change(s)]
Chamber   MovingParts.CoreAntenna.SpecialCoreAntenna.FrontPiece.StructureDetail.Front.Plates.Plating ~(39.8, 301.9, -13.3).CFrame = 39.7980309, 301.887177, -13.3274565, -0.965913296, -0.258866131, 1.15994726e-05, -9.58570126e-06, -9.04141598e-06, -1.00000012, 0.258866161, -0.965913177, 6.25181019e-06   [was 39.7980309, 301.887177, -13.3274574, -0.965913296, -0.258866131, 1.17755017e-05, -9.76592855e-06, -9.04893022e-06, -1.00000012, 0.258866161, -0.965913177, 6.21241361e-06, 60 change(s)]
Chamber   MovingParts.CoreAntenna.SpecialCoreAntenna.FrontPiece.StructureDetail.Front.Plates.Plating ~(39.4, 300.7, -14.8).CFrame = 39.416172, 300.66214, -14.7521648, -0.965913296, 0.258866191, -1.18297639e-05, -9.58570126e-06, 9.0414178e-06, 1.00000012, 0.258866161, 0.965913415, -6.19009188e-06   [was 39.416172, 300.66214, -14.7521658, -0.965913296, 0.258866191, -1.2005793e-05, -9.76592855e-06, 9.04893204e-06, 1.00000012, 0.258866161, 0.965913415, -6.1506953e-06, 60 change(s)]
Chamber   MovingParts.CoreAntenna.SpecialCoreAntenna.FrontPiece.StructureDetail.Front.Plates.Plating ~(40.1, 305.6, -12.0).CFrame = 40.1409264, 305.562134, -12.0476475, -0.965913296, 0.258866191, -1.18297639e-05, -9.58570126e-06, 9.0414178e-06, 1.00000012, 0.258866161, 0.965913415, -6.19009188e-06   [was 40.1409264, 305.562134, -12.0476494, -0.965913296, 0.258866191, -1.2005793e-05, -9.76592855e-06, 9.04893204e-06, 1.00000012, 0.258866161, 0.965913415, -6.1506953e-06, 60 change(s)]
Chamber   MovingParts.CoreAntenna.SpecialCoreAntenna.FrontPiece.StructureDetail.Front.Plates.Part ~(38.7, 303.1, -17.4).CFrame = 38.7010536, 303.111877, -17.4206295, 0.965914547, 2.76324899e-05, -0.258861065, 4.4597482e-06, -1, -9.01036838e-05, -0.258861065, 8.5877924e-05, -0.965914547   [was 38.7010536, 303.111877, -17.4206314, 0.965914547, 2.78085172e-05, -0.258861065, 4.63997549e-06, -1, -9.01111998e-05, -0.258861065, 8.58385247e-05, -0.965914547, 60 change(s)]
Chamber   MovingParts.CoreAntenna.SpecialCoreAntenna.FrontPiece.StructureDetail.Front.Plates.Plating ~(39.8, 305.6, -13.4).CFrame = 39.7785187, 305.562134, -13.3999214, -0.965913296, 0.258866191, -1.18297639e-05, -9.58570126e-06, 9.0414178e-06, 1.00000012, 0.258866161, 0.965913415, -6.19009188e-06   [was 39.7785187, 305.562134, -13.3999224, -0.965913296, 0.258866191, -1.2005793e-05, -9.76592855e-06, 9.04893204e-06, 1.00000012, 0.258866161, 0.965913415, -6.1506953e-06, 60 change(s)]
Chamber   MovingParts.CoreAntenna.SpecialCoreAntenna.FrontPiece.StructureDetail.Front.Plates.Plating ~(40.1, 308.0, -12.0).CFrame = 40.1408997, 308.012146, -12.0476627, -0.965913296, 0.258866191, -1.18297639e-05, -9.58570126e-06, 9.0414178e-06, 1.00000012, 0.258866161, 0.965913415, -6.19009188e-06   [was 40.1408997, 308.012146, -12.0476646, -0.965913296, 0.258866191, -1.2005793e-05, -9.76592855e-06, 9.04893204e-06, 1.00000012, 0.258866161, 0.965913415, -6.1506953e-06, 60 change(s)]
Chamber   MovingParts.CoreAntenna.SpecialCoreAntenna.FrontPiece.StructureDetail.Front.Plates.Plating ~(40.1, 303.1, -12.0).CFrame = 40.1409645, 303.112183, -12.0476351, -0.965913296, 0.258866191, -1.18297639e-05, -9.58570126e-06, 9.0414178e-06, 1.00000012, 0.258866161, 0.965913415, -6.19009188e-06   [was 40.1409645, 303.112152, -12.047636, -0.965913296, 0.258866191, -1.2005793e-05, -9.76592855e-06, 9.04893204e-06, 1.00000012, 0.258866161, 0.965913415, -6.1506953e-06, 60 change(s)]
Chamber   MovingParts.CoreAntenna.SpecialCoreAntenna.FrontPiece.StructureDetail.Front.Plates.Plating ~(38.9, 299.4, -16.8).CFrame = 38.872551, 299.437134, -16.7806091, -0.965913296, 0.258866191, -1.18297639e-05, -9.58570126e-06, 9.0414178e-06, 1.00000012, 0.258866161, 0.965913415, -6.19009188e-06   [was 38.8725548, 299.437134, -16.7806091, -0.965913296, 0.258866191, -1.2005793e-05, -9.76592855e-06, 9.04893204e-06, 1.00000012, 0.258866161, 0.965913415, -6.1506953e-06, 60 change(s)]
Chamber   MovingParts.CoreAntenna.SpecialCoreAntenna.FrontPiece.StructureDetail.Front.Plates.Plating ~(39.6, 299.4, -14.1).CFrame = 39.5974236, 299.437164, -14.0760765, -0.965913296, 0.258866191, -1.18297639e-05, -9.58570126e-06, 9.0414178e-06, 1.00000012, 0.258866161, 0.965913415, -6.19009188e-06   [was 39.5974236, 299.437164, -14.0760775, -0.965913296, 0.258866191, -1.2005793e-05, -9.76592855e-06, 9.04893204e-06, 1.00000012, 0.258866161, 0.965913415, -6.1506953e-06, 60 change(s)]
Chamber   MovingParts.CoreAntenna.SpecialCoreAntenna.FrontPiece.StructureDetail.Front.Plates.Plating ~(40.1, 300.7, -12.0).CFrame = 40.1410255, 300.66217, -12.0476599, -0.965913296, 0.258866191, -1.18297639e-05, -9.58570126e-06, 9.0414178e-06, 1.00000012, 0.258866161, 0.965913415, -6.19009188e-06   [was 40.1410255, 300.66217, -12.0476608, -0.965913296, 0.258866191, -1.2005793e-05, -9.76592855e-06, 9.04893204e-06, 1.00000012, 0.258866161, 0.965913415, -6.1506953e-06, 60 change(s)]
Chamber   MovingParts.CoreAntenna.SpecialCoreAntenna.FrontPiece.StructureDetail.Front.Plates.Plating ~(40.0, 297.0, -12.7).CFrame = 39.9598885, 296.987122, -12.7237644, -0.965913296, 0.258866191, -1.18297639e-05, -9.58570126e-06, 9.0414178e-06, 1.00000012, 0.258866161, 0.965913415, -6.19009188e-06   [was 39.9598885, 296.987122, -12.7237654, -0.965913296, 0.258866191, -1.2005793e-05, -9.76592855e-06, 9.04893204e-06, 1.00000012, 0.258866161, 0.965913415, -6.1506953e-06, 60 change(s)]
Chamber   MovingParts.CoreAntenna.SpecialCoreAntenna.FrontPiece.StructureDetail.Front.Plates.Part ~(38.7, 303.6, -17.4).CFrame = 38.7010536, 303.636841, -17.4206352, -0.965936899, -5.29039289e-06, -0.258777708, -4.46052854e-06, 1, -3.79531866e-06, 0.258777708, -2.51234087e-06, -0.965936899   [was 38.7010536, 303.636841, -17.4206371, -0.965936899, -5.46642195e-06, -0.258777708, -4.64075674e-06, 1, -3.80281654e-06, 0.258777708, -2.47294429e-06, -0.965936899, 60 change(s)]
Chamber   MovingParts.CoreAntenna.SpecialCoreAntenna.FrontPiece.StructureDetail.Front.Plates.Plating ~(38.9, 300.7, -16.7).CFrame = 38.8919716, 300.662109, -16.7081337, -0.965913296, -0.258866131, 1.15994726e-05, -9.58570126e-06, -9.04141598e-06, -1.00000012, 0.258866161, -0.965913177, 6.25181019e-06   [was 38.8919716, 300.662109, -16.7081356, -0.965913296, -0.258866131, 1.17755017e-05, -9.76592855e-06, -9.04893022e-06, -1.00000012, 0.258866161, -0.965913177, 6.21241361e-06, 60 change(s)]
Chamber   MovingParts.CoreAntenna.SpecialCoreAntenna.FrontPiece.StructureDetail.Front.Plates.Plating ~(39.1, 301.9, -16.0).CFrame = 39.0731277, 301.887115, -16.0320129, -0.965913296, -0.258866131, 1.15994726e-05, -9.58570126e-06, -9.04141598e-06, -1.00000012, 0.258866161, -0.965913177, 6.25181019e-06   [was 39.0731277, 301.887115, -16.0320129, -0.965913296, -0.258866131, 1.17755017e-05, -9.76592855e-06, -9.04893022e-06, -1.00000012, 0.258866161, -0.965913177, 6.21241361e-06, 60 change(s)]
Chamber   MovingParts.CoreAntenna.SpecialCoreAntenna.FrontPiece.StructureDetail.Front.Plates.Plating ~(40.5, 300.7, -10.7).CFrame = 40.5034485, 300.662201, -10.6953583, -0.965913296, 0.258866191, -1.18297639e-05, -9.58570126e-06, 9.0414178e-06, 1.00000012, 0.258866161, 0.965913415, -6.19009188e-06   [was 40.5034485, 300.662201, -10.6953602, -0.965913296, 0.258866191, -1.2005793e-05, -9.76592855e-06, 9.04893204e-06, 1.00000012, 0.258866161, 0.965913415, -6.1506953e-06, 60 change(s)]
Chamber   MovingParts.CoreAntenna.SpecialCoreAntenna.FrontPiece.StructureDetail.Front.Plates.Part ~(40.7, 297.7, -10.0).CFrame = 40.6943626, 297.686951, -9.98298359, -0.965911806, -1.43360885e-05, 0.258871198, -4.45965361e-06, -1, -7.20208482e-05, 0.258871198, -7.07204017e-05, 0.965911806   [was 40.6943665, 297.686951, -9.98298454, -0.965911806, -1.41600594e-05, 0.258871198, -4.6398809e-06, -1, -7.20133321e-05, 0.258871198, -7.0759801e-05, 0.965911806, 60 change(s)]
Chamber   MovingParts.CoreAntenna.SpecialCoreAntenna.FrontPiece.StructureDetail.Front.Plates.Plating ~(39.1, 308.0, -16.1).CFrame = 39.0536575, 308.012085, -16.1045418, -0.965913296, 0.258866191, -1.18297639e-05, -9.58570126e-06, 9.0414178e-06, 1.00000012, 0.258866161, 0.965913415, -6.19009188e-06   [was 39.0536575, 308.012085, -16.1045418, -0.965913296, 0.258866191, -1.2005793e-05, -9.76592855e-06, 9.04893204e-06, 1.00000012, 0.258866161, 0.965913415, -6.1506953e-06, 60 change(s)]
Chamber   MovingParts.CoreAntenna.SpecialCoreAntenna.FrontPiece.StructureDetail.Front.Plates.Plating ~(39.4, 308.0, -14.8).CFrame = 39.4160995, 308.012115, -14.7522144, -0.965913296, 0.258866191, -1.18297639e-05, -9.58570126e-06, 9.0414178e-06, 1.00000012, 0.258866161, 0.965913415, -6.19009188e-06   [was 39.4160995, 308.012115, -14.7522154, -0.965913296, 0.258866191, -1.2005793e-05, -9.76592855e-06, 9.04893204e-06, 1.00000012, 0.258866161, 0.965913415, -6.1506953e-06, 60 change(s)]
Chamber   MovingParts.CoreAntenna.SpecialCoreAntenna.FrontPiece.StructureDetail.Front.Plates.Plating ~(40.7, 309.2, -10.0).CFrame = 40.6845627, 309.237183, -10.0192308, -0.965913296, 0.258866191, -1.18297639e-05, -9.58570126e-06, 9.0414178e-06, 1.00000012, 0.258866161, 0.965913415, -6.19009188e-06   [was 40.6845589, 309.237183, -10.0192318, -0.965913296, 0.258866191, -1.2005793e-05, -9.76592855e-06, 9.04893204e-06, 1.00000012, 0.258866161, 0.965913415, -6.1506953e-06, 60 change(s)]
Chamber   MovingParts.CoreAntenna.SpecialCoreAntenna.FrontPiece.StructureDetail.Front.Plates.Plating ~(38.9, 308.0, -16.7).CFrame = 38.8918762, 308.012115, -16.7081757, -0.965913296, -0.258866131, 1.15994726e-05, -9.58570126e-06, -9.04141598e-06, -1.00000012, 0.258866161, -0.965913177, 6.25181019e-06   [was 38.8918724, 308.012085, -16.7081776, -0.965913296, -0.258866131, 1.17755017e-05, -9.76592855e-06, -9.04893022e-06, -1.00000012, 0.258866161, -0.965913177, 6.21241361e-06, 60 change(s)]
Chamber   MovingParts.CoreAntenna.SpecialCoreAntenna.FrontPiece.StructureDetail.Front.Plates.Plating ~(38.9, 305.6, -16.7).CFrame = 38.8918991, 305.562103, -16.7081604, -0.965913296, -0.258866131, 1.15994726e-05, -9.58570126e-06, -9.04141598e-06, -1.00000012, 0.258866161, -0.965913177, 6.25181019e-06   [was 38.8918991, 305.562103, -16.7081604, -0.965913296, -0.258866131, 1.17755017e-05, -9.76592855e-06, -9.04893022e-06, -1.00000012, 0.258866161, -0.965913177, 6.21241361e-06, 60 change(s)]
Chamber   MovingParts.CoreAntenna.SpecialCoreAntenna.FrontPiece.StructureDetail.Front.Plates.Plating ~(39.2, 299.4, -15.4).CFrame = 39.2349739, 299.437134, -15.4283085, -0.965913296, 0.258866191, -1.18297639e-05, -9.58570126e-06, 9.0414178e-06, 1.00000012, 0.258866161, 0.965913415, -6.19009188e-06   [was 39.2349777, 299.437134, -15.4283094, -0.965913296, 0.258866191, -1.2005793e-05, -9.76592855e-06, 9.04893204e-06, 1.00000012, 0.258866161, 0.965913415, -6.1506953e-06, 60 change(s)]
Chamber   MovingParts.CoreAntenna.SpecialCoreAntenna.FrontPiece.StructureDetail.Front.Plates.Plating ~(39.2, 306.8, -15.4).CFrame = 39.2348785, 306.787109, -15.4283504, -0.965913296, 0.258866191, -1.18297639e-05, -9.58570126e-06, 9.0414178e-06, 1.00000012, 0.258866161, 0.965913415, -6.19009188e-06   [was 39.2348785, 306.787109, -15.4283514, -0.965913296, 0.258866191, -1.2005793e-05, -9.76592855e-06, 9.04893204e-06, 1.00000012, 0.258866161, 0.965913415, -6.1506953e-06, 60 change(s)]
Chamber   MovingParts.CoreAntenna.SpecialCoreAntenna.FrontPiece.StructureDetail.Front.Plates.Plating ~(40.0, 298.2, -12.7).CFrame = 39.9792976, 298.212128, -12.6512861, -0.965913296, -0.258866131, 1.15994726e-05, -9.58570126e-06, -9.04141598e-06, -1.00000012, 0.258866161, -0.965913177, 6.25181019e-06   [was 39.9792976, 298.212128, -12.6512871, -0.965913296, -0.258866131, 1.17755017e-05, -9.76592855e-06, -9.04893022e-06, -1.00000012, 0.258866161, -0.965913177, 6.21241361e-06, 60 change(s)]
Chamber   MovingParts.CoreAntenna.SpecialCoreAntenna.FrontPiece.StructureDetail.Front.Plates.Part ~(40.7, 303.6, -10.0).CFrame = 40.6943092, 303.636932, -9.9830246, 0.965911806, 1.43360885e-05, 0.258871198, 4.45965361e-06, 1, -7.20208482e-05, -0.258871198, 7.07204017e-05, 0.965911806   [was 40.6943092, 303.636932, -9.9830246, 0.965911806, 1.41600594e-05, 0.258871198, 4.6398809e-06, 1, -7.20133321e-05, -0.258871198, 7.0759801e-05, 0.965911806, 60 change(s)]
Chamber   MovingParts.CoreAntenna.SpecialCoreAntenna.FrontPiece.StructureDetail.Front.Plates.Plating ~(39.6, 297.0, -14.1).CFrame = 39.5974503, 296.987122, -14.0760612, -0.965913296, 0.258866191, -1.18297639e-05, -9.58570126e-06, 9.0414178e-06, 1.00000012, 0.258866161, 0.965913415, -6.19009188e-06   [was 39.5974541, 296.987122, -14.0760632, -0.965913296, 0.258866191, -1.2005793e-05, -9.76592855e-06, 9.04893204e-06, 1.00000012, 0.258866161, 0.965913415, -6.1506953e-06, 60 change(s)]
Chamber   MovingParts.CoreAntenna.SpecialCoreAntenna.FrontPiece.StructureDetail.Front.Plates.Plating ~(39.2, 309.2, -15.4).CFrame = 39.2348633, 309.237183, -15.4283695, -0.965913296, 0.258866191, -1.18297639e-05, -9.58570126e-06, 9.0414178e-06, 1.00000012, 0.258866161, 0.965913415, -6.19009188e-06   [was 39.2348633, 309.237183, -15.4283705, -0.965913296, 0.258866191, -1.2005793e-05, -9.76592855e-06, 9.04893204e-06, 1.00000012, 0.258866161, 0.965913415, -6.1506953e-06, 60 change(s)]
Chamber   MovingParts.CoreAntenna.SpecialCoreAntenna.FrontPiece.StructureDetail.Front.Plates.Plating ~(40.0, 299.4, -12.7).CFrame = 39.9598579, 299.437164, -12.7237473, -0.965913296, 0.258866191, -1.18297639e-05, -9.58570126e-06, 9.0414178e-06, 1.00000012, 0.258866161, 0.965913415, -6.19009188e-06   [was 39.9598579, 299.437164, -12.7237482, -0.965913296, 0.258866191, -1.2005793e-05, -9.76592855e-06, 9.04893204e-06, 1.00000012, 0.258866161, 0.965913415, -6.1506953e-06, 60 change(s)]
Chamber   MovingParts.CoreAntenna.SpecialCoreAntenna.FrontPiece.StructureDetail.Front.Plates.Part ~(40.7, 303.1, -10.0).CFrame = 40.694313, 303.111938, -9.98302078, 0.965914547, 7.80751798e-05, 0.258861065, -8.18477711e-05, 1, 3.79615631e-06, -0.258861065, -2.48544366e-05, 0.965914547   [was 40.694313, 303.111938, -9.98302174, 0.965914547, 7.78991525e-05, 0.258861065, -8.16675456e-05, 1, 3.80366964e-06, -0.258861065, -2.48150391e-05, 0.965914547, 60 change(s)]
Chamber   MovingParts.CoreAntenna.SpecialCoreAntenna.FrontPiece.StructureDetail.Front.Plates.Plating ~(38.7, 297.0, -17.4).CFrame = 38.710804, 296.987152, -17.3842621, -0.965913296, -0.258866131, 1.15994726e-05, -9.58570126e-06, -9.04141598e-06, -1.00000012, 0.258866161, -0.965913177, 6.25181019e-06   [was 38.7108078, 296.987152, -17.3842621, -0.965913296, -0.258866131, 1.17755017e-05, -9.76592855e-06, -9.04893022e-06, -1.00000012, 0.258866161, -0.965913177, 6.21241361e-06, 60 change(s)]
Chamber   MovingParts.CoreAntenna.SpecialCoreAntenna.FrontPiece.StructureDetail.Front.Plates.Plating ~(39.4, 304.3, -14.7).CFrame = 39.4355545, 304.337158, -14.6797028, -0.965913296, -0.258866131, 1.15994726e-05, -9.58570126e-06, -9.04141598e-06, -1.00000012, 0.258866161, -0.965913177, 6.25181019e-06   [was 39.4355545, 304.337158, -14.6797037, -0.965913296, -0.258866131, 1.17755017e-05, -9.76592855e-06, -9.04893022e-06, -1.00000012, 0.258866161, -0.965913177, 6.21241361e-06, 60 change(s)]
Chamber   MovingParts.CoreAntenna.SpecialCoreAntenna.FrontPiece.StructureDetail.Front.Plates.Plating ~(39.4, 298.2, -14.8).CFrame = 39.4161987, 298.212158, -14.7521811, -0.965913296, 0.258866191, -1.18297639e-05, -9.58570126e-06, 9.0414178e-06, 1.00000012, 0.258866161, 0.965913415, -6.19009188e-06   [was 39.4161987, 298.212158, -14.752182, -0.965913296, 0.258866191, -1.2005793e-05, -9.76592855e-06, 9.04893204e-06, 1.00000012, 0.258866161, 0.965913415, -6.1506953e-06, 60 change(s)]
Chamber   MovingParts.CoreAntenna.SpecialCoreAntenna.FrontPiece.StructureDetail.Front.Plates.Plating ~(39.6, 309.2, -14.1).CFrame = 39.5973167, 309.237152, -14.0761395, -0.965913296, 0.258866191, -1.18297639e-05, -9.58570126e-06, 9.0414178e-06, 1.00000012, 0.258866161, 0.965913415, -6.19009188e-06   [was 39.5973129, 309.237122, -14.0761404, -0.965913296, 0.258866191, -1.2005793e-05, -9.76592855e-06, 9.04893204e-06, 1.00000012, 0.258866161, 0.965913415, -6.1506953e-06, 60 change(s)]
Chamber   MovingParts.CoreAntenna.SpecialCoreAntenna.FrontPiece.StructureDetail.Front.Plates.Plating ~(38.9, 309.2, -16.8).CFrame = 38.8724518, 309.237152, -16.780674, -0.965913296, 0.258866191, -1.18297639e-05, -9.58570126e-06, 9.0414178e-06, 1.00000012, 0.258866161, 0.965913415, -6.19009188e-06   [was 38.8724518, 309.237152, -16.780674, -0.965913296, 0.258866191, -1.2005793e-05, -9.76592855e-06, 9.04893204e-06, 1.00000012, 0.258866161, 0.965913415, -6.1506953e-06, 60 change(s)]
Chamber   MovingParts.CoreAntenna.SpecialCoreAntenna.FrontPiece.StructureDetail.Front.Plates.Plating ~(40.0, 304.3, -12.7).CFrame = 39.9597397, 304.337158, -12.723793, -0.965913296, 0.258866191, -1.18297639e-05, -9.58570126e-06, 9.0414178e-06, 1.00000012, 0.258866161, 0.965913415, -6.19009188e-06   [was 39.9597397, 304.337158, -12.723794, -0.965913296, 0.258866191, -1.2005793e-05, -9.76592855e-06, 9.04893204e-06, 1.00000012, 0.258866161, 0.965913415, -6.1506953e-06, 60 change(s)]
Chamber   MovingParts.CoreAntenna.SpecialCoreAntenna.FrontPiece.StructureDetail.Front.Plates.Plating ~(39.1, 298.2, -16.1).CFrame = 39.0537834, 298.212158, -16.1044846, -0.965913296, 0.258866191, -1.18297639e-05, -9.58570126e-06, 9.0414178e-06, 1.00000012, 0.258866161, 0.965913415, -6.19009188e-06   [was 39.0537834, 298.212158, -16.1044846, -0.965913296, 0.258866191, -1.2005793e-05, -9.76592855e-06, 9.04893204e-06, 1.00000012, 0.258866161, 0.965913415, -6.1506953e-06, 60 change(s)]
Chamber   MovingParts.CoreAntenna.SpecialCoreAntenna.FrontPiece.StructureDetail.Front.Plates.Part ~(40.7, 305.6, -10.0).CFrame = 40.6942673, 305.561951, -9.98303127, 0.965914547, 7.80751798e-05, 0.258861065, -8.18477711e-05, 1, 3.79615631e-06, -0.258861065, -2.48544366e-05, 0.965914547   [was 40.6942673, 305.561951, -9.98303223, 0.965914547, 7.78991525e-05, 0.258861065, -8.16675456e-05, 1, 3.80366964e-06, -0.258861065, -2.48150391e-05, 0.965914547, 60 change(s)]
Chamber   MovingParts.CoreAntenna.SpecialCoreAntenna.FrontPiece.StructureDetail.Front.Plates.Plating ~(39.8, 303.1, -13.4).CFrame = 39.7785873, 303.112183, -13.3999481, -0.965913296, 0.258866191, -1.18297639e-05, -9.58570126e-06, 9.0414178e-06, 1.00000012, 0.258866161, 0.965913415, -6.19009188e-06   [was 39.7785873, 303.112183, -13.39995, -0.965913296, 0.258866191, -1.2005793e-05, -9.76592855e-06, 9.04893204e-06, 1.00000012, 0.258866161, 0.965913415, -6.1506953e-06, 60 change(s)]
Chamber   MovingParts.CoreAntenna.SpecialCoreAntenna.FrontPiece.StructureDetail.Front.Plates.Plating ~(38.7, 304.3, -17.4).CFrame = 38.7107162, 304.337128, -17.384306, -0.965913296, -0.258866131, 1.15994726e-05, -9.58570126e-06, -9.04141598e-06, -1.00000012, 0.258866161, -0.965913177, 6.25181019e-06   [was 38.7107162, 304.337128, -17.3843079, -0.965913296, -0.258866131, 1.17755017e-05, -9.76592855e-06, -9.04893022e-06, -1.00000012, 0.258866161, -0.965913177, 6.21241361e-06, 60 change(s)]
Chamber   MovingParts.CoreAntenna.SpecialCoreAntenna.FrontPiece.StructureDetail.Front.Plates.Part ~(40.7, 305.0, -10.0).CFrame = 40.6942749, 305.036957, -9.98302841, -0.965911806, -1.43360885e-05, 0.258871198, -4.45965361e-06, -1, -7.20208482e-05, 0.258871198, -7.07204017e-05, 0.965911806   [was 40.6942749, 305.036957, -9.98302841, -0.965911806, -1.41600594e-05, 0.258871198, -4.6398809e-06, -1, -7.20133321e-05, 0.258871198, -7.0759801e-05, 0.965911806, 60 change(s)]
Chamber   MovingParts.CoreAntenna.SpecialCoreAntenna.FrontPiece.StructureDetail.Front.Plates.Plating ~(40.3, 305.6, -11.3).CFrame = 40.3415565, 305.562134, -11.2990417, -0.965913296, -0.258866131, 1.15994726e-05, -9.58570126e-06, -9.04141598e-06, -1.00000012, 0.258866161, -0.965913177, 6.25181019e-06   [was 40.3415565, 305.562134, -11.2990427, -0.965913296, -0.258866131, 1.17755017e-05, -9.76592855e-06, -9.04893022e-06, -1.00000012, 0.258866161, -0.965913177, 6.21241361e-06, 60 change(s)]
Chamber   MovingParts.CoreAntenna.SpecialCoreAntenna.FrontPiece.StructureDetail.Front.Plates.Plating ~(39.6, 301.9, -14.1).CFrame = 39.5974083, 301.887177, -14.0760641, -0.965913296, 0.258866191, -1.18297639e-05, -9.58570126e-06, 9.0414178e-06, 1.00000012, 0.258866161, 0.965913415, -6.19009188e-06   [was 39.5974083, 301.887177, -14.0760651, -0.965913296, 0.258866191, -1.2005793e-05, -9.76592855e-06, 9.04893204e-06, 1.00000012, 0.258866161, 0.965913415, -6.1506953e-06, 60 change(s)]
Chamber   MovingParts.CoreAntenna.SpecialCoreAntenna.FrontPiece.StructureDetail.Front.Plates.Plating ~(40.3, 308.0, -11.3).CFrame = 40.3415413, 308.012146, -11.2990608, -0.965913296, -0.258866131, 1.15994726e-05, -9.58570126e-06, -9.04141598e-06, -1.00000012, 0.258866161, -0.965913177, 6.25181019e-06   [was 40.3415413, 308.012146, -11.2990618, -0.965913296, -0.258866131, 1.17755017e-05, -9.76592855e-06, -9.04893022e-06, -1.00000012, 0.258866161, -0.965913177, 6.21241361e-06, 60 change(s)]
Chamber   MovingParts.CoreAntenna.SpecialCoreAntenna.FrontPiece.StructureDetail.Front.Plates.Plating ~(39.8, 300.7, -13.4).CFrame = 39.7786255, 300.66217, -13.3999357, -0.965913296, 0.258866191, -1.18297639e-05, -9.58570126e-06, 9.0414178e-06, 1.00000012, 0.258866161, 0.965913415, -6.19009188e-06   [was 39.7786255, 300.66217, -13.3999367, -0.965913296, 0.258866191, -1.2005793e-05, -9.76592855e-06, 9.04893204e-06, 1.00000012, 0.258866161, 0.965913415, -6.1506953e-06, 60 change(s)]
Chamber   MovingParts.CoreAntenna.SpecialCoreAntenna.FrontPiece.StructureDetail.Front.Plates.Plating ~(39.4, 301.9, -14.7).CFrame = 39.4356194, 301.887146, -14.6797285, -0.965913296, -0.258866131, 1.15994726e-05, -9.58570126e-06, -9.04141598e-06, -1.00000012, 0.258866161, -0.965913177, 6.25181019e-06   [was 39.4356194, 301.887146, -14.6797295, -0.965913296, -0.258866131, 1.17755017e-05, -9.76592855e-06, -9.04893022e-06, -1.00000012, 0.258866161, -0.965913177, 6.21241361e-06, 60 change(s)]
Chamber   MovingParts.CoreAntenna.SpecialCoreAntenna.FrontPiece.StructureDetail.Front.Plates.Part ~(38.7, 298.7, -17.4).CFrame = 38.7011299, 298.736847, -17.4206104, -0.965936899, -5.29039289e-06, -0.258777708, -4.46052854e-06, 1, -3.79531866e-06, 0.258777708, -2.51234087e-06, -0.965936899   [was 38.7011299, 298.736847, -17.4206104, -0.965936899, -5.46642195e-06, -0.258777708, -4.64075674e-06, 1, -3.80281654e-06, 0.258777708, -2.47294429e-06, -0.965936899, 60 change(s)]
Chamber   MovingParts.CoreAntenna.SpecialCoreAntenna.FrontPiece.StructureDetail.Front.Plates.Plating ~(39.2, 297.0, -15.4).CFrame = 39.2350235, 296.987152, -15.428298, -0.965913296, 0.258866191, -1.18297639e-05, -9.58570126e-06, 9.0414178e-06, 1.00000012, 0.258866161, 0.965913415, -6.19009188e-06   [was 39.2350235, 296.987152, -15.428299, -0.965913296, 0.258866191, -1.2005793e-05, -9.76592855e-06, 9.04893204e-06, 1.00000012, 0.258866161, 0.965913415, -6.1506953e-06, 60 change(s)]
Chamber   MovingParts.CoreAntenna.SpecialCoreAntenna.FrontPiece.StructureDetail.Front.Plates.Plating ~(39.3, 300.7, -15.4).CFrame = 39.2543907, 300.66214, -15.3558321, -0.965913296, -0.258866131, 1.15994726e-05, -9.58570126e-06, -9.04141598e-06, -1.00000012, 0.258866161, -0.965913177, 6.25181019e-06   [was 39.2543907, 300.66214, -15.3558331, -0.965913296, -0.258866131, 1.17755017e-05, -9.76592855e-06, -9.04893022e-06, -1.00000012, 0.258866161, -0.965913177, 6.21241361e-06, 60 change(s)]
Chamber   MovingParts.CoreAntenna.SpecialCoreAntenna.FrontPiece.StructureDetail.Front.Plates.Plating ~(39.4, 303.1, -14.8).CFrame = 39.4161377, 303.112152, -14.7521791, -0.965913296, 0.258866191, -1.18297639e-05, -9.58570126e-06, 9.0414178e-06, 1.00000012, 0.258866161, 0.965913415, -6.19009188e-06   [was 39.4161377, 303.112152, -14.7521801, -0.965913296, 0.258866191, -1.2005793e-05, -9.76592855e-06, 9.04893204e-06, 1.00000012, 0.258866161, 0.965913415, -6.1506953e-06, 60 change(s)]
Chamber   MovingParts.CoreAntenna.SpecialCoreAntenna.FrontPiece.StructureDetail.Front.Plates.Part ~(38.7, 300.1, -17.4).CFrame = 38.7011032, 300.136841, -17.4206161, 0.965936899, 5.29039289e-06, -0.258777708, 4.46052854e-06, -1, -3.79531866e-06, -0.258777708, 2.51234087e-06, -0.965936899   [was 38.7011032, 300.136841, -17.4206161, 0.965936899, 5.46642195e-06, -0.258777708, 4.64075674e-06, -1, -3.80281654e-06, -0.258777708, 2.47294429e-06, -0.965936899, 60 change(s)]
Chamber   MovingParts.CoreAntenna.SpecialCoreAntenna.FrontPiece.StructureDetail.Front.Plates.Plating ~(40.3, 297.0, -11.4).CFrame = 40.3222961, 296.987152, -11.3714905, -0.965913296, 0.258866191, -1.18297639e-05, -9.58570126e-06, 9.0414178e-06, 1.00000012, 0.258866161, 0.965913415, -6.19009188e-06   [was 40.3222961, 296.987152, -11.3714924, -0.965913296, 0.258866191, -1.2005793e-05, -9.76592855e-06, 9.04893204e-06, 1.00000012, 0.258866161, 0.965913415, -6.1506953e-06, 60 change(s)]
Chamber   MovingParts.CoreAntenna.SpecialCoreAntenna.FrontPiece.StructureDetail.Front.Plates.Plating ~(38.7, 306.8, -17.4).CFrame = 38.7106743, 306.787109, -17.3843193, -0.965913296, -0.258866131, 1.15994726e-05, -9.58570126e-06, -9.04141598e-06, -1.00000012, 0.258866161, -0.965913177, 6.25181019e-06   [was 38.7106743, 306.787109, -17.3843193, -0.965913296, -0.258866131, 1.17755017e-05, -9.76592855e-06, -9.04893022e-06, -1.00000012, 0.258866161, -0.965913177, 6.21241361e-06, 60 change(s)]
Chamber   MovingParts.CoreAntenna.SpecialCoreAntenna.FrontPiece.StructureDetail.Front.Plates.Plating ~(40.5, 309.2, -10.6).CFrame = 40.5227966, 309.237183, -10.6229019, -0.965913296, -0.258866131, 1.15994726e-05, -9.58570126e-06, -9.04141598e-06, -1.00000012, 0.258866161, -0.965913177, 6.25181019e-06   [was 40.5227966, 309.237183, -10.6229029, -0.965913296, -0.258866131, 1.17755017e-05, -9.76592855e-06, -9.04893022e-06, -1.00000012, 0.258866161, -0.965913177, 6.21241361e-06, 60 change(s)]
Chamber   MovingParts.CoreAntenna.SpecialCoreAntenna.FrontPiece.StructureDetail.Front.Plates.Plating ~(40.2, 306.8, -12.0).CFrame = 40.1603279, 306.78714, -11.9751997, -0.965913296, -0.258866131, 1.15994726e-05, -9.58570126e-06, -9.04141598e-06, -1.00000012, 0.258866161, -0.965913177, 6.25181019e-06   [was 40.1603279, 306.78714, -11.9752007, -0.965913296, -0.258866131, 1.17755017e-05, -9.76592855e-06, -9.04893022e-06, -1.00000012, 0.258866161, -0.965913177, 6.21241361e-06, 60 change(s)]
Chamber   MovingParts.CoreAntenna.SpecialCoreAntenna.FrontPiece.StructureDetail.Front.Plates.Plating ~(40.7, 304.3, -10.0).CFrame = 40.6845779, 304.337189, -10.0191898, -0.965913296, 0.258866191, -1.18297639e-05, -9.58570126e-06, 9.0414178e-06, 1.00000012, 0.258866161, 0.965913415, -6.19009188e-06   [was 40.6845779, 304.337189, -10.0191898, -0.965913296, 0.258866191, -1.2005793e-05, -9.76592855e-06, 9.04893204e-06, 1.00000012, 0.258866161, 0.965913415, -6.1506953e-06, 60 change(s)]
Chamber   MovingParts.CoreAntenna.SpecialCoreAntenna.FrontPiece.StructureDetail.Front.Plates.Plating ~(39.2, 304.3, -15.4).CFrame = 39.2349167, 304.337128, -15.428339, -0.965913296, 0.258866191, -1.18297639e-05, -9.58570126e-06, 9.0414178e-06, 1.00000012, 0.258866161, 0.965913415, -6.19009188e-06   [was 39.2349167, 304.337128, -15.428339, -0.965913296, 0.258866191, -1.2005793e-05, -9.76592855e-06, 9.04893204e-06, 1.00000012, 0.258866161, 0.965913415, -6.1506953e-06, 60 change(s)]
Chamber   MovingParts.CoreAntenna.SpecialCoreAntenna.FrontPiece.StructureDetail.Front.Plates.Plating ~(39.1, 305.6, -16.1).CFrame = 39.0536995, 305.562103, -16.1045303, -0.965913296, 0.258866191, -1.18297639e-05, -9.58570126e-06, 9.0414178e-06, 1.00000012, 0.258866161, 0.965913415, -6.19009188e-06   [was 39.0536995, 305.562103, -16.1045322, -0.965913296, 0.258866191, -1.2005793e-05, -9.76592855e-06, 9.04893204e-06, 1.00000012, 0.258866161, 0.965913415, -6.1506953e-06, 60 change(s)]
Chamber   MovingParts.CoreAntenna.SpecialCoreAntenna.FrontPiece.StructureDetail.Front.Plates.Part ~(38.7, 297.7, -17.4).CFrame = 38.7011299, 297.686859, -17.4206009, 0.965936899, 5.29039289e-06, -0.258777708, 4.46052854e-06, -1, -3.79531866e-06, -0.258777708, 2.51234087e-06, -0.965936899   [was 38.7011337, 297.686859, -17.4206009, 0.965936899, 5.46642195e-06, -0.258777708, 4.64075674e-06, -1, -3.80281654e-06, -0.258777708, 2.47294429e-06, -0.965936899, 60 change(s)]
Chamber   MovingParts.CoreAntenna.SpecialCoreAntenna.FrontPiece.StructureDetail.Front.Plates.Plating ~(39.6, 306.8, -14.1).CFrame = 39.59729, 306.78714, -14.0760784, -0.965913296, 0.258866191, -1.18297639e-05, -9.58570126e-06, 9.0414178e-06, 1.00000012, 0.258866161, 0.965913415, -6.19009188e-06   [was 39.59729, 306.787109, -14.0760794, -0.965913296, 0.258866191, -1.2005793e-05, -9.76592855e-06, 9.04893204e-06, 1.00000012, 0.258866161, 0.965913415, -6.1506953e-06, 60 change(s)]
Chamber   MovingParts.CoreAntenna.SpecialCoreAntenna.FrontPiece.StructureDetail.Front.Plates.Plating ~(39.1, 303.1, -16.1).CFrame = 39.0537186, 303.112122, -16.1045132, -0.965913296, 0.258866191, -1.18297639e-05, -9.58570126e-06, 9.0414178e-06, 1.00000012, 0.258866161, 0.965913415, -6.19009188e-06   [was 39.0537186, 303.112122, -16.1045132, -0.965913296, 0.258866191, -1.2005793e-05, -9.76592855e-06, 9.04893204e-06, 1.00000012, 0.258866161, 0.965913415, -6.1506953e-06, 60 change(s)]
Chamber   MovingParts.CoreAntenna.SpecialCoreAntenna.FrontPiece.StructureDetail.Front.Plates.Plating ~(40.5, 301.9, -10.6).CFrame = 40.5228767, 301.887207, -10.6228552, -0.965913296, -0.258866131, 1.15994726e-05, -9.58570126e-06, -9.04141598e-06, -1.00000012, 0.258866161, -0.965913177, 6.25181019e-06   [was 40.5228767, 301.887207, -10.6228561, -0.965913296, -0.258866131, 1.17755017e-05, -9.76592855e-06, -9.04893022e-06, -1.00000012, 0.258866161, -0.965913177, 6.21241361e-06, 60 change(s)]
Chamber   MovingParts.CoreAntenna.SpecialCoreAntenna.FrontPiece.StructureDetail.Front.Plates.Part ~(38.7, 298.2, -17.4).CFrame = 38.7011108, 298.211823, -17.4206314, 0.965914547, 2.76324899e-05, -0.258861065, 4.4597482e-06, -1, -9.01036838e-05, -0.258861065, 8.5877924e-05, -0.965914547   [was 38.7011108, 298.211823, -17.4206314, 0.965914547, 2.78085172e-05, -0.258861065, 4.63997549e-06, -1, -9.01111998e-05, -0.258861065, 8.58385247e-05, -0.965914547, 60 change(s)]
Chamber   MovingParts.CoreAntenna.SpecialCoreAntenna.FrontPiece.StructureDetail.Front.Plates.Plating ~(39.8, 297.0, -13.3).CFrame = 39.7980766, 296.987152, -13.3274231, -0.965913296, -0.258866131, 1.15994726e-05, -9.58570126e-06, -9.04141598e-06, -1.00000012, 0.258866161, -0.965913177, 6.25181019e-06   [was 39.7980766, 296.987152, -13.327424, -0.965913296, -0.258866131, 1.17755017e-05, -9.76592855e-06, -9.04893022e-06, -1.00000012, 0.258866161, -0.965913177, 6.21241361e-06, 60 change(s)]
Chamber   MovingParts.CoreAntenna.SpecialCoreAntenna.FrontPiece.StructureDetail.Front.Plates.Plating ~(38.7, 299.4, -17.4).CFrame = 38.7107735, 299.437103, -17.3842754, -0.965913296, -0.258866131, 1.15994726e-05, -9.58570126e-06, -9.04141598e-06, -1.00000012, 0.258866161, -0.965913177, 6.25181019e-06   [was 38.7107735, 299.437103, -17.3842773, -0.965913296, -0.258866131, 1.17755017e-05, -9.76592855e-06, -9.04893022e-06, -1.00000012, 0.258866161, -0.965913177, 6.21241361e-06, 60 change(s)]
Chamber   MovingParts.CoreAntenna.SpecialCoreAntenna.FrontPiece.StructureDetail.Front.Model.Meshes/Trapezoid ~(39.6, 304.3, -14.1).CFrame = 39.6279945, 304.337189, -14.0583763, -0.965913296, 0.258866191, -1.18297639e-05, -9.58570126e-06, 9.0414178e-06, 1.00000012, 0.258866161, 0.965913415, -6.19009188e-06   [was 39.6279907, 304.337189, -14.0583773, -0.965913296, 0.258866191, -1.2005793e-05, -9.76592855e-06, 9.04893204e-06, 1.00000012, 0.258866161, 0.965913415, -6.1506953e-06, 60 change(s)]
Chamber   MovingParts.CoreAntenna.SpecialCoreAntenna.FrontPiece.StructureDetail.Front.Model.Meshes/Trapezoid ~(40.2, 303.1, -12.0).CFrame = 40.1716423, 303.112183, -12.0299177, -0.965913296, 0.258866191, -1.18297639e-05, -9.58570126e-06, 9.0414178e-06, 1.00000012, 0.258866161, 0.965913415, -6.19009188e-06   [was 40.1716423, 303.112183, -12.0299187, -0.965913296, 0.258866191, -1.2005793e-05, -9.76592855e-06, 9.04893204e-06, 1.00000012, 0.258866161, 0.965913415, -6.1506953e-06, 60 change(s)]
Chamber   MovingParts.CoreAntenna.SpecialCoreAntenna.FrontPiece.StructureDetail.Front.Model.Meshes/Trapezoid ~(39.1, 297.0, -16.1).CFrame = 39.0909424, 296.987122, -16.0626469, -0.965913296, -0.258866131, 1.15994726e-05, -9.58570126e-06, -9.04141598e-06, -1.00000012, 0.258866161, -0.965913177, 6.25181019e-06   [was 39.0909424, 296.987122, -16.0626488, -0.965913296, -0.258866131, 1.17755017e-05, -9.76592855e-06, -9.04893022e-06, -1.00000012, 0.258866161, -0.965913177, 6.21241361e-06, 60 change(s)]
Chamber   MovingParts.CoreAntenna.SpecialCoreAntenna.FrontPiece.StructureDetail.Front.Model.Meshes/Trapezoid ~(39.8, 297.0, -13.4).CFrame = 39.8157578, 296.987122, -13.3580379, -0.965913296, -0.258866131, 1.15994726e-05, -9.58570126e-06, -9.04141598e-06, -1.00000012, 0.258866161, -0.965913177, 6.25181019e-06   [was 39.8157578, 296.987122, -13.3580389, -0.965913296, -0.258866131, 1.17755017e-05, -9.76592855e-06, -9.04893022e-06, -1.00000012, 0.258866161, -0.965913177, 6.21241361e-06, 60 change(s)]
Chamber   MovingParts.CoreAntenna.SpecialCoreAntenna.FrontPiece.StructureDetail.Front.Model.Meshes/Trapezoid ~(39.6, 298.2, -14.0).CFrame = 39.634552, 298.212158, -14.0342016, -0.965913296, -0.258866131, 1.15994726e-05, -9.58570126e-06, -9.04141598e-06, -1.00000012, 0.258866161, -0.965913177, 6.25181019e-06   [was 39.6345558, 298.212158, -14.0342026, -0.965913296, -0.258866131, 1.17755017e-05, -9.76592855e-06, -9.04893022e-06, -1.00000012, 0.258866161, -0.965913177, 6.21241361e-06, 60 change(s)]
Chamber   MovingParts.CoreAntenna.SpecialCoreAntenna.FrontPiece.StructureDetail.Front.Model.Part ~(40.7, 307.4, -10.0).CFrame = 40.7184219, 307.424438, -9.98952198, -0.965914547, 2.76324899e-05, 0.258861065, -4.4597482e-06, -1, 9.01036838e-05, 0.258861065, 8.5877924e-05, 0.965914547   [was 40.7184219, 307.424438, -9.98952293, -0.965914547, 2.78085172e-05, 0.258861065, -4.63997549e-06, -1, 9.01111998e-05, 0.258861065, 8.58385247e-05, 0.965914547, 60 change(s)]
Chamber   MovingParts.CoreAntenna.SpecialCoreAntenna.FrontPiece.StructureDetail.Front.Model.Meshes/Trapezoid ~(39.1, 300.7, -16.1).CFrame = 39.0844193, 300.66214, -16.0867786, -0.965913296, 0.258866191, -1.18297639e-05, -9.58570126e-06, 9.0414178e-06, 1.00000012, 0.258866161, 0.965913415, -6.19009188e-06   [was 39.0844193, 300.66214, -16.0867786, -0.965913296, 0.258866191, -1.2005793e-05, -9.76592855e-06, 9.04893204e-06, 1.00000012, 0.258866161, 0.965913415, -6.1506953e-06, 60 change(s)]
Chamber   MovingParts.CoreAntenna.SpecialCoreAntenna.FrontPiece.StructureDetail.Front.Model.Meshes/Trapezoid ~(40.2, 300.7, -12.0).CFrame = 40.171669, 300.66217, -12.0299015, -0.965913296, 0.258866191, -1.18297639e-05, -9.58570126e-06, 9.0414178e-06, 1.00000012, 0.258866161, 0.965913415, -6.19009188e-06   [was 40.171669, 300.66217, -12.0299025, -0.965913296, 0.258866191, -1.2005793e-05, -9.76592855e-06, 9.04893204e-06, 1.00000012, 0.258866161, 0.965913415, -6.1506953e-06, 60 change(s)]
Chamber   MovingParts.CoreAntenna.SpecialCoreAntenna.FrontPiece.StructureDetail.Front.Model.Meshes/Trapezoid ~(39.1, 298.2, -16.1).CFrame = 39.084446, 298.212128, -16.0867939, -0.965913296, 0.258866191, -1.18297639e-05, -9.58570126e-06, 9.0414178e-06, 1.00000012, 0.258866161, 0.965913415, -6.19009188e-06   [was 39.0844498, 298.212128, -16.0867958, -0.965913296, 0.258866191, -1.2005793e-05, -9.76592855e-06, 9.04893204e-06, 1.00000012, 0.258866161, 0.965913415, -6.1506953e-06, 60 change(s)]
Chamber   MovingParts.CoreAntenna.SpecialCoreAntenna.FrontPiece.StructureDetail.Front.Model.Part ~(40.7, 308.6, -10.0).CFrame = 40.7184067, 308.599518, -9.98952866, 0.965914547, -2.76324899e-05, 0.258861065, 4.4597482e-06, 1, 9.01036838e-05, -0.258861065, -8.5877924e-05, 0.965914547   [was 40.7184067, 308.599518, -9.98952961, 0.965914547, -2.78085172e-05, 0.258861065, 4.63997549e-06, 1, 9.01111998e-05, -0.258861065, -8.58385247e-05, 0.965914547, 60 change(s)]
Chamber   MovingParts.CoreAntenna.SpecialCoreAntenna.FrontPiece.StructureDetail.Front.Model.Meshes/Trapezoid ~(40.0, 309.2, -12.7).CFrame = 39.9903488, 309.237152, -12.7061043, -0.965913296, 0.258866191, -1.18297639e-05, -9.58570126e-06, 9.0414178e-06, 1.00000012, 0.258866161, 0.965913415, -6.19009188e-06   [was 39.9903488, 309.237152, -12.7061043, -0.965913296, 0.258866191, -1.2005793e-05, -9.76592855e-06, 9.04893204e-06, 1.00000012, 0.258866161, 0.965913415, -6.1506953e-06, 60 change(s)]
Chamber   MovingParts.CoreAntenna.SpecialCoreAntenna.FrontPiece.StructureDetail.Front.Model.Meshes/Trapezoid ~(39.4, 298.2, -14.7).CFrame = 39.4468613, 298.212158, -14.7344913, -0.965913296, 0.258866191, -1.18297639e-05, -9.58570126e-06, 9.0414178e-06, 1.00000012, 0.258866161, 0.965913415, -6.19009188e-06   [was 39.4468651, 298.212158, -14.7344923, -0.965913296, 0.258866191, -1.2005793e-05, -9.76592855e-06, 9.04893204e-06, 1.00000012, 0.258866161, 0.965913415, -6.1506953e-06, 60 change(s)]
Chamber   MovingParts.CoreAntenna.SpecialCoreAntenna.FrontPiece.StructureDetail.Front.Model.Meshes/Trapezoid ~(39.4, 300.7, -14.7).CFrame = 39.4468422, 300.66214, -14.734477, -0.965913296, 0.258866191, -1.18297639e-05, -9.58570126e-06, 9.0414178e-06, 1.00000012, 0.258866161, 0.965913415, -6.19009188e-06   [was 39.4468422, 300.66214, -14.734478, -0.965913296, 0.258866191, -1.2005793e-05, -9.76592855e-06, 9.04893204e-06, 1.00000012, 0.258866161, 0.965913415, -6.1506953e-06, 60 change(s)]
Chamber   MovingParts.CoreAntenna.SpecialCoreAntenna.FrontPiece.StructureDetail.Front.Model.Meshes/Trapezoid ~(39.6, 309.2, -14.1).CFrame = 39.6279335, 309.237152, -14.0584059, -0.965913296, 0.258866191, -1.18297639e-05, -9.58570126e-06, 9.0414178e-06, 1.00000012, 0.258866161, 0.965913415, -6.19009188e-06   [was 39.6279297, 309.237152, -14.0584068, -0.965913296, 0.258866191, -1.2005793e-05, -9.76592855e-06, 9.04893204e-06, 1.00000012, 0.258866161, 0.965913415, -6.1506953e-06, 60 change(s)]
Chamber   MovingParts.CoreAntenna.SpecialCoreAntenna.FrontPiece.StructureDetail.Front.Model.Part ~(40.7, 308.0, -10.0).CFrame = 40.7184143, 308.011963, -9.98952484, 0.965914547, 7.80751798e-05, 0.258861065, -8.18477711e-05, 1, 3.79615631e-06, -0.258861065, -2.48544366e-05, 0.965914547   [was 40.7184143, 308.011963, -9.98952675, 0.965914547, 7.78991525e-05, 0.258861065, -8.16675456e-05, 1, 3.80366964e-06, -0.258861065, -2.48150391e-05, 0.965914547, 60 change(s)]
Chamber   MovingParts.CoreAntenna.SpecialCoreAntenna.FrontPiece.StructureDetail.Front.Model.Meshes/Trapezoid ~(39.5, 301.9, -14.7).CFrame = 39.4532928, 301.887146, -14.7103729, -0.965913296, -0.258866131, 1.15994726e-05, -9.58570126e-06, -9.04141598e-06, -1.00000012, 0.258866161, -0.965913177, 6.25181019e-06   [was 39.4532928, 301.887146, -14.7103739, -0.965913296, -0.258866131, 1.17755017e-05, -9.76592855e-06, -9.04893022e-06, -1.00000012, 0.258866161, -0.965913177, 6.21241361e-06, 60 change(s)]
Chamber   MovingParts.CoreAntenna.SpecialCoreAntenna.FrontPiece.StructureDetail.Front.Model.Meshes/Trapezoid ~(40.4, 306.8, -11.4).CFrame = 40.3527946, 306.787231, -11.353817, -0.965913296, 0.258866191, -1.18297639e-05, -9.58570126e-06, 9.0414178e-06, 1.00000012, 0.258866161, 0.965913415, -6.19009188e-06   [was 40.3527946, 306.787231, -11.3538179, -0.965913296, 0.258866191, -1.2005793e-05, -9.76592855e-06, 9.04893204e-06, 1.00000012, 0.258866161, 0.965913415, -6.1506953e-06, 60 change(s)]
Chamber   MovingParts.CoreAntenna.SpecialCoreAntenna.FrontPiece.StructureDetail.Front.Model.Meshes/Trapezoid ~(38.7, 301.9, -17.4).CFrame = 38.7284622, 301.887115, -17.4149475, -0.965913296, -0.258866131, 1.15994726e-05, -9.58570126e-06, -9.04141598e-06, -1.00000012, 0.258866161, -0.965913177, 6.25181019e-06   [was 38.7284622, 301.887115, -17.4149494, -0.965913296, -0.258866131, 1.17755017e-05, -9.76592855e-06, -9.04893022e-06, -1.00000012, 0.258866161, -0.965913177, 6.21241361e-06, 60 change(s)]
Chamber   MovingParts.CoreAntenna.SpecialCoreAntenna.FrontPiece.StructureDetail.Front.Model.Meshes/Trapezoid ~(40.5, 304.3, -10.7).CFrame = 40.5405045, 304.337219, -10.6535416, -0.965913296, -0.258866131, 1.15994726e-05, -9.58570126e-06, -9.04141598e-06, -1.00000012, 0.258866161, -0.965913177, 6.25181019e-06   [was 40.5405045, 304.337219, -10.6535425, -0.965913296, -0.258866131, 1.17755017e-05, -9.76592855e-06, -9.04893022e-06, -1.00000012, 0.258866161, -0.965913177, 6.21241361e-06, 60 change(s)]
Chamber   MovingParts.CoreAntenna.SpecialCoreAntenna.FrontPiece.StructureDetail.Front.Model.Part ~(38.7, 308.0, -17.4).CFrame = 38.7251587, 308.011871, -17.4271679, 0.965914547, 2.76324899e-05, -0.258861065, 4.4597482e-06, -1, -9.01036838e-05, -0.258861065, 8.5877924e-05, -0.965914547   [was 38.7251587, 308.011871, -17.4271679, 0.965914547, 2.78085172e-05, -0.258861065, 4.63997549e-06, -1, -9.01111998e-05, -0.258861065, 8.58385247e-05, -0.965914547, 60 change(s)]
Chamber   MovingParts.CoreAntenna.SpecialCoreAntenna.FrontPiece.StructureDetail.Front.Model.Meshes/Trapezoid ~(38.7, 297.0, -17.4).CFrame = 38.7285118, 296.987091, -17.4149151, -0.965913296, -0.258866131, 1.15994726e-05, -9.58570126e-06, -9.04141598e-06, -1.00000012, 0.258866161, -0.965913177, 6.25181019e-06   [was 38.7285156, 296.987091, -17.414917, -0.965913296, -0.258866131, 1.17755017e-05, -9.76592855e-06, -9.04893022e-06, -1.00000012, 0.258866161, -0.965913177, 6.21241361e-06, 60 change(s)]
Chamber   MovingParts.CoreAntenna.SpecialCoreAntenna.FrontPiece.StructureDetail.Front.Model.Meshes/Trapezoid ~(39.8, 303.1, -13.4).CFrame = 39.8092232, 303.112152, -13.3822193, -0.965913296, 0.258866191, -1.18297639e-05, -9.58570126e-06, 9.0414178e-06, 1.00000012, 0.258866161, 0.965913415, -6.19009188e-06   [was 39.8092232, 303.112152, -13.3822212, -0.965913296, 0.258866191, -1.2005793e-05, -9.76592855e-06, 9.04893204e-06, 1.00000012, 0.258866161, 0.965913415, -6.1506953e-06, 60 change(s)]
Chamber   MovingParts.CoreAntenna.SpecialCoreAntenna.FrontPiece.StructureDetail.Front.Model.Meshes/Trapezoid ~(39.8, 308.0, -13.4).CFrame = 39.8091774, 308.012207, -13.3822222, -0.965913296, 0.258866191, -1.18297639e-05, -9.58570126e-06, 9.0414178e-06, 1.00000012, 0.258866161, 0.965913415, -6.19009188e-06   [was 39.8091774, 308.012207, -13.3822231, -0.965913296, 0.258866191, -1.2005793e-05, -9.76592855e-06, 9.04893204e-06, 1.00000012, 0.258866161, 0.965913415, -6.1506953e-06, 60 change(s)]
Chamber   MovingParts.CoreAntenna.SpecialCoreAntenna.FrontPiece.StructureDetail.Front.Model.Meshes/Trapezoid ~(40.2, 298.2, -12.0).CFrame = 40.1716919, 298.212189, -12.0299168, -0.965913296, 0.258866191, -1.18297639e-05, -9.58570126e-06, 9.0414178e-06, 1.00000012, 0.258866161, 0.965913415, -6.19009188e-06   [was 40.1716919, 298.212189, -12.0299177, -0.965913296, 0.258866191, -1.2005793e-05, -9.76592855e-06, 9.04893204e-06, 1.00000012, 0.258866161, 0.965913415, -6.1506953e-06, 60 change(s)]
Chamber   MovingParts.CoreAntenna.SpecialCoreAntenna.FrontPiece.StructureDetail.Front.Model.Part ~(40.7, 298.8, -10.0).CFrame = 40.7185211, 298.799469, -9.98946762, 0.965914547, -2.76324899e-05, 0.258861065, 4.4597482e-06, 1, 9.01036838e-05, -0.258861065, -8.5877924e-05, 0.965914547   [was 40.7185211, 298.799469, -9.98946953, 0.965914547, -2.78085172e-05, 0.258861065, 4.63997549e-06, 1, 9.01111998e-05, -0.258861065, -8.58385247e-05, 0.965914547, 60 change(s)]
Chamber   MovingParts.CoreAntenna.SpecialCoreAntenna.FrontPiece.StructureDetail.Front.Model.Meshes/Trapezoid ~(38.7, 304.3, -17.4).CFrame = 38.7284355, 304.337158, -17.4149628, -0.965913296, -0.258866131, 1.15994726e-05, -9.58570126e-06, -9.04141598e-06, -1.00000012, 0.258866161, -0.965913177, 6.25181019e-06   [was 38.7284355, 304.337158, -17.4149647, -0.965913296, -0.258866131, 1.17755017e-05, -9.76592855e-06, -9.04893022e-06, -1.00000012, 0.258866161, -0.965913177, 6.21241361e-06, 60 change(s)]
Chamber   MovingParts.CoreAntenna.SpecialCoreAntenna.FrontPiece.StructureDetail.Front.Model.Meshes/Trapezoid ~(39.4, 303.1, -14.7).CFrame = 39.4468117, 303.112152, -14.7344923, -0.965913296, 0.258866191, -1.18297639e-05, -9.58570126e-06, 9.0414178e-06, 1.00000012, 0.258866161, 0.965913415, -6.19009188e-06   [was 39.4468117, 303.112152, -14.7344933, -0.965913296, 0.258866191, -1.2005793e-05, -9.76592855e-06, 9.04893204e-06, 1.00000012, 0.258866161, 0.965913415, -6.1506953e-06, 60 change(s)]
Chamber   MovingParts.CoreAntenna.SpecialCoreAntenna.FrontPiece.StructureDetail.Front.Model.Meshes/Trapezoid ~(39.8, 299.4, -13.4).CFrame = 39.8157501, 299.437164, -13.358058, -0.965913296, -0.258866131, 1.15994726e-05, -9.58570126e-06, -9.04141598e-06, -1.00000012, 0.258866161, -0.965913177, 6.25181019e-06   [was 39.8157501, 299.437164, -13.3580589, -0.965913296, -0.258866131, 1.17755017e-05, -9.76592855e-06, -9.04893022e-06, -1.00000012, 0.258866161, -0.965913177, 6.21241361e-06, 60 change(s)]
Chamber   MovingParts.CoreAntenna.SpecialCoreAntenna.FrontPiece.StructureDetail.Front.Model.Meshes/Trapezoid ~(40.5, 303.1, -10.7).CFrame = 40.5340538, 303.111542, -10.6776772, -0.965845108, 0.259101957, 0.00305158226, 0.00316174119, 8.65661696e-06, 0.999994993, 0.259100646, 0.965849996, -0.000827589713   [was 40.5340538, 303.111542, -10.6776772, -0.965845108, 0.259101957, 0.00305140624, 0.00316156098, 8.66417577e-06, 0.999994993, 0.259100646, 0.965849996, -0.000827550364, 60 change(s)]
Chamber   MovingParts.CoreAntenna.SpecialCoreAntenna.FrontPiece.StructureDetail.Front.Model.Part ~(40.7, 300.1, -10.0).CFrame = 40.7184982, 300.074402, -9.9894743, -0.965914547, 2.76324899e-05, 0.258861065, -4.4597482e-06, -1, 9.01036838e-05, 0.258861065, 8.5877924e-05, 0.965914547   [was 40.718502, 300.074402, -9.98947525, -0.965914547, 2.78085172e-05, 0.258861065, -4.63997549e-06, -1, 9.01111998e-05, 0.258861065, 8.58385247e-05, 0.965914547, 60 change(s)]
Chamber   MovingParts.CoreAntenna.SpecialCoreAntenna.FrontPiece.StructureDetail.Front.Model.Meshes/Trapezoid ~(40.5, 297.0, -10.7).CFrame = 40.5405769, 296.987152, -10.653492, -0.965913296, -0.258866131, 1.15994726e-05, -9.58570126e-06, -9.04141598e-06, -1.00000012, 0.258866161, -0.965913177, 6.25181019e-06   [was 40.5405769, 296.987152, -10.6534929, -0.965913296, -0.258866131, 1.17755017e-05, -9.76592855e-06, -9.04893022e-06, -1.00000012, 0.258866161, -0.965913177, 6.21241361e-06, 60 change(s)]
Chamber   MovingParts.CoreAntenna.SpecialCoreAntenna.FrontPiece.StructureDetail.Front.Model.Meshes/Trapezoid ~(39.8, 304.3, -13.4).CFrame = 39.8156891, 304.337189, -13.3580885, -0.965913296, -0.258866131, 1.15994726e-05, -9.58570126e-06, -9.04141598e-06, -1.00000012, 0.258866161, -0.965913177, 6.25181019e-06   [was 39.8156891, 304.337189, -13.3580894, -0.965913296, -0.258866131, 1.17755017e-05, -9.76592855e-06, -9.04893022e-06, -1.00000012, 0.258866161, -0.965913177, 6.21241361e-06, 60 change(s)]
Chamber   MovingParts.CoreAntenna.SpecialCoreAntenna.FrontPiece.StructureDetail.Front.Model.Meshes/Trapezoid ~(39.3, 305.6, -15.4).CFrame = 39.2720604, 305.562195, -15.3865204, -0.965913296, -0.258866131, 1.15994726e-05, -9.58570126e-06, -9.04141598e-06, -1.00000012, 0.258866161, -0.965913177, 6.25181019e-06   [was 39.2720604, 305.562164, -15.3865213, -0.965913296, -0.258866131, 1.17755017e-05, -9.76592855e-06, -9.04893022e-06, -1.00000012, 0.258866161, -0.965913177, 6.21241361e-06, 60 change(s)]
Chamber   MovingParts.CoreAntenna.SpecialCoreAntenna.FrontPiece.StructureDetail.Front.Model.Meshes/Trapezoid ~(39.1, 308.0, -16.1).CFrame = 39.0843201, 308.012177, -16.086853, -0.965913296, 0.258866191, -1.18297639e-05, -9.58570126e-06, 9.0414178e-06, 1.00000012, 0.258866161, 0.965913415, -6.19009188e-06   [was 39.0843201, 308.012177, -16.086853, -0.965913296, 0.258866191, -1.2005793e-05, -9.76592855e-06, 9.04893204e-06, 1.00000012, 0.258866161, 0.965913415, -6.1506953e-06, 60 change(s)]
Chamber   MovingParts.CoreAntenna.SpecialCoreAntenna.FrontPiece.StructureDetail.Front.Model.Part ~(40.7, 300.7, -10.0).CFrame = 40.7184906, 300.661926, -9.98947716, 0.965914547, 7.80751798e-05, 0.258861065, -8.18477711e-05, 1, 3.79615631e-06, -0.258861065, -2.48544366e-05, 0.965914547   [was 40.7184906, 300.661926, -9.98947811, 0.965914547, 7.78991525e-05, 0.258861065, -8.16675456e-05, 1, 3.80366964e-06, -0.258861065, -2.48150391e-05, 0.965914547, 60 change(s)]
Chamber   MovingParts.CoreAntenna.SpecialCoreAntenna.FrontPiece.StructureDetail.Front.Model.Meshes/Trapezoid ~(39.5, 304.3, -14.7).CFrame = 39.4532776, 304.337189, -14.710391, -0.965913296, -0.258866131, 1.15994726e-05, -9.58570126e-06, -9.04141598e-06, -1.00000012, 0.258866161, -0.965913177, 6.25181019e-06   [was 39.4532738, 304.337189, -14.710392, -0.965913296, -0.258866131, 1.17755017e-05, -9.76592855e-06, -9.04893022e-06, -1.00000012, 0.258866161, -0.965913177, 6.21241361e-06, 60 change(s)]
Chamber   MovingParts.CoreAntenna.SpecialCoreAntenna.FrontPiece.StructureDetail.Front.Model.Meshes/Trapezoid ~(40.5, 298.2, -10.7).CFrame = 40.5340996, 298.212158, -10.6776114, -0.965913296, 0.258866191, -1.18297639e-05, -9.58570126e-06, 9.0414178e-06, 1.00000012, 0.258866161, 0.965913415, -6.19009188e-06   [was 40.5340996, 298.212158, -10.6776123, -0.965913296, 0.258866191, -1.2005793e-05, -9.76592855e-06, 9.04893204e-06, 1.00000012, 0.258866161, 0.965913415, -6.1506953e-06, 60 change(s)]
Chamber   MovingParts.CoreAntenna.SpecialCoreAntenna.FrontPiece.StructureDetail.Front.Model.Meshes/Trapezoid ~(39.6, 306.8, -14.1).CFrame = 39.6279869, 306.787201, -14.0583658, -0.965913296, 0.258866191, -1.18297639e-05, -9.58570126e-06, 9.0414178e-06, 1.00000012, 0.258866161, 0.965913415, -6.19009188e-06   [was 39.6279869, 306.787201, -14.0583668, -0.965913296, 0.258866191, -1.2005793e-05, -9.76592855e-06, 9.04893204e-06, 1.00000012, 0.258866161, 0.965913415, -6.1506953e-06, 60 change(s)]
Chamber   MovingParts.CoreAntenna.SpecialCoreAntenna.FrontPiece.StructureDetail.Front.Model.Part ~(40.7, 301.2, -10.0).CFrame = 40.7184868, 301.249481, -9.98948097, 0.965914547, -2.76324899e-05, 0.258861065, 4.4597482e-06, 1, 9.01036838e-05, -0.258861065, -8.5877924e-05, 0.965914547   [was 40.7184868, 301.249481, -9.98948288, 0.965914547, -2.78085172e-05, 0.258861065, 4.63997549e-06, 1, 9.01111998e-05, -0.258861065, -8.58385247e-05, 0.965914547, 60 change(s)]
Chamber   MovingParts.CoreAntenna.SpecialCoreAntenna.FrontPiece.StructureDetail.Front.Model.Meshes/Trapezoid ~(39.1, 299.4, -16.1).CFrame = 39.0909271, 299.437134, -16.0626678, -0.965913296, -0.258866131, 1.15994726e-05, -9.58570126e-06, -9.04141598e-06, -1.00000012, 0.258866161, -0.965913177, 6.25181019e-06   [was 39.0909309, 299.437134, -16.0626678, -0.965913296, -0.258866131, 1.17755017e-05, -9.76592855e-06, -9.04893022e-06, -1.00000012, 0.258866161, -0.965913177, 6.21241361e-06, 60 change(s)]
Chamber   MovingParts.CoreAntenna.SpecialCoreAntenna.FrontPiece.StructureDetail.Front.Model.Meshes/Trapezoid ~(39.3, 301.9, -15.4).CFrame = 39.2656212, 301.887146, -15.4106369, -0.965913296, 0.258866191, -1.18297639e-05, -9.58570126e-06, 9.0414178e-06, 1.00000012, 0.258866161, 0.965913415, -6.19009188e-06   [was 39.2656212, 301.887146, -15.4106379, -0.965913296, 0.258866191, -1.2005793e-05, -9.76592855e-06, 9.04893204e-06, 1.00000012, 0.258866161, 0.965913415, -6.1506953e-06, 60 change(s)]
Chamber   MovingParts.CoreAntenna.SpecialCoreAntenna.FrontPiece.StructureDetail.Front.Model.Meshes/Trapezoid ~(40.0, 306.8, -12.7).CFrame = 39.9903984, 306.787201, -12.7060938, -0.965913296, 0.258866191, -1.18297639e-05, -9.58570126e-06, 9.0414178e-06, 1.00000012, 0.258866161, 0.965913415, -6.19009188e-06   [was 39.9903984, 306.787201, -12.7060947, -0.965913296, 0.258866191, -1.2005793e-05, -9.76592855e-06, 9.04893204e-06, 1.00000012, 0.258866161, 0.965913415, -6.1506953e-06, 60 change(s)]
Chamber   MovingParts.CoreAntenna.SpecialCoreAntenna.FrontPiece.StructureDetail.Front.Model.Meshes/Trapezoid ~(40.5, 308.0, -10.7).CFrame = 40.5340118, 308.012238, -10.6776485, -0.965913296, 0.258866191, -1.18297639e-05, -9.58570126e-06, 9.0414178e-06, 1.00000012, 0.258866161, 0.965913415, -6.19009188e-06   [was 40.5340118, 308.012238, -10.6776485, -0.965913296, 0.258866191, -1.2005793e-05, -9.76592855e-06, 9.04893204e-06, 1.00000012, 0.258866161, 0.965913415, -6.1506953e-06, 60 change(s)]
Chamber   MovingParts.CoreAntenna.SpecialCoreAntenna.FrontPiece.StructureDetail.Front.Model.Part ~(38.7, 303.1, -17.4).CFrame = 38.7252045, 303.111847, -17.4271355, 0.965914547, 2.76324899e-05, -0.258861065, 4.4597482e-06, -1, -9.01036838e-05, -0.258861065, 8.5877924e-05, -0.965914547   [was 38.7252045, 303.111847, -17.4271355, 0.965914547, 2.78085172e-05, -0.258861065, 4.63997549e-06, -1, -9.01111998e-05, -0.258861065, 8.58385247e-05, -0.965914547, 60 change(s)]
Chamber   MovingParts.CoreAntenna.SpecialCoreAntenna.FrontPiece.StructureDetail.Front.Model.Meshes/Trapezoid ~(38.7, 306.8, -17.4).CFrame = 38.7284126, 306.78717, -17.4149799, -0.965913296, -0.258866131, 1.15994726e-05, -9.58570126e-06, -9.04141598e-06, -1.00000012, 0.258866161, -0.965913177, 6.25181019e-06   [was 38.7284126, 306.78717, -17.4149818, -0.965913296, -0.258866131, 1.17755017e-05, -9.76592855e-06, -9.04893022e-06, -1.00000012, 0.258866161, -0.965913177, 6.21241361e-06, 60 change(s)]
Chamber   MovingParts.CoreAntenna.SpecialCoreAntenna.FrontPiece.StructureDetail.Front.Model.Meshes/Trapezoid ~(40.7, 309.2, -10.0).CFrame = 40.7151947, 309.237213, -10.001502, -0.965913296, 0.258866191, -1.18297639e-05, -9.58570126e-06, 9.0414178e-06, 1.00000012, 0.258866161, 0.965913415, -6.19009188e-06   [was 40.7151947, 309.237213, -10.001503, -0.965913296, 0.258866191, -1.2005793e-05, -9.76592855e-06, 9.04893204e-06, 1.00000012, 0.258866161, 0.965913415, -6.1506953e-06, 60 change(s)]
Chamber   MovingParts.CoreAntenna.SpecialCoreAntenna.FrontPiece.StructureDetail.Front.Model.Meshes/Trapezoid ~(40.2, 304.3, -12.0).CFrame = 40.1780968, 304.337219, -12.0058155, -0.965913296, -0.258866131, 1.15994726e-05, -9.58570126e-06, -9.04141598e-06, -1.00000012, 0.258866161, -0.965913177, 6.25181019e-06   [was 40.1780968, 304.337219, -12.0058155, -0.965913296, -0.258866131, 1.17755017e-05, -9.76592855e-06, -9.04893022e-06, -1.00000012, 0.258866161, -0.965913177, 6.21241361e-06, 60 change(s)]
Chamber   MovingParts.CoreAntenna.SpecialCoreAntenna.FrontPiece.StructureDetail.Front.Model.Meshes/Trapezoid ~(39.1, 303.1, -16.1).CFrame = 39.0843925, 303.112152, -16.0867939, -0.965913296, 0.258866191, -1.18297639e-05, -9.58570126e-06, 9.0414178e-06, 1.00000012, 0.258866161, 0.965913415, -6.19009188e-06   [was 39.0843925, 303.112152, -16.0867958, -0.965913296, 0.258866191, -1.2005793e-05, -9.76592855e-06, 9.04893204e-06, 1.00000012, 0.258866161, 0.965913415, -6.1506953e-06, 60 change(s)]
Chamber   MovingParts.CoreAntenna.SpecialCoreAntenna.FrontPiece.StructureDetail.Front.Model.Meshes/Trapezoid ~(40.5, 309.2, -10.7).CFrame = 40.5404587, 309.237183, -10.6535749, -0.965913296, -0.258866131, 1.15994726e-05, -9.58570126e-06, -9.04141598e-06, -1.00000012, 0.258866161, -0.965913177, 6.25181019e-06   [was 40.5404587, 309.237183, -10.6535759, -0.965913296, -0.258866131, 1.17755017e-05, -9.76592855e-06, -9.04893022e-06, -1.00000012, 0.258866161, -0.965913177, 6.21241361e-06, 60 change(s)]
Chamber   MovingParts.CoreAntenna.SpecialCoreAntenna.FrontPiece.StructureDetail.Front.Model.Part ~(38.7, 305.6, -17.4).CFrame = 38.7251892, 305.561859, -17.4271221, 0.965914547, 2.76324899e-05, -0.258861065, 4.4597482e-06, -1, -9.01036838e-05, -0.258861065, 8.5877924e-05, -0.965914547   [was 38.7251892, 305.561859, -17.4271221, 0.965914547, 2.78085172e-05, -0.258861065, 4.63997549e-06, -1, -9.01111998e-05, -0.258861065, 8.58385247e-05, -0.965914547, 60 change(s)]
Chamber   MovingParts.CoreAntenna.SpecialCoreAntenna.FrontPiece.StructureDetail.Front.Model.Meshes/Trapezoid ~(40.4, 298.2, -11.3).CFrame = 40.359375, 298.212189, -11.3296251, -0.965913296, -0.258866131, 1.15994726e-05, -9.58570126e-06, -9.04141598e-06, -1.00000012, 0.258866161, -0.965913177, 6.25181019e-06   [was 40.359375, 298.212189, -11.3296261, -0.965913296, -0.258866131, 1.17755017e-05, -9.76592855e-06, -9.04893022e-06, -1.00000012, 0.258866161, -0.965913177, 6.21241361e-06, 60 change(s)]
Chamber   MovingParts.CoreAntenna.SpecialCoreAntenna.FrontPiece.StructureDetail.Front.Model.Meshes/Trapezoid ~(40.2, 301.9, -12.0).CFrame = 40.1781273, 301.887177, -12.0057678, -0.965913296, -0.258866131, 1.15994726e-05, -9.58570126e-06, -9.04141598e-06, -1.00000012, 0.258866161, -0.965913177, 6.25181019e-06   [was 40.1781273, 301.887177, -12.0057697, -0.965913296, -0.258866131, 1.17755017e-05, -9.76592855e-06, -9.04893022e-06, -1.00000012, 0.258866161, -0.965913177, 6.21241361e-06, 60 change(s)]
Chamber   MovingParts.CoreAntenna.SpecialCoreAntenna.FrontPiece.StructureDetail.Front.Model.Meshes/Trapezoid ~(40.5, 306.8, -10.7).CFrame = 40.5404854, 306.787231, -10.6535273, -0.965913296, -0.258866131, 1.15994726e-05, -9.58570126e-06, -9.04141598e-06, -1.00000012, 0.258866161, -0.965913177, 6.25181019e-06   [was 40.5404854, 306.787231, -10.6535282, -0.965913296, -0.258866131, 1.17755017e-05, -9.76592855e-06, -9.04893022e-06, -1.00000012, 0.258866161, -0.965913177, 6.21241361e-06, 60 change(s)]
Chamber   MovingParts.CoreAntenna.SpecialCoreAntenna.FrontPiece.StructureDetail.Front.Model.Meshes/Trapezoid ~(38.9, 305.6, -16.7).CFrame = 38.9096413, 305.562164, -16.7388229, -0.965913296, -0.258866131, 1.15994726e-05, -9.58570126e-06, -9.04141598e-06, -1.00000012, 0.258866161, -0.965913177, 6.25181019e-06   [was 38.9096413, 305.562164, -16.7388229, -0.965913296, -0.258866131, 1.17755017e-05, -9.76592855e-06, -9.04893022e-06, -1.00000012, 0.258866161, -0.965913177, 6.21241361e-06, 60 change(s)]
Chamber   MovingParts.CoreAntenna.SpecialCoreAntenna.FrontPiece.StructureDetail.Front.Model.Part ~(38.7, 306.1, -17.4).CFrame = 38.7251892, 306.149384, -17.4271278, -0.965914547, -2.76324899e-05, -0.258861065, -4.4597482e-06, 1, -9.01036838e-05, 0.258861065, -8.5877924e-05, -0.965914547   [was 38.7251892, 306.149384, -17.4271278, -0.965914547, -2.78085172e-05, -0.258861065, -4.63997549e-06, 1, -9.01111998e-05, 0.258861065, -8.58385247e-05, -0.965914547, 60 change(s)]
Chamber   MovingParts.CoreAntenna.SpecialCoreAntenna.FrontPiece.StructureDetail.Front.Model.Meshes/Trapezoid ~(39.3, 299.4, -15.4).CFrame = 39.2656441, 299.437134, -15.4106197, -0.965913296, 0.258866191, -1.18297639e-05, -9.58570126e-06, 9.0414178e-06, 1.00000012, 0.258866161, 0.965913415, -6.19009188e-06   [was 39.2656441, 299.437134, -15.4106207, -0.965913296, 0.258866191, -1.2005793e-05, -9.76592855e-06, 9.04893204e-06, 1.00000012, 0.258866161, 0.965913415, -6.1506953e-06, 60 change(s)]
Chamber   MovingParts.CoreAntenna.SpecialCoreAntenna.FrontPiece.StructureDetail.Front.Model.Meshes/Trapezoid ~(39.1, 306.8, -16.1).CFrame = 39.0908241, 306.78717, -16.0627079, -0.965913296, -0.258866131, 1.15994726e-05, -9.58570126e-06, -9.04141598e-06, -1.00000012, 0.258866161, -0.965913177, 6.25181019e-06   [was 39.0908241, 306.78717, -16.0627079, -0.965913296, -0.258866131, 1.17755017e-05, -9.76592855e-06, -9.04893022e-06, -1.00000012, 0.258866161, -0.965913177, 6.21241361e-06, 60 change(s)]
Chamber   MovingParts.CoreAntenna.SpecialCoreAntenna.FrontPiece.StructureDetail.Front.Model.Meshes/Trapezoid ~(40.2, 308.0, -12.0).CFrame = 40.1715889, 308.012207, -12.0299492, -0.965913296, 0.258866191, -1.18297639e-05, -9.58570126e-06, 9.0414178e-06, 1.00000012, 0.258866161, 0.965913415, -6.19009188e-06   [was 40.1715889, 308.012207, -12.0299501, -0.965913296, 0.258866191, -1.2005793e-05, -9.76592855e-06, 9.04893204e-06, 1.00000012, 0.258866161, 0.965913415, -6.1506953e-06, 60 change(s)]
Chamber   MovingParts.CoreAntenna.SpecialCoreAntenna.FrontPiece.StructureDetail.Front.Model.Meshes/Trapezoid ~(38.7, 299.4, -17.4).CFrame = 38.7285004, 299.437134, -17.4149342, -0.965913296, -0.258866131, 1.15994726e-05, -9.58570126e-06, -9.04141598e-06, -1.00000012, 0.258866161, -0.965913177, 6.25181019e-06   [was 38.7285004, 299.437134, -17.4149361, -0.965913296, -0.258866131, 1.17755017e-05, -9.76592855e-06, -9.04893022e-06, -1.00000012, 0.258866161, -0.965913177, 6.21241361e-06, 60 change(s)]
Chamber   MovingParts.CoreAntenna.SpecialCoreAntenna.FrontPiece.StructureDetail.Front.Model.Meshes/Trapezoid ~(39.6, 308.0, -14.0).CFrame = 39.6344261, 308.012207, -14.0342598, -0.965913296, -0.258866131, 1.15994726e-05, -9.58570126e-06, -9.04141598e-06, -1.00000012, 0.258866161, -0.965913177, 6.25181019e-06   [was 39.6344261, 308.012207, -14.0342598, -0.965913296, -0.258866131, 1.17755017e-05, -9.76592855e-06, -9.04893022e-06, -1.00000012, 0.258866161, -0.965913177, 6.21241361e-06, 60 change(s)]
Chamber   MovingParts.CoreAntenna.SpecialCoreAntenna.FrontPiece.StructureDetail.Front.Model.Part ~(40.7, 302.5, -10.0).CFrame = 40.7184753, 302.524414, -9.98945904, -0.965914547, 2.76324899e-05, 0.258861065, -4.4597482e-06, -1, 9.01036838e-05, 0.258861065, 8.5877924e-05, 0.965914547   [was 40.7184753, 302.524414, -9.98945999, -0.965914547, 2.78085172e-05, 0.258861065, -4.63997549e-06, -1, 9.01111998e-05, 0.258861065, 8.58385247e-05, 0.965914547, 60 change(s)]
Chamber   MovingParts.CoreAntenna.SpecialCoreAntenna.FrontPiece.StructureDetail.Front.Model.Meshes/Trapezoid ~(40.5, 300.7, -10.7).CFrame = 40.5340958, 300.662201, -10.6776018, -0.965913296, 0.258866191, -1.18297639e-05, -9.58570126e-06, 9.0414178e-06, 1.00000012, 0.258866161, 0.965913415, -6.19009188e-06   [was 40.5340958, 300.662201, -10.6776028, -0.965913296, 0.258866191, -1.2005793e-05, -9.76592855e-06, 9.04893204e-06, 1.00000012, 0.258866161, 0.965913415, -6.1506953e-06, 60 change(s)]
Chamber   MovingParts.CoreAntenna.SpecialCoreAntenna.FrontPiece.StructureDetail.Front.Model.Meshes/Trapezoid ~(38.9, 300.7, -16.7).CFrame = 38.9096756, 300.66214, -16.7388172, -0.965913296, -0.258866131, 1.15994726e-05, -9.58570126e-06, -9.04141598e-06, -1.00000012, 0.258866161, -0.965913177, 6.25181019e-06   [was 38.9096756, 300.66214, -16.7388191, -0.965913296, -0.258866131, 1.17755017e-05, -9.76592855e-06, -9.04893022e-06, -1.00000012, 0.258866161, -0.965913177, 6.21241361e-06, 60 change(s)]
Chamber   MovingParts.CoreAntenna.SpecialCoreAntenna.FrontPiece.StructureDetail.Front.Model.Meshes/Trapezoid ~(40.2, 297.0, -12.0).CFrame = 40.1781654, 296.987152, -12.005764, -0.965913296, -0.258866131, 1.15994726e-05, -9.58570126e-06, -9.04141598e-06, -1.00000012, 0.258866161, -0.965913177, 6.25181019e-06   [was 40.1781654, 296.987152, -12.0057659, -0.965913296, -0.258866131, 1.17755017e-05, -9.76592855e-06, -9.04893022e-06, -1.00000012, 0.258866161, -0.965913177, 6.21241361e-06, 60 change(s)]
Chamber   MovingParts.CoreAntenna.SpecialCoreAntenna.FrontPiece.StructureDetail.Front.Model.Part ~(38.7, 308.6, -17.4).CFrame = 38.7251549, 308.599396, -17.4271412, -0.965914547, -2.76324899e-05, -0.258861065, -4.4597482e-06, 1, -9.01036838e-05, 0.258861065, -8.5877924e-05, -0.965914547   [was 38.7251549, 308.599396, -17.4271412, -0.965914547, -2.78085172e-05, -0.258861065, -4.63997549e-06, 1, -9.01111998e-05, 0.258861065, -8.58385247e-05, -0.965914547, 60 change(s)]
Chamber   MovingParts.CoreAntenna.SpecialCoreAntenna.FrontPiece.StructureDetail.Front.Model.Meshes/Trapezoid ~(39.5, 299.4, -14.7).CFrame = 39.4533424, 299.437134, -14.7103319, -0.965913296, -0.258866131, 1.15994726e-05, -9.58570126e-06, -9.04141598e-06, -1.00000012, 0.258866161, -0.965913177, 6.25181019e-06   [was 39.4533424, 299.437134, -14.7103329, -0.965913296, -0.258866131, 1.17755017e-05, -9.76592855e-06, -9.04893022e-06, -1.00000012, 0.258866161, -0.965913177, 6.21241361e-06, 60 change(s)]
Chamber   MovingParts.CoreAntenna.SpecialCoreAntenna.FrontPiece.StructureDetail.Front.Model.Meshes/Trapezoid ~(38.9, 309.2, -16.8).CFrame = 38.9030914, 309.237122, -16.7630081, -0.965913296, 0.258866191, -1.18297639e-05, -9.58570126e-06, 9.0414178e-06, 1.00000012, 0.258866161, 0.965913415, -6.19009188e-06   [was 38.9030914, 309.237122, -16.76301, -0.965913296, 0.258866191, -1.2005793e-05, -9.76592855e-06, 9.04893204e-06, 1.00000012, 0.258866161, 0.965913415, -6.1506953e-06, 60 change(s)]
Chamber   MovingParts.CoreAntenna.SpecialCoreAntenna.FrontPiece.StructureDetail.Front.Model.Meshes/Trapezoid ~(39.8, 305.6, -13.4).CFrame = 39.8092079, 305.562195, -13.3822384, -0.965913296, 0.258866191, -1.18297639e-05, -9.58570126e-06, 9.0414178e-06, 1.00000012, 0.258866161, 0.965913415, -6.19009188e-06   [was 39.8092079, 305.562195, -13.3822384, -0.965913296, 0.258866191, -1.2005793e-05, -9.76592855e-06, 9.04893204e-06, 1.00000012, 0.258866161, 0.965913415, -6.1506953e-06, 60 change(s)]
Chamber   MovingParts.CoreAntenna.SpecialCoreAntenna.FrontPiece.StructureDetail.Front.Model.Meshes/Trapezoid ~(40.5, 301.9, -10.7).CFrame = 40.5405388, 301.887207, -10.6534958, -0.965913296, -0.258866131, 1.15994726e-05, -9.58570126e-06, -9.04141598e-06, -1.00000012, 0.258866161, -0.965913177, 6.25181019e-06   [was 40.5405388, 301.887177, -10.6534967, -0.965913296, -0.258866131, 1.17755017e-05, -9.76592855e-06, -9.04893022e-06, -1.00000012, 0.258866161, -0.965913177, 6.21241361e-06, 60 change(s)]
Chamber   MovingParts.CoreAntenna.SpecialCoreAntenna.FrontPiece.StructureDetail.Front.Model.Part ~(38.7, 303.7, -17.4).CFrame = 38.7252007, 303.699402, -17.4271088, -0.965914547, -2.76324899e-05, -0.258861065, -4.4597482e-06, 1, -9.01036838e-05, 0.258861065, -8.5877924e-05, -0.965914547   [was 38.7252007, 303.699402, -17.4271088, -0.965914547, -2.78085172e-05, -0.258861065, -4.63997549e-06, 1, -9.01111998e-05, 0.258861065, -8.58385247e-05, -0.965914547, 60 change(s)]
Chamber   MovingParts.CoreAntenna.SpecialCoreAntenna.FrontPiece.StructureDetail.Front.Model.Meshes/Trapezoid ~(40.4, 299.4, -11.4).CFrame = 40.3528938, 299.437195, -11.3537445, -0.965913296, 0.258866191, -1.18297639e-05, -9.58570126e-06, 9.0414178e-06, 1.00000012, 0.258866161, 0.965913415, -6.19009188e-06   [was 40.3528976, 299.437195, -11.3537455, -0.965913296, 0.258866191, -1.2005793e-05, -9.76592855e-06, 9.04893204e-06, 1.00000012, 0.258866161, 0.965913415, -6.1506953e-06, 60 change(s)]
Chamber   MovingParts.CoreAntenna.SpecialCoreAntenna.FrontPiece.StructureDetail.Front.Model.Meshes/Trapezoid ~(39.3, 309.2, -15.4).CFrame = 39.2655144, 309.237122, -15.410677, -0.965913296, 0.258866191, -1.18297639e-05, -9.58570126e-06, 9.0414178e-06, 1.00000012, 0.258866161, 0.965913415, -6.19009188e-06   [was 39.2655106, 309.237122, -15.410677, -0.965913296, 0.258866191, -1.2005793e-05, -9.76592855e-06, 9.04893204e-06, 1.00000012, 0.258866161, 0.965913415, -6.1506953e-06, 60 change(s)]
Chamber   MovingParts.CoreAntenna.SpecialCoreAntenna.FrontPiece.StructureDetail.Front.Model.Meshes/Trapezoid ~(40.0, 305.6, -12.7).CFrame = 39.9968834, 305.562195, -12.6819439, -0.965913296, -0.258866131, 1.15994726e-05, -9.58570126e-06, -9.04141598e-06, -1.00000012, 0.258866161, -0.965913177, 6.25181019e-06   [was 39.9968834, 305.562195, -12.6819448, -0.965913296, -0.258866131, 1.17755017e-05, -9.76592855e-06, -9.04893022e-06, -1.00000012, 0.258866161, -0.965913177, 6.21241361e-06, 60 change(s)]
Chamber   MovingParts.CoreAntenna.SpecialCoreAntenna.FrontPiece.StructureDetail.Front.Model.Meshes/Trapezoid ~(40.5, 305.6, -10.7).CFrame = 40.5340385, 305.562225, -10.6776638, -0.965913296, 0.258866191, -1.18297639e-05, -9.58570126e-06, 9.0414178e-06, 1.00000012, 0.258866161, 0.965913415, -6.19009188e-06   [was 40.5340385, 305.562225, -10.6776657, -0.965913296, 0.258866191, -1.2005793e-05, -9.76592855e-06, 9.04893204e-06, 1.00000012, 0.258866161, 0.965913415, -6.1506953e-06, 60 change(s)]
Chamber   MovingParts.CoreAntenna.SpecialCoreAntenna.FrontPiece.StructureDetail.Front.Model.Meshes/Trapezoid ~(39.3, 304.3, -15.4).CFrame = 39.2656021, 304.337189, -15.4106541, -0.965913296, 0.258866191, -1.18297639e-05, -9.58570126e-06, 9.0414178e-06, 1.00000012, 0.258866161, 0.965913415, -6.19009188e-06   [was 39.2656021, 304.337189, -15.410655, -0.965913296, 0.258866191, -1.2005793e-05, -9.76592855e-06, 9.04893204e-06, 1.00000012, 0.258866161, 0.965913415, -6.1506953e-06, 60 change(s)]
Chamber   MovingParts.CoreAntenna.SpecialCoreAntenna.FrontPiece.StructureDetail.Front.Model.Part ~(38.7, 307.4, -17.4).CFrame = 38.7251434, 307.424347, -17.4271584, 0.965914547, 2.76324899e-05, -0.258861065, 4.4597482e-06, -1, -9.01036838e-05, -0.258861065, 8.5877924e-05, -0.965914547   [was 38.7251434, 307.424347, -17.4271584, 0.965914547, 2.78085172e-05, -0.258861065, 4.63997549e-06, -1, -9.01111998e-05, -0.258861065, 8.58385247e-05, -0.965914547, 60 change(s)]
Chamber   MovingParts.CoreAntenna.SpecialCoreAntenna.FrontPiece.StructureDetail.Front.Model.Meshes/Trapezoid ~(40.2, 299.4, -12.0).CFrame = 40.1781464, 299.437164, -12.0057812, -0.965913296, -0.258866131, 1.15994726e-05, -9.58570126e-06, -9.04141598e-06, -1.00000012, 0.258866161, -0.965913177, 6.25181019e-06   [was 40.1781464, 299.437164, -12.0057831, -0.965913296, -0.258866131, 1.17755017e-05, -9.76592855e-06, -9.04893022e-06, -1.00000012, 0.258866161, -0.965913177, 6.21241361e-06, 60 change(s)]
Chamber   MovingParts.CoreAntenna.SpecialCoreAntenna.FrontPiece.StructureDetail.Front.Model.Meshes/Trapezoid ~(40.4, 309.2, -11.4).CFrame = 40.3527679, 309.237183, -11.3538332, -0.965913296, 0.258866191, -1.18297639e-05, -9.58570126e-06, 9.0414178e-06, 1.00000012, 0.258866161, 0.965913415, -6.19009188e-06   [was 40.3527679, 309.237183, -11.3538342, -0.965913296, 0.258866191, -1.2005793e-05, -9.76592855e-06, 9.04893204e-06, 1.00000012, 0.258866161, 0.965913415, -6.1506953e-06, 60 change(s)]
Chamber   MovingParts.CoreAntenna.SpecialCoreAntenna.FrontPiece.StructureDetail.Front.Model.Meshes/Trapezoid ~(40.7, 299.4, -10.0).CFrame = 40.7153091, 299.437195, -10.001441, -0.965913296, 0.258866191, -1.18297639e-05, -9.58570126e-06, 9.0414178e-06, 1.00000012, 0.258866161, 0.965913415, -6.19009188e-06   [was 40.715313, 299.437195, -10.001442, -0.965913296, 0.258866191, -1.2005793e-05, -9.76592855e-06, 9.04893204e-06, 1.00000012, 0.258866161, 0.965913415, -6.1506953e-06, 60 change(s)]
Chamber   MovingParts.CoreAntenna.SpecialCoreAntenna.FrontPiece.StructureDetail.Front.Model.Meshes/Trapezoid ~(39.4, 308.0, -14.7).CFrame = 39.4467583, 308.012177, -14.7345238, -0.965913296, 0.258866191, -1.18297639e-05, -9.58570126e-06, 9.0414178e-06, 1.00000012, 0.258866161, 0.965913415, -6.19009188e-06   [was 39.4467583, 308.012177, -14.7345247, -0.965913296, 0.258866191, -1.2005793e-05, -9.76592855e-06, 9.04893204e-06, 1.00000012, 0.258866161, 0.965913415, -6.1506953e-06, 60 change(s)]
Chamber   MovingParts.CoreAntenna.SpecialCoreAntenna.FrontPiece.StructureDetail.Front.Model.Part ~(38.7, 302.5, -17.4).CFrame = 38.7252045, 302.524353, -17.4271278, 0.965914547, 2.76324899e-05, -0.258861065, 4.4597482e-06, -1, -9.01036838e-05, -0.258861065, 8.5877924e-05, -0.965914547   [was 38.7252045, 302.524353, -17.4271297, 0.965914547, 2.78085172e-05, -0.258861065, 4.63997549e-06, -1, -9.01111998e-05, -0.258861065, 8.58385247e-05, -0.965914547, 60 change(s)]
Chamber   MovingParts.CoreAntenna.SpecialCoreAntenna.FrontPiece.StructureDetail.Front.Model.Meshes/Trapezoid ~(39.4, 305.6, -14.7).CFrame = 39.4467926, 305.562195, -14.7345409, -0.965913296, 0.258866191, -1.18297639e-05, -9.58570126e-06, 9.0414178e-06, 1.00000012, 0.258866161, 0.965913415, -6.19009188e-06   [was 39.4467926, 305.562195, -14.7345419, -0.965913296, 0.258866191, -1.2005793e-05, -9.76592855e-06, 9.04893204e-06, 1.00000012, 0.258866161, 0.965913415, -6.1506953e-06, 60 change(s)]
Chamber   MovingParts.CoreAntenna.SpecialCoreAntenna.FrontPiece.StructureDetail.Front.Model.Meshes/Trapezoid ~(40.0, 304.3, -12.7).CFrame = 39.9904366, 304.337189, -12.7060499, -0.965913296, 0.258866191, -1.18297639e-05, -9.58570126e-06, 9.0414178e-06, 1.00000012, 0.258866161, 0.965913415, -6.19009188e-06   [was 39.9904366, 304.337189, -12.7060509, -0.965913296, 0.258866191, -1.2005793e-05, -9.76592855e-06, 9.04893204e-06, 1.00000012, 0.258866161, 0.965913415, -6.1506953e-06, 60 change(s)]
Chamber   MovingParts.CoreAntenna.SpecialCoreAntenna.FrontPiece.StructureDetail.Front.Model.Meshes/Trapezoid ~(40.5, 299.4, -10.7).CFrame = 40.5405807, 299.437195, -10.6534843, -0.965913296, -0.258866131, 1.15994726e-05, -9.58570126e-06, -9.04141598e-06, -1.00000012, 0.258866161, -0.965913177, 6.25181019e-06   [was 40.5405807, 299.437195, -10.6534853, -0.965913296, -0.258866131, 1.17755017e-05, -9.76592855e-06, -9.04893022e-06, -1.00000012, 0.258866161, -0.965913177, 6.21241361e-06, 60 change(s)]
Chamber   MovingParts.CoreAntenna.SpecialCoreAntenna.FrontPiece.StructureDetail.Front.Model.Meshes/Trapezoid ~(38.9, 308.0, -16.7).CFrame = 38.9096031, 308.012177, -16.7388668, -0.965913296, -0.258866131, 1.15994726e-05, -9.58570126e-06, -9.04141598e-06, -1.00000012, 0.258866161, -0.965913177, 6.25181019e-06   [was 38.9096031, 308.012177, -16.7388687, -0.965913296, -0.258866131, 1.17755017e-05, -9.76592855e-06, -9.04893022e-06, -1.00000012, 0.258866161, -0.965913177, 6.21241361e-06, 60 change(s)]
Chamber   MovingParts.CoreAntenna.SpecialCoreAntenna.FrontPiece.StructureDetail.Front.Model.Meshes/Trapezoid ~(38.9, 301.9, -16.8).CFrame = 38.9032021, 301.887146, -16.7629395, -0.965913296, 0.258866191, -1.18297639e-05, -9.58570126e-06, 9.0414178e-06, 1.00000012, 0.258866161, 0.965913415, -6.19009188e-06   [was 38.9032021, 301.887146, -16.7629395, -0.965913296, 0.258866191, -1.2005793e-05, -9.76592855e-06, 9.04893204e-06, 1.00000012, 0.258866161, 0.965913415, -6.1506953e-06, 60 change(s)]
Chamber   MovingParts.CoreAntenna.SpecialCoreAntenna.FrontPiece.StructureDetail.Front.Model.Part ~(38.7, 301.2, -17.4).CFrame = 38.7252312, 301.24939, -17.4270935, -0.965914547, -2.76324899e-05, -0.258861065, -4.4597482e-06, 1, -9.01036838e-05, 0.258861065, -8.5877924e-05, -0.965914547   [was 38.7252312, 301.24939, -17.4270935, -0.965914547, -2.78085172e-05, -0.258861065, -4.63997549e-06, 1, -9.01111998e-05, 0.258861065, -8.58385247e-05, -0.965914547, 60 change(s)]
Chamber   MovingParts.CoreAntenna.SpecialCoreAntenna.FrontPiece.StructureDetail.Front.Model.Meshes/Trapezoid ~(40.2, 309.2, -12.0).CFrame = 40.1780586, 309.237183, -12.0058498, -0.965913296, -0.258866131, 1.15994726e-05, -9.58570126e-06, -9.04141598e-06, -1.00000012, 0.258866161, -0.965913177, 6.25181019e-06   [was 40.1780586, 309.237183, -12.0058508, -0.965913296, -0.258866131, 1.17755017e-05, -9.76592855e-06, -9.04893022e-06, -1.00000012, 0.258866161, -0.965913177, 6.21241361e-06, 60 change(s)]
Chamber   MovingParts.CoreAntenna.SpecialCoreAntenna.FrontPiece.StructureDetail.Front.Model.Meshes/Trapezoid ~(39.3, 303.1, -15.4).CFrame = 39.2720795, 303.112183, -15.3865032, -0.965913296, -0.258866131, 1.15994726e-05, -9.58570126e-06, -9.04141598e-06, -1.00000012, 0.258866161, -0.965913177, 6.25181019e-06   [was 39.2720795, 303.112183, -15.3865042, -0.965913296, -0.258866131, 1.17755017e-05, -9.76592855e-06, -9.04893022e-06, -1.00000012, 0.258866161, -0.965913177, 6.21241361e-06, 60 change(s)]
Chamber   MovingParts.CoreAntenna.SpecialCoreAntenna.FrontPiece.StructureDetail.Front.Model.Meshes/Trapezoid ~(40.2, 306.8, -12.0).CFrame = 40.1780739, 306.787201, -12.0058002, -0.965913296, -0.258866131, 1.15994726e-05, -9.58570126e-06, -9.04141598e-06, -1.00000012, 0.258866161, -0.965913177, 6.25181019e-06   [was 40.1780739, 306.787201, -12.0058002, -0.965913296, -0.258866131, 1.17755017e-05, -9.76592855e-06, -9.04893022e-06, -1.00000012, 0.258866161, -0.965913177, 6.21241361e-06, 60 change(s)]
Chamber   MovingParts.CoreAntenna.SpecialCoreAntenna.FrontPiece.StructureDetail.Front.Model.Meshes/Trapezoid ~(40.7, 301.9, -10.0).CFrame = 40.7152824, 301.887207, -10.0014563, -0.965913296, 0.258866191, -1.18297639e-05, -9.58570126e-06, 9.0414178e-06, 1.00000012, 0.258866161, 0.965913415, -6.19009188e-06   [was 40.7152824, 301.887207, -10.0014572, -0.965913296, 0.258866191, -1.2005793e-05, -9.76592855e-06, 9.04893204e-06, 1.00000012, 0.258866161, 0.965913415, -6.1506953e-06, 60 change(s)]
Chamber   MovingParts.CoreAntenna.SpecialCoreAntenna.FrontPiece.StructureDetail.Front.Model.Meshes/Trapezoid ~(39.5, 309.2, -14.7).CFrame = 39.4531975, 309.237152, -14.7104158, -0.965913296, -0.258866131, 1.15994726e-05, -9.58570126e-06, -9.04141598e-06, -1.00000012, 0.258866161, -0.965913177, 6.25181019e-06   [was 39.4531937, 309.237152, -14.7104168, -0.965913296, -0.258866131, 1.17755017e-05, -9.76592855e-06, -9.04893022e-06, -1.00000012, 0.258866161, -0.965913177, 6.21241361e-06, 60 change(s)]
Chamber   MovingParts.CoreAntenna.SpecialCoreAntenna.FrontPiece.StructureDetail.Front.Model.Meshes/Trapezoid ~(39.6, 303.1, -14.0).CFrame = 39.6344795, 303.112152, -14.0342283, -0.965913296, -0.258866131, 1.15994726e-05, -9.58570126e-06, -9.04141598e-06, -1.00000012, 0.258866161, -0.965913177, 6.25181019e-06   [was 39.6344795, 303.112152, -14.0342293, -0.965913296, -0.258866131, 1.17755017e-05, -9.76592855e-06, -9.04893022e-06, -1.00000012, 0.258866161, -0.965913177, 6.21241361e-06, 60 change(s)]
Chamber   MovingParts.CoreAntenna.SpecialCoreAntenna.FrontPiece.StructureDetail.Front.Model.Meshes/Trapezoid ~(40.7, 304.3, -10.0).CFrame = 40.7152557, 304.337219, -10.0014725, -0.965913296, 0.258866191, -1.18297639e-05, -9.58570126e-06, 9.0414178e-06, 1.00000012, 0.258866161, 0.965913415, -6.19009188e-06   [was 40.7152557, 304.337219, -10.0014734, -0.965913296, 0.258866191, -1.2005793e-05, -9.76592855e-06, 9.04893204e-06, 1.00000012, 0.258866161, 0.965913415, -6.1506953e-06, 60 change(s)]
Chamber   MovingParts.CoreAntenna.SpecialCoreAntenna.FrontPiece.StructureDetail.Front.Model.Part ~(40.7, 305.0, -10.0).CFrame = 40.7184448, 304.974426, -9.98947334, -0.965914547, 2.76324899e-05, 0.258861065, -4.4597482e-06, -1, 9.01036838e-05, 0.258861065, 8.5877924e-05, 0.965914547   [was 40.718441, 304.974426, -9.9894743, -0.965914547, 2.78085172e-05, 0.258861065, -4.63997549e-06, -1, 9.01111998e-05, 0.258861065, 8.58385247e-05, 0.965914547, 60 change(s)]
Chamber   MovingParts.CoreAntenna.SpecialCoreAntenna.FrontPiece.StructureDetail.Front.Model.Meshes/Trapezoid ~(39.3, 300.7, -15.4).CFrame = 39.2721329, 300.66214, -15.3864937, -0.965913296, -0.258866131, 1.15994726e-05, -9.58570126e-06, -9.04141598e-06, -1.00000012, 0.258866161, -0.965913177, 6.25181019e-06   [was 39.2721329, 300.66214, -15.3864956, -0.965913296, -0.258866131, 1.17755017e-05, -9.76592855e-06, -9.04893022e-06, -1.00000012, 0.258866161, -0.965913177, 6.21241361e-06, 60 change(s)]
Chamber   MovingParts.CoreAntenna.SpecialCoreAntenna.FrontPiece.StructureDetail.Front.Model.Meshes/Trapezoid ~(40.4, 297.0, -11.4).CFrame = 40.3529129, 296.987152, -11.3537254, -0.965913296, 0.258866191, -1.18297639e-05, -9.58570126e-06, 9.0414178e-06, 1.00000012, 0.258866161, 0.965913415, -6.19009188e-06   [was 40.3529129, 296.987152, -11.3537273, -0.965913296, 0.258866191, -1.2005793e-05, -9.76592855e-06, 9.04893204e-06, 1.00000012, 0.258866161, 0.965913415, -6.1506953e-06, 60 change(s)]
Chamber   MovingParts.CoreAntenna.SpecialCoreAntenna.FrontPiece.StructureDetail.Front.Model.Meshes/Trapezoid ~(40.0, 297.0, -12.7).CFrame = 39.9905052, 296.987152, -12.7059994, -0.965913296, 0.258866191, -1.18297639e-05, -9.58570126e-06, 9.0414178e-06, 1.00000012, 0.258866161, 0.965913415, -6.19009188e-06   [was 39.9905052, 296.987152, -12.7060003, -0.965913296, 0.258866191, -1.2005793e-05, -9.76592855e-06, 9.04893204e-06, 1.00000012, 0.258866161, 0.965913415, -6.1506953e-06, 60 change(s)]
Chamber   MovingParts.CoreAntenna.SpecialCoreAntenna.FrontPiece.StructureDetail.Front.Model.Part ~(40.7, 303.7, -10.0).CFrame = 40.7184601, 303.699463, -9.98949814, 0.965914547, -2.76324899e-05, 0.258861065, 4.4597482e-06, 1, 9.01036838e-05, -0.258861065, -8.5877924e-05, 0.965914547   [was 40.7184601, 303.699463, -9.98949814, 0.965914547, -2.78085172e-05, 0.258861065, 4.63997549e-06, 1, 9.01111998e-05, -0.258861065, -8.58385247e-05, 0.965914547, 60 change(s)]
Chamber   MovingParts.CoreAntenna.SpecialCoreAntenna.FrontPiece.StructureDetail.Front.Model.Meshes/Trapezoid ~(38.9, 298.2, -16.7).CFrame = 38.9097137, 298.212128, -16.7387733, -0.965913296, -0.258866131, 1.15994726e-05, -9.58570126e-06, -9.04141598e-06, -1.00000012, 0.258866161, -0.965913177, 6.25181019e-06   [was 38.9097137, 298.212128, -16.7387733, -0.965913296, -0.258866131, 1.17755017e-05, -9.76592855e-06, -9.04893022e-06, -1.00000012, 0.258866161, -0.965913177, 6.21241361e-06, 60 change(s)]
Chamber   MovingParts.CoreAntenna.SpecialCoreAntenna.FrontPiece.StructureDetail.Front.Model.Meshes/Trapezoid ~(38.9, 297.0, -16.8).CFrame = 38.9032478, 296.987091, -16.7629051, -0.965913296, 0.258866191, -1.18297639e-05, -9.58570126e-06, 9.0414178e-06, 1.00000012, 0.258866161, 0.965913415, -6.19009188e-06   [was 38.9032516, 296.987091, -16.762907, -0.965913296, 0.258866191, -1.2005793e-05, -9.76592855e-06, 9.04893204e-06, 1.00000012, 0.258866161, 0.965913415, -6.1506953e-06, 60 change(s)]
Chamber   MovingParts.CoreAntenna.SpecialCoreAntenna.FrontPiece.StructureDetail.Front.Model.Meshes/Trapezoid ~(39.8, 298.2, -13.4).CFrame = 39.8092804, 298.212158, -13.3821888, -0.965913296, 0.258866191, -1.18297639e-05, -9.58570126e-06, 9.0414178e-06, 1.00000012, 0.258866161, 0.965913415, -6.19009188e-06   [was 39.8092804, 298.212158, -13.3821907, -0.965913296, 0.258866191, -1.2005793e-05, -9.76592855e-06, 9.04893204e-06, 1.00000012, 0.258866161, 0.965913415, -6.1506953e-06, 60 change(s)]
Chamber   MovingParts.CoreAntenna.SpecialCoreAntenna.FrontPiece.StructureDetail.Front.Model.Meshes/Trapezoid ~(40.0, 298.2, -12.7).CFrame = 39.9969597, 298.212158, -12.6818962, -0.965913296, -0.258866131, 1.15994726e-05, -9.58570126e-06, -9.04141598e-06, -1.00000012, 0.258866161, -0.965913177, 6.25181019e-06   [was 39.9969635, 298.212158, -12.6818981, -0.965913296, -0.258866131, 1.17755017e-05, -9.76592855e-06, -9.04893022e-06, -1.00000012, 0.258866161, -0.965913177, 6.21241361e-06, 60 change(s)]
Chamber   MovingParts.CoreAntenna.SpecialCoreAntenna.FrontPiece.StructureDetail.Front.Model.Part ~(38.7, 305.0, -17.4).CFrame = 38.7252045, 304.974335, -17.4271202, 0.965914547, 2.76324899e-05, -0.258861065, 4.4597482e-06, -1, -9.01036838e-05, -0.258861065, 8.5877924e-05, -0.965914547   [was 38.7252045, 304.974335, -17.4271221, 0.965914547, 2.78085172e-05, -0.258861065, 4.63997549e-06, -1, -9.01111998e-05, -0.258861065, 8.58385247e-05, -0.965914547, 60 change(s)]
Chamber   MovingParts.CoreAntenna.SpecialCoreAntenna.FrontPiece.StructureDetail.Front.Model.Meshes/Trapezoid ~(38.9, 304.3, -16.8).CFrame = 38.9031792, 304.337158, -16.7629547, -0.965913296, 0.258866191, -1.18297639e-05, -9.58570126e-06, 9.0414178e-06, 1.00000012, 0.258866161, 0.965913415, -6.19009188e-06   [was 38.9031792, 304.337158, -16.7629566, -0.965913296, 0.258866191, -1.2005793e-05, -9.76592855e-06, 9.04893204e-06, 1.00000012, 0.258866161, 0.965913415, -6.1506953e-06, 60 change(s)]
Chamber   MovingParts.CoreAntenna.SpecialCoreAntenna.FrontPiece.StructureDetail.Front.Model.Meshes/Trapezoid ~(39.8, 301.9, -13.4).CFrame = 39.8157082, 301.887177, -13.3580704, -0.965913296, -0.258866131, 1.15994726e-05, -9.58570126e-06, -9.04141598e-06, -1.00000012, 0.258866161, -0.965913177, 6.25181019e-06   [was 39.8157082, 301.887177, -13.3580713, -0.965913296, -0.258866131, 1.17755017e-05, -9.76592855e-06, -9.04893022e-06, -1.00000012, 0.258866161, -0.965913177, 6.21241361e-06, 60 change(s)]
Chamber   MovingParts.CoreAntenna.SpecialCoreAntenna.FrontPiece.StructureDetail.Front.Model.Part ~(38.7, 300.7, -17.4).CFrame = 38.7252464, 300.661865, -17.4270916, 0.965914547, 2.76324899e-05, -0.258861065, 4.4597482e-06, -1, -9.01036838e-05, -0.258861065, 8.5877924e-05, -0.965914547   [was 38.7252464, 300.661865, -17.4270916, 0.965914547, 2.78085172e-05, -0.258861065, 4.63997549e-06, -1, -9.01111998e-05, -0.258861065, 8.58385247e-05, -0.965914547, 60 change(s)]
Chamber   MovingParts.CoreAntenna.SpecialCoreAntenna.FrontPiece.StructureDetail.Front.Model.Meshes/Trapezoid ~(40.0, 299.4, -12.7).CFrame = 39.9904747, 299.437164, -12.7060452, -0.965913296, 0.258866191, -1.18297639e-05, -9.58570126e-06, 9.0414178e-06, 1.00000012, 0.258866161, 0.965913415, -6.19009188e-06   [was 39.9904747, 299.437164, -12.7060461, -0.965913296, 0.258866191, -1.2005793e-05, -9.76592855e-06, 9.04893204e-06, 1.00000012, 0.258866161, 0.965913415, -6.1506953e-06, 60 change(s)]
Chamber   MovingParts.CoreAntenna.SpecialCoreAntenna.FrontPiece.StructureDetail.Front.Model.Meshes/Trapezoid ~(40.7, 297.0, -10.0).CFrame = 40.7153625, 296.987152, -10.0014315, -0.965913296, 0.258866191, -1.18297639e-05, -9.58570126e-06, 9.0414178e-06, 1.00000012, 0.258866161, 0.965913415, -6.19009188e-06   [was 40.7153625, 296.987152, -10.0014324, -0.965913296, 0.258866191, -1.2005793e-05, -9.76592855e-06, 9.04893204e-06, 1.00000012, 0.258866161, 0.965913415, -6.1506953e-06, 60 change(s)]
Chamber   MovingParts.CoreAntenna.SpecialCoreAntenna.FrontPiece.StructureDetail.Front.Model.Meshes/Trapezoid ~(40.0, 300.7, -12.7).CFrame = 39.9969254, 300.66217, -12.681941, -0.965913296, -0.258866131, 1.15994726e-05, -9.58570126e-06, -9.04141598e-06, -1.00000012, 0.258866161, -0.965913177, 6.25181019e-06   [was 39.9969254, 300.66217, -12.681942, -0.965913296, -0.258866131, 1.17755017e-05, -9.76592855e-06, -9.04893022e-06, -1.00000012, 0.258866161, -0.965913177, 6.21241361e-06, 60 change(s)]
Chamber   MovingParts.CoreAntenna.SpecialCoreAntenna.FrontPiece.StructureDetail.Front.Model.Meshes/Trapezoid ~(40.4, 303.1, -11.3).CFrame = 40.3593178, 303.112183, -11.3296556, -0.965913296, -0.258866131, 1.15994726e-05, -9.58570126e-06, -9.04141598e-06, -1.00000012, 0.258866161, -0.965913177, 6.25181019e-06   [was 40.3593178, 303.112183, -11.3296566, -0.965913296, -0.258866131, 1.17755017e-05, -9.76592855e-06, -9.04893022e-06, -1.00000012, 0.258866161, -0.965913177, 6.21241361e-06, 60 change(s)]
Chamber   MovingParts.CoreAntenna.SpecialCoreAntenna.FrontPiece.StructureDetail.Front.Model.Meshes/Trapezoid ~(39.6, 297.0, -14.1).CFrame = 39.6280937, 296.987122, -14.0583029, -0.965913296, 0.258866191, -1.18297639e-05, -9.58570126e-06, 9.0414178e-06, 1.00000012, 0.258866161, 0.965913415, -6.19009188e-06   [was 39.6280937, 296.987122, -14.0583048, -0.965913296, 0.258866191, -1.2005793e-05, -9.76592855e-06, 9.04893204e-06, 1.00000012, 0.258866161, 0.965913415, -6.1506953e-06, 60 change(s)]
Chamber   MovingParts.CoreAntenna.SpecialCoreAntenna.FrontPiece.StructureDetail.Front.Model.Part ~(40.7, 303.1, -10.0).CFrame = 40.7184563, 303.111938, -9.98949051, 0.965914547, 7.80751798e-05, 0.258861065, -8.18477711e-05, 1, 3.79615631e-06, -0.258861065, -2.48544366e-05, 0.965914547   [was 40.7184563, 303.111938, -9.98949242, 0.965914547, 7.78991525e-05, 0.258861065, -8.16675456e-05, 1, 3.80366964e-06, -0.258861065, -2.48150391e-05, 0.965914547, 60 change(s)]
Chamber   MovingParts.CoreAntenna.SpecialCoreAntenna.FrontPiece.StructureDetail.Front.Model.Meshes/Trapezoid ~(39.3, 298.2, -15.4).CFrame = 39.2721596, 298.212128, -15.3864784, -0.965913296, -0.258866131, 1.15994726e-05, -9.58570126e-06, -9.04141598e-06, -1.00000012, 0.258866161, -0.965913177, 6.25181019e-06   [was 39.2721634, 298.212128, -15.3864803, -0.965913296, -0.258866131, 1.17755017e-05, -9.76592855e-06, -9.04893022e-06, -1.00000012, 0.258866161, -0.965913177, 6.21241361e-06, 60 change(s)]
Chamber   MovingParts.CoreAntenna.SpecialCoreAntenna.FrontPiece.StructureDetail.Front.Model.Meshes/Trapezoid ~(39.3, 297.0, -15.4).CFrame = 39.2656555, 296.987122, -15.4106007, -0.965913296, 0.258866191, -1.18297639e-05, -9.58570126e-06, 9.0414178e-06, 1.00000012, 0.258866161, 0.965913415, -6.19009188e-06   [was 39.2656593, 296.987122, -15.4106016, -0.965913296, 0.258866191, -1.2005793e-05, -9.76592855e-06, 9.04893204e-06, 1.00000012, 0.258866161, 0.965913415, -6.1506953e-06, 60 change(s)]
Chamber   MovingParts.CoreAntenna.SpecialCoreAntenna.FrontPiece.StructureDetail.Front.Model.Meshes/Trapezoid ~(39.6, 300.7, -14.0).CFrame = 39.63451, 300.66217, -14.0342131, -0.965913296, -0.258866131, 1.15994726e-05, -9.58570126e-06, -9.04141598e-06, -1.00000012, 0.258866161, -0.965913177, 6.25181019e-06   [was 39.63451, 300.66217, -14.034214, -0.965913296, -0.258866131, 1.17755017e-05, -9.76592855e-06, -9.04893022e-06, -1.00000012, 0.258866161, -0.965913177, 6.21241361e-06, 60 change(s)]
Chamber   MovingParts.CoreAntenna.SpecialCoreAntenna.FrontPiece.StructureDetail.Front.Model.Meshes/Trapezoid ~(39.5, 297.0, -14.7).CFrame = 39.4533501, 296.987122, -14.7103424, -0.965913296, -0.258866131, 1.15994726e-05, -9.58570126e-06, -9.04141598e-06, -1.00000012, 0.258866161, -0.965913177, 6.25181019e-06   [was 39.4533539, 296.987122, -14.7103443, -0.965913296, -0.258866131, 1.17755017e-05, -9.76592855e-06, -9.04893022e-06, -1.00000012, 0.258866161, -0.965913177, 6.21241361e-06, 60 change(s)]
Chamber   MovingParts.CoreAntenna.SpecialCoreAntenna.FrontPiece.StructureDetail.Front.Model.Part ~(38.7, 298.2, -17.4).CFrame = 38.7252693, 298.211823, -17.4270744, 0.965914547, 2.76324899e-05, -0.258861065, 4.4597482e-06, -1, -9.01036838e-05, -0.258861065, 8.5877924e-05, -0.965914547   [was 38.7252693, 298.211823, -17.4270763, 0.965914547, 2.78085172e-05, -0.258861065, 4.63997549e-06, -1, -9.01111998e-05, -0.258861065, 8.58385247e-05, -0.965914547, 60 change(s)]
Chamber   MovingParts.CoreAntenna.SpecialCoreAntenna.FrontPiece.StructureDetail.Front.Model.Meshes/Trapezoid ~(39.8, 300.7, -13.4).CFrame = 39.8092613, 300.66217, -13.3821754, -0.965913296, 0.258866191, -1.18297639e-05, -9.58570126e-06, 9.0414178e-06, 1.00000012, 0.258866161, 0.965913415, -6.19009188e-06   [was 39.8092613, 300.66217, -13.3821764, -0.965913296, 0.258866191, -1.2005793e-05, -9.76592855e-06, 9.04893204e-06, 1.00000012, 0.258866161, 0.965913415, -6.1506953e-06, 60 change(s)]
Chamber   MovingParts.CoreAntenna.SpecialCoreAntenna.FrontPiece.StructureDetail.Front.Model.Meshes/Trapezoid ~(39.1, 309.2, -16.1).CFrame = 39.0908089, 309.237122, -16.062727, -0.965913296, -0.258866131, 1.15994726e-05, -9.58570126e-06, -9.04141598e-06, -1.00000012, 0.258866161, -0.965913177, 6.25181019e-06   [was 39.0908089, 309.237122, -16.062727, -0.965913296, -0.258866131, 1.17755017e-05, -9.76592855e-06, -9.04893022e-06, -1.00000012, 0.258866161, -0.965913177, 6.21241361e-06, 60 change(s)]
Chamber   MovingParts.CoreAntenna.SpecialCoreAntenna.FrontPiece.StructureDetail.Front.Model.Meshes/Trapezoid ~(38.9, 299.4, -16.8).CFrame = 38.9032211, 299.437134, -16.7629204, -0.965913296, 0.258866191, -1.18297639e-05, -9.58570126e-06, 9.0414178e-06, 1.00000012, 0.258866161, 0.965913415, -6.19009188e-06   [was 38.9032211, 299.437134, -16.7629223, -0.965913296, 0.258866191, -1.2005793e-05, -9.76592855e-06, 9.04893204e-06, 1.00000012, 0.258866161, 0.965913415, -6.1506953e-06, 60 change(s)]
Chamber   MovingParts.CoreAntenna.SpecialCoreAntenna.FrontPiece.StructureDetail.Front.Model.Part ~(38.7, 297.6, -17.4).CFrame = 38.7252693, 297.624298, -17.4270687, 0.965914547, 2.76324899e-05, -0.258861065, 4.4597482e-06, -1, -9.01036838e-05, -0.258861065, 8.5877924e-05, -0.965914547   [was 38.7252693, 297.624298, -17.4270706, 0.965914547, 2.78085172e-05, -0.258861065, 4.63997549e-06, -1, -9.01111998e-05, -0.258861065, 8.58385247e-05, -0.965914547, 60 change(s)]
Chamber   MovingParts.CoreAntenna.SpecialCoreAntenna.FrontPiece.StructureDetail.Front.Model.Meshes/Trapezoid ~(38.9, 306.8, -16.8).CFrame = 38.9031296, 306.78717, -16.7629662, -0.965913296, 0.258866191, -1.18297639e-05, -9.58570126e-06, 9.0414178e-06, 1.00000012, 0.258866161, 0.965913415, -6.19009188e-06   [was 38.9031296, 306.78717, -16.7629662, -0.965913296, 0.258866191, -1.2005793e-05, -9.76592855e-06, 9.04893204e-06, 1.00000012, 0.258866161, 0.965913415, -6.1506953e-06, 60 change(s)]
Chamber   MovingParts.CoreAntenna.SpecialCoreAntenna.FrontPiece.StructureDetail.Front.Model.Meshes/Trapezoid ~(38.7, 309.2, -17.4).CFrame = 38.7284012, 309.237122, -17.414999, -0.965913296, -0.258866131, 1.15994726e-05, -9.58570126e-06, -9.04141598e-06, -1.00000012, 0.258866161, -0.965913177, 6.25181019e-06   [was 38.7283974, 309.237122, -17.4150009, -0.965913296, -0.258866131, 1.17755017e-05, -9.76592855e-06, -9.04893022e-06, -1.00000012, 0.258866161, -0.965913177, 6.21241361e-06, 60 change(s)]
Chamber   MovingParts.CoreAntenna.SpecialCoreAntenna.FrontPiece.StructureDetail.Front.Model.Meshes/Trapezoid ~(39.5, 306.8, -14.7).CFrame = 39.4532509, 306.787201, -14.7103767, -0.965913296, -0.258866131, 1.15994726e-05, -9.58570126e-06, -9.04141598e-06, -1.00000012, 0.258866161, -0.965913177, 6.25181019e-06   [was 39.4532509, 306.787201, -14.7103767, -0.965913296, -0.258866131, 1.17755017e-05, -9.76592855e-06, -9.04893022e-06, -1.00000012, 0.258866161, -0.965913177, 6.21241361e-06, 60 change(s)]
Chamber   MovingParts.CoreAntenna.SpecialCoreAntenna.FrontPiece.StructureDetail.Front.Model.Meshes/Trapezoid ~(40.4, 305.6, -11.3).CFrame = 40.3592949, 305.562225, -11.3296719, -0.965913296, -0.258866131, 1.15994726e-05, -9.58570126e-06, -9.04141598e-06, -1.00000012, 0.258866161, -0.965913177, 6.25181019e-06   [was 40.3592911, 305.562225, -11.3296728, -0.965913296, -0.258866131, 1.17755017e-05, -9.76592855e-06, -9.04893022e-06, -1.00000012, 0.258866161, -0.965913177, 6.21241361e-06, 60 change(s)]
Chamber   MovingParts.CoreAntenna.SpecialCoreAntenna.FrontPiece.StructureDetail.Front.Model.Part ~(40.7, 297.6, -10.0).CFrame = 40.7185249, 297.62442, -9.98945808, -0.965914547, 2.76324899e-05, 0.258861065, -4.4597482e-06, -1, 9.01036838e-05, 0.258861065, 8.5877924e-05, 0.965914547   [was 40.7185249, 297.62442, -9.98945904, -0.965914547, 2.78085172e-05, 0.258861065, -4.63997549e-06, -1, 9.01111998e-05, 0.258861065, 8.58385247e-05, 0.965914547, 60 change(s)]
Chamber   MovingParts.CoreAntenna.SpecialCoreAntenna.FrontPiece.StructureDetail.Front.Model.Meshes/Trapezoid ~(39.3, 306.8, -15.4).CFrame = 39.2655716, 306.78717, -15.4106693, -0.965913296, 0.258866191, -1.18297639e-05, -9.58570126e-06, 9.0414178e-06, 1.00000012, 0.258866161, 0.965913415, -6.19009188e-06   [was 39.2655716, 306.78717, -15.4106703, -0.965913296, 0.258866191, -1.2005793e-05, -9.76592855e-06, 9.04893204e-06, 1.00000012, 0.258866161, 0.965913415, -6.1506953e-06, 60 change(s)]
Chamber   MovingParts.CoreAntenna.SpecialCoreAntenna.FrontPiece.StructureDetail.Front.Model.Meshes/Trapezoid ~(40.4, 300.7, -11.3).CFrame = 40.3593407, 300.66217, -11.3296385, -0.965913296, -0.258866131, 1.15994726e-05, -9.58570126e-06, -9.04141598e-06, -1.00000012, 0.258866161, -0.965913177, 6.25181019e-06   [was 40.3593407, 300.66217, -11.3296394, -0.965913296, -0.258866131, 1.17755017e-05, -9.76592855e-06, -9.04893022e-06, -1.00000012, 0.258866161, -0.965913177, 6.21241361e-06, 60 change(s)]
Chamber   MovingParts.CoreAntenna.SpecialCoreAntenna.FrontPiece.StructureDetail.Front.Model.Meshes/Trapezoid ~(40.4, 304.3, -11.4).CFrame = 40.3528442, 304.337219, -11.3537769, -0.965913296, 0.258866191, -1.18297639e-05, -9.58570126e-06, 9.0414178e-06, 1.00000012, 0.258866161, 0.965913415, -6.19009188e-06   [was 40.3528442, 304.337219, -11.3537769, -0.965913296, 0.258866191, -1.2005793e-05, -9.76592855e-06, 9.04893204e-06, 1.00000012, 0.258866161, 0.965913415, -6.1506953e-06, 60 change(s)]
Chamber   MovingParts.CoreAntenna.SpecialCoreAntenna.FrontPiece.StructureDetail.Front.Model.Part ~(40.7, 298.2, -10.0).CFrame = 40.718544, 298.211945, -9.9894371, 0.965914547, 7.80751798e-05, 0.258861065, -8.18477711e-05, 1, 3.79615631e-06, -0.258861065, -2.48544366e-05, 0.965914547   [was 40.718544, 298.211945, -9.98943806, 0.965914547, 7.78991525e-05, 0.258861065, -8.16675456e-05, 1, 3.80366964e-06, -0.258861065, -2.48150391e-05, 0.965914547, 60 change(s)]
Chamber   MovingParts.CoreAntenna.SpecialCoreAntenna.FrontPiece.StructureDetail.Front.Model.Meshes/Trapezoid ~(39.8, 306.8, -13.4).CFrame = 39.8156586, 306.787201, -13.3581028, -0.965913296, -0.258866131, 1.15994726e-05, -9.58570126e-06, -9.04141598e-06, -1.00000012, 0.258866161, -0.965913177, 6.25181019e-06   [was 39.8156586, 306.787201, -13.3581038, -0.965913296, -0.258866131, 1.17755017e-05, -9.76592855e-06, -9.04893022e-06, -1.00000012, 0.258866161, -0.965913177, 6.21241361e-06, 60 change(s)]
Chamber   MovingParts.CoreAntenna.SpecialCoreAntenna.FrontPiece.StructureDetail.Front.Model.Meshes/Trapezoid ~(39.6, 305.6, -14.0).CFrame = 39.6344681, 305.562195, -14.0342474, -0.965913296, -0.258866131, 1.15994726e-05, -9.58570126e-06, -9.04141598e-06, -1.00000012, 0.258866161, -0.965913177, 6.25181019e-06   [was 39.6344681, 305.562195, -14.0342484, -0.965913296, -0.258866131, 1.17755017e-05, -9.76592855e-06, -9.04893022e-06, -1.00000012, 0.258866161, -0.965913177, 6.21241361e-06, 60 change(s)]
Chamber   MovingParts.CoreAntenna.SpecialCoreAntenna.FrontPiece.StructureDetail.Front.Model.Meshes/Trapezoid ~(40.4, 301.9, -11.4).CFrame = 40.3528595, 301.887177, -11.3537884, -0.965913296, 0.258866191, -1.18297639e-05, -9.58570126e-06, 9.0414178e-06, 1.00000012, 0.258866161, 0.965913415, -6.19009188e-06   [was 40.3528595, 301.887177, -11.3537893, -0.965913296, 0.258866191, -1.2005793e-05, -9.76592855e-06, 9.04893204e-06, 1.00000012, 0.258866161, 0.965913415, -6.1506953e-06, 60 change(s)]
Chamber   MovingParts.CoreAntenna.SpecialCoreAntenna.FrontPiece.StructureDetail.Front.Model.Part ~(38.7, 300.1, -17.4).CFrame = 38.7252312, 300.074341, -17.4271126, 0.965914547, 2.76324899e-05, -0.258861065, 4.4597482e-06, -1, -9.01036838e-05, -0.258861065, 8.5877924e-05, -0.965914547   [was 38.7252312, 300.074341, -17.4271126, 0.965914547, 2.78085172e-05, -0.258861065, 4.63997549e-06, -1, -9.01111998e-05, -0.258861065, 8.58385247e-05, -0.965914547, 60 change(s)]
Chamber   MovingParts.CoreAntenna.SpecialCoreAntenna.FrontPiece.StructureDetail.Front.Model.Meshes/Trapezoid ~(40.0, 301.9, -12.7).CFrame = 39.9904518, 301.887177, -12.7060623, -0.965913296, 0.258866191, -1.18297639e-05, -9.58570126e-06, 9.0414178e-06, 1.00000012, 0.258866161, 0.965913415, -6.19009188e-06   [was 39.9904518, 301.887177, -12.7060633, -0.965913296, 0.258866191, -1.2005793e-05, -9.76592855e-06, 9.04893204e-06, 1.00000012, 0.258866161, 0.965913415, -6.1506953e-06, 60 change(s)]
Chamber   MovingParts.CoreAntenna.SpecialCoreAntenna.FrontPiece.StructureDetail.Front.Model.Meshes/Trapezoid ~(38.9, 303.1, -16.7).CFrame = 38.9096565, 303.112152, -16.7388363, -0.965913296, -0.258866131, 1.15994726e-05, -9.58570126e-06, -9.04141598e-06, -1.00000012, 0.258866161, -0.965913177, 6.25181019e-06   [was 38.9096565, 303.112152, -16.7388363, -0.965913296, -0.258866131, 1.17755017e-05, -9.76592855e-06, -9.04893022e-06, -1.00000012, 0.258866161, -0.965913177, 6.21241361e-06, 60 change(s)]
Chamber   MovingParts.CoreAntenna.SpecialCoreAntenna.FrontPiece.StructureDetail.Front.Model.Meshes/Trapezoid ~(39.1, 304.3, -16.1).CFrame = 39.0908585, 304.337158, -16.0626926, -0.965913296, -0.258866131, 1.15994726e-05, -9.58570126e-06, -9.04141598e-06, -1.00000012, 0.258866161, -0.965913177, 6.25181019e-06   [was 39.0908585, 304.337158, -16.0626945, -0.965913296, -0.258866131, 1.17755017e-05, -9.76592855e-06, -9.04893022e-06, -1.00000012, 0.258866161, -0.965913177, 6.21241361e-06, 60 change(s)]
Chamber   MovingParts.CoreAntenna.SpecialCoreAntenna.FrontPiece.StructureDetail.Front.Model.Meshes/Trapezoid ~(39.8, 309.2, -13.4).CFrame = 39.8156204, 309.237183, -13.3581152, -0.965913296, -0.258866131, 1.15994726e-05, -9.58570126e-06, -9.04141598e-06, -1.00000012, 0.258866161, -0.965913177, 6.25181019e-06   [was 39.8156166, 309.237183, -13.3581161, -0.965913296, -0.258866131, 1.17755017e-05, -9.76592855e-06, -9.04893022e-06, -1.00000012, 0.258866161, -0.965913177, 6.21241361e-06, 60 change(s)]
Chamber   MovingParts.CoreAntenna.SpecialCoreAntenna.FrontPiece.StructureDetail.Front.Model.Part ~(40.7, 306.1, -10.0).CFrame = 40.7184105, 306.149475, -9.98950672, 0.965914547, -2.76324899e-05, 0.258861065, 4.4597482e-06, 1, 9.01036838e-05, -0.258861065, -8.5877924e-05, 0.965914547   [was 40.7184105, 306.149475, -9.98950768, 0.965914547, -2.78085172e-05, 0.258861065, 4.63997549e-06, 1, 9.01111998e-05, -0.258861065, -8.58385247e-05, 0.965914547, 60 change(s)]
Chamber   MovingParts.CoreAntenna.SpecialCoreAntenna.FrontPiece.StructureDetail.Front.Model.Meshes/Trapezoid ~(39.6, 299.4, -14.1).CFrame = 39.6280594, 299.437164, -14.0583162, -0.965913296, 0.258866191, -1.18297639e-05, -9.58570126e-06, 9.0414178e-06, 1.00000012, 0.258866161, 0.965913415, -6.19009188e-06   [was 39.6280594, 299.437164, -14.0583172, -0.965913296, 0.258866191, -1.2005793e-05, -9.76592855e-06, 9.04893204e-06, 1.00000012, 0.258866161, 0.965913415, -6.1506953e-06, 60 change(s)]
Chamber   MovingParts.CoreAntenna.SpecialCoreAntenna.FrontPiece.StructureDetail.Front.Model.Meshes/Trapezoid ~(39.1, 301.9, -16.1).CFrame = 39.090889, 301.887146, -16.0626793, -0.965913296, -0.258866131, 1.15994726e-05, -9.58570126e-06, -9.04141598e-06, -1.00000012, 0.258866161, -0.965913177, 6.25181019e-06   [was 39.090889, 301.887146, -16.0626793, -0.965913296, -0.258866131, 1.17755017e-05, -9.76592855e-06, -9.04893022e-06, -1.00000012, 0.258866161, -0.965913177, 6.21241361e-06, 60 change(s)]
Chamber   MovingParts.CoreAntenna.SpecialCoreAntenna.FrontPiece.StructureDetail.Front.Model.Meshes/Trapezoid ~(39.6, 301.9, -14.1).CFrame = 39.6280289, 301.887146, -14.058363, -0.965913296, 0.258866191, -1.18297639e-05, -9.58570126e-06, 9.0414178e-06, 1.00000012, 0.258866161, 0.965913415, -6.19009188e-06   [was 39.6280289, 301.887146, -14.0583639, -0.965913296, 0.258866191, -1.2005793e-05, -9.76592855e-06, 9.04893204e-06, 1.00000012, 0.258866161, 0.965913415, -6.1506953e-06, 60 change(s)]
Chamber   MovingParts.CoreAntenna.SpecialCoreAntenna.FrontPiece.StructureDetail.Front.Model.Part ~(40.7, 305.6, -10.0).CFrame = 40.7184372, 305.561951, -9.98947716, 0.965914547, 7.80751798e-05, 0.258861065, -8.18477711e-05, 1, 3.79615631e-06, -0.258861065, -2.48544366e-05, 0.965914547   [was 40.7184372, 305.561951, -9.98947811, 0.965914547, 7.78991525e-05, 0.258861065, -8.16675456e-05, 1, 3.80366964e-06, -0.258861065, -2.48150391e-05, 0.965914547, 60 change(s)]
Chamber   MovingParts.CoreAntenna.SpecialCoreAntenna.FrontPiece.StructureDetail.Front.Model.Meshes/Trapezoid ~(40.2, 305.6, -12.0).CFrame = 40.171627, 305.562225, -12.0299358, -0.965913296, 0.258866191, -1.18297639e-05, -9.58570126e-06, 9.0414178e-06, 1.00000012, 0.258866161, 0.965913415, -6.19009188e-06   [was 40.1716232, 305.562225, -12.0299368, -0.965913296, 0.258866191, -1.2005793e-05, -9.76592855e-06, 9.04893204e-06, 1.00000012, 0.258866161, 0.965913415, -6.1506953e-06, 60 change(s)]
Chamber   MovingParts.CoreAntenna.SpecialCoreAntenna.FrontPiece.StructureDetail.Front.Model.Meshes/Trapezoid ~(40.0, 308.0, -12.7).CFrame = 39.9968338, 308.012207, -12.6819859, -0.965913296, -0.258866131, 1.15994726e-05, -9.58570126e-06, -9.04141598e-06, -1.00000012, 0.258866161, -0.965913177, 6.25181019e-06   [was 39.9968338, 308.012207, -12.6819868, -0.965913296, -0.258866131, 1.17755017e-05, -9.76592855e-06, -9.04893022e-06, -1.00000012, 0.258866161, -0.965913177, 6.21241361e-06, 60 change(s)]
Chamber   MovingParts.CoreAntenna.SpecialCoreAntenna.FrontPiece.StructureDetail.Front.Model.Meshes/Trapezoid ~(39.3, 308.0, -15.4).CFrame = 39.2720261, 308.012177, -15.3865347, -0.965913296, -0.258866131, 1.15994726e-05, -9.58570126e-06, -9.04141598e-06, -1.00000012, 0.258866161, -0.965913177, 6.25181019e-06   [was 39.2720261, 308.012177, -15.3865356, -0.965913296, -0.258866131, 1.17755017e-05, -9.76592855e-06, -9.04893022e-06, -1.00000012, 0.258866161, -0.965913177, 6.21241361e-06, 60 change(s)]
Chamber   MovingParts.CoreAntenna.SpecialCoreAntenna.FrontPiece.StructureDetail.Front.Model.Meshes/Trapezoid ~(40.7, 306.8, -10.0).CFrame = 40.715229, 306.787231, -10.0014877, -0.965913296, 0.258866191, -1.18297639e-05, -9.58570126e-06, 9.0414178e-06, 1.00000012, 0.258866161, 0.965913415, -6.19009188e-06   [was 40.715229, 306.787231, -10.0014877, -0.965913296, 0.258866191, -1.2005793e-05, -9.76592855e-06, 9.04893204e-06, 1.00000012, 0.258866161, 0.965913415, -6.1506953e-06, 60 change(s)]
Chamber   MovingParts.CoreAntenna.SpecialCoreAntenna.FrontPiece.StructureDetail.Front.Model.Part ~(38.7, 298.8, -17.4).CFrame = 38.7252426, 298.799347, -17.4271049, -0.965914547, -2.76324899e-05, -0.258861065, -4.4597482e-06, 1, -9.01036838e-05, 0.258861065, -8.5877924e-05, -0.965914547   [was 38.7252464, 298.799347, -17.4271049, -0.965914547, -2.78085172e-05, -0.258861065, -4.63997549e-06, 1, -9.01111998e-05, 0.258861065, -8.58385247e-05, -0.965914547, 60 change(s)]
Chamber   MovingParts.CoreAntenna.SpecialCoreAntenna.FrontPiece.StructureDetail.Front.Model.Meshes/Trapezoid ~(40.4, 308.0, -11.3).CFrame = 40.3592453, 308.012207, -11.3296814, -0.965913296, -0.258866131, 1.15994726e-05, -9.58570126e-06, -9.04141598e-06, -1.00000012, 0.258866161, -0.965913177, 6.25181019e-06   [was 40.3592453, 308.012207, -11.3296824, -0.965913296, -0.258866131, 1.17755017e-05, -9.76592855e-06, -9.04893022e-06, -1.00000012, 0.258866161, -0.965913177, 6.21241361e-06, 60 change(s)]
Chamber   MovingParts.CoreAntenna.SpecialCoreAntenna.FrontPiece.StructureDetail.Front.Model.Meshes/Trapezoid ~(39.1, 305.6, -16.1).CFrame = 39.0843582, 305.562164, -16.0868397, -0.965913296, 0.258866191, -1.18297639e-05, -9.58570126e-06, 9.0414178e-06, 1.00000012, 0.258866161, 0.965913415, -6.19009188e-06   [was 39.0843582, 305.562164, -16.0868397, -0.965913296, 0.258866191, -1.2005793e-05, -9.76592855e-06, 9.04893204e-06, 1.00000012, 0.258866161, 0.965913415, -6.1506953e-06, 60 change(s)]
Chamber   MovingParts.CoreAntenna.SpecialCoreAntenna.FrontPiece.StructureDetail.Front.Model.Meshes/Trapezoid ~(40.0, 303.1, -12.7).CFrame = 39.9969025, 303.112183, -12.6819267, -0.965913296, -0.258866131, 1.15994726e-05, -9.58570126e-06, -9.04141598e-06, -1.00000012, 0.258866161, -0.965913177, 6.25181019e-06   [was 39.9969025, 303.112183, -12.6819277, -0.965913296, -0.258866131, 1.17755017e-05, -9.76592855e-06, -9.04893022e-06, -1.00000012, 0.258866161, -0.965913177, 6.21241361e-06, 60 change(s)]
Chamber   MovingParts.CoreAntenna.SpecialCoreAntenna.FrontPiece.StructureDetail.MainFrame ~(42.4, 303.1, -14.4).CFrame = 42.3507156, 303.109009, -14.4257641, 1.17146164e-05, -0.258866131, 0.965913177, -1, -9.04141598e-06, 9.70490964e-06, 6.22095013e-06, -0.965913177, -0.258866131   [was 42.3507156, 303.109009, -14.425765, 1.18906455e-05, -0.258866131, 0.965913177, -1, -9.04893022e-06, 9.88513693e-06, 6.18155354e-06, -0.965913177, -0.258866131, 60 change(s)]
Chamber   MovingParts.CoreAntenna.SpecialCoreAntenna.FrontPiece.StructureDetail.CautionPart ~(41.5, 302.8, -14.2).CFrame = 41.5087814, 302.821533, -14.1871996, -1.17146164e-05, 0.258866131, 0.965913177, 1, 9.04141598e-06, 9.70490964e-06, -6.22095013e-06, 0.965913177, -0.258866131   [was 41.5087814, 302.821533, -14.1872005, -1.18906455e-05, 0.258866131, 0.965913177, 1, 9.04893022e-06, 9.88513693e-06, -6.18155354e-06, 0.965913177, -0.258866131, 60 change(s)]
Chamber   MovingParts.CoreAntenna.SpecialCoreAntenna.FrontPiece.StructureDetail.TextPart ~(40.7, 295.9, -14.0).CFrame = 40.663681, 295.946503, -13.9606152, -0.258861065, -0.965914547, 7.53595668e-05, -1.42865738e-05, 8.18477711e-05, 1, -0.965914547, 0.258861065, -3.4987268e-05   [was 40.663681, 295.946503, -13.9606161, -0.258861065, -0.965914547, 7.51835323e-05, -1.42940871e-05, 8.16675456e-05, 1, -0.965914547, 0.258861065, -3.49478723e-05, 60 change(s)]
Chamber   MovingParts.CoreAntenna.SpecialCoreAntenna.FrontPiece.StructureDetail.Vent ~(40.7, 302.9, -14.0).CFrame = 40.6635933, 302.921478, -13.9606886, -1.17146192e-05, -0.965913236, 0.258866042, 1.00000024, -9.70490964e-06, 9.04141598e-06, -6.22095149e-06, 0.25886628, 0.965913355   [was 40.6635933, 302.921478, -13.9606895, -1.18906482e-05, -0.965913236, 0.258866042, 1.00000024, -9.88513693e-06, 9.04893022e-06, -6.18155491e-06, 0.25886628, 0.965913355, 60 change(s)]
Chamber   MovingParts.CoreAntenna.SpecialCoreAntenna3.FrontPiece.StructureDetail.Front.Plates.Part.CFrame = -27.0180454, 306.086975, 48.2667427, -0.258797973, -6.88558939e-05, -0.965931475, 1.06068683e-06, 1, -7.15687202e-05, 0.965931475, -1.95468092e-05, -0.258797973   [was -27.0180454, 306.086975, 48.2667427, -0.258797973, -6.89061126e-05, -0.965931475, 8.12981853e-07, 1, -7.15543501e-05, 0.965931475, -1.93038213e-05, -0.258797973, 60 change(s)]
Chamber   MovingParts.CoreAntenna.SpecialCoreAntenna3.FrontPiece.StructureDetail.Front.Plates.Plating.CFrame = -25.0258236, 306.78714, 48.8004646, 0.25880307, 0.965930104, -1.07712613e-05, -6.18673721e-06, -9.49355945e-06, -1.00000012, -0.965930223, 0.25880304, 3.51899348e-06   [was -25.0258236, 306.78717, 48.8004646, 0.25880307, 0.965930104, -1.07210462e-05, -5.93903223e-06, -9.50794038e-06, -1.00000012, -0.965930223, 0.25880304, 3.27600583e-06, 60 change(s)]
Chamber   MovingParts.CoreAntenna.SpecialCoreAntenna3.FrontPiece.StructureDetail.Front.Plates.Plating ~(-20.9, 305.6, 49.9).CFrame = -20.8964386, 305.562103, 49.9068909, 0.25880307, -0.965930343, 1.0832965e-05, -6.18673721e-06, 9.49356127e-06, 1.00000012, -0.965930223, -0.258803099, -3.74928936e-06   [was -20.8964386, 305.562103, 49.9068909, 0.25880307, -0.965930343, 1.078275e-05, -5.93903223e-06, 9.5079422e-06, 1.00000012, -0.965930223, -0.258803099, -3.50630171e-06, 60 change(s)]
Chamber   MovingParts.CoreAntenna.SpecialCoreAntenna3.FrontPiece.StructureDetail.Front.Plates.Plating ~(-22.9, 299.4, 49.4).CFrame = -22.9249725, 299.437164, 49.3634567, 0.25880307, -0.965930343, 1.0832965e-05, -6.18673721e-06, 9.49356127e-06, 1.00000012, -0.965930223, -0.258803099, -3.74928936e-06   [was -22.9249725, 299.437164, 49.3634567, 0.25880307, -0.965930343, 1.078275e-05, -5.93903223e-06, 9.5079422e-06, 1.00000012, -0.965930223, -0.258803099, -3.50630171e-06, 60 change(s)]
Chamber   MovingParts.CoreAntenna.SpecialCoreAntenna3.FrontPiece.StructureDetail.Front.Plates.Plating ~(-20.2, 309.2, 50.1).CFrame = -20.2202644, 309.237183, 50.0880318, 0.25880307, -0.965930343, 1.0832965e-05, -6.18673721e-06, 9.49356127e-06, 1.00000012, -0.965930223, -0.258803099, -3.74928936e-06   [was -20.2202663, 309.237183, 50.0880356, 0.25880307, -0.965930343, 1.078275e-05, -5.93903223e-06, 9.5079422e-06, 1.00000012, -0.965930223, -0.258803099, -3.50630171e-06, 60 change(s)]
Chamber   MovingParts.CoreAntenna.SpecialCoreAntenna3.FrontPiece.StructureDetail.Front.Plates.Plating ~(-26.4, 297.0, 48.4).CFrame = -26.3782711, 296.987183, 48.4382286, 0.25880307, 0.965930104, -1.07712613e-05, -6.18673721e-06, -9.49355945e-06, -1.00000012, -0.965930223, 0.25880304, 3.51899348e-06   [was -26.3782711, 296.987183, 48.4382286, 0.25880307, 0.965930104, -1.07210462e-05, -5.93903223e-06, -9.50794038e-06, -1.00000012, -0.965930223, 0.25880304, 3.27600583e-06, 60 change(s)]
Chamber   MovingParts.CoreAntenna.SpecialCoreAntenna3.FrontPiece.StructureDetail.Front.Plates.Plating ~(-24.3, 305.6, 49.0).CFrame = -24.3497047, 305.562134, 48.9816284, 0.25880307, 0.965930104, -1.07712613e-05, -6.18673721e-06, -9.49355945e-06, -1.00000012, -0.965930223, 0.25880304, 3.51899348e-06   [was -24.3497047, 305.562134, 48.9816322, 0.25880307, 0.965930104, -1.07210462e-05, -5.93903223e-06, -9.50794038e-06, -1.00000012, -0.965930223, 0.25880304, 3.27600583e-06, 60 change(s)]
Chamber   MovingParts.CoreAntenna.SpecialCoreAntenna3.FrontPiece.StructureDetail.Front.Plates.Part ~(-19.6, 300.7, 50.3).CFrame = -19.5803814, 300.661865, 50.2596016, -0.258808106, -8.77451675e-05, 0.965928733, 1.06078687e-06, -1, -9.05558409e-05, 0.965928733, -2.24115392e-05, 0.258808106   [was -19.5803814, 300.661865, 50.2595978, -0.258808106, -8.76949489e-05, 0.965928733, 8.13081897e-07, -1, -9.05702254e-05, 0.965928733, -2.26545271e-05, 0.258808106, 60 change(s)]
Chamber   MovingParts.CoreAntenna.SpecialCoreAntenna3.FrontPiece.StructureDetail.Front.Plates.Plating ~(-19.6, 304.3, 50.2).CFrame = -19.6166382, 304.337128, 50.2497826, 0.25880307, 0.965930104, -1.07712613e-05, -6.18673721e-06, -9.49355945e-06, -1.00000012, -0.965930223, 0.25880304, 3.51899348e-06   [was -19.6166382, 304.337128, 50.2497826, 0.25880307, 0.965930104, -1.07210462e-05, -5.93903223e-06, -9.50794038e-06, -1.00000012, -0.965930223, 0.25880304, 3.27600583e-06, 60 change(s)]
Chamber   MovingParts.CoreAntenna.SpecialCoreAntenna3.FrontPiece.StructureDetail.Front.Plates.Part ~(-27.0, 307.5, 48.3).CFrame = -27.0180588, 307.487, 48.2667274, 0.258797973, 6.88558939e-05, -0.965931475, -1.06068683e-06, -1, -7.15687202e-05, -0.965931475, 1.95468092e-05, -0.258797973   [was -27.0180607, 307.487, 48.2667313, 0.258797973, 6.89061126e-05, -0.965931475, -8.12981853e-07, -1, -7.15543501e-05, -0.965931475, 1.93038213e-05, -0.258797973, 60 change(s)]
Chamber   MovingParts.CoreAntenna.SpecialCoreAntenna3.FrontPiece.StructureDetail.Front.Plates.Plating ~(-23.6, 300.7, 49.2).CFrame = -23.6011238, 300.66217, 49.1822929, 0.25880307, -0.965930343, 1.0832965e-05, -6.18673721e-06, 9.49356127e-06, 1.00000012, -0.965930223, -0.258803099, -3.74928936e-06   [was -23.6011238, 300.66217, 49.1822929, 0.25880307, -0.965930343, 1.078275e-05, -5.93903223e-06, 9.5079422e-06, 1.00000012, -0.965930223, -0.258803099, -3.50630171e-06, 60 change(s)]
Chamber   MovingParts.CoreAntenna.SpecialCoreAntenna3.FrontPiece.StructureDetail.Front.Plates.Plating ~(-21.6, 304.3, 49.7).CFrame = -21.5726414, 304.337158, 49.725708, 0.25880307, -0.965930343, 1.0832965e-05, -6.18673721e-06, 9.49356127e-06, 1.00000012, -0.965930223, -0.258803099, -3.74928936e-06   [was -21.5726414, 304.337158, 49.725708, 0.25880307, -0.965930343, 1.078275e-05, -5.93903223e-06, 9.5079422e-06, 1.00000012, -0.965930223, -0.258803099, -3.50630171e-06, 60 change(s)]
Chamber   MovingParts.CoreAntenna.SpecialCoreAntenna3.FrontPiece.StructureDetail.Front.Plates.Plating ~(-22.3, 297.0, 49.5).CFrame = -22.3213234, 296.987122, 49.5252113, 0.25880307, 0.965930104, -1.07712613e-05, -6.18673721e-06, -9.49355945e-06, -1.00000012, -0.965930223, 0.25880304, 3.51899348e-06   [was -22.3213234, 296.987122, 49.5252113, 0.25880307, 0.965930104, -1.07210462e-05, -5.93903223e-06, -9.50794038e-06, -1.00000012, -0.965930223, 0.25880304, 3.27600583e-06, 60 change(s)]
Chamber   MovingParts.CoreAntenna.SpecialCoreAntenna3.FrontPiece.StructureDetail.Front.Plates.Part ~(-19.6, 298.2, 50.3).CFrame = -19.5803757, 298.211853, 50.2596054, -0.258808106, -8.77451675e-05, 0.965928733, 1.06078687e-06, -1, -9.05558409e-05, 0.965928733, -2.24115392e-05, 0.258808106   [was -19.5803757, 298.211853, 50.2596054, -0.258808106, -8.76949489e-05, 0.965928733, 8.13081897e-07, -1, -9.05702254e-05, 0.965928733, -2.26545271e-05, 0.258808106, 60 change(s)]
Chamber   MovingParts.CoreAntenna.SpecialCoreAntenna3.FrontPiece.StructureDetail.Front.Plates.Plating ~(-26.4, 301.9, 48.4).CFrame = -26.3782501, 301.887207, 48.4382095, 0.25880307, 0.965930104, -1.07712613e-05, -6.18673721e-06, -9.49355945e-06, -1.00000012, -0.965930223, 0.25880304, 3.51899348e-06   [was -26.3782501, 301.887207, 48.4382095, 0.25880307, 0.965930104, -1.07210462e-05, -5.93903223e-06, -9.50794038e-06, -1.00000012, -0.965930223, 0.25880304, 3.27600583e-06, 60 change(s)]
Chamber   MovingParts.CoreAntenna.SpecialCoreAntenna3.FrontPiece.StructureDetail.Front.Plates.Plating ~(-25.7, 308.0, 48.6).CFrame = -25.7019787, 308.012146, 48.6193123, 0.25880307, 0.965930104, -1.07712613e-05, -6.18673721e-06, -9.49355945e-06, -1.00000012, -0.965930223, 0.25880304, 3.51899348e-06   [was -25.7019787, 308.012146, 48.6193161, 0.25880307, 0.965930104, -1.07210462e-05, -5.93903223e-06, -9.50794038e-06, -1.00000012, -0.965930223, 0.25880304, 3.27600583e-06, 60 change(s)]
Chamber   MovingParts.CoreAntenna.SpecialCoreAntenna3.FrontPiece.StructureDetail.Front.Plates.Plating ~(-24.3, 297.0, 49.0).CFrame = -24.2773304, 296.987152, 49.001152, 0.25880307, -0.965930343, 1.0832965e-05, -6.18673721e-06, 9.49356127e-06, 1.00000012, -0.965930223, -0.258803099, -3.74928936e-06   [was -24.2773285, 296.987152, 49.001152, 0.25880307, -0.965930343, 1.078275e-05, -5.93903223e-06, 9.5079422e-06, 1.00000012, -0.965930223, -0.258803099, -3.50630171e-06, 60 change(s)]
Chamber   MovingParts.CoreAntenna.SpecialCoreAntenna3.FrontPiece.StructureDetail.Front.Plates.Plating ~(-23.6, 298.2, 49.2).CFrame = -23.6011562, 298.212158, 49.1823196, 0.25880307, -0.965930343, 1.0832965e-05, -6.18673721e-06, 9.49356127e-06, 1.00000012, -0.965930223, -0.258803099, -3.74928936e-06   [was -23.6011562, 298.212158, 49.1823196, 0.25880307, -0.965930343, 1.078275e-05, -5.93903223e-06, 9.5079422e-06, 1.00000012, -0.965930223, -0.258803099, -3.50630171e-06, 60 change(s)]
Chamber   MovingParts.CoreAntenna.SpecialCoreAntenna3.FrontPiece.StructureDetail.Front.Plates.Plating ~(-20.3, 308.0, 50.1).CFrame = -20.2927589, 308.012115, 50.0685959, 0.25880307, 0.965930104, -1.07712613e-05, -6.18673721e-06, -9.49355945e-06, -1.00000012, -0.965930223, 0.25880304, 3.51899348e-06   [was -20.2927608, 308.012115, 50.0685997, 0.25880307, 0.965930104, -1.07210462e-05, -5.93903223e-06, -9.50794038e-06, -1.00000012, -0.965930223, 0.25880304, 3.27600583e-06, 60 change(s)]
Chamber   MovingParts.CoreAntenna.SpecialCoreAntenna3.FrontPiece.StructureDetail.Front.Plates.Part ~(-19.6, 303.1, 50.3).CFrame = -19.580349, 303.111877, 50.2595749, -0.258808106, -8.77451675e-05, 0.965928733, 1.06078687e-06, -1, -9.05558409e-05, 0.965928733, -2.24115392e-05, 0.258808106   [was -19.580349, 303.111877, 50.2595749, -0.258808106, -8.76949489e-05, 0.965928733, 8.13081897e-07, -1, -9.05702254e-05, 0.965928733, -2.26545271e-05, 0.258808106, 60 change(s)]
Chamber   MovingParts.CoreAntenna.SpecialCoreAntenna3.FrontPiece.StructureDetail.Front.Plates.Plating ~(-25.7, 305.6, 48.6).CFrame = -25.7020016, 305.562164, 48.6193085, 0.25880307, 0.965930104, -1.07712613e-05, -6.18673721e-06, -9.49355945e-06, -1.00000012, -0.965930223, 0.25880304, 3.51899348e-06   [was -25.7020016, 305.562164, 48.6193085, 0.25880307, 0.965930104, -1.07210462e-05, -5.93903223e-06, -9.50794038e-06, -1.00000012, -0.965930223, 0.25880304, 3.27600583e-06, 60 change(s)]
Chamber   MovingParts.CoreAntenna.SpecialCoreAntenna3.FrontPiece.StructureDetail.Front.Plates.Plating ~(-23.7, 309.2, 49.2).CFrame = -23.6735134, 309.237152, 49.1628227, 0.25880307, 0.965930104, -1.07712613e-05, -6.18673721e-06, -9.49355945e-06, -1.00000012, -0.965930223, 0.25880304, 3.51899348e-06   [was -23.6735134, 309.237152, 49.1628227, 0.25880307, 0.965930104, -1.07210462e-05, -5.93903223e-06, -9.50794038e-06, -1.00000012, -0.965930223, 0.25880304, 3.27600583e-06, 60 change(s)]
Chamber   MovingParts.CoreAntenna.SpecialCoreAntenna3.FrontPiece.StructureDetail.Front.Plates.Plating ~(-25.0, 299.4, 48.8).CFrame = -25.0259495, 299.437195, 48.8005447, 0.25880307, 0.965930104, -1.07712613e-05, -6.18673721e-06, -9.49355945e-06, -1.00000012, -0.965930223, 0.25880304, 3.51899348e-06   [was -25.0259495, 299.437195, 48.8005447, 0.25880307, 0.965930104, -1.07210462e-05, -5.93903223e-06, -9.50794038e-06, -1.00000012, -0.965930223, 0.25880304, 3.27600583e-06, 60 change(s)]
Chamber   MovingParts.CoreAntenna.SpecialCoreAntenna3.FrontPiece.StructureDetail.Front.Plates.Plating ~(-24.3, 306.8, 49.0).CFrame = -24.277235, 306.78714, 49.0010376, 0.25880307, -0.965930343, 1.0832965e-05, -6.18673721e-06, 9.49356127e-06, 1.00000012, -0.965930223, -0.258803099, -3.74928936e-06   [was -24.277235, 306.78714, 49.0010414, 0.25880307, -0.965930343, 1.078275e-05, -5.93903223e-06, 9.5079422e-06, 1.00000012, -0.965930223, -0.258803099, -3.50630171e-06, 60 change(s)]
Chamber   MovingParts.CoreAntenna.SpecialCoreAntenna3.FrontPiece.StructureDetail.Front.Plates.Part ~(-19.6, 303.6, 50.3).CFrame = -19.5803452, 303.636841, 50.2595787, 0.258891463, 4.37813151e-06, 0.965906382, -1.06160587e-06, 1, -4.24777318e-06, -0.965906382, 7.48877937e-08, 0.258891463   [was -19.5803452, 303.636841, 50.2595787, 0.258891463, 4.32791649e-06, 0.965906382, -8.13902261e-07, 1, -4.26217684e-06, -0.965906382, 3.17875674e-07, 0.258891463, 60 change(s)]
Chamber   MovingParts.CoreAntenna.SpecialCoreAntenna3.FrontPiece.StructureDetail.Front.Plates.Plating ~(-24.3, 304.3, 49.0).CFrame = -24.2772331, 304.337189, 49.0010643, 0.25880307, -0.965930343, 1.0832965e-05, -6.18673721e-06, 9.49356127e-06, 1.00000012, -0.965930223, -0.258803099, -3.74928936e-06   [was -24.2772331, 304.337189, 49.0010643, 0.25880307, -0.965930343, 1.078275e-05, -5.93903223e-06, 9.5079422e-06, 1.00000012, -0.965930223, -0.258803099, -3.50630171e-06, 60 change(s)]
Chamber   MovingParts.CoreAntenna.SpecialCoreAntenna3.FrontPiece.StructureDetail.Front.Plates.Plating ~(-21.6, 308.0, 49.7).CFrame = -21.6450882, 308.012115, 49.7062721, 0.25880307, 0.965930104, -1.07712613e-05, -6.18673721e-06, -9.49355945e-06, -1.00000012, -0.965930223, 0.25880304, 3.51899348e-06   [was -21.6450882, 308.012115, 49.7062759, 0.25880307, 0.965930104, -1.07210462e-05, -5.93903223e-06, -9.50794038e-06, -1.00000012, -0.965930223, 0.25880304, 3.27600583e-06, 60 change(s)]
Chamber   MovingParts.CoreAntenna.SpecialCoreAntenna3.FrontPiece.StructureDetail.Front.Plates.Plating ~(-19.6, 297.0, 50.2).CFrame = -19.6167183, 296.987152, 50.2498131, 0.25880307, 0.965930104, -1.07712613e-05, -6.18673721e-06, -9.49355945e-06, -1.00000012, -0.965930223, 0.25880304, 3.51899348e-06   [was -19.6167183, 296.987152, 50.2498131, 0.25880307, 0.965930104, -1.07210462e-05, -5.93903223e-06, -9.50794038e-06, -1.00000012, -0.965930223, 0.25880304, 3.27600583e-06, 60 change(s)]
Chamber   MovingParts.CoreAntenna.SpecialCoreAntenna3.FrontPiece.StructureDetail.Front.Plates.Part ~(-19.6, 301.2, 50.3).CFrame = -19.5803719, 301.186859, 50.2595863, 0.258891463, 4.37813151e-06, 0.965906382, -1.06160587e-06, 1, -4.24777318e-06, -0.965906382, 7.48877937e-08, 0.258891463   [was -19.5803719, 301.186859, 50.2595863, 0.258891463, 4.32791649e-06, 0.965906382, -8.13902261e-07, 1, -4.26217684e-06, -0.965906382, 3.17875674e-07, 0.258891463, 60 change(s)]
Chamber   MovingParts.CoreAntenna.SpecialCoreAntenna3.FrontPiece.StructureDetail.Front.Plates.Plating ~(-19.6, 299.4, 50.2).CFrame = -19.6166916, 299.437134, 50.2498016, 0.25880307, 0.965930104, -1.07712613e-05, -6.18673721e-06, -9.49355945e-06, -1.00000012, -0.965930223, 0.25880304, 3.51899348e-06   [was -19.6166916, 299.437134, 50.2498016, 0.25880307, 0.965930104, -1.07210462e-05, -5.93903223e-06, -9.50794038e-06, -1.00000012, -0.965930223, 0.25880304, 3.27600583e-06, 60 change(s)]
Chamber   MovingParts.CoreAntenna.SpecialCoreAntenna3.FrontPiece.StructureDetail.Front.Plates.Plating ~(-26.4, 306.8, 48.4).CFrame = -26.378149, 306.78717, 48.4381332, 0.25880307, 0.965930104, -1.07712613e-05, -6.18673721e-06, -9.49355945e-06, -1.00000012, -0.965930223, 0.25880304, 3.51899348e-06   [was -26.378149, 306.78717, 48.4381332, 0.25880307, 0.965930104, -1.07210462e-05, -5.93903223e-06, -9.50794038e-06, -1.00000012, -0.965930223, 0.25880304, 3.27600583e-06, 60 change(s)]
Chamber   MovingParts.CoreAntenna.SpecialCoreAntenna3.FrontPiece.StructureDetail.Front.Plates.Plating ~(-20.9, 298.2, 49.9).CFrame = -20.8965187, 298.212158, 49.9069138, 0.25880307, -0.965930343, 1.0832965e-05, -6.18673721e-06, 9.49356127e-06, 1.00000012, -0.965930223, -0.258803099, -3.74928936e-06   [was -20.8965187, 298.212158, 49.9069138, 0.25880307, -0.965930343, 1.078275e-05, -5.93903223e-06, 9.5079422e-06, 1.00000012, -0.965930223, -0.258803099, -3.50630171e-06, 60 change(s)]
Chamber   MovingParts.CoreAntenna.SpecialCoreAntenna3.FrontPiece.StructureDetail.Front.Plates.Plating ~(-21.6, 297.0, 49.7).CFrame = -21.5727253, 296.987152, 49.7257538, 0.25880307, -0.965930343, 1.0832965e-05, -6.18673721e-06, 9.49356127e-06, 1.00000012, -0.965930223, -0.258803099, -3.74928936e-06   [was -21.5727253, 296.987152, 49.7257538, 0.25880307, -0.965930343, 1.078275e-05, -5.93903223e-06, 9.5079422e-06, 1.00000012, -0.965930223, -0.258803099, -3.50630171e-06, 60 change(s)]
Chamber   MovingParts.CoreAntenna.SpecialCoreAntenna3.FrontPiece.StructureDetail.Front.Plates.Part ~(-19.6, 302.6, 50.3).CFrame = -19.5803566, 302.586853, 50.2595825, -0.258891463, -4.37813151e-06, 0.965906382, 1.06160587e-06, -1, -4.24777318e-06, 0.965906382, -7.48877937e-08, 0.258891463   [was -19.5803566, 302.586884, 50.2595825, -0.258891463, -4.32791649e-06, 0.965906382, 8.13902261e-07, -1, -4.26217684e-06, 0.965906382, -3.17875674e-07, 0.258891463, 60 change(s)]
Chamber   MovingParts.CoreAntenna.SpecialCoreAntenna3.FrontPiece.StructureDetail.Front.Plates.Plating ~(-22.3, 309.2, 49.5).CFrame = -22.3211899, 309.237152, 49.5251656, 0.25880307, 0.965930104, -1.07712613e-05, -6.18673721e-06, -9.49355945e-06, -1.00000012, -0.965930223, 0.25880304, 3.51899348e-06   [was -22.3211899, 309.237152, 49.5251656, 0.25880307, 0.965930104, -1.07210462e-05, -5.93903223e-06, -9.50794038e-06, -1.00000012, -0.965930223, 0.25880304, 3.27600583e-06, 60 change(s)]
Chamber   MovingParts.CoreAntenna.SpecialCoreAntenna3.FrontPiece.StructureDetail.Front.Plates.Plating ~(-20.9, 300.7, 49.9).CFrame = -20.8965187, 300.66214, 49.9068909, 0.25880307, -0.965930343, 1.0832965e-05, -6.18673721e-06, 9.49356127e-06, 1.00000012, -0.965930223, -0.258803099, -3.74928936e-06   [was -20.8965187, 300.66214, 49.9068909, 0.25880307, -0.965930343, 1.078275e-05, -5.93903223e-06, 9.5079422e-06, 1.00000012, -0.965930223, -0.258803099, -3.50630171e-06, 60 change(s)]
Chamber   MovingParts.CoreAntenna.SpecialCoreAntenna3.FrontPiece.StructureDetail.Front.Plates.Plating ~(-23.6, 305.6, 49.2).CFrame = -23.6010857, 305.562134, 49.1822128, 0.25880307, -0.965930343, 1.0832965e-05, -6.18673721e-06, 9.49356127e-06, 1.00000012, -0.965930223, -0.258803099, -3.74928936e-06   [was -23.6010857, 305.562134, 49.1822128, 0.25880307, -0.965930343, 1.078275e-05, -5.93903223e-06, 9.5079422e-06, 1.00000012, -0.965930223, -0.258803099, -3.50630171e-06, 60 change(s)]
Chamber   MovingParts.CoreAntenna.SpecialCoreAntenna3.FrontPiece.StructureDetail.Front.Plates.Part ~(-27.0, 298.7, 48.3).CFrame = -27.0181541, 298.736938, 48.2667618, -0.258797973, -6.88558939e-05, -0.965931475, 1.06068683e-06, 1, -7.15687202e-05, 0.965931475, -1.95468092e-05, -0.258797973   [was -27.0181541, 298.736938, 48.266758, -0.258797973, -6.89061126e-05, -0.965931475, 8.12981853e-07, 1, -7.15543501e-05, 0.965931475, -1.93038213e-05, -0.258797973, 60 change(s)]
Chamber   MovingParts.CoreAntenna.SpecialCoreAntenna3.FrontPiece.StructureDetail.Front.Plates.Plating ~(-25.0, 304.3, 48.8).CFrame = -25.0258827, 304.337189, 48.8004799, 0.25880307, 0.965930104, -1.07712613e-05, -6.18673721e-06, -9.49355945e-06, -1.00000012, -0.965930223, 0.25880304, 3.51899348e-06   [was -25.0258827, 304.337189, 48.8004799, 0.25880307, 0.965930104, -1.07210462e-05, -5.93903223e-06, -9.50794038e-06, -1.00000012, -0.965930223, 0.25880304, 3.27600583e-06, 60 change(s)]
Chamber   MovingParts.CoreAntenna.SpecialCoreAntenna3.FrontPiece.StructureDetail.Front.Plates.Plating ~(-25.0, 309.2, 48.8).CFrame = -25.025816, 309.237183, 48.8005257, 0.25880307, 0.965930104, -1.07712613e-05, -6.18673721e-06, -9.49355945e-06, -1.00000012, -0.965930223, 0.25880304, 3.51899348e-06   [was -25.025816, 309.237183, 48.8005257, 0.25880307, 0.965930104, -1.07210462e-05, -5.93903223e-06, -9.50794038e-06, -1.00000012, -0.965930223, 0.25880304, 3.27600583e-06, 60 change(s)]
Chamber   MovingParts.CoreAntenna.SpecialCoreAntenna3.FrontPiece.StructureDetail.Front.Plates.Plating ~(-22.2, 303.1, 49.5).CFrame = -22.2488155, 303.112152, 49.5445442, 0.25880307, -0.965930343, 1.0832965e-05, -6.18673721e-06, 9.49356127e-06, 1.00000012, -0.965930223, -0.258803099, -3.74928936e-06   [was -22.2488155, 303.112152, 49.5445442, 0.25880307, -0.965930343, 1.078275e-05, -5.93903223e-06, 9.5079422e-06, 1.00000012, -0.965930223, -0.258803099, -3.50630171e-06, 60 change(s)]
Chamber   MovingParts.CoreAntenna.SpecialCoreAntenna3.FrontPiece.StructureDetail.Front.Plates.Part ~(-27.0, 298.2, 48.3).CFrame = -27.0181236, 298.211975, 48.2667465, -0.258808106, -1.79585186e-05, -0.965928733, -8.52467347e-05, 1, 4.24831751e-06, 0.965928733, 8.34419261e-05, -0.258808106   [was -27.0181236, 298.211975, 48.2667465, -0.258808106, -1.80087336e-05, -0.965928733, -8.54944446e-05, 1, 4.2626998e-06, 0.965928733, 8.3684914e-05, -0.258808106, 60 change(s)]
Chamber   MovingParts.CoreAntenna.SpecialCoreAntenna3.FrontPiece.StructureDetail.Front.Plates.Plating ~(-20.3, 298.2, 50.1).CFrame = -20.2928658, 298.212158, 50.0686302, 0.25880307, 0.965930104, -1.07712613e-05, -6.18673721e-06, -9.49355945e-06, -1.00000012, -0.965930223, 0.25880304, 3.51899348e-06   [was -20.2928638, 298.212158, 50.0686264, 0.25880307, 0.965930104, -1.07210462e-05, -5.93903223e-06, -9.50794038e-06, -1.00000012, -0.965930223, 0.25880304, 3.27600583e-06, 60 change(s)]
Chamber   MovingParts.CoreAntenna.SpecialCoreAntenna3.FrontPiece.StructureDetail.Front.Plates.Plating ~(-26.4, 299.4, 48.4).CFrame = -26.378273, 299.437195, 48.4382057, 0.25880307, 0.965930104, -1.07712613e-05, -6.18673721e-06, -9.49355945e-06, -1.00000012, -0.965930223, 0.25880304, 3.51899348e-06   [was -26.378273, 299.437195, 48.4382019, 0.25880307, 0.965930104, -1.07210462e-05, -5.93903223e-06, -9.50794038e-06, -1.00000012, -0.965930223, 0.25880304, 3.27600583e-06, 60 change(s)]
Chamber   MovingParts.CoreAntenna.SpecialCoreAntenna3.FrontPiece.StructureDetail.Front.Plates.Plating ~(-24.3, 309.2, 49.0).CFrame = -24.2771969, 309.237152, 49.0011024, 0.25880307, -0.965930343, 1.0832965e-05, -6.18673721e-06, 9.49356127e-06, 1.00000012, -0.965930223, -0.258803099, -3.74928936e-06   [was -24.2771969, 309.237152, 49.0011063, 0.25880307, -0.965930343, 1.078275e-05, -5.93903223e-06, 9.5079422e-06, 1.00000012, -0.965930223, -0.258803099, -3.50630171e-06, 60 change(s)]
Chamber   MovingParts.CoreAntenna.SpecialCoreAntenna3.FrontPiece.StructureDetail.Front.Plates.Plating ~(-26.3, 300.7, 48.5).CFrame = -26.3057442, 300.662201, 48.457634, 0.25880307, -0.965930343, 1.0832965e-05, -6.18673721e-06, 9.49356127e-06, 1.00000012, -0.965930223, -0.258803099, -3.74928936e-06   [was -26.3057442, 300.662201, 48.457634, 0.25880307, -0.965930343, 1.078275e-05, -5.93903223e-06, 9.5079422e-06, 1.00000012, -0.965930223, -0.258803099, -3.50630171e-06, 60 change(s)]
Chamber   MovingParts.CoreAntenna.SpecialCoreAntenna3.FrontPiece.StructureDetail.Front.Plates.Part ~(-19.6, 305.0, 50.3).CFrame = -19.5803337, 305.036865, 50.2595825, -0.258891463, -4.37813151e-06, 0.965906382, 1.06160587e-06, -1, -4.24777318e-06, 0.965906382, -7.48877937e-08, 0.258891463   [was -19.5803337, 305.036865, 50.2595863, -0.258891463, -4.32791649e-06, 0.965906382, 8.13902261e-07, -1, -4.26217684e-06, 0.965906382, -3.17875674e-07, 0.258891463, 60 change(s)]
Chamber   MovingParts.CoreAntenna.SpecialCoreAntenna3.FrontPiece.StructureDetail.Front.Plates.Plating ~(-25.0, 298.2, 48.8).CFrame = -24.953474, 298.212158, 48.8199654, 0.25880307, -0.965930343, 1.0832965e-05, -6.18673721e-06, 9.49356127e-06, 1.00000012, -0.965930223, -0.258803099, -3.74928936e-06   [was -24.953474, 298.212158, 48.8199615, 0.25880307, -0.965930343, 1.078275e-05, -5.93903223e-06, 9.5079422e-06, 1.00000012, -0.965930223, -0.258803099, -3.50630171e-06, 60 change(s)]
Chamber   MovingParts.CoreAntenna.SpecialCoreAntenna3.FrontPiece.StructureDetail.Front.Plates.Plating ~(-25.6, 299.4, 48.6).CFrame = -25.629631, 299.437195, 48.6388168, 0.25880307, -0.965930343, 1.0832965e-05, -6.18673721e-06, 9.49356127e-06, 1.00000012, -0.965930223, -0.258803099, -3.74928936e-06   [was -25.629631, 299.437195, 48.6388168, 0.25880307, -0.965930343, 1.078275e-05, -5.93903223e-06, 9.5079422e-06, 1.00000012, -0.965930223, -0.258803099, -3.50630171e-06, 60 change(s)]
Chamber   MovingParts.CoreAntenna.SpecialCoreAntenna3.FrontPiece.StructureDetail.Front.Plates.Plating ~(-20.9, 308.0, 49.9).CFrame = -20.8964081, 308.012115, 49.906868, 0.25880307, -0.965930343, 1.0832965e-05, -6.18673721e-06, 9.49356127e-06, 1.00000012, -0.965930223, -0.258803099, -3.74928936e-06   [was -20.89641, 308.012115, 49.906868, 0.25880307, -0.965930343, 1.078275e-05, -5.93903223e-06, 9.5079422e-06, 1.00000012, -0.965930223, -0.258803099, -3.50630171e-06, 60 change(s)]
Chamber   MovingParts.CoreAntenna.SpecialCoreAntenna3.FrontPiece.StructureDetail.Front.Plates.Plating ~(-21.6, 305.6, 49.7).CFrame = -21.6450806, 305.562134, 49.7062798, 0.25880307, 0.965930104, -1.07712613e-05, -6.18673721e-06, -9.49355945e-06, -1.00000012, -0.965930223, 0.25880304, 3.51899348e-06   [was -21.6450806, 305.562134, 49.7062798, 0.25880307, 0.965930104, -1.07210462e-05, -5.93903223e-06, -9.50794038e-06, -1.00000012, -0.965930223, 0.25880304, 3.27600583e-06, 60 change(s)]
Chamber   MovingParts.CoreAntenna.SpecialCoreAntenna3.FrontPiece.StructureDetail.Front.Plates.Part ~(-19.6, 305.6, 50.3).CFrame = -19.5802956, 305.561859, 50.2595749, -0.258808106, -8.77451675e-05, 0.965928733, 1.06078687e-06, -1, -9.05558409e-05, 0.965928733, -2.24115392e-05, 0.258808106   [was -19.5802956, 305.561859, 50.2595749, -0.258808106, -8.76949489e-05, 0.965928733, 8.13081897e-07, -1, -9.05702254e-05, 0.965928733, -2.26545271e-05, 0.258808106, 60 change(s)]
Chamber   MovingParts.CoreAntenna.SpecialCoreAntenna3.FrontPiece.StructureDetail.Front.Plates.Plating ~(-26.4, 304.3, 48.4).CFrame = -26.3782082, 304.337189, 48.4381485, 0.25880307, 0.965930104, -1.07712613e-05, -6.18673721e-06, -9.49355945e-06, -1.00000012, -0.965930223, 0.25880304, 3.51899348e-06   [was -26.3782101, 304.337189, 48.4381485, 0.25880307, 0.965930104, -1.07210462e-05, -5.93903223e-06, -9.50794038e-06, -1.00000012, -0.965930223, 0.25880304, 3.27600583e-06, 60 change(s)]
Chamber   MovingParts.CoreAntenna.SpecialCoreAntenna3.FrontPiece.StructureDetail.Front.Plates.Plating ~(-25.0, 303.1, 48.8).CFrame = -24.9534092, 303.112183, 48.8199005, 0.25880307, -0.965930343, 1.0832965e-05, -6.18673721e-06, 9.49356127e-06, 1.00000012, -0.965930223, -0.258803099, -3.74928936e-06   [was -24.9534092, 303.112183, 48.8199005, 0.25880307, -0.965930343, 1.078275e-05, -5.93903223e-06, 9.5079422e-06, 1.00000012, -0.965930223, -0.258803099, -3.50630171e-06, 60 change(s)]
Chamber   MovingParts.CoreAntenna.SpecialCoreAntenna3.FrontPiece.StructureDetail.Front.Plates.Plating ~(-27.0, 309.2, 48.3).CFrame = -26.981842, 309.237183, 48.2764244, 0.25880307, -0.965930343, 1.0832965e-05, -6.18673721e-06, 9.49356127e-06, 1.00000012, -0.965930223, -0.258803099, -3.74928936e-06   [was -26.9818439, 309.237183, 48.2764244, 0.25880307, -0.965930343, 1.078275e-05, -5.93903223e-06, 9.5079422e-06, 1.00000012, -0.965930223, -0.258803099, -3.50630171e-06, 60 change(s)]
Chamber   MovingParts.CoreAntenna.SpecialCoreAntenna3.FrontPiece.StructureDetail.Front.Plates.Plating ~(-21.6, 300.7, 49.7).CFrame = -21.6451683, 300.66214, 49.7063026, 0.25880307, 0.965930104, -1.07712613e-05, -6.18673721e-06, -9.49355945e-06, -1.00000012, -0.965930223, 0.25880304, 3.51899348e-06   [was -21.6451683, 300.66214, 49.7063026, 0.25880307, 0.965930104, -1.07210462e-05, -5.93903223e-06, -9.50794038e-06, -1.00000012, -0.965930223, 0.25880304, 3.27600583e-06, 60 change(s)]
Chamber   MovingParts.CoreAntenna.SpecialCoreAntenna3.FrontPiece.StructureDetail.Front.Plates.Plating ~(-25.6, 297.0, 48.6).CFrame = -25.6296253, 296.987152, 48.6388245, 0.25880307, -0.965930343, 1.0832965e-05, -6.18673721e-06, 9.49356127e-06, 1.00000012, -0.965930223, -0.258803099, -3.74928936e-06   [was -25.6296253, 296.987152, 48.6388245, 0.25880307, -0.965930343, 1.078275e-05, -5.93903223e-06, 9.5079422e-06, 1.00000012, -0.965930223, -0.258803099, -3.50630171e-06, 60 change(s)]
Chamber   MovingParts.CoreAntenna.SpecialCoreAntenna3.FrontPiece.StructureDetail.Front.Plates.Part ~(-27.0, 305.6, 48.3).CFrame = -27.0180435, 305.561981, 48.266716, -0.258808106, -1.79585186e-05, -0.965928733, -8.52467347e-05, 1, 4.24831751e-06, 0.965928733, 8.34419261e-05, -0.258808106   [was -27.0180435, 305.561981, 48.2667198, -0.258808106, -1.80087336e-05, -0.965928733, -8.54944446e-05, 1, 4.2626998e-06, 0.965928733, 8.3684914e-05, -0.258808106, 60 change(s)]
Chamber   MovingParts.CoreAntenna.SpecialCoreAntenna3.FrontPiece.StructureDetail.Front.Plates.Plating ~(-23.7, 301.9, 49.2).CFrame = -23.6735954, 301.887177, 49.1628609, 0.25880307, 0.965930104, -1.07712613e-05, -6.18673721e-06, -9.49355945e-06, -1.00000012, -0.965930223, 0.25880304, 3.51899348e-06   [was -23.6735954, 301.887177, 49.1628609, 0.25880307, 0.965930104, -1.07210462e-05, -5.93903223e-06, -9.50794038e-06, -1.00000012, -0.965930223, 0.25880304, 3.27600583e-06, 60 change(s)]
Chamber   MovingParts.CoreAntenna.SpecialCoreAntenna3.FrontPiece.StructureDetail.Front.Plates.Plating ~(-21.6, 299.4, 49.7).CFrame = -21.5726948, 299.437134, 49.7257271, 0.25880307, -0.965930343, 1.0832965e-05, -6.18673721e-06, 9.49356127e-06, 1.00000012, -0.965930223, -0.258803099, -3.74928936e-06   [was -21.5726929, 299.437134, 49.7257233, 0.25880307, -0.965930343, 1.078275e-05, -5.93903223e-06, 9.5079422e-06, 1.00000012, -0.965930223, -0.258803099, -3.50630171e-06, 60 change(s)]
Chamber   MovingParts.CoreAntenna.SpecialCoreAntenna3.FrontPiece.StructureDetail.Front.Plates.Plating ~(-25.0, 300.7, 48.8).CFrame = -24.9534168, 300.662201, 48.8199615, 0.25880307, -0.965930343, 1.0832965e-05, -6.18673721e-06, 9.49356127e-06, 1.00000012, -0.965930223, -0.258803099, -3.74928936e-06   [was -24.9534168, 300.662201, 48.8199577, 0.25880307, -0.965930343, 1.078275e-05, -5.93903223e-06, 9.5079422e-06, 1.00000012, -0.965930223, -0.258803099, -3.50630171e-06, 60 change(s)]
Chamber   MovingParts.CoreAntenna.SpecialCoreAntenna3.FrontPiece.StructureDetail.Front.Plates.Plating ~(-23.7, 299.4, 49.2).CFrame = -23.6736183, 299.437164, 49.1628571, 0.25880307, 0.965930104, -1.07712613e-05, -6.18673721e-06, -9.49355945e-06, -1.00000012, -0.965930223, 0.25880304, 3.51899348e-06   [was -23.6736183, 299.437164, 49.1628571, 0.25880307, 0.965930104, -1.07210462e-05, -5.93903223e-06, -9.50794038e-06, -1.00000012, -0.965930223, 0.25880304, 3.27600583e-06, 60 change(s)]
Chamber   MovingParts.CoreAntenna.SpecialCoreAntenna3.FrontPiece.StructureDetail.Front.Plates.Part ~(-27.0, 305.0, 48.3).CFrame = -27.0180492, 305.036957, 48.2667198, 0.258797973, 6.88558939e-05, -0.965931475, -1.06068683e-06, -1, -7.15687202e-05, -0.965931475, 1.95468092e-05, -0.258797973   [was -27.0180492, 305.036957, 48.2667198, 0.258797973, 6.89061126e-05, -0.965931475, -8.12981853e-07, -1, -7.15543501e-05, -0.965931475, 1.93038213e-05, -0.258797973, 60 change(s)]
Chamber   MovingParts.CoreAntenna.SpecialCoreAntenna3.FrontPiece.StructureDetail.Front.Plates.Plating ~(-25.0, 301.9, 48.8).CFrame = -25.0258942, 301.887177, 48.8005447, 0.25880307, 0.965930104, -1.07712613e-05, -6.18673721e-06, -9.49355945e-06, -1.00000012, -0.965930223, 0.25880304, 3.51899348e-06   [was -25.0258942, 301.887207, 48.8005447, 0.25880307, 0.965930104, -1.07210462e-05, -5.93903223e-06, -9.50794038e-06, -1.00000012, -0.965930223, 0.25880304, 3.27600583e-06, 60 change(s)]
Chamber   MovingParts.CoreAntenna.SpecialCoreAntenna3.FrontPiece.StructureDetail.Front.Plates.Plating ~(-19.6, 306.8, 50.2).CFrame = -19.6166096, 306.787109, 50.2497635, 0.25880307, 0.965930104, -1.07712613e-05, -6.18673721e-06, -9.49355945e-06, -1.00000012, -0.965930223, 0.25880304, 3.51899348e-06   [was -19.6166096, 306.787109, 50.2497635, 0.25880307, 0.965930104, -1.07210462e-05, -5.93903223e-06, -9.50794038e-06, -1.00000012, -0.965930223, 0.25880304, 3.27600583e-06, 60 change(s)]
Chamber   MovingParts.CoreAntenna.SpecialCoreAntenna3.FrontPiece.StructureDetail.Front.Plates.Part ~(-27.0, 297.7, 48.3).CFrame = -27.0181313, 297.686951, 48.2667503, 0.258797973, 6.88558939e-05, -0.965931475, -1.06068683e-06, -1, -7.15687202e-05, -0.965931475, 1.95468092e-05, -0.258797973   [was -27.0181293, 297.686951, 48.2667503, 0.258797973, 6.89061126e-05, -0.965931475, -8.12981853e-07, -1, -7.15543501e-05, -0.965931475, 1.93038213e-05, -0.258797973, 60 change(s)]
Chamber   MovingParts.CoreAntenna.SpecialCoreAntenna3.FrontPiece.StructureDetail.Front.Plates.Plating ~(-22.9, 306.8, 49.4).CFrame = -22.9249077, 306.78714, 49.3633652, 0.25880307, -0.965930343, 1.0832965e-05, -6.18673721e-06, 9.49356127e-06, 1.00000012, -0.965930223, -0.258803099, -3.74928936e-06   [was -22.9249077, 306.78714, 49.3633652, 0.25880307, -0.965930343, 1.078275e-05, -5.93903223e-06, 9.5079422e-06, 1.00000012, -0.965930223, -0.258803099, -3.50630171e-06, 60 change(s)]
Chamber   MovingParts.CoreAntenna.SpecialCoreAntenna3.FrontPiece.StructureDetail.Front.Plates.Plating ~(-21.6, 301.9, 49.7).CFrame = -21.5726719, 301.887146, 49.7257347, 0.25880307, -0.965930343, 1.0832965e-05, -6.18673721e-06, 9.49356127e-06, 1.00000012, -0.965930223, -0.258803099, -3.74928936e-06   [was -21.5726719, 301.887146, 49.7257347, 0.25880307, -0.965930343, 1.078275e-05, -5.93903223e-06, 9.5079422e-06, 1.00000012, -0.965930223, -0.258803099, -3.50630171e-06, 60 change(s)]
Chamber   MovingParts.CoreAntenna.SpecialCoreAntenna3.FrontPiece.StructureDetail.Front.Plates.Plating ~(-23.6, 303.1, 49.2).CFrame = -23.6010952, 303.112183, 49.1822777, 0.25880307, -0.965930343, 1.0832965e-05, -6.18673721e-06, 9.49356127e-06, 1.00000012, -0.965930223, -0.258803099, -3.74928936e-06   [was -23.6010952, 303.112183, 49.1822777, 0.25880307, -0.965930343, 1.078275e-05, -5.93903223e-06, 9.5079422e-06, 1.00000012, -0.965930223, -0.258803099, -3.50630171e-06, 60 change(s)]
Chamber   MovingParts.CoreAntenna.SpecialCoreAntenna3.FrontPiece.StructureDetail.Front.Plates.Plating ~(-21.6, 306.8, 49.7).CFrame = -21.5726128, 306.787109, 49.7256889, 0.25880307, -0.965930343, 1.0832965e-05, -6.18673721e-06, 9.49356127e-06, 1.00000012, -0.965930223, -0.258803099, -3.74928936e-06   [was -21.5726128, 306.787109, 49.7256889, 0.25880307, -0.965930343, 1.078275e-05, -5.93903223e-06, 9.5079422e-06, 1.00000012, -0.965930223, -0.258803099, -3.50630171e-06, 60 change(s)]
Chamber   MovingParts.CoreAntenna.SpecialCoreAntenna3.FrontPiece.StructureDetail.Front.Plates.Plating ~(-23.6, 308.0, 49.2).CFrame = -23.6010895, 308.012146, 49.1821976, 0.25880307, -0.965930343, 1.0832965e-05, -6.18673721e-06, 9.49356127e-06, 1.00000012, -0.965930223, -0.258803099, -3.74928936e-06   [was -23.6010895, 308.012146, 49.1821976, 0.25880307, -0.965930343, 1.078275e-05, -5.93903223e-06, 9.5079422e-06, 1.00000012, -0.965930223, -0.258803099, -3.50630171e-06, 60 change(s)]
Chamber   MovingParts.CoreAntenna.SpecialCoreAntenna3.FrontPiece.StructureDetail.Front.Plates.Part ~(-19.6, 297.7, 50.3).CFrame = -19.5804119, 297.686859, 50.2596092, -0.258891463, -4.37813151e-06, 0.965906382, 1.06160587e-06, -1, -4.24777318e-06, 0.965906382, -7.48877937e-08, 0.258891463   [was -19.5804119, 297.686859, 50.2596054, -0.258891463, -4.32791649e-06, 0.965906382, 8.13902261e-07, -1, -4.26217684e-06, 0.965906382, -3.17875674e-07, 0.258891463, 60 change(s)]
Chamber   MovingParts.CoreAntenna.SpecialCoreAntenna3.FrontPiece.StructureDetail.Front.Plates.Part ~(-27.0, 302.6, 48.3).CFrame = -27.0180817, 302.586945, 48.2667465, 0.258797973, 6.88558939e-05, -0.965931475, -1.06068683e-06, -1, -7.15687202e-05, -0.965931475, 1.95468092e-05, -0.258797973   [was -27.0180817, 302.586945, 48.2667465, 0.258797973, 6.89061126e-05, -0.965931475, -8.12981853e-07, -1, -7.15543501e-05, -0.965931475, 1.93038213e-05, -0.258797973, 60 change(s)]
Chamber   MovingParts.CoreAntenna.SpecialCoreAntenna3.FrontPiece.StructureDetail.Front.Plates.Plating ~(-21.0, 309.2, 49.9).CFrame = -20.9688759, 309.237183, 49.8874245, 0.25880307, 0.965930104, -1.07712613e-05, -6.18673721e-06, -9.49355945e-06, -1.00000012, -0.965930223, 0.25880304, 3.51899348e-06   [was -20.9688778, 309.237183, 49.8874245, 0.25880307, 0.965930104, -1.07210462e-05, -5.93903223e-06, -9.50794038e-06, -1.00000012, -0.965930223, 0.25880304, 3.27600583e-06, 60 change(s)]
Chamber   MovingParts.CoreAntenna.SpecialCoreAntenna3.FrontPiece.StructureDetail.Front.Plates.Plating ~(-23.7, 306.8, 49.2).CFrame = -23.6735573, 306.78714, 49.1627846, 0.25880307, 0.965930104, -1.07712613e-05, -6.18673721e-06, -9.49355945e-06, -1.00000012, -0.965930223, 0.25880304, 3.51899348e-06   [was -23.6735573, 306.78714, 49.1627846, 0.25880307, 0.965930104, -1.07210462e-05, -5.93903223e-06, -9.50794038e-06, -1.00000012, -0.965930223, 0.25880304, 3.27600583e-06, 60 change(s)]
Chamber   MovingParts.CoreAntenna.SpecialCoreAntenna3.FrontPiece.StructureDetail.Front.Plates.Plating ~(-20.3, 305.6, 50.1).CFrame = -20.2927856, 305.562103, 50.0686035, 0.25880307, 0.965930104, -1.07712613e-05, -6.18673721e-06, -9.49355945e-06, -1.00000012, -0.965930223, 0.25880304, 3.51899348e-06   [was -20.2927856, 305.562103, 50.0686035, 0.25880307, 0.965930104, -1.07210462e-05, -5.93903223e-06, -9.50794038e-06, -1.00000012, -0.965930223, 0.25880304, 3.27600583e-06, 60 change(s)]
Chamber   MovingParts.CoreAntenna.SpecialCoreAntenna3.FrontPiece.StructureDetail.Front.Plates.Plating ~(-27.0, 306.8, 48.3).CFrame = -26.9818249, 306.78717, 48.2763863, 0.25880307, -0.965930343, 1.0832965e-05, -6.18673721e-06, 9.49356127e-06, 1.00000012, -0.965930223, -0.258803099, -3.74928936e-06   [was -26.9818249, 306.78717, 48.2763863, 0.25880307, -0.965930343, 1.078275e-05, -5.93903223e-06, 9.5079422e-06, 1.00000012, -0.965930223, -0.258803099, -3.50630171e-06, 60 change(s)]
Chamber   MovingParts.CoreAntenna.SpecialCoreAntenna3.FrontPiece.StructureDetail.Front.Plates.Part ~(-27.0, 301.2, 48.3).CFrame = -27.0181293, 301.186951, 48.2667542, -0.258797973, -6.88558939e-05, -0.965931475, 1.06068683e-06, 1, -7.15687202e-05, 0.965931475, -1.95468092e-05, -0.258797973   [was -27.0181293, 301.186951, 48.2667542, -0.258797973, -6.89061126e-05, -0.965931475, 8.12981853e-07, 1, -7.15543501e-05, 0.965931475, -1.93038213e-05, -0.258797973, 60 change(s)]
Chamber   MovingParts.CoreAntenna.SpecialCoreAntenna3.FrontPiece.StructureDetail.Front.Plates.Plating ~(-23.0, 300.7, 49.3).CFrame = -22.9974442, 300.66217, 49.3440247, 0.25880307, 0.965930104, -1.07712613e-05, -6.18673721e-06, -9.49355945e-06, -1.00000012, -0.965930223, 0.25880304, 3.51899348e-06   [was -22.9974442, 300.66217, 49.3440247, 0.25880307, 0.965930104, -1.07210462e-05, -5.93903223e-06, -9.50794038e-06, -1.00000012, -0.965930223, 0.25880304, 3.27600583e-06, 60 change(s)]
Chamber   MovingParts.CoreAntenna.SpecialCoreAntenna3.FrontPiece.StructureDetail.Front.Plates.Plating ~(-20.2, 306.8, 50.1).CFrame = -20.2202892, 306.787109, 50.0880356, 0.25880307, -0.965930343, 1.0832965e-05, -6.18673721e-06, 9.49356127e-06, 1.00000012, -0.965930223, -0.258803099, -3.74928936e-06   [was -20.2202892, 306.787109, 50.0880356, 0.25880307, -0.965930343, 1.078275e-05, -5.93903223e-06, 9.5079422e-06, 1.00000012, -0.965930223, -0.258803099, -3.50630171e-06, 60 change(s)]
Chamber   MovingParts.CoreAntenna.SpecialCoreAntenna3.FrontPiece.StructureDetail.Front.Plates.Plating ~(-22.2, 300.7, 49.5).CFrame = -22.2488441, 300.66214, 49.5445557, 0.25880307, -0.965930343, 1.0832965e-05, -6.18673721e-06, 9.49356127e-06, 1.00000012, -0.965930223, -0.258803099, -3.74928936e-06   [was -22.2488441, 300.66214, 49.5445557, 0.25880307, -0.965930343, 1.078275e-05, -5.93903223e-06, 9.5079422e-06, 1.00000012, -0.965930223, -0.258803099, -3.50630171e-06, 60 change(s)]
Chamber   MovingParts.CoreAntenna.SpecialCoreAntenna3.FrontPiece.StructureDetail.Front.Plates.Plating ~(-23.0, 298.2, 49.3).CFrame = -22.997467, 298.212158, 49.3440208, 0.25880307, 0.965930104, -1.07712613e-05, -6.18673721e-06, -9.49355945e-06, -1.00000012, -0.965930223, 0.25880304, 3.51899348e-06   [was -22.997467, 298.212158, 49.3440208, 0.25880307, 0.965930104, -1.07210462e-05, -5.93903223e-06, -9.50794038e-06, -1.00000012, -0.965930223, 0.25880304, 3.27600583e-06, 60 change(s)]
Chamber   MovingParts.CoreAntenna.SpecialCoreAntenna3.FrontPiece.StructureDetail.Front.Plates.Part ~(-27.0, 303.6, 48.3).CFrame = -27.0180702, 303.636932, 48.2667427, -0.258797973, -6.88558939e-05, -0.965931475, 1.06068683e-06, 1, -7.15687202e-05, 0.965931475, -1.95468092e-05, -0.258797973   [was -27.0180702, 303.636932, 48.2667427, -0.258797973, -6.89061126e-05, -0.965931475, 8.12981853e-07, 1, -7.15543501e-05, 0.965931475, -1.93038213e-05, -0.258797973, 60 change(s)]
Chamber   MovingParts.CoreAntenna.SpecialCoreAntenna3.FrontPiece.StructureDetail.Front.Plates.Plating ~(-27.0, 301.9, 48.3).CFrame = -26.9819241, 301.887207, 48.2764549, 0.25880307, -0.965930343, 1.0832965e-05, -6.18673721e-06, 9.49356127e-06, 1.00000012, -0.965930223, -0.258803099, -3.74928936e-06   [was -26.9819241, 301.887207, 48.2764549, 0.25880307, -0.965930343, 1.078275e-05, -5.93903223e-06, 9.5079422e-06, 1.00000012, -0.965930223, -0.258803099, -3.50630171e-06, 60 change(s)]
Chamber   MovingParts.CoreAntenna.SpecialCoreAntenna3.FrontPiece.StructureDetail.Front.Plates.Plating ~(-24.3, 300.7, 49.0).CFrame = -24.3497696, 300.662201, 48.9816971, 0.25880307, 0.965930104, -1.07712613e-05, -6.18673721e-06, -9.49355945e-06, -1.00000012, -0.965930223, 0.25880304, 3.51899348e-06   [was -24.3497696, 300.662201, 48.9816933, 0.25880307, 0.965930104, -1.07210462e-05, -5.93903223e-06, -9.50794038e-06, -1.00000012, -0.965930223, 0.25880304, 3.27600583e-06, 60 change(s)]
Chamber   MovingParts.CoreAntenna.SpecialCoreAntenna3.FrontPiece.StructureDetail.Front.Plates.Plating ~(-21.0, 299.4, 49.9).CFrame = -20.9689865, 299.437134, 49.8874702, 0.25880307, 0.965930104, -1.07712613e-05, -6.18673721e-06, -9.49355945e-06, -1.00000012, -0.965930223, 0.25880304, 3.51899348e-06   [was -20.9689865, 299.437134, 49.8874702, 0.25880307, 0.965930104, -1.07210462e-05, -5.93903223e-06, -9.50794038e-06, -1.00000012, -0.965930223, 0.25880304, 3.27600583e-06, 60 change(s)]
Chamber   MovingParts.CoreAntenna.SpecialCoreAntenna3.FrontPiece.StructureDetail.Front.Plates.Plating ~(-26.3, 305.6, 48.5).CFrame = -26.3056774, 305.562164, 48.4575577, 0.25880307, -0.965930343, 1.0832965e-05, -6.18673721e-06, 9.49356127e-06, 1.00000012, -0.965930223, -0.258803099, -3.74928936e-06   [was -26.3056774, 305.562164, 48.4575615, 0.25880307, -0.965930343, 1.078275e-05, -5.93903223e-06, 9.5079422e-06, 1.00000012, -0.965930223, -0.258803099, -3.50630171e-06, 60 change(s)]
Chamber   MovingParts.CoreAntenna.SpecialCoreAntenna3.FrontPiece.StructureDetail.Front.Plates.Plating ~(-27.0, 297.0, 48.3).CFrame = -26.9819469, 296.987183, 48.2764816, 0.25880307, -0.965930343, 1.0832965e-05, -6.18673721e-06, 9.49356127e-06, 1.00000012, -0.965930223, -0.258803099, -3.74928936e-06   [was -26.9819469, 296.987183, 48.2764778, 0.25880307, -0.965930343, 1.078275e-05, -5.93903223e-06, 9.5079422e-06, 1.00000012, -0.965930223, -0.258803099, -3.50630171e-06, 60 change(s)]
Chamber   MovingParts.CoreAntenna.SpecialCoreAntenna3.FrontPiece.StructureDetail.Front.Plates.Plating ~(-25.6, 306.8, 48.6).CFrame = -25.6295013, 306.78717, 48.6387215, 0.25880307, -0.965930343, 1.0832965e-05, -6.18673721e-06, 9.49356127e-06, 1.00000012, -0.965930223, -0.258803099, -3.74928936e-06   [was -25.6295013, 306.78717, 48.6387215, 0.25880307, -0.965930343, 1.078275e-05, -5.93903223e-06, 9.5079422e-06, 1.00000012, -0.965930223, -0.258803099, -3.50630171e-06, 60 change(s)]
Chamber   MovingParts.CoreAntenna.SpecialCoreAntenna3.FrontPiece.StructureDetail.Front.Plates.Plating ~(-25.0, 305.6, 48.8).CFrame = -24.9533806, 305.562164, 48.8198853, 0.25880307, -0.965930343, 1.0832965e-05, -6.18673721e-06, 9.49356127e-06, 1.00000012, -0.965930223, -0.258803099, -3.74928936e-06   [was -24.9533806, 305.562164, 48.8198853, 0.25880307, -0.965930343, 1.078275e-05, -5.93903223e-06, 9.5079422e-06, 1.00000012, -0.965930223, -0.258803099, -3.50630171e-06, 60 change(s)]
Chamber   MovingParts.CoreAntenna.SpecialCoreAntenna3.FrontPiece.StructureDetail.Front.Plates.Part ~(-27.0, 303.1, 48.3).CFrame = -27.0180759, 303.111969, 48.2667465, -0.258808106, -1.79585186e-05, -0.965928733, -8.52467347e-05, 1, 4.24831751e-06, 0.965928733, 8.34419261e-05, -0.258808106   [was -27.0180759, 303.111969, 48.2667465, -0.258808106, -1.80087336e-05, -0.965928733, -8.54944446e-05, 1, 4.2626998e-06, 0.965928733, 8.3684914e-05, -0.258808106, 60 change(s)]
Chamber   MovingParts.CoreAntenna.SpecialCoreAntenna3.FrontPiece.StructureDetail.Front.Plates.Plating ~(-23.7, 304.3, 49.2).CFrame = -23.6735573, 304.337158, 49.1628075, 0.25880307, 0.965930104, -1.07712613e-05, -6.18673721e-06, -9.49355945e-06, -1.00000012, -0.965930223, 0.25880304, 3.51899348e-06   [was -23.6735573, 304.337158, 49.1628075, 0.25880307, 0.965930104, -1.07210462e-05, -5.93903223e-06, -9.50794038e-06, -1.00000012, -0.965930223, 0.25880304, 3.27600583e-06, 60 change(s)]
Chamber   MovingParts.CoreAntenna.SpecialCoreAntenna3.FrontPiece.StructureDetail.Front.Plates.Plating ~(-26.3, 303.1, 48.5).CFrame = -26.305706, 303.112183, 48.4575844, 0.25880307, -0.965930343, 1.0832965e-05, -6.18673721e-06, 9.49356127e-06, 1.00000012, -0.965930223, -0.258803099, -3.74928936e-06   [was -26.305706, 303.112183, 48.4575844, 0.25880307, -0.965930343, 1.078275e-05, -5.93903223e-06, 9.5079422e-06, 1.00000012, -0.965930223, -0.258803099, -3.50630171e-06, 60 change(s)]
Chamber   MovingParts.CoreAntenna.SpecialCoreAntenna3.FrontPiece.StructureDetail.Front.Plates.Plating ~(-20.2, 297.0, 50.1).CFrame = -20.2203999, 296.987152, 50.0880852, 0.25880307, -0.965930343, 1.0832965e-05, -6.18673721e-06, 9.49356127e-06, 1.00000012, -0.965930223, -0.258803099, -3.74928936e-06   [was -20.2203999, 296.987152, 50.0880814, 0.25880307, -0.965930343, 1.078275e-05, -5.93903223e-06, 9.5079422e-06, 1.00000012, -0.965930223, -0.258803099, -3.50630171e-06, 60 change(s)]
Chamber   MovingParts.CoreAntenna.SpecialCoreAntenna3.FrontPiece.StructureDetail.Front.Plates.Plating ~(-22.9, 297.0, 49.4).CFrame = -22.9249992, 296.987152, 49.3634644, 0.25880307, -0.965930343, 1.0832965e-05, -6.18673721e-06, 9.49356127e-06, 1.00000012, -0.965930223, -0.258803099, -3.74928936e-06   [was -22.9249992, 296.987152, 49.3634644, 0.25880307, -0.965930343, 1.078275e-05, -5.93903223e-06, 9.5079422e-06, 1.00000012, -0.965930223, -0.258803099, -3.50630171e-06, 60 change(s)]
Chamber   MovingParts.CoreAntenna.SpecialCoreAntenna3.FrontPiece.StructureDetail.Front.Plates.Plating ~(-22.9, 309.2, 49.4).CFrame = -22.9248695, 309.237152, 49.3634262, 0.25880307, -0.965930343, 1.0832965e-05, -6.18673721e-06, 9.49356127e-06, 1.00000012, -0.965930223, -0.258803099, -3.74928936e-06   [was -22.9248695, 309.237152, 49.36343, 0.25880307, -0.965930343, 1.078275e-05, -5.93903223e-06, 9.5079422e-06, 1.00000012, -0.965930223, -0.258803099, -3.50630171e-06, 60 change(s)]
Chamber   MovingParts.CoreAntenna.SpecialCoreAntenna3.FrontPiece.StructureDetail.Front.Plates.Plating ~(-21.0, 297.0, 49.9).CFrame = -20.9690075, 296.987152, 49.8874664, 0.25880307, 0.965930104, -1.07712613e-05, -6.18673721e-06, -9.49355945e-06, -1.00000012, -0.965930223, 0.25880304, 3.51899348e-06   [was -20.9690075, 296.987152, 49.8874626, 0.25880307, 0.965930104, -1.07210462e-05, -5.93903223e-06, -9.50794038e-06, -1.00000012, -0.965930223, 0.25880304, 3.27600583e-06, 60 change(s)]
Chamber   MovingParts.CoreAntenna.SpecialCoreAntenna3.FrontPiece.StructureDetail.Front.Plates.Plating ~(-24.3, 308.0, 49.0).CFrame = -24.349678, 308.012146, 48.9816246, 0.25880307, 0.965930104, -1.07712613e-05, -6.18673721e-06, -9.49355945e-06, -1.00000012, -0.965930223, 0.25880304, 3.51899348e-06   [was -24.3496799, 308.012146, 48.9816246, 0.25880307, 0.965930104, -1.07210462e-05, -5.93903223e-06, -9.50794038e-06, -1.00000012, -0.965930223, 0.25880304, 3.27600583e-06, 60 change(s)]
Chamber   MovingParts.CoreAntenna.SpecialCoreAntenna3.FrontPiece.StructureDetail.Front.Plates.Plating ~(-23.7, 297.0, 49.2).CFrame = -23.673645, 296.987152, 49.1628685, 0.25880307, 0.965930104, -1.07712613e-05, -6.18673721e-06, -9.49355945e-06, -1.00000012, -0.965930223, 0.25880304, 3.51899348e-06   [was -23.673645, 296.987152, 49.1628647, 0.25880307, 0.965930104, -1.07210462e-05, -5.93903223e-06, -9.50794038e-06, -1.00000012, -0.965930223, 0.25880304, 3.27600583e-06, 60 change(s)]
Chamber   MovingParts.CoreAntenna.SpecialCoreAntenna3.FrontPiece.StructureDetail.Front.Plates.Plating ~(-22.2, 308.0, 49.5).CFrame = -22.2487679, 308.012115, 49.5445442, 0.25880307, -0.965930343, 1.0832965e-05, -6.18673721e-06, 9.49356127e-06, 1.00000012, -0.965930223, -0.258803099, -3.74928936e-06   [was -22.2487679, 308.012115, 49.5445442, 0.25880307, -0.965930343, 1.078275e-05, -5.93903223e-06, 9.5079422e-06, 1.00000012, -0.965930223, -0.258803099, -3.50630171e-06, 60 change(s)]
Chamber   MovingParts.CoreAntenna.SpecialCoreAntenna3.FrontPiece.StructureDetail.Front.Plates.Plating ~(-20.3, 303.1, 50.1).CFrame = -20.2927856, 303.112122, 50.068634, 0.25880307, 0.965930104, -1.07712613e-05, -6.18673721e-06, -9.49355945e-06, -1.00000012, -0.965930223, 0.25880304, 3.51899348e-06   [was -20.2927856, 303.112122, 50.068634, 0.25880307, 0.965930104, -1.07210462e-05, -5.93903223e-06, -9.50794038e-06, -1.00000012, -0.965930223, 0.25880304, 3.27600583e-06, 60 change(s)]
Chamber   MovingParts.CoreAntenna.SpecialCoreAntenna3.FrontPiece.StructureDetail.Front.Plates.Plating ~(-21.6, 298.2, 49.7).CFrame = -21.645195, 298.212189, 49.7063141, 0.25880307, 0.965930104, -1.07712613e-05, -6.18673721e-06, -9.49355945e-06, -1.00000012, -0.965930223, 0.25880304, 3.51899348e-06   [was -21.645195, 298.212189, 49.7063103, 0.25880307, 0.965930104, -1.07210462e-05, -5.93903223e-06, -9.50794038e-06, -1.00000012, -0.965930223, 0.25880304, 3.27600583e-06, 60 change(s)]
Chamber   MovingParts.CoreAntenna.SpecialCoreAntenna3.FrontPiece.StructureDetail.Front.Plates.Part ~(-27.0, 300.1, 48.3).CFrame = -27.0181389, 300.136963, 48.2667542, 0.258797973, 6.88558939e-05, -0.965931475, -1.06068683e-06, -1, -7.15687202e-05, -0.965931475, 1.95468092e-05, -0.258797973   [was -27.0181389, 300.136963, 48.2667542, 0.258797973, 6.89061126e-05, -0.965931475, -8.12981853e-07, -1, -7.15543501e-05, -0.965931475, 1.93038213e-05, -0.258797973, 60 change(s)]
Chamber   MovingParts.CoreAntenna.SpecialCoreAntenna3.FrontPiece.StructureDetail.Front.Plates.Plating ~(-22.3, 299.4, 49.5).CFrame = -22.3212967, 299.437164, 49.5252037, 0.25880307, 0.965930104, -1.07712613e-05, -6.18673721e-06, -9.49355945e-06, -1.00000012, -0.965930223, 0.25880304, 3.51899348e-06   [was -22.3212967, 299.437164, 49.5252037, 0.25880307, 0.965930104, -1.07210462e-05, -5.93903223e-06, -9.50794038e-06, -1.00000012, -0.965930223, 0.25880304, 3.27600583e-06, 60 change(s)]
Chamber   MovingParts.CoreAntenna.SpecialCoreAntenna3.FrontPiece.StructureDetail.Front.Plates.Plating ~(-20.3, 300.7, 50.1).CFrame = -20.2928429, 300.66214, 50.068634, 0.25880307, 0.965930104, -1.07712613e-05, -6.18673721e-06, -9.49355945e-06, -1.00000012, -0.965930223, 0.25880304, 3.51899348e-06   [was -20.2928429, 300.66214, 50.068634, 0.25880307, 0.965930104, -1.07210462e-05, -5.93903223e-06, -9.50794038e-06, -1.00000012, -0.965930223, 0.25880304, 3.27600583e-06, 60 change(s)]
Chamber   MovingParts.CoreAntenna.SpecialCoreAntenna3.FrontPiece.StructureDetail.Front.Plates.Plating ~(-25.7, 300.7, 48.6).CFrame = -25.7020664, 300.662201, 48.6193733, 0.25880307, 0.965930104, -1.07712613e-05, -6.18673721e-06, -9.49355945e-06, -1.00000012, -0.965930223, 0.25880304, 3.51899348e-06   [was -25.7020664, 300.662201, 48.6193733, 0.25880307, 0.965930104, -1.07210462e-05, -5.93903223e-06, -9.50794038e-06, -1.00000012, -0.965930223, 0.25880304, 3.27600583e-06, 60 change(s)]
Chamber   MovingParts.CoreAntenna.SpecialCoreAntenna3.FrontPiece.StructureDetail.Front.Plates.Plating ~(-19.6, 309.2, 50.2).CFrame = -19.6166172, 309.237183, 50.2497635, 0.25880307, 0.965930104, -1.07712613e-05, -6.18673721e-06, -9.49355945e-06, -1.00000012, -0.965930223, 0.25880304, 3.51899348e-06   [was -19.6166172, 309.237183, 50.2497673, 0.25880307, 0.965930104, -1.07210462e-05, -5.93903223e-06, -9.50794038e-06, -1.00000012, -0.965930223, 0.25880304, 3.27600583e-06, 60 change(s)]
Chamber   MovingParts.CoreAntenna.SpecialCoreAntenna3.FrontPiece.StructureDetail.Front.Plates.Part ~(-27.0, 300.7, 48.3).CFrame = -27.0181313, 300.661957, 48.2667427, -0.258808106, -1.79585186e-05, -0.965928733, -8.52467347e-05, 1, 4.24831751e-06, 0.965928733, 8.34419261e-05, -0.258808106   [was -27.0181313, 300.661957, 48.2667427, -0.258808106, -1.80087336e-05, -0.965928733, -8.54944446e-05, 1, 4.2626998e-06, 0.965928733, 8.3684914e-05, -0.258808106, 60 change(s)]
Chamber   MovingParts.CoreAntenna.SpecialCoreAntenna3.FrontPiece.StructureDetail.Front.Plates.Plating ~(-21.6, 309.2, 49.7).CFrame = -21.5725899, 309.237183, 49.7256927, 0.25880307, -0.965930343, 1.0832965e-05, -6.18673721e-06, 9.49356127e-06, 1.00000012, -0.965930223, -0.258803099, -3.74928936e-06   [was -21.5725899, 309.237183, 49.7256966, 0.25880307, -0.965930343, 1.078275e-05, -5.93903223e-06, 9.5079422e-06, 1.00000012, -0.965930223, -0.258803099, -3.50630171e-06, 60 change(s)]
Chamber   MovingParts.CoreAntenna.SpecialCoreAntenna3.FrontPiece.StructureDetail.Front.Plates.Plating ~(-20.2, 301.9, 50.1).CFrame = -20.2203522, 301.887115, 50.0880852, 0.25880307, -0.965930343, 1.0832965e-05, -6.18673721e-06, 9.49356127e-06, 1.00000012, -0.965930223, -0.258803099, -3.74928936e-06   [was -20.2203522, 301.887115, 50.0880852, 0.25880307, -0.965930343, 1.078275e-05, -5.93903223e-06, 9.5079422e-06, 1.00000012, -0.965930223, -0.258803099, -3.50630171e-06, 60 change(s)]
Chamber   MovingParts.CoreAntenna.SpecialCoreAntenna3.FrontPiece.StructureDetail.Front.Plates.Plating ~(-26.4, 309.2, 48.4).CFrame = -26.37817, 309.237183, 48.4381866, 0.25880307, 0.965930104, -1.07712613e-05, -6.18673721e-06, -9.49355945e-06, -1.00000012, -0.965930223, 0.25880304, 3.51899348e-06   [was -26.3781719, 309.237183, 48.4381866, 0.25880307, 0.965930104, -1.07210462e-05, -5.93903223e-06, -9.50794038e-06, -1.00000012, -0.965930223, 0.25880304, 3.27600583e-06, 60 change(s)]
Chamber   MovingParts.CoreAntenna.SpecialCoreAntenna3.FrontPiece.StructureDetail.Front.Plates.Plating ~(-23.0, 303.1, 49.3).CFrame = -22.9974174, 303.112183, 49.3440132, 0.25880307, 0.965930104, -1.07712613e-05, -6.18673721e-06, -9.49355945e-06, -1.00000012, -0.965930223, 0.25880304, 3.51899348e-06   [was -22.9974174, 303.112183, 49.3440132, 0.25880307, 0.965930104, -1.07210462e-05, -5.93903223e-06, -9.50794038e-06, -1.00000012, -0.965930223, 0.25880304, 3.27600583e-06, 60 change(s)]
Chamber   MovingParts.CoreAntenna.SpecialCoreAntenna3.FrontPiece.StructureDetail.Front.Plates.Part ~(-19.6, 307.5, 50.3).CFrame = -19.580307, 307.486877, 50.2595711, -0.258891463, -4.37813151e-06, 0.965906382, 1.06160587e-06, -1, -4.24777318e-06, 0.965906382, -7.48877937e-08, 0.258891463   [was -19.580307, 307.486877, 50.2595749, -0.258891463, -4.32791649e-06, 0.965906382, 8.13902261e-07, -1, -4.26217684e-06, 0.965906382, -3.17875674e-07, 0.258891463, 60 change(s)]
Chamber   MovingParts.CoreAntenna.SpecialCoreAntenna3.FrontPiece.StructureDetail.Front.Plates.Plating ~(-26.3, 298.2, 48.5).CFrame = -26.3057671, 298.212189, 48.4576302, 0.25880307, -0.965930343, 1.0832965e-05, -6.18673721e-06, 9.49356127e-06, 1.00000012, -0.965930223, -0.258803099, -3.74928936e-06   [was -26.3057671, 298.212189, 48.4576302, 0.25880307, -0.965930343, 1.078275e-05, -5.93903223e-06, 9.5079422e-06, 1.00000012, -0.965930223, -0.258803099, -3.50630171e-06, 60 change(s)]
Chamber   MovingParts.CoreAntenna.SpecialCoreAntenna3.FrontPiece.StructureDetail.Front.Plates.Plating ~(-24.3, 298.2, 49.0).CFrame = -24.349802, 298.212158, 48.9817238, 0.25880307, 0.965930104, -1.07712613e-05, -6.18673721e-06, -9.49355945e-06, -1.00000012, -0.965930223, 0.25880304, 3.51899348e-06   [was -24.349802, 298.212158, 48.98172, 0.25880307, 0.965930104, -1.07210462e-05, -5.93903223e-06, -9.50794038e-06, -1.00000012, -0.965930223, 0.25880304, 3.27600583e-06, 60 change(s)]
Chamber   MovingParts.CoreAntenna.SpecialCoreAntenna3.FrontPiece.StructureDetail.Front.Plates.Plating ~(-25.6, 309.2, 48.6).CFrame = -25.6294918, 309.237183, 48.6387825, 0.25880307, -0.965930343, 1.0832965e-05, -6.18673721e-06, 9.49356127e-06, 1.00000012, -0.965930223, -0.258803099, -3.74928936e-06   [was -25.6294937, 309.237183, 48.6387825, 0.25880307, -0.965930343, 1.078275e-05, -5.93903223e-06, 9.5079422e-06, 1.00000012, -0.965930223, -0.258803099, -3.50630171e-06, 60 change(s)]
Chamber   MovingParts.CoreAntenna.SpecialCoreAntenna3.FrontPiece.StructureDetail.Front.Plates.Plating ~(-22.3, 304.3, 49.5).CFrame = -22.3212891, 304.337158, 49.5251236, 0.25880307, 0.965930104, -1.07712613e-05, -6.18673721e-06, -9.49355945e-06, -1.00000012, -0.965930223, 0.25880304, 3.51899348e-06   [was -22.3212891, 304.337158, 49.5251236, 0.25880307, 0.965930104, -1.07210462e-05, -5.93903223e-06, -9.50794038e-06, -1.00000012, -0.965930223, 0.25880304, 3.27600583e-06, 60 change(s)]
Chamber   MovingParts.CoreAntenna.SpecialCoreAntenna3.FrontPiece.StructureDetail.Front.Plates.Part ~(-19.6, 306.1, 50.3).CFrame = -19.5803185, 306.086853, 50.2595673, 0.258891463, 4.37813151e-06, 0.965906382, -1.06160587e-06, 1, -4.24777318e-06, -0.965906382, 7.48877937e-08, 0.258891463   [was -19.5803185, 306.086853, 50.2595673, 0.258891463, 4.32791649e-06, 0.965906382, -8.13902261e-07, 1, -4.26217684e-06, -0.965906382, 3.17875674e-07, 0.258891463, 60 change(s)]
Chamber   MovingParts.CoreAntenna.SpecialCoreAntenna3.FrontPiece.StructureDetail.Front.Plates.Plating ~(-24.3, 303.1, 49.0).CFrame = -24.3497143, 303.112183, 48.9816933, 0.25880307, 0.965930104, -1.07712613e-05, -6.18673721e-06, -9.49355945e-06, -1.00000012, -0.965930223, 0.25880304, 3.51899348e-06   [was -24.3497143, 303.112183, 48.9816933, 0.25880307, 0.965930104, -1.07210462e-05, -5.93903223e-06, -9.50794038e-06, -1.00000012, -0.965930223, 0.25880304, 3.27600583e-06, 60 change(s)]
Chamber   MovingParts.CoreAntenna.SpecialCoreAntenna3.FrontPiece.StructureDetail.Front.Plates.Plating ~(-25.0, 308.0, 48.8).CFrame = -24.9533539, 308.012146, 48.8198776, 0.25880307, -0.965930343, 1.0832965e-05, -6.18673721e-06, 9.49356127e-06, 1.00000012, -0.965930223, -0.258803099, -3.74928936e-06   [was -24.9533558, 308.012146, 48.8198776, 0.25880307, -0.965930343, 1.078275e-05, -5.93903223e-06, 9.5079422e-06, 1.00000012, -0.965930223, -0.258803099, -3.50630171e-06, 60 change(s)]
Chamber   MovingParts.CoreAntenna.SpecialCoreAntenna3.FrontPiece.StructureDetail.Front.Plates.Plating ~(-22.9, 304.3, 49.4).CFrame = -22.9249363, 304.337158, 49.3633804, 0.25880307, -0.965930343, 1.0832965e-05, -6.18673721e-06, 9.49356127e-06, 1.00000012, -0.965930223, -0.258803099, -3.74928936e-06   [was -22.9249363, 304.337158, 49.3633804, 0.25880307, -0.965930343, 1.078275e-05, -5.93903223e-06, 9.5079422e-06, 1.00000012, -0.965930223, -0.258803099, -3.50630171e-06, 60 change(s)]
Chamber   MovingParts.CoreAntenna.SpecialCoreAntenna3.FrontPiece.StructureDetail.Front.Plates.Plating ~(-19.6, 301.9, 50.2).CFrame = -19.6166916, 301.887085, 50.2497749, 0.25880307, 0.965930104, -1.07712613e-05, -6.18673721e-06, -9.49355945e-06, -1.00000012, -0.965930223, 0.25880304, 3.51899348e-06   [was -19.6166916, 301.887085, 50.2497749, 0.25880307, 0.965930104, -1.07210462e-05, -5.93903223e-06, -9.50794038e-06, -1.00000012, -0.965930223, 0.25880304, 3.27600583e-06, 60 change(s)]
Chamber   MovingParts.CoreAntenna.SpecialCoreAntenna3.FrontPiece.StructureDetail.Front.Plates.Plating ~(-24.3, 301.9, 49.0).CFrame = -24.2772713, 301.887177, 49.0011139, 0.25880307, -0.965930343, 1.0832965e-05, -6.18673721e-06, 9.49356127e-06, 1.00000012, -0.965930223, -0.258803099, -3.74928936e-06   [was -24.2772713, 301.887177, 49.0011139, 0.25880307, -0.965930343, 1.078275e-05, -5.93903223e-06, 9.5079422e-06, 1.00000012, -0.965930223, -0.258803099, -3.50630171e-06, 60 change(s)]
Chamber   MovingParts.CoreAntenna.SpecialCoreAntenna3.FrontPiece.StructureDetail.Front.Plates.Part ~(-19.6, 308.5, 50.3).CFrame = -19.580265, 308.536865, 50.2595711, 0.258891463, 4.37813151e-06, 0.965906382, -1.06160587e-06, 1, -4.24777318e-06, -0.965906382, 7.48877937e-08, 0.258891463   [was -19.580265, 308.536865, 50.2595749, 0.258891463, 4.32791649e-06, 0.965906382, -8.13902261e-07, 1, -4.26217684e-06, -0.965906382, 3.17875674e-07, 0.258891463, 60 change(s)]
Chamber   MovingParts.CoreAntenna.SpecialCoreAntenna3.FrontPiece.StructureDetail.Front.Plates.Plating ~(-25.6, 304.3, 48.6).CFrame = -25.62953, 304.337189, 48.6387405, 0.25880307, -0.965930343, 1.0832965e-05, -6.18673721e-06, 9.49356127e-06, 1.00000012, -0.965930223, -0.258803099, -3.74928936e-06   [was -25.62953, 304.337189, 48.6387405, 0.25880307, -0.965930343, 1.078275e-05, -5.93903223e-06, 9.5079422e-06, 1.00000012, -0.965930223, -0.258803099, -3.50630171e-06, 60 change(s)]
Chamber   MovingParts.CoreAntenna.SpecialCoreAntenna3.FrontPiece.StructureDetail.Front.Plates.Plating ~(-25.7, 303.1, 48.6).CFrame = -25.7020264, 303.112183, 48.6193161, 0.25880307, 0.965930104, -1.07712613e-05, -6.18673721e-06, -9.49355945e-06, -1.00000012, -0.965930223, 0.25880304, 3.51899348e-06   [was -25.7020264, 303.112183, 48.6193161, 0.25880307, 0.965930104, -1.07210462e-05, -5.93903223e-06, -9.50794038e-06, -1.00000012, -0.965930223, 0.25880304, 3.27600583e-06, 60 change(s)]
Chamber   MovingParts.CoreAntenna.SpecialCoreAntenna3.FrontPiece.StructureDetail.Front.Plates.Plating ~(-22.9, 301.9, 49.4).CFrame = -22.9249783, 301.887177, 49.3634453, 0.25880307, -0.965930343, 1.0832965e-05, -6.18673721e-06, 9.49356127e-06, 1.00000012, -0.965930223, -0.258803099, -3.74928936e-06   [was -22.9249783, 301.887177, 49.3634453, 0.25880307, -0.965930343, 1.078275e-05, -5.93903223e-06, 9.5079422e-06, 1.00000012, -0.965930223, -0.258803099, -3.50630171e-06, 60 change(s)]
Chamber   MovingParts.CoreAntenna.SpecialCoreAntenna3.FrontPiece.StructureDetail.Front.Plates.Plating ~(-25.6, 301.9, 48.6).CFrame = -25.6295662, 301.887207, 48.6387901, 0.25880307, -0.965930343, 1.0832965e-05, -6.18673721e-06, 9.49356127e-06, 1.00000012, -0.965930223, -0.258803099, -3.74928936e-06   [was -25.6295662, 301.887207, 48.6387901, 0.25880307, -0.965930343, 1.078275e-05, -5.93903223e-06, 9.5079422e-06, 1.00000012, -0.965930223, -0.258803099, -3.50630171e-06, 60 change(s)]
Chamber   MovingParts.CoreAntenna.SpecialCoreAntenna3.FrontPiece.StructureDetail.Front.Plates.Part ~(-19.6, 308.0, 50.3).CFrame = -19.5802994, 308.011871, 50.2595673, -0.258808106, -8.77451675e-05, 0.965928733, 1.06078687e-06, -1, -9.05558409e-05, 0.965928733, -2.24115392e-05, 0.258808106   [was -19.5802994, 308.011871, 50.2595673, -0.258808106, -8.76949489e-05, 0.965928733, 8.13081897e-07, -1, -9.05702254e-05, 0.965928733, -2.26545271e-05, 0.258808106, 60 change(s)]
Chamber   MovingParts.CoreAntenna.SpecialCoreAntenna3.FrontPiece.StructureDetail.Front.Plates.Plating ~(-20.2, 299.4, 50.1).CFrame = -20.2203674, 299.437134, 50.0880547, 0.25880307, -0.965930343, 1.0832965e-05, -6.18673721e-06, 9.49356127e-06, 1.00000012, -0.965930223, -0.258803099, -3.74928936e-06   [was -20.2203674, 299.437134, 50.0880508, 0.25880307, -0.965930343, 1.078275e-05, -5.93903223e-06, 9.5079422e-06, 1.00000012, -0.965930223, -0.258803099, -3.50630171e-06, 60 change(s)]
Chamber   MovingParts.CoreAntenna.SpecialCoreAntenna3.FrontPiece.StructureDetail.Front.Plates.Plating ~(-25.7, 298.2, 48.6).CFrame = -25.7020912, 298.212158, 48.6193733, 0.25880307, 0.965930104, -1.07712613e-05, -6.18673721e-06, -9.49355945e-06, -1.00000012, -0.965930223, 0.25880304, 3.51899348e-06   [was -25.7020912, 298.212158, 48.6193733, 0.25880307, 0.965930104, -1.07210462e-05, -5.93903223e-06, -9.50794038e-06, -1.00000012, -0.965930223, 0.25880304, 3.27600583e-06, 60 change(s)]
Chamber   MovingParts.CoreAntenna.SpecialCoreAntenna3.FrontPiece.StructureDetail.Front.Plates.Plating ~(-22.3, 301.9, 49.5).CFrame = -22.3212986, 301.887177, 49.5251846, 0.25880307, 0.965930104, -1.07712613e-05, -6.18673721e-06, -9.49355945e-06, -1.00000012, -0.965930223, 0.25880304, 3.51899348e-06   [was -22.3212986, 301.887177, 49.5251846, 0.25880307, 0.965930104, -1.07210462e-05, -5.93903223e-06, -9.50794038e-06, -1.00000012, -0.965930223, 0.25880304, 3.27600583e-06, 60 change(s)]
Chamber   MovingParts.CoreAntenna.SpecialCoreAntenna3.FrontPiece.StructureDetail.Front.Plates.Plating ~(-22.2, 305.6, 49.5).CFrame = -22.2487564, 305.562134, 49.5445328, 0.25880307, -0.965930343, 1.0832965e-05, -6.18673721e-06, 9.49356127e-06, 1.00000012, -0.965930223, -0.258803099, -3.74928936e-06   [was -22.2487583, 305.562134, 49.5445328, 0.25880307, -0.965930343, 1.078275e-05, -5.93903223e-06, 9.5079422e-06, 1.00000012, -0.965930223, -0.258803099, -3.50630171e-06, 60 change(s)]
Chamber   MovingParts.CoreAntenna.SpecialCoreAntenna3.FrontPiece.StructureDetail.Front.Plates.Plating ~(-21.0, 304.3, 49.9).CFrame = -20.9689636, 304.337128, 49.8874512, 0.25880307, 0.965930104, -1.07712613e-05, -6.18673721e-06, -9.49355945e-06, -1.00000012, -0.965930223, 0.25880304, 3.51899348e-06   [was -20.9689636, 304.337128, 49.8874512, 0.25880307, 0.965930104, -1.07210462e-05, -5.93903223e-06, -9.50794038e-06, -1.00000012, -0.965930223, 0.25880304, 3.27600583e-06, 60 change(s)]
Chamber   MovingParts.CoreAntenna.SpecialCoreAntenna3.FrontPiece.StructureDetail.Front.Plates.Plating ~(-26.3, 308.0, 48.5).CFrame = -26.3056507, 308.012177, 48.45755, 0.25880307, -0.965930343, 1.0832965e-05, -6.18673721e-06, 9.49356127e-06, 1.00000012, -0.965930223, -0.258803099, -3.74928936e-06   [was -26.3056507, 308.012177, 48.45755, 0.25880307, -0.965930343, 1.078275e-05, -5.93903223e-06, 9.5079422e-06, 1.00000012, -0.965930223, -0.258803099, -3.50630171e-06, 60 change(s)]
Chamber   MovingParts.CoreAntenna.SpecialCoreAntenna3.FrontPiece.StructureDetail.Front.Plates.Plating ~(-21.0, 306.8, 49.9).CFrame = -20.9689064, 306.787109, 49.8874435, 0.25880307, 0.965930104, -1.07712613e-05, -6.18673721e-06, -9.49355945e-06, -1.00000012, -0.965930223, 0.25880304, 3.51899348e-06   [was -20.9689064, 306.787109, 49.8874435, 0.25880307, 0.965930104, -1.07210462e-05, -5.93903223e-06, -9.50794038e-06, -1.00000012, -0.965930223, 0.25880304, 3.27600583e-06, 60 change(s)]
Chamber   MovingParts.CoreAntenna.SpecialCoreAntenna3.FrontPiece.StructureDetail.Front.Plates.Part ~(-19.6, 300.1, 50.3).CFrame = -19.5803871, 300.136871, 50.2595978, -0.258891463, -4.37813151e-06, 0.965906382, 1.06160587e-06, -1, -4.24777318e-06, 0.965906382, -7.48877937e-08, 0.258891463   [was -19.5803852, 300.136871, 50.2595978, -0.258891463, -4.32791649e-06, 0.965906382, 8.13902261e-07, -1, -4.26217684e-06, 0.965906382, -3.17875674e-07, 0.258891463, 60 change(s)]
Chamber   MovingParts.CoreAntenna.SpecialCoreAntenna3.FrontPiece.StructureDetail.Front.Plates.Plating ~(-23.0, 305.6, 49.3).CFrame = -22.9973793, 305.562134, 49.3439598, 0.25880307, 0.965930104, -1.07712613e-05, -6.18673721e-06, -9.49355945e-06, -1.00000012, -0.965930223, 0.25880304, 3.51899348e-06   [was -22.9973793, 305.562134, 49.3439598, 0.25880307, 0.965930104, -1.07210462e-05, -5.93903223e-06, -9.50794038e-06, -1.00000012, -0.965930223, 0.25880304, 3.27600583e-06, 60 change(s)]
Chamber   MovingParts.CoreAntenna.SpecialCoreAntenna3.FrontPiece.StructureDetail.Front.Plates.Plating ~(-22.2, 298.2, 49.5).CFrame = -22.2488422, 298.212189, 49.5445824, 0.25880307, -0.965930343, 1.0832965e-05, -6.18673721e-06, 9.49356127e-06, 1.00000012, -0.965930223, -0.258803099, -3.74928936e-06   [was -22.2488422, 298.212189, 49.5445786, 0.25880307, -0.965930343, 1.078275e-05, -5.93903223e-06, 9.5079422e-06, 1.00000012, -0.965930223, -0.258803099, -3.50630171e-06, 60 change(s)]
Chamber   MovingParts.CoreAntenna.SpecialCoreAntenna3.FrontPiece.StructureDetail.Front.Plates.Plating ~(-22.3, 306.8, 49.5).CFrame = -22.3212318, 306.78714, 49.5251122, 0.25880307, 0.965930104, -1.07712613e-05, -6.18673721e-06, -9.49355945e-06, -1.00000012, -0.965930223, 0.25880304, 3.51899348e-06   [was -22.3212318, 306.78714, 49.525116, 0.25880307, 0.965930104, -1.07210462e-05, -5.93903223e-06, -9.50794038e-06, -1.00000012, -0.965930223, 0.25880304, 3.27600583e-06, 60 change(s)]
Chamber   MovingParts.CoreAntenna.SpecialCoreAntenna3.FrontPiece.StructureDetail.Front.Plates.Plating ~(-24.3, 299.4, 49.0).CFrame = -24.2773304, 299.437195, 49.0011253, 0.25880307, -0.965930343, 1.0832965e-05, -6.18673721e-06, 9.49356127e-06, 1.00000012, -0.965930223, -0.258803099, -3.74928936e-06   [was -24.2773304, 299.437195, 49.0011253, 0.25880307, -0.965930343, 1.078275e-05, -5.93903223e-06, 9.5079422e-06, 1.00000012, -0.965930223, -0.258803099, -3.50630171e-06, 60 change(s)]
Chamber   MovingParts.CoreAntenna.SpecialCoreAntenna3.FrontPiece.StructureDetail.Front.Plates.Part ~(-27.0, 308.5, 48.3).CFrame = -27.0180168, 308.536987, 48.2667274, -0.258797973, -6.88558939e-05, -0.965931475, 1.06068683e-06, 1, -7.15687202e-05, 0.965931475, -1.95468092e-05, -0.258797973   [was -27.0180187, 308.536987, 48.2667313, -0.258797973, -6.89061126e-05, -0.965931475, 8.12981853e-07, 1, -7.15543501e-05, 0.965931475, -1.93038213e-05, -0.258797973, 60 change(s)]
Chamber   MovingParts.CoreAntenna.SpecialCoreAntenna3.FrontPiece.StructureDetail.Front.Plates.Plating ~(-21.6, 303.1, 49.7).CFrame = -21.6451397, 303.112152, 49.7062912, 0.25880307, 0.965930104, -1.07712613e-05, -6.18673721e-06, -9.49355945e-06, -1.00000012, -0.965930223, 0.25880304, 3.51899348e-06   [was -21.6451397, 303.112152, 49.7062912, 0.25880307, 0.965930104, -1.07210462e-05, -5.93903223e-06, -9.50794038e-06, -1.00000012, -0.965930223, 0.25880304, 3.27600583e-06, 60 change(s)]
Chamber   MovingParts.CoreAntenna.SpecialCoreAntenna3.FrontPiece.StructureDetail.Front.Plates.Plating ~(-21.0, 301.9, 49.9).CFrame = -20.9689541, 301.887115, 49.8874435, 0.25880307, 0.965930104, -1.07712613e-05, -6.18673721e-06, -9.49355945e-06, -1.00000012, -0.965930223, 0.25880304, 3.51899348e-06   [was -20.9689541, 301.887115, 49.8874435, 0.25880307, 0.965930104, -1.07210462e-05, -5.93903223e-06, -9.50794038e-06, -1.00000012, -0.965930223, 0.25880304, 3.27600583e-06, 60 change(s)]
Chamber   MovingParts.CoreAntenna.SpecialCoreAntenna3.FrontPiece.StructureDetail.Front.Plates.Plating ~(-25.0, 297.0, 48.8).CFrame = -25.0259457, 296.987152, 48.80056, 0.25880307, 0.965930104, -1.07712613e-05, -6.18673721e-06, -9.49355945e-06, -1.00000012, -0.965930223, 0.25880304, 3.51899348e-06   [was -25.0259457, 296.987152, 48.8005562, 0.25880307, 0.965930104, -1.07210462e-05, -5.93903223e-06, -9.50794038e-06, -1.00000012, -0.965930223, 0.25880304, 3.27600583e-06, 60 change(s)]
Chamber   MovingParts.CoreAntenna.SpecialCoreAntenna3.FrontPiece.StructureDetail.Front.Plates.Plating ~(-23.0, 308.0, 49.3).CFrame = -22.9973831, 308.012115, 49.3439484, 0.25880307, 0.965930104, -1.07712613e-05, -6.18673721e-06, -9.49355945e-06, -1.00000012, -0.965930223, 0.25880304, 3.51899348e-06   [was -22.9973831, 308.012115, 49.3439484, 0.25880307, 0.965930104, -1.07210462e-05, -5.93903223e-06, -9.50794038e-06, -1.00000012, -0.965930223, 0.25880304, 3.27600583e-06, 60 change(s)]
Chamber   MovingParts.CoreAntenna.SpecialCoreAntenna3.FrontPiece.StructureDetail.Front.Plates.Part ~(-19.6, 298.7, 50.3).CFrame = -19.5804043, 298.736847, 50.259613, 0.258891463, 4.37813151e-06, 0.965906382, -1.06160587e-06, 1, -4.24777318e-06, -0.965906382, 7.48877937e-08, 0.258891463   [was -19.5804043, 298.736847, 50.259613, 0.258891463, 4.32791649e-06, 0.965906382, -8.13902261e-07, 1, -4.26217684e-06, -0.965906382, 3.17875674e-07, 0.258891463, 60 change(s)]
Chamber   MovingParts.CoreAntenna.SpecialCoreAntenna3.FrontPiece.StructureDetail.Front.Plates.Plating ~(-20.9, 303.1, 49.9).CFrame = -20.8964634, 303.112152, 49.9068909, 0.25880307, -0.965930343, 1.0832965e-05, -6.18673721e-06, 9.49356127e-06, 1.00000012, -0.965930223, -0.258803099, -3.74928936e-06   [was -20.8964634, 303.112152, 49.9068909, 0.25880307, -0.965930343, 1.078275e-05, -5.93903223e-06, 9.5079422e-06, 1.00000012, -0.965930223, -0.258803099, -3.50630171e-06, 60 change(s)]
Chamber   MovingParts.CoreAntenna.SpecialCoreAntenna3.FrontPiece.StructureDetail.Front.Plates.Plating ~(-20.2, 304.3, 50.1).CFrame = -20.2203159, 304.337128, 50.0880394, 0.25880307, -0.965930343, 1.0832965e-05, -6.18673721e-06, 9.49356127e-06, 1.00000012, -0.965930223, -0.258803099, -3.74928936e-06   [was -20.2203159, 304.337128, 50.0880394, 0.25880307, -0.965930343, 1.078275e-05, -5.93903223e-06, 9.5079422e-06, 1.00000012, -0.965930223, -0.258803099, -3.50630171e-06, 60 change(s)]
Chamber   MovingParts.CoreAntenna.SpecialCoreAntenna3.FrontPiece.StructureDetail.Front.Plates.Plating ~(-27.0, 304.3, 48.3).CFrame = -26.981884, 304.337189, 48.2764015, 0.25880307, -0.965930343, 1.0832965e-05, -6.18673721e-06, 9.49356127e-06, 1.00000012, -0.965930223, -0.258803099, -3.74928936e-06   [was -26.9818859, 304.337189, 48.2764015, 0.25880307, -0.965930343, 1.078275e-05, -5.93903223e-06, 9.5079422e-06, 1.00000012, -0.965930223, -0.258803099, -3.50630171e-06, 60 change(s)]
Chamber   MovingParts.CoreAntenna.SpecialCoreAntenna3.FrontPiece.StructureDetail.Front.Plates.Plating ~(-27.0, 299.4, 48.3).CFrame = -26.9819489, 299.437195, 48.2764626, 0.25880307, -0.965930343, 1.0832965e-05, -6.18673721e-06, 9.49356127e-06, 1.00000012, -0.965930223, -0.258803099, -3.74928936e-06   [was -26.9819489, 299.437225, 48.2764626, 0.25880307, -0.965930343, 1.078275e-05, -5.93903223e-06, 9.5079422e-06, 1.00000012, -0.965930223, -0.258803099, -3.50630171e-06, 60 change(s)]
Chamber   MovingParts.CoreAntenna.SpecialCoreAntenna3.FrontPiece.StructureDetail.Front.Plates.Part ~(-27.0, 308.0, 48.3).CFrame = -27.0180569, 308.011963, 48.2667351, -0.258808106, -1.79585186e-05, -0.965928733, -8.52467347e-05, 1, 4.24831751e-06, 0.965928733, 8.34419261e-05, -0.258808106   [was -27.0180569, 308.011963, 48.2667351, -0.258808106, -1.80087336e-05, -0.965928733, -8.54944446e-05, 1, 4.2626998e-06, 0.965928733, 8.3684914e-05, -0.258808106, 60 change(s)]
Chamber   MovingParts.CoreAntenna.SpecialCoreAntenna3.FrontPiece.StructureDetail.Front.Model.Part.CFrame = -27.0244942, 308.011993, 48.2908859, -0.258808106, -1.79585186e-05, -0.965928733, -8.52467347e-05, 1, 4.24831751e-06, 0.965928733, 8.34419261e-05, -0.258808106   [was -27.0244942, 308.011993, 48.2908859, -0.258808106, -1.80087336e-05, -0.965928733, -8.54944446e-05, 1, 4.2626998e-06, 0.965928733, 8.3684914e-05, -0.258808106, 60 change(s)]
Chamber   MovingParts.CoreAntenna.SpecialCoreAntenna3.FrontPiece.StructureDetail.Front.Model.Meshes/Trapezoid.CFrame = -24.9841175, 298.212189, 48.8376389, 0.25880307, -0.965930343, 1.0832965e-05, -6.18673721e-06, 9.49356127e-06, 1.00000012, -0.965930223, -0.258803099, -3.74928936e-06   [was -24.9841156, 298.212189, 48.837635, 0.25880307, -0.965930343, 1.078275e-05, -5.93903223e-06, 9.5079422e-06, 1.00000012, -0.965930223, -0.258803099, -3.50630171e-06, 60 change(s)]
Chamber   MovingParts.CoreAntenna.SpecialCoreAntenna3.FrontPiece.StructureDetail.Front.Model.Meshes/Trapezoid ~(-23.6, 298.2, 49.2).CFrame = -23.6318207, 298.212158, 49.1999588, 0.25880307, -0.965930343, 1.0832965e-05, -6.18673721e-06, 9.49356127e-06, 1.00000012, -0.965930223, -0.258803099, -3.74928936e-06   [was -23.6318207, 298.212158, 49.1999588, 0.25880307, -0.965930343, 1.078275e-05, -5.93903223e-06, 9.5079422e-06, 1.00000012, -0.965930223, -0.258803099, -3.50630171e-06, 60 change(s)]
Chamber   MovingParts.CoreAntenna.SpecialCoreAntenna3.FrontPiece.StructureDetail.Front.Model.Meshes/Trapezoid ~(-22.3, 306.8, 49.6).CFrame = -22.3035774, 306.787201, 49.5557938, 0.25880307, 0.965930104, -1.07712613e-05, -6.18673721e-06, -9.49355945e-06, -1.00000012, -0.965930223, 0.25880304, 3.51899348e-06   [was -22.3035774, 306.787201, 49.5557938, 0.25880307, 0.965930104, -1.07210462e-05, -5.93903223e-06, -9.50794038e-06, -1.00000012, -0.965930223, 0.25880304, 3.27600583e-06, 60 change(s)]
Chamber   MovingParts.CoreAntenna.SpecialCoreAntenna3.FrontPiece.StructureDetail.Front.Model.Meshes/Trapezoid ~(-20.3, 304.3, 50.1).CFrame = -20.2509708, 304.337158, 50.1057625, 0.25880307, -0.965930343, 1.0832965e-05, -6.18673721e-06, 9.49356127e-06, 1.00000012, -0.965930223, -0.258803099, -3.74928936e-06   [was -20.2509708, 304.337158, 50.1057625, 0.25880307, -0.965930343, 1.078275e-05, -5.93903223e-06, 9.5079422e-06, 1.00000012, -0.965930223, -0.258803099, -3.50630171e-06, 60 change(s)]
Chamber   MovingParts.CoreAntenna.SpecialCoreAntenna3.FrontPiece.StructureDetail.Front.Model.Part ~(-27.0, 307.4, 48.3).CFrame = -27.0245018, 307.424469, 48.2908859, 0.258808106, -8.77451675e-05, -0.965928733, -1.06078687e-06, -1, 9.05558409e-05, -0.965928733, -2.24115392e-05, -0.258808106   [was -27.0245018, 307.424469, 48.2908859, 0.258808106, -8.76949489e-05, -0.965928733, -8.13081897e-07, -1, 9.05702254e-05, -0.965928733, -2.26545271e-05, -0.258808106, 60 change(s)]
Chamber   MovingParts.CoreAntenna.SpecialCoreAntenna3.FrontPiece.StructureDetail.Front.Model.Meshes/Trapezoid ~(-19.6, 297.0, 50.3).CFrame = -19.5990276, 296.987091, 50.2804756, 0.25880307, 0.965930104, -1.07712613e-05, -6.18673721e-06, -9.49355945e-06, -1.00000012, -0.965930223, 0.25880304, 3.51899348e-06   [was -19.5990276, 296.987091, 50.2804756, 0.25880307, 0.965930104, -1.07210462e-05, -5.93903223e-06, -9.50794038e-06, -1.00000012, -0.965930223, 0.25880304, 3.27600583e-06, 60 change(s)]
Chamber   MovingParts.CoreAntenna.SpecialCoreAntenna3.FrontPiece.StructureDetail.Front.Model.Meshes/Trapezoid ~(-23.0, 303.1, 49.4).CFrame = -22.9797459, 303.112183, 49.3746338, 0.25880307, 0.965930104, -1.07712613e-05, -6.18673721e-06, -9.49355945e-06, -1.00000012, -0.965930223, 0.25880304, 3.51899348e-06   [was -22.9797459, 303.112183, 49.3746338, 0.25880307, 0.965930104, -1.07210462e-05, -5.93903223e-06, -9.50794038e-06, -1.00000012, -0.965930223, 0.25880304, 3.27600583e-06, 60 change(s)]
Chamber   MovingParts.CoreAntenna.SpecialCoreAntenna3.FrontPiece.StructureDetail.Front.Model.Meshes/Trapezoid ~(-21.0, 306.8, 49.9).CFrame = -20.9512215, 306.78717, 49.9181328, 0.25880307, 0.965930104, -1.07712613e-05, -6.18673721e-06, -9.49355945e-06, -1.00000012, -0.965930223, 0.25880304, 3.51899348e-06   [was -20.9512215, 306.78717, 49.9181328, 0.25880307, 0.965930104, -1.07210462e-05, -5.93903223e-06, -9.50794038e-06, -1.00000012, -0.965930223, 0.25880304, 3.27600583e-06, 60 change(s)]
Chamber   MovingParts.CoreAntenna.SpecialCoreAntenna3.FrontPiece.StructureDetail.Front.Model.Meshes/Trapezoid ~(-21.0, 304.3, 49.9).CFrame = -20.9512482, 304.337189, 49.9181442, 0.25880307, 0.965930104, -1.07712613e-05, -6.18673721e-06, -9.49355945e-06, -1.00000012, -0.965930223, 0.25880304, 3.51899348e-06   [was -20.9512501, 304.337189, 49.9181442, 0.25880307, 0.965930104, -1.07210462e-05, -5.93903223e-06, -9.50794038e-06, -1.00000012, -0.965930223, 0.25880304, 3.27600583e-06, 60 change(s)]
Chamber   MovingParts.CoreAntenna.SpecialCoreAntenna3.FrontPiece.StructureDetail.Front.Model.Part ~(-19.6, 308.6, 50.3).CFrame = -19.5867653, 308.599396, 50.2837219, 0.258808106, 8.77451675e-05, 0.965928733, -1.06078687e-06, 1, -9.05558409e-05, -0.965928733, 2.24115392e-05, 0.258808106   [was -19.5867653, 308.599396, 50.2837219, 0.258808106, 8.76949489e-05, 0.965928733, -8.13081897e-07, 1, -9.05702254e-05, -0.965928733, 2.26545271e-05, 0.258808106, 60 change(s)]
Chamber   MovingParts.CoreAntenna.SpecialCoreAntenna3.FrontPiece.StructureDetail.Front.Model.Meshes/Trapezoid ~(-22.3, 299.4, 49.6).CFrame = -22.3036575, 299.437164, 49.5558243, 0.25880307, 0.965930104, -1.07712613e-05, -6.18673721e-06, -9.49355945e-06, -1.00000012, -0.965930223, 0.25880304, 3.51899348e-06   [was -22.3036575, 299.437164, 49.5558243, 0.25880307, 0.965930104, -1.07210462e-05, -5.93903223e-06, -9.50794038e-06, -1.00000012, -0.965930223, 0.25880304, 3.27600583e-06, 60 change(s)]
Chamber   MovingParts.CoreAntenna.SpecialCoreAntenna3.FrontPiece.StructureDetail.Front.Model.Meshes/Trapezoid ~(-25.0, 306.8, 48.8).CFrame = -25.0081978, 306.787231, 48.8311348, 0.25880307, 0.965930104, -1.07712613e-05, -6.18673721e-06, -9.49355945e-06, -1.00000012, -0.965930223, 0.25880304, 3.51899348e-06   [was -25.0081978, 306.787231, 48.8311348, 0.25880307, 0.965930104, -1.07210462e-05, -5.93903223e-06, -9.50794038e-06, -1.00000012, -0.965930223, 0.25880304, 3.27600583e-06, 60 change(s)]
Chamber   MovingParts.CoreAntenna.SpecialCoreAntenna3.FrontPiece.StructureDetail.Front.Model.Meshes/Trapezoid ~(-19.6, 309.2, 50.3).CFrame = -19.5989037, 309.237122, 50.2804604, 0.25880307, 0.965930104, -1.07712613e-05, -6.18673721e-06, -9.49355945e-06, -1.00000012, -0.965930223, 0.25880304, 3.51899348e-06   [was -19.5989037, 309.237152, 50.2804642, 0.25880307, 0.965930104, -1.07210462e-05, -5.93903223e-06, -9.50794038e-06, -1.00000012, -0.965930223, 0.25880304, 3.27600583e-06, 60 change(s)]
Chamber   MovingParts.CoreAntenna.SpecialCoreAntenna3.FrontPiece.StructureDetail.Front.Model.Meshes/Trapezoid ~(-25.7, 303.1, 48.6).CFrame = -25.68437, 303.112183, 48.6499901, 0.25880307, 0.965930104, -1.07712613e-05, -6.18673721e-06, -9.49355945e-06, -1.00000012, -0.965930223, 0.25880304, 3.51899348e-06   [was -25.68437, 303.112183, 48.6499901, 0.25880307, 0.965930104, -1.07210462e-05, -5.93903223e-06, -9.50794038e-06, -1.00000012, -0.965930223, 0.25880304, 3.27600583e-06, 60 change(s)]
Chamber   MovingParts.CoreAntenna.SpecialCoreAntenna3.FrontPiece.StructureDetail.Front.Model.Part ~(-27.0, 308.6, 48.3).CFrame = -27.0244884, 308.599518, 48.2908821, -0.258808106, 8.77451675e-05, -0.965928733, 1.06078687e-06, 1, 9.05558409e-05, 0.965928733, 2.24115392e-05, -0.258808106   [was -27.0244884, 308.599518, 48.2908821, -0.258808106, 8.76949489e-05, -0.965928733, 8.13081897e-07, 1, 9.05702254e-05, 0.965928733, 2.26545271e-05, -0.258808106, 60 change(s)]
Chamber   MovingParts.CoreAntenna.SpecialCoreAntenna3.FrontPiece.StructureDetail.Front.Model.Meshes/Trapezoid ~(-22.3, 298.2, 49.6).CFrame = -22.2794952, 298.212158, 49.5622902, 0.25880307, -0.965930343, 1.0832965e-05, -6.18673721e-06, 9.49356127e-06, 1.00000012, -0.965930223, -0.258803099, -3.74928936e-06   [was -22.2794952, 298.212158, 49.5622902, 0.25880307, -0.965930343, 1.078275e-05, -5.93903223e-06, 9.5079422e-06, 1.00000012, -0.965930223, -0.258803099, -3.50630171e-06, 60 change(s)]
Chamber   MovingParts.CoreAntenna.SpecialCoreAntenna3.FrontPiece.StructureDetail.Front.Model.Meshes/Trapezoid ~(-20.3, 308.0, 50.1).CFrame = -20.2750473, 308.012177, 50.0992966, 0.25880307, 0.965930104, -1.07712613e-05, -6.18673721e-06, -9.49355945e-06, -1.00000012, -0.965930223, 0.25880304, 3.51899348e-06   [was -20.2750473, 308.012177, 50.0993004, 0.25880307, 0.965930104, -1.07210462e-05, -5.93903223e-06, -9.50794038e-06, -1.00000012, -0.965930223, 0.25880304, 3.27600583e-06, 60 change(s)]
Chamber   MovingParts.CoreAntenna.SpecialCoreAntenna3.FrontPiece.StructureDetail.Front.Model.Meshes/Trapezoid ~(-20.3, 297.0, 50.1).CFrame = -20.2510471, 296.987091, 50.1057739, 0.25880307, -0.965930343, 1.0832965e-05, -6.18673721e-06, 9.49356127e-06, 1.00000012, -0.965930223, -0.258803099, -3.74928936e-06   [was -20.2510471, 296.987091, 50.1057739, 0.25880307, -0.965930343, 1.078275e-05, -5.93903223e-06, 9.5079422e-06, 1.00000012, -0.965930223, -0.258803099, -3.50630171e-06, 60 change(s)]
Chamber   MovingParts.CoreAntenna.SpecialCoreAntenna3.FrontPiece.StructureDetail.Front.Model.Meshes/Trapezoid ~(-21.6, 306.8, 49.7).CFrame = -21.6032715, 306.787201, 49.7434273, 0.25880307, -0.965930343, 1.0832965e-05, -6.18673721e-06, 9.49356127e-06, 1.00000012, -0.965930223, -0.258803099, -3.74928936e-06   [was -21.6032715, 306.787201, 49.7434273, 0.25880307, -0.965930343, 1.078275e-05, -5.93903223e-06, 9.5079422e-06, 1.00000012, -0.965930223, -0.258803099, -3.50630171e-06, 60 change(s)]
Chamber   MovingParts.CoreAntenna.SpecialCoreAntenna3.FrontPiece.StructureDetail.Front.Model.Part ~(-27.0, 300.1, 48.3).CFrame = -27.0245781, 300.074432, 48.290905, 0.258808106, -8.77451675e-05, -0.965928733, -1.06078687e-06, -1, 9.05558409e-05, -0.965928733, -2.24115392e-05, -0.258808106   [was -27.0245781, 300.074432, 48.290905, 0.258808106, -8.76949489e-05, -0.965928733, -8.13081897e-07, -1, 9.05702254e-05, -0.965928733, -2.26545271e-05, -0.258808106, 60 change(s)]
Chamber   MovingParts.CoreAntenna.SpecialCoreAntenna3.FrontPiece.StructureDetail.Front.Model.Meshes/Trapezoid ~(-24.3, 299.4, 49.0).CFrame = -24.30797, 299.437195, 49.0187874, 0.25880307, -0.965930343, 1.0832965e-05, -6.18673721e-06, 9.49356127e-06, 1.00000012, -0.965930223, -0.258803099, -3.74928936e-06   [was -24.3079681, 299.437195, 49.0187874, 0.25880307, -0.965930343, 1.078275e-05, -5.93903223e-06, 9.5079422e-06, 1.00000012, -0.965930223, -0.258803099, -3.50630171e-06, 60 change(s)]
Chamber   MovingParts.CoreAntenna.SpecialCoreAntenna3.FrontPiece.StructureDetail.Front.Model.Meshes/Trapezoid ~(-27.0, 301.9, 48.3).CFrame = -27.0125942, 301.887207, 48.294117, 0.25880307, -0.965930343, 1.0832965e-05, -6.18673721e-06, 9.49356127e-06, 1.00000012, -0.965930223, -0.258803099, -3.74928936e-06   [was -27.0125942, 301.887207, 48.294117, 0.25880307, -0.965930343, 1.078275e-05, -5.93903223e-06, 9.5079422e-06, 1.00000012, -0.965930223, -0.258803099, -3.50630171e-06, 60 change(s)]
Chamber   MovingParts.CoreAntenna.SpecialCoreAntenna3.FrontPiece.StructureDetail.Front.Model.Meshes/Trapezoid ~(-25.7, 304.3, 48.7).CFrame = -25.660244, 304.337219, 48.6564484, 0.25880307, -0.965930343, 1.0832965e-05, -6.18673721e-06, 9.49356127e-06, 1.00000012, -0.965930223, -0.258803099, -3.74928936e-06   [was -25.660244, 304.337219, 48.6564484, 0.25880307, -0.965930343, 1.078275e-05, -5.93903223e-06, 9.5079422e-06, 1.00000012, -0.965930223, -0.258803099, -3.50630171e-06, 60 change(s)]
Chamber   MovingParts.CoreAntenna.SpecialCoreAntenna3.FrontPiece.StructureDetail.Front.Model.Part ~(-27.0, 298.8, 48.3).CFrame = -27.0245934, 298.799469, 48.2909164, -0.258808106, 8.77451675e-05, -0.965928733, 1.06078687e-06, 1, 9.05558409e-05, 0.965928733, 2.24115392e-05, -0.258808106   [was -27.0245934, 298.799469, 48.2909164, -0.258808106, 8.76949489e-05, -0.965928733, 8.13081897e-07, 1, 9.05702254e-05, 0.965928733, 2.26545271e-05, -0.258808106, 60 change(s)]
Chamber   MovingParts.CoreAntenna.SpecialCoreAntenna3.FrontPiece.StructureDetail.Front.Model.Meshes/Trapezoid ~(-22.3, 300.7, 49.6).CFrame = -22.2794971, 300.66217, 49.5622749, 0.25880307, -0.965930343, 1.0832965e-05, -6.18673721e-06, 9.49356127e-06, 1.00000012, -0.965930223, -0.258803099, -3.74928936e-06   [was -22.2794971, 300.66217, 49.5622749, 0.25880307, -0.965930343, 1.078275e-05, -5.93903223e-06, 9.5079422e-06, 1.00000012, -0.965930223, -0.258803099, -3.50630171e-06, 60 change(s)]
Chamber   MovingParts.CoreAntenna.SpecialCoreAntenna3.FrontPiece.StructureDetail.Front.Model.Meshes/Trapezoid ~(-23.0, 297.0, 49.4).CFrame = -22.9556999, 296.987122, 49.3811226, 0.25880307, -0.965930343, 1.0832965e-05, -6.18673721e-06, 9.49356127e-06, 1.00000012, -0.965930223, -0.258803099, -3.74928936e-06   [was -22.9556999, 296.987122, 49.3811188, 0.25880307, -0.965930343, 1.078275e-05, -5.93903223e-06, 9.5079422e-06, 1.00000012, -0.965930223, -0.258803099, -3.50630171e-06, 60 change(s)]
Chamber   MovingParts.CoreAntenna.SpecialCoreAntenna3.FrontPiece.StructureDetail.Front.Model.Meshes/Trapezoid ~(-22.3, 305.6, 49.6).CFrame = -22.2794189, 305.562195, 49.5622787, 0.25880307, -0.965930343, 1.0832965e-05, -6.18673721e-06, 9.49356127e-06, 1.00000012, -0.965930223, -0.258803099, -3.74928936e-06   [was -22.2794189, 305.562195, 49.5622787, 0.25880307, -0.965930343, 1.078275e-05, -5.93903223e-06, 9.5079422e-06, 1.00000012, -0.965930223, -0.258803099, -3.50630171e-06, 60 change(s)]
Chamber   MovingParts.CoreAntenna.SpecialCoreAntenna3.FrontPiece.StructureDetail.Front.Model.Meshes/Trapezoid ~(-25.7, 300.7, 48.6).CFrame = -25.6843948, 300.662201, 48.6499901, 0.25880307, 0.965930104, -1.07712613e-05, -6.18673721e-06, -9.49355945e-06, -1.00000012, -0.965930223, 0.25880304, 3.51899348e-06   [was -25.6843948, 300.662201, 48.6499901, 0.25880307, 0.965930104, -1.07210462e-05, -5.93903223e-06, -9.50794038e-06, -1.00000012, -0.965930223, 0.25880304, 3.27600583e-06, 60 change(s)]
Chamber   MovingParts.CoreAntenna.SpecialCoreAntenna3.FrontPiece.StructureDetail.Front.Model.Meshes/Trapezoid ~(-23.0, 300.7, 49.4).CFrame = -22.9797726, 300.66217, 49.3746452, 0.25880307, 0.965930104, -1.07712613e-05, -6.18673721e-06, -9.49355945e-06, -1.00000012, -0.965930223, 0.25880304, 3.51899348e-06   [was -22.9797726, 300.66217, 49.3746452, 0.25880307, 0.965930104, -1.07210462e-05, -5.93903223e-06, -9.50794038e-06, -1.00000012, -0.965930223, 0.25880304, 3.27600583e-06, 60 change(s)]
Chamber   MovingParts.CoreAntenna.SpecialCoreAntenna3.FrontPiece.StructureDetail.Front.Model.Part ~(-27.0, 301.2, 48.3).CFrame = -27.0245667, 301.249481, 48.2909012, -0.258808106, 8.77451675e-05, -0.965928733, 1.06078687e-06, 1, 9.05558409e-05, 0.965928733, 2.24115392e-05, -0.258808106   [was -27.0245667, 301.249481, 48.2909012, -0.258808106, 8.76949489e-05, -0.965928733, 8.13081897e-07, 1, 9.05702254e-05, 0.965928733, 2.26545271e-05, -0.258808106, 60 change(s)]
Chamber   MovingParts.CoreAntenna.SpecialCoreAntenna3.FrontPiece.StructureDetail.Front.Model.Meshes/Trapezoid ~(-26.4, 309.2, 48.5).CFrame = -26.3604393, 309.237213, 48.4688225, 0.25880307, 0.965930104, -1.07712613e-05, -6.18673721e-06, -9.49355945e-06, -1.00000012, -0.965930223, 0.25880304, 3.51899348e-06   [was -26.3604412, 309.237213, 48.4688225, 0.25880307, 0.965930104, -1.07210462e-05, -5.93903223e-06, -9.50794038e-06, -1.00000012, -0.965930223, 0.25880304, 3.27600583e-06, 60 change(s)]
Chamber   MovingParts.CoreAntenna.SpecialCoreAntenna3.FrontPiece.StructureDetail.Front.Model.Meshes/Trapezoid ~(-21.6, 303.1, 49.7).CFrame = -21.6274529, 303.112183, 49.736969, 0.25880307, 0.965930104, -1.07712613e-05, -6.18673721e-06, -9.49355945e-06, -1.00000012, -0.965930223, 0.25880304, 3.51899348e-06   [was -21.6274529, 303.112183, 49.736969, 0.25880307, 0.965930104, -1.07210462e-05, -5.93903223e-06, -9.50794038e-06, -1.00000012, -0.965930223, 0.25880304, 3.27600583e-06, 60 change(s)]
Chamber   MovingParts.CoreAntenna.SpecialCoreAntenna3.FrontPiece.StructureDetail.Front.Model.Meshes/Trapezoid ~(-24.3, 308.0, 49.0).CFrame = -24.3319893, 308.012207, 49.0122948, 0.25880307, 0.965930104, -1.07712613e-05, -6.18673721e-06, -9.49355945e-06, -1.00000012, -0.965930223, 0.25880304, 3.51899348e-06   [was -24.3319893, 308.012207, 49.0122948, 0.25880307, 0.965930104, -1.07210462e-05, -5.93903223e-06, -9.50794038e-06, -1.00000012, -0.965930223, 0.25880304, 3.27600583e-06, 60 change(s)]
Chamber   MovingParts.CoreAntenna.SpecialCoreAntenna3.FrontPiece.StructureDetail.Front.Model.Meshes/Trapezoid ~(-25.7, 299.4, 48.7).CFrame = -25.6602955, 299.437195, 48.6564598, 0.25880307, -0.965930343, 1.0832965e-05, -6.18673721e-06, 9.49356127e-06, 1.00000012, -0.965930223, -0.258803099, -3.74928936e-06   [was -25.6602955, 299.437195, 48.6564598, 0.25880307, -0.965930343, 1.078275e-05, -5.93903223e-06, 9.5079422e-06, 1.00000012, -0.965930223, -0.258803099, -3.50630171e-06, 60 change(s)]
Chamber   MovingParts.CoreAntenna.SpecialCoreAntenna3.FrontPiece.StructureDetail.Front.Model.Part ~(-27.0, 300.7, 48.3).CFrame = -27.0245705, 300.661957, 48.2909012, -0.258808106, -1.79585186e-05, -0.965928733, -8.52467347e-05, 1, 4.24831751e-06, 0.965928733, 8.34419261e-05, -0.258808106   [was -27.0245705, 300.661957, 48.2909012, -0.258808106, -1.80087336e-05, -0.965928733, -8.54944446e-05, 1, 4.2626998e-06, 0.965928733, 8.3684914e-05, -0.258808106, 60 change(s)]
Chamber   MovingParts.CoreAntenna.SpecialCoreAntenna3.FrontPiece.StructureDetail.Front.Model.Meshes/Trapezoid ~(-23.7, 309.2, 49.2).CFrame = -23.6558437, 309.237183, 49.1934471, 0.25880307, 0.965930104, -1.07712613e-05, -6.18673721e-06, -9.49355945e-06, -1.00000012, -0.965930223, 0.25880304, 3.51899348e-06   [was -23.6558437, 309.237183, 49.1934509, 0.25880307, 0.965930104, -1.07210462e-05, -5.93903223e-06, -9.50794038e-06, -1.00000012, -0.965930223, 0.25880304, 3.27600583e-06, 60 change(s)]
Chamber   MovingParts.CoreAntenna.SpecialCoreAntenna3.FrontPiece.StructureDetail.Front.Model.Meshes/Trapezoid ~(-20.3, 301.9, 50.1).CFrame = -20.2509975, 301.887146, 50.1057701, 0.25880307, -0.965930343, 1.0832965e-05, -6.18673721e-06, 9.49356127e-06, 1.00000012, -0.965930223, -0.258803099, -3.74928936e-06   [was -20.2509975, 301.887146, 50.1057701, 0.25880307, -0.965930343, 1.078275e-05, -5.93903223e-06, 9.5079422e-06, 1.00000012, -0.965930223, -0.258803099, -3.50630171e-06, 60 change(s)]
Chamber   MovingParts.CoreAntenna.SpecialCoreAntenna3.FrontPiece.StructureDetail.Front.Model.Meshes/Trapezoid ~(-25.7, 297.0, 48.7).CFrame = -25.6603184, 296.987152, 48.656456, 0.25880307, -0.965930343, 1.0832965e-05, -6.18673721e-06, 9.49356127e-06, 1.00000012, -0.965930223, -0.258803099, -3.74928936e-06   [was -25.6603184, 296.987152, 48.656456, 0.25880307, -0.965930343, 1.078275e-05, -5.93903223e-06, 9.5079422e-06, 1.00000012, -0.965930223, -0.258803099, -3.50630171e-06, 60 change(s)]
Chamber   MovingParts.CoreAntenna.SpecialCoreAntenna3.FrontPiece.StructureDetail.Front.Model.Meshes/Trapezoid ~(-25.0, 305.6, 48.8).CFrame = -24.9840698, 305.562225, 48.837616, 0.25880307, -0.965930343, 1.0832965e-05, -6.18673721e-06, 9.49356127e-06, 1.00000012, -0.965930223, -0.258803099, -3.74928936e-06   [was -24.9840698, 305.562225, 48.837616, 0.25880307, -0.965930343, 1.078275e-05, -5.93903223e-06, 9.5079422e-06, 1.00000012, -0.965930223, -0.258803099, -3.50630171e-06, 60 change(s)]
Chamber   MovingParts.CoreAntenna.SpecialCoreAntenna3.FrontPiece.StructureDetail.Front.Model.Part ~(-19.6, 306.1, 50.3).CFrame = -19.5867939, 306.149384, 50.2837334, 0.258808106, 8.77451675e-05, 0.965928733, -1.06078687e-06, 1, -9.05558409e-05, -0.965928733, 2.24115392e-05, 0.258808106   [was -19.5867939, 306.149384, 50.2837334, 0.258808106, 8.76949489e-05, 0.965928733, -8.13081897e-07, 1, -9.05702254e-05, -0.965928733, 2.26545271e-05, 0.258808106, 60 change(s)]
Chamber   MovingParts.CoreAntenna.SpecialCoreAntenna3.FrontPiece.StructureDetail.Front.Model.Meshes/Trapezoid ~(-20.3, 309.2, 50.1).CFrame = -20.2508831, 309.237122, 50.105732, 0.25880307, -0.965930343, 1.0832965e-05, -6.18673721e-06, 9.49356127e-06, 1.00000012, -0.965930223, -0.258803099, -3.74928936e-06   [was -20.2508831, 309.237122, 50.105732, 0.25880307, -0.965930343, 1.078275e-05, -5.93903223e-06, 9.5079422e-06, 1.00000012, -0.965930223, -0.258803099, -3.50630171e-06, 60 change(s)]
Chamber   MovingParts.CoreAntenna.SpecialCoreAntenna3.FrontPiece.StructureDetail.Front.Model.Meshes/Trapezoid ~(-26.4, 299.4, 48.5).CFrame = -26.3605766, 299.437195, 48.4688492, 0.25880307, 0.965930104, -1.07712613e-05, -6.18673721e-06, -9.49355945e-06, -1.00000012, -0.965930223, 0.25880304, 3.51899348e-06   [was -26.3605766, 299.437195, 48.4688492, 0.25880307, 0.965930104, -1.07210462e-05, -5.93903223e-06, -9.50794038e-06, -1.00000012, -0.965930223, 0.25880304, 3.27600583e-06, 60 change(s)]
Chamber   MovingParts.CoreAntenna.SpecialCoreAntenna3.FrontPiece.StructureDetail.Front.Model.Meshes/Trapezoid ~(-23.0, 299.4, 49.4).CFrame = -22.9556713, 299.437164, 49.3811073, 0.25880307, -0.965930343, 1.0832965e-05, -6.18673721e-06, 9.49356127e-06, 1.00000012, -0.965930223, -0.258803099, -3.74928936e-06   [was -22.9556713, 299.437164, 49.3811035, 0.25880307, -0.965930343, 1.078275e-05, -5.93903223e-06, 9.5079422e-06, 1.00000012, -0.965930223, -0.258803099, -3.50630171e-06, 60 change(s)]
Chamber   MovingParts.CoreAntenna.SpecialCoreAntenna3.FrontPiece.StructureDetail.Front.Model.Meshes/Trapezoid ~(-20.9, 298.2, 49.9).CFrame = -20.9271698, 298.212158, 49.9246254, 0.25880307, -0.965930343, 1.0832965e-05, -6.18673721e-06, 9.49356127e-06, 1.00000012, -0.965930223, -0.258803099, -3.74928936e-06   [was -20.9271698, 298.212158, 49.9246254, 0.25880307, -0.965930343, 1.078275e-05, -5.93903223e-06, 9.5079422e-06, 1.00000012, -0.965930223, -0.258803099, -3.50630171e-06, 60 change(s)]
Chamber   MovingParts.CoreAntenna.SpecialCoreAntenna3.FrontPiece.StructureDetail.Front.Model.Meshes/Trapezoid ~(-19.6, 306.8, 50.3).CFrame = -19.5989265, 306.78717, 50.2804565, 0.25880307, 0.965930104, -1.07712613e-05, -6.18673721e-06, -9.49355945e-06, -1.00000012, -0.965930223, 0.25880304, 3.51899348e-06   [was -19.5989265, 306.78717, 50.2804565, 0.25880307, 0.965930104, -1.07210462e-05, -5.93903223e-06, -9.50794038e-06, -1.00000012, -0.965930223, 0.25880304, 3.27600583e-06, 60 change(s)]
Chamber   MovingParts.CoreAntenna.SpecialCoreAntenna3.FrontPiece.StructureDetail.Front.Model.Part ~(-19.6, 302.5, 50.3).CFrame = -19.5867977, 302.524353, 50.2837372, -0.258808106, -8.77451675e-05, 0.965928733, 1.06078687e-06, -1, -9.05558409e-05, 0.965928733, -2.24115392e-05, 0.258808106   [was -19.5867977, 302.524353, 50.2837372, -0.258808106, -8.76949489e-05, 0.965928733, 8.13081897e-07, -1, -9.05702254e-05, 0.965928733, -2.26545271e-05, 0.258808106, 60 change(s)]
Chamber   MovingParts.CoreAntenna.SpecialCoreAntenna3.FrontPiece.StructureDetail.Front.Model.Meshes/Trapezoid ~(-22.3, 309.2, 49.6).CFrame = -22.3035164, 309.237183, 49.5557747, 0.25880307, 0.965930104, -1.07712613e-05, -6.18673721e-06, -9.49355945e-06, -1.00000012, -0.965930223, 0.25880304, 3.51899348e-06   [was -22.3035164, 309.237183, 49.5557747, 0.25880307, 0.965930104, -1.07210462e-05, -5.93903223e-06, -9.50794038e-06, -1.00000012, -0.965930223, 0.25880304, 3.27600583e-06, 60 change(s)]
Chamber   MovingParts.CoreAntenna.SpecialCoreAntenna3.FrontPiece.StructureDetail.Front.Model.Meshes/Trapezoid ~(-24.3, 303.1, 49.0).CFrame = -24.3320732, 303.112183, 49.01231, 0.25880307, 0.965930104, -1.07712613e-05, -6.18673721e-06, -9.49355945e-06, -1.00000012, -0.965930223, 0.25880304, 3.51899348e-06   [was -24.3320732, 303.112183, 49.01231, 0.25880307, 0.965930104, -1.07210462e-05, -5.93903223e-06, -9.50794038e-06, -1.00000012, -0.965930223, 0.25880304, 3.27600583e-06, 60 change(s)]
Chamber   MovingParts.CoreAntenna.SpecialCoreAntenna3.FrontPiece.StructureDetail.Front.Model.Meshes/Trapezoid ~(-21.0, 309.2, 49.9).CFrame = -20.9511986, 309.237152, 49.9181366, 0.25880307, 0.965930104, -1.07712613e-05, -6.18673721e-06, -9.49355945e-06, -1.00000012, -0.965930223, 0.25880304, 3.51899348e-06   [was -20.9512005, 309.237152, 49.9181404, 0.25880307, 0.965930104, -1.07210462e-05, -5.93903223e-06, -9.50794038e-06, -1.00000012, -0.965930223, 0.25880304, 3.27600583e-06, 60 change(s)]
Chamber   MovingParts.CoreAntenna.SpecialCoreAntenna3.FrontPiece.StructureDetail.Front.Model.Meshes/Trapezoid ~(-25.7, 301.9, 48.7).CFrame = -25.6602402, 301.887207, 48.6564598, 0.25880307, -0.965930343, 1.0832965e-05, -6.18673721e-06, 9.49356127e-06, 1.00000012, -0.965930223, -0.258803099, -3.74928936e-06   [was -25.6602402, 301.887207, 48.6564598, 0.25880307, -0.965930343, 1.078275e-05, -5.93903223e-06, 9.5079422e-06, 1.00000012, -0.965930223, -0.258803099, -3.50630171e-06, 60 change(s)]
Chamber   MovingParts.CoreAntenna.SpecialCoreAntenna3.FrontPiece.StructureDetail.Front.Model.Part ~(-19.6, 305.0, 50.3).CFrame = -19.5868073, 304.974335, 50.283741, -0.258808106, -8.77451675e-05, 0.965928733, 1.06078687e-06, -1, -9.05558409e-05, 0.965928733, -2.24115392e-05, 0.258808106   [was -19.5868073, 304.974335, 50.283741, -0.258808106, -8.76949489e-05, 0.965928733, 8.13081897e-07, -1, -9.05702254e-05, 0.965928733, -2.26545271e-05, 0.258808106, 60 change(s)]
Chamber   MovingParts.CoreAntenna.SpecialCoreAntenna3.FrontPiece.StructureDetail.Front.Model.Meshes/Trapezoid ~(-25.0, 300.7, 48.8).CFrame = -24.9841194, 300.662201, 48.837616, 0.25880307, -0.965930343, 1.0832965e-05, -6.18673721e-06, 9.49356127e-06, 1.00000012, -0.965930223, -0.258803099, -3.74928936e-06   [was -24.9841194, 300.662201, 48.837616, 0.25880307, -0.965930343, 1.078275e-05, -5.93903223e-06, 9.5079422e-06, 1.00000012, -0.965930223, -0.258803099, -3.50630171e-06, 60 change(s)]
Chamber   MovingParts.CoreAntenna.SpecialCoreAntenna3.FrontPiece.StructureDetail.Front.Model.Meshes/Trapezoid ~(-21.6, 308.0, 49.7).CFrame = -21.6274014, 308.012177, 49.7369537, 0.25880307, 0.965930104, -1.07712613e-05, -6.18673721e-06, -9.49355945e-06, -1.00000012, -0.965930223, 0.25880304, 3.51899348e-06   [was -21.6274014, 308.012177, 49.7369576, 0.25880307, 0.965930104, -1.07210462e-05, -5.93903223e-06, -9.50794038e-06, -1.00000012, -0.965930223, 0.25880304, 3.27600583e-06, 60 change(s)]
Chamber   MovingParts.CoreAntenna.SpecialCoreAntenna3.FrontPiece.StructureDetail.Front.Model.Meshes/Trapezoid ~(-23.6, 305.6, 49.2).CFrame = -23.6317444, 305.562195, 49.1999435, 0.25880307, -0.965930343, 1.0832965e-05, -6.18673721e-06, 9.49356127e-06, 1.00000012, -0.965930223, -0.258803099, -3.74928936e-06   [was -23.6317444, 305.562195, 49.1999435, 0.25880307, -0.965930343, 1.078275e-05, -5.93903223e-06, 9.5079422e-06, 1.00000012, -0.965930223, -0.258803099, -3.50630171e-06, 60 change(s)]
Chamber   MovingParts.CoreAntenna.SpecialCoreAntenna3.FrontPiece.StructureDetail.Front.Model.Meshes/Trapezoid ~(-24.3, 297.0, 49.0).CFrame = -24.3080235, 296.987152, 49.0187836, 0.25880307, -0.965930343, 1.0832965e-05, -6.18673721e-06, 9.49356127e-06, 1.00000012, -0.965930223, -0.258803099, -3.74928936e-06   [was -24.3080235, 296.987152, 49.0187836, 0.25880307, -0.965930343, 1.078275e-05, -5.93903223e-06, 9.5079422e-06, 1.00000012, -0.965930223, -0.258803099, -3.50630171e-06, 60 change(s)]
Chamber   MovingParts.CoreAntenna.SpecialCoreAntenna3.FrontPiece.StructureDetail.Front.Model.Part ~(-19.6, 305.6, 50.3).CFrame = -19.5867977, 305.561859, 50.2837296, -0.258808106, -8.77451675e-05, 0.965928733, 1.06078687e-06, -1, -9.05558409e-05, 0.965928733, -2.24115392e-05, 0.258808106   [was -19.5867977, 305.561859, 50.2837296, -0.258808106, -8.76949489e-05, 0.965928733, 8.13081897e-07, -1, -9.05702254e-05, 0.965928733, -2.26545271e-05, 0.258808106, 60 change(s)]
Chamber   MovingParts.CoreAntenna.SpecialCoreAntenna3.FrontPiece.StructureDetail.Front.Model.Meshes/Trapezoid ~(-24.3, 301.9, 49.0).CFrame = -24.3079453, 301.887177, 49.0187836, 0.25880307, -0.965930343, 1.0832965e-05, -6.18673721e-06, 9.49356127e-06, 1.00000012, -0.965930223, -0.258803099, -3.74928936e-06   [was -24.3079453, 301.887177, 49.0187836, 0.25880307, -0.965930343, 1.078275e-05, -5.93903223e-06, 9.5079422e-06, 1.00000012, -0.965930223, -0.258803099, -3.50630171e-06, 60 change(s)]
Chamber   MovingParts.CoreAntenna.SpecialCoreAntenna3.FrontPiece.StructureDetail.Front.Model.Meshes/Trapezoid ~(-23.0, 308.0, 49.4).CFrame = -22.9796944, 308.012207, 49.3746223, 0.25880307, 0.965930104, -1.07712613e-05, -6.18673721e-06, -9.49355945e-06, -1.00000012, -0.965930223, 0.25880304, 3.51899348e-06   [was -22.9796944, 308.012207, 49.3746223, 0.25880307, 0.965930104, -1.07210462e-05, -5.93903223e-06, -9.50794038e-06, -1.00000012, -0.965930223, 0.25880304, 3.27600583e-06, 60 change(s)]
Chamber   MovingParts.CoreAntenna.SpecialCoreAntenna3.FrontPiece.StructureDetail.Front.Model.Meshes/Trapezoid ~(-25.7, 308.0, 48.6).CFrame = -25.6843128, 308.012238, 48.6499557, 0.25880307, 0.965930104, -1.07712613e-05, -6.18673721e-06, -9.49355945e-06, -1.00000012, -0.965930223, 0.25880304, 3.51899348e-06   [was -25.6843128, 308.012238, 48.6499596, 0.25880307, 0.965930104, -1.07210462e-05, -5.93903223e-06, -9.50794038e-06, -1.00000012, -0.965930223, 0.25880304, 3.27600583e-06, 60 change(s)]
Chamber   MovingParts.CoreAntenna.SpecialCoreAntenna3.FrontPiece.StructureDetail.Front.Model.Meshes/Trapezoid ~(-23.7, 306.8, 49.2).CFrame = -23.6558723, 306.787201, 49.1934662, 0.25880307, 0.965930104, -1.07712613e-05, -6.18673721e-06, -9.49355945e-06, -1.00000012, -0.965930223, 0.25880304, 3.51899348e-06   [was -23.6558723, 306.787201, 49.19347, 0.25880307, 0.965930104, -1.07210462e-05, -5.93903223e-06, -9.50794038e-06, -1.00000012, -0.965930223, 0.25880304, 3.27600583e-06, 60 change(s)]
Chamber   MovingParts.CoreAntenna.SpecialCoreAntenna3.FrontPiece.StructureDetail.Front.Model.Meshes/Trapezoid ~(-25.0, 297.0, 48.8).CFrame = -25.0082703, 296.987152, 48.8311615, 0.25880307, 0.965930104, -1.07712613e-05, -6.18673721e-06, -9.49355945e-06, -1.00000012, -0.965930223, 0.25880304, 3.51899348e-06   [was -25.0082684, 296.987152, 48.8311615, 0.25880307, 0.965930104, -1.07210462e-05, -5.93903223e-06, -9.50794038e-06, -1.00000012, -0.965930223, 0.25880304, 3.27600583e-06, 60 change(s)]
Chamber   MovingParts.CoreAntenna.SpecialCoreAntenna3.FrontPiece.StructureDetail.Front.Model.Part ~(-19.6, 307.4, 50.3).CFrame = -19.5867443, 307.424347, 50.2837143, -0.258808106, -8.77451675e-05, 0.965928733, 1.06078687e-06, -1, -9.05558409e-05, 0.965928733, -2.24115392e-05, 0.258808106   [was -19.5867443, 307.424347, 50.2837143, -0.258808106, -8.76949489e-05, 0.965928733, 8.13081897e-07, -1, -9.05702254e-05, 0.965928733, -2.26545271e-05, 0.258808106, 60 change(s)]
Chamber   MovingParts.CoreAntenna.SpecialCoreAntenna3.FrontPiece.StructureDetail.Front.Model.Meshes/Trapezoid ~(-26.3, 303.1, 48.5).CFrame = -26.3363628, 303.111542, 48.4753036, 0.258565933, -0.965993285, -0.000809618738, 0.00316514028, 9.10793096e-06, 0.999994934, -0.965988398, -0.258567214, 0.0030599169   [was -26.3363628, 303.111542, 48.4753036, 0.258565933, -0.965993285, -0.000809668971, 0.00316538801, 9.12225096e-06, 0.999994934, -0.965988398, -0.258567214, 0.00306015997, 60 change(s)]
Chamber   MovingParts.CoreAntenna.SpecialCoreAntenna3.FrontPiece.StructureDetail.Front.Model.Meshes/Trapezoid ~(-25.7, 298.2, 48.7).CFrame = -25.6844234, 298.212189, 48.6500092, 0.25880307, 0.965930104, -1.07712613e-05, -6.18673721e-06, -9.49355945e-06, -1.00000012, -0.965930223, 0.25880304, 3.51899348e-06   [was -25.6844234, 298.212189, 48.6500053, 0.25880307, 0.965930104, -1.07210462e-05, -5.93903223e-06, -9.50794038e-06, -1.00000012, -0.965930223, 0.25880304, 3.27600583e-06, 60 change(s)]
Chamber   MovingParts.CoreAntenna.SpecialCoreAntenna3.FrontPiece.StructureDetail.Front.Model.Meshes/Trapezoid ~(-25.0, 309.2, 48.8).CFrame = -25.0081463, 309.237183, 48.8311539, 0.25880307, 0.965930104, -1.07712613e-05, -6.18673721e-06, -9.49355945e-06, -1.00000012, -0.965930223, 0.25880304, 3.51899348e-06   [was -25.0081482, 309.237183, 48.8311577, 0.25880307, 0.965930104, -1.07210462e-05, -5.93903223e-06, -9.50794038e-06, -1.00000012, -0.965930223, 0.25880304, 3.27600583e-06, 60 change(s)]
Chamber   MovingParts.CoreAntenna.SpecialCoreAntenna3.FrontPiece.StructureDetail.Front.Model.Meshes/Trapezoid ~(-19.6, 301.9, 50.3).CFrame = -19.5989761, 301.887146, 50.2804642, 0.25880307, 0.965930104, -1.07712613e-05, -6.18673721e-06, -9.49355945e-06, -1.00000012, -0.965930223, 0.25880304, 3.51899348e-06   [was -19.5989761, 301.887146, 50.2804642, 0.25880307, 0.965930104, -1.07210462e-05, -5.93903223e-06, -9.50794038e-06, -1.00000012, -0.965930223, 0.25880304, 3.27600583e-06, 60 change(s)]
Chamber   MovingParts.CoreAntenna.SpecialCoreAntenna3.FrontPiece.StructureDetail.Front.Model.Part ~(-19.6, 308.0, 50.3).CFrame = -19.5867443, 308.011871, 50.2837334, -0.258808106, -8.77451675e-05, 0.965928733, 1.06078687e-06, -1, -9.05558409e-05, 0.965928733, -2.24115392e-05, 0.258808106   [was -19.5867443, 308.011871, 50.2837372, -0.258808106, -8.76949489e-05, 0.965928733, 8.13081897e-07, -1, -9.05702254e-05, 0.965928733, -2.26545271e-05, 0.258808106, 60 change(s)]
Chamber   MovingParts.CoreAntenna.SpecialCoreAntenna3.FrontPiece.StructureDetail.Front.Model.Meshes/Trapezoid ~(-21.6, 299.4, 49.7).CFrame = -21.6033478, 299.437164, 49.7434387, 0.25880307, -0.965930343, 1.0832965e-05, -6.18673721e-06, 9.49356127e-06, 1.00000012, -0.965930223, -0.258803099, -3.74928936e-06   [was -21.6033478, 299.437164, 49.7434387, 0.25880307, -0.965930343, 1.078275e-05, -5.93903223e-06, 9.5079422e-06, 1.00000012, -0.965930223, -0.258803099, -3.50630171e-06, 60 change(s)]
Chamber   MovingParts.CoreAntenna.SpecialCoreAntenna3.FrontPiece.StructureDetail.Front.Model.Meshes/Trapezoid ~(-23.6, 300.7, 49.2).CFrame = -23.6318245, 300.66217, 49.1999435, 0.25880307, -0.965930343, 1.0832965e-05, -6.18673721e-06, 9.49356127e-06, 1.00000012, -0.965930223, -0.258803099, -3.74928936e-06   [was -23.6318226, 300.66217, 49.1999435, 0.25880307, -0.965930343, 1.078275e-05, -5.93903223e-06, 9.5079422e-06, 1.00000012, -0.965930223, -0.258803099, -3.50630171e-06, 60 change(s)]
Chamber   MovingParts.CoreAntenna.SpecialCoreAntenna3.FrontPiece.StructureDetail.Front.Model.Meshes/Trapezoid ~(-20.9, 305.6, 49.9).CFrame = -20.9270897, 305.562195, 49.9245949, 0.25880307, -0.965930343, 1.0832965e-05, -6.18673721e-06, 9.49356127e-06, 1.00000012, -0.965930223, -0.258803099, -3.74928936e-06   [was -20.9270897, 305.562195, 49.9245949, 0.25880307, -0.965930343, 1.078275e-05, -5.93903223e-06, 9.5079422e-06, 1.00000012, -0.965930223, -0.258803099, -3.50630171e-06, 60 change(s)]
Chamber   MovingParts.CoreAntenna.SpecialCoreAntenna3.FrontPiece.StructureDetail.Front.Model.Meshes/Trapezoid ~(-21.6, 298.2, 49.7).CFrame = -21.627512, 298.212128, 49.737011, 0.25880307, 0.965930104, -1.07712613e-05, -6.18673721e-06, -9.49355945e-06, -1.00000012, -0.965930223, 0.25880304, 3.51899348e-06   [was -21.627512, 298.212128, 49.7370071, 0.25880307, 0.965930104, -1.07210462e-05, -5.93903223e-06, -9.50794038e-06, -1.00000012, -0.965930223, 0.25880304, 3.27600583e-06, 60 change(s)]
Chamber   MovingParts.CoreAntenna.SpecialCoreAntenna3.FrontPiece.StructureDetail.Front.Model.Meshes/Trapezoid ~(-25.0, 303.1, 48.8).CFrame = -24.9840927, 303.112183, 48.8376122, 0.25880307, -0.965930343, 1.0832965e-05, -6.18673721e-06, 9.49356127e-06, 1.00000012, -0.965930223, -0.258803099, -3.74928936e-06   [was -24.9840927, 303.112183, 48.8376122, 0.25880307, -0.965930343, 1.078275e-05, -5.93903223e-06, 9.5079422e-06, 1.00000012, -0.965930223, -0.258803099, -3.50630171e-06, 60 change(s)]
Chamber   MovingParts.CoreAntenna.SpecialCoreAntenna3.FrontPiece.StructureDetail.Front.Model.Meshes/Trapezoid ~(-26.4, 297.0, 48.5).CFrame = -26.3605652, 296.987152, 48.4688416, 0.25880307, 0.965930104, -1.07712613e-05, -6.18673721e-06, -9.49355945e-06, -1.00000012, -0.965930223, 0.25880304, 3.51899348e-06   [was -26.3605652, 296.987183, 48.4688377, 0.25880307, 0.965930104, -1.07210462e-05, -5.93903223e-06, -9.50794038e-06, -1.00000012, -0.965930223, 0.25880304, 3.27600583e-06, 60 change(s)]
Chamber   MovingParts.CoreAntenna.SpecialCoreAntenna3.FrontPiece.StructureDetail.Front.Model.Meshes/Trapezoid ~(-26.3, 305.6, 48.5).CFrame = -26.3363667, 305.562225, 48.475296, 0.25880307, -0.965930343, 1.0832965e-05, -6.18673721e-06, 9.49356127e-06, 1.00000012, -0.965930223, -0.258803099, -3.74928936e-06   [was -26.3363667, 305.562225, 48.475296, 0.25880307, -0.965930343, 1.078275e-05, -5.93903223e-06, 9.5079422e-06, 1.00000012, -0.965930223, -0.258803099, -3.50630171e-06, 60 change(s)]
Chamber   MovingParts.CoreAntenna.SpecialCoreAntenna3.FrontPiece.StructureDetail.Front.Model.Part ~(-19.6, 303.1, 50.3).CFrame = -19.5867939, 303.111877, 50.283741, -0.258808106, -8.77451675e-05, 0.965928733, 1.06078687e-06, -1, -9.05558409e-05, 0.965928733, -2.24115392e-05, 0.258808106   [was -19.5867939, 303.111877, 50.283741, -0.258808106, -8.76949489e-05, 0.965928733, 8.13081897e-07, -1, -9.05702254e-05, 0.965928733, -2.26545271e-05, 0.258808106, 60 change(s)]
Chamber   MovingParts.CoreAntenna.SpecialCoreAntenna3.FrontPiece.StructureDetail.Front.Model.Meshes/Trapezoid ~(-21.6, 301.9, 49.7).CFrame = -21.603323, 301.887146, 49.7434387, 0.25880307, -0.965930343, 1.0832965e-05, -6.18673721e-06, 9.49356127e-06, 1.00000012, -0.965930223, -0.258803099, -3.74928936e-06   [was -21.603323, 301.887146, 49.7434387, 0.25880307, -0.965930343, 1.078275e-05, -5.93903223e-06, 9.5079422e-06, 1.00000012, -0.965930223, -0.258803099, -3.50630171e-06, 60 change(s)]
Chamber   MovingParts.CoreAntenna.SpecialCoreAntenna3.FrontPiece.StructureDetail.Front.Model.Meshes/Trapezoid ~(-20.3, 303.1, 50.1).CFrame = -20.2750988, 303.112183, 50.0993118, 0.25880307, 0.965930104, -1.07712613e-05, -6.18673721e-06, -9.49355945e-06, -1.00000012, -0.965930223, 0.25880304, 3.51899348e-06   [was -20.2750988, 303.112183, 50.0993118, 0.25880307, 0.965930104, -1.07210462e-05, -5.93903223e-06, -9.50794038e-06, -1.00000012, -0.965930223, 0.25880304, 3.27600583e-06, 60 change(s)]
Chamber   MovingParts.CoreAntenna.SpecialCoreAntenna3.FrontPiece.StructureDetail.Front.Model.Part ~(-19.6, 303.7, 50.3).CFrame = -19.5868149, 303.699402, 50.2837296, 0.258808106, 8.77451675e-05, 0.965928733, -1.06078687e-06, 1, -9.05558409e-05, -0.965928733, 2.24115392e-05, 0.258808106   [was -19.5868149, 303.699402, 50.2837296, 0.258808106, 8.76949489e-05, 0.965928733, -8.13081897e-07, 1, -9.05702254e-05, -0.965928733, 2.26545271e-05, 0.258808106, 60 change(s)]
Chamber   MovingParts.CoreAntenna.SpecialCoreAntenna3.FrontPiece.StructureDetail.Front.Model.Meshes/Trapezoid ~(-24.3, 298.2, 49.0).CFrame = -24.3321266, 298.212189, 49.0123253, 0.25880307, 0.965930104, -1.07712613e-05, -6.18673721e-06, -9.49355945e-06, -1.00000012, -0.965930223, 0.25880304, 3.51899348e-06   [was -24.3321247, 298.212189, 49.0123253, 0.25880307, 0.965930104, -1.07210462e-05, -5.93903223e-06, -9.50794038e-06, -1.00000012, -0.965930223, 0.25880304, 3.27600583e-06, 60 change(s)]
Chamber   MovingParts.CoreAntenna.SpecialCoreAntenna3.FrontPiece.StructureDetail.Front.Model.Meshes/Trapezoid ~(-22.3, 304.3, 49.6).CFrame = -22.3035755, 304.337189, 49.5558167, 0.25880307, 0.965930104, -1.07712613e-05, -6.18673721e-06, -9.49355945e-06, -1.00000012, -0.965930223, 0.25880304, 3.51899348e-06   [was -22.3035755, 304.337189, 49.5558167, 0.25880307, 0.965930104, -1.07210462e-05, -5.93903223e-06, -9.50794038e-06, -1.00000012, -0.965930223, 0.25880304, 3.27600583e-06, 60 change(s)]
Chamber   MovingParts.CoreAntenna.SpecialCoreAntenna3.FrontPiece.StructureDetail.Front.Model.Meshes/Trapezoid ~(-27.0, 299.4, 48.3).CFrame = -27.0126209, 299.437195, 48.2941246, 0.25880307, -0.965930343, 1.0832965e-05, -6.18673721e-06, 9.49356127e-06, 1.00000012, -0.965930223, -0.258803099, -3.74928936e-06   [was -27.0126209, 299.437195, 48.2941246, 0.25880307, -0.965930343, 1.078275e-05, -5.93903223e-06, 9.5079422e-06, 1.00000012, -0.965930223, -0.258803099, -3.50630171e-06, 60 change(s)]
Chamber   MovingParts.CoreAntenna.SpecialCoreAntenna3.FrontPiece.StructureDetail.Front.Model.Meshes/Trapezoid ~(-24.3, 304.3, 49.0).CFrame = -24.3079491, 304.337219, 49.0187759, 0.25880307, -0.965930343, 1.0832965e-05, -6.18673721e-06, 9.49356127e-06, 1.00000012, -0.965930223, -0.258803099, -3.74928936e-06   [was -24.3079491, 304.337219, 49.0187759, 0.25880307, -0.965930343, 1.078275e-05, -5.93903223e-06, 9.5079422e-06, 1.00000012, -0.965930223, -0.258803099, -3.50630171e-06, 60 change(s)]
Chamber   MovingParts.CoreAntenna.SpecialCoreAntenna3.FrontPiece.StructureDetail.Front.Model.Meshes/Trapezoid ~(-20.9, 308.0, 49.9).CFrame = -20.9270611, 308.012177, 49.9245796, 0.25880307, -0.965930343, 1.0832965e-05, -6.18673721e-06, 9.49356127e-06, 1.00000012, -0.965930223, -0.258803099, -3.74928936e-06   [was -20.9270611, 308.012177, 49.9245796, 0.25880307, -0.965930343, 1.078275e-05, -5.93903223e-06, 9.5079422e-06, 1.00000012, -0.965930223, -0.258803099, -3.50630171e-06, 60 change(s)]
Chamber   MovingParts.CoreAntenna.SpecialCoreAntenna3.FrontPiece.StructureDetail.Front.Model.Meshes/Trapezoid ~(-26.3, 308.0, 48.5).CFrame = -26.3363686, 308.012238, 48.4752693, 0.25880307, -0.965930343, 1.0832965e-05, -6.18673721e-06, 9.49356127e-06, 1.00000012, -0.965930223, -0.258803099, -3.74928936e-06   [was -26.3363686, 308.012238, 48.4752731, 0.25880307, -0.965930343, 1.078275e-05, -5.93903223e-06, 9.5079422e-06, 1.00000012, -0.965930223, -0.258803099, -3.50630171e-06, 60 change(s)]
Chamber   MovingParts.CoreAntenna.SpecialCoreAntenna3.FrontPiece.StructureDetail.Front.Model.Meshes/Trapezoid ~(-21.6, 304.3, 49.7).CFrame = -21.6032982, 304.337189, 49.7434387, 0.25880307, -0.965930343, 1.0832965e-05, -6.18673721e-06, 9.49356127e-06, 1.00000012, -0.965930223, -0.258803099, -3.74928936e-06   [was -21.6032982, 304.337189, 49.7434387, 0.25880307, -0.965930343, 1.078275e-05, -5.93903223e-06, 9.5079422e-06, 1.00000012, -0.965930223, -0.258803099, -3.50630171e-06, 60 change(s)]
Chamber   MovingParts.CoreAntenna.SpecialCoreAntenna3.FrontPiece.StructureDetail.Front.Model.Part ~(-19.6, 300.1, 50.3).CFrame = -19.5868225, 300.074341, 50.283741, -0.258808106, -8.77451675e-05, 0.965928733, 1.06078687e-06, -1, -9.05558409e-05, 0.965928733, -2.24115392e-05, 0.258808106   [was -19.5868225, 300.074341, 50.283741, -0.258808106, -8.76949489e-05, 0.965928733, 8.13081897e-07, -1, -9.05702254e-05, 0.965928733, -2.26545271e-05, 0.258808106, 60 change(s)]
Chamber   MovingParts.CoreAntenna.SpecialCoreAntenna3.FrontPiece.StructureDetail.Front.Model.Meshes/Trapezoid ~(-20.3, 299.4, 50.1).CFrame = -20.2510204, 299.437134, 50.1057663, 0.25880307, -0.965930343, 1.0832965e-05, -6.18673721e-06, 9.49356127e-06, 1.00000012, -0.965930223, -0.258803099, -3.74928936e-06   [was -20.2510204, 299.437134, 50.1057663, 0.25880307, -0.965930343, 1.078275e-05, -5.93903223e-06, 9.5079422e-06, 1.00000012, -0.965930223, -0.258803099, -3.50630171e-06, 60 change(s)]
Chamber   MovingParts.CoreAntenna.SpecialCoreAntenna3.FrontPiece.StructureDetail.Front.Model.Meshes/Trapezoid ~(-25.7, 306.8, 48.7).CFrame = -25.6601849, 306.787231, 48.6564331, 0.25880307, -0.965930343, 1.0832965e-05, -6.18673721e-06, 9.49356127e-06, 1.00000012, -0.965930223, -0.258803099, -3.74928936e-06   [was -25.6601849, 306.787231, 48.6564331, 0.25880307, -0.965930343, 1.078275e-05, -5.93903223e-06, 9.5079422e-06, 1.00000012, -0.965930223, -0.258803099, -3.50630171e-06, 60 change(s)]
Chamber   MovingParts.CoreAntenna.SpecialCoreAntenna3.FrontPiece.StructureDetail.Front.Model.Meshes/Trapezoid ~(-19.6, 304.3, 50.3).CFrame = -19.5989494, 304.337158, 50.2804565, 0.25880307, 0.965930104, -1.07712613e-05, -6.18673721e-06, -9.49355945e-06, -1.00000012, -0.965930223, 0.25880304, 3.51899348e-06   [was -19.5989494, 304.337158, 50.2804565, 0.25880307, 0.965930104, -1.07210462e-05, -5.93903223e-06, -9.50794038e-06, -1.00000012, -0.965930223, 0.25880304, 3.27600583e-06, 60 change(s)]
Chamber   MovingParts.CoreAntenna.SpecialCoreAntenna3.FrontPiece.StructureDetail.Front.Model.Part ~(-19.6, 300.7, 50.3).CFrame = -19.5868511, 300.661865, 50.2837448, -0.258808106, -8.77451675e-05, 0.965928733, 1.06078687e-06, -1, -9.05558409e-05, 0.965928733, -2.24115392e-05, 0.258808106   [was -19.5868511, 300.661865, 50.2837448, -0.258808106, -8.76949489e-05, 0.965928733, 8.13081897e-07, -1, -9.05702254e-05, 0.965928733, -2.26545271e-05, 0.258808106, 60 change(s)]
Chamber   MovingParts.CoreAntenna.SpecialCoreAntenna3.FrontPiece.StructureDetail.Front.Model.Meshes/Trapezoid ~(-26.3, 300.7, 48.5).CFrame = -26.3364468, 300.662201, 48.4752922, 0.25880307, -0.965930343, 1.0832965e-05, -6.18673721e-06, 9.49356127e-06, 1.00000012, -0.965930223, -0.258803099, -3.74928936e-06   [was -26.3364468, 300.662201, 48.4752922, 0.25880307, -0.965930343, 1.078275e-05, -5.93903223e-06, 9.5079422e-06, 1.00000012, -0.965930223, -0.258803099, -3.50630171e-06, 60 change(s)]
Chamber   MovingParts.CoreAntenna.SpecialCoreAntenna3.FrontPiece.StructureDetail.Front.Model.Meshes/Trapezoid ~(-21.6, 300.7, 49.7).CFrame = -21.6274853, 300.66214, 49.7369995, 0.25880307, 0.965930104, -1.07712613e-05, -6.18673721e-06, -9.49355945e-06, -1.00000012, -0.965930223, 0.25880304, 3.51899348e-06   [was -21.6274853, 300.66214, 49.7369995, 0.25880307, 0.965930104, -1.07210462e-05, -5.93903223e-06, -9.50794038e-06, -1.00000012, -0.965930223, 0.25880304, 3.27600583e-06, 60 change(s)]
Chamber   MovingParts.CoreAntenna.SpecialCoreAntenna3.FrontPiece.StructureDetail.Front.Model.Meshes/Trapezoid ~(-23.0, 306.8, 49.4).CFrame = -22.9555969, 306.787201, 49.3810959, 0.25880307, -0.965930343, 1.0832965e-05, -6.18673721e-06, 9.49356127e-06, 1.00000012, -0.965930223, -0.258803099, -3.74928936e-06   [was -22.9555969, 306.787201, 49.3810959, 0.25880307, -0.965930343, 1.078275e-05, -5.93903223e-06, 9.5079422e-06, 1.00000012, -0.965930223, -0.258803099, -3.50630171e-06, 60 change(s)]
Chamber   MovingParts.CoreAntenna.SpecialCoreAntenna3.FrontPiece.StructureDetail.Front.Model.Meshes/Trapezoid ~(-20.3, 300.7, 50.1).CFrame = -20.2751217, 300.66214, 50.099308, 0.25880307, 0.965930104, -1.07712613e-05, -6.18673721e-06, -9.49355945e-06, -1.00000012, -0.965930223, 0.25880304, 3.51899348e-06   [was -20.2751217, 300.66214, 50.099308, 0.25880307, 0.965930104, -1.07210462e-05, -5.93903223e-06, -9.50794038e-06, -1.00000012, -0.965930223, 0.25880304, 3.27600583e-06, 60 change(s)]
Chamber   MovingParts.CoreAntenna.SpecialCoreAntenna3.FrontPiece.StructureDetail.Front.Model.Part ~(-27.0, 305.6, 48.3).CFrame = -27.0245476, 305.561951, 48.2908707, -0.258808106, -1.79585186e-05, -0.965928733, -8.52467347e-05, 1, 4.24831751e-06, 0.965928733, 8.34419261e-05, -0.258808106   [was -27.0245476, 305.561951, 48.2908707, -0.258808106, -1.80087336e-05, -0.965928733, -8.54944446e-05, 1, 4.2626998e-06, 0.965928733, 8.3684914e-05, -0.258808106, 60 change(s)]
Chamber   MovingParts.CoreAntenna.SpecialCoreAntenna3.FrontPiece.StructureDetail.Front.Model.Meshes/Trapezoid ~(-23.0, 298.2, 49.4).CFrame = -22.9798031, 298.212158, 49.3746681, 0.25880307, 0.965930104, -1.07712613e-05, -6.18673721e-06, -9.49355945e-06, -1.00000012, -0.965930223, 0.25880304, 3.51899348e-06   [was -22.9798031, 298.212158, 49.3746681, 0.25880307, 0.965930104, -1.07210462e-05, -5.93903223e-06, -9.50794038e-06, -1.00000012, -0.965930223, 0.25880304, 3.27600583e-06, 60 change(s)]
Chamber   MovingParts.CoreAntenna.SpecialCoreAntenna3.FrontPiece.StructureDetail.Front.Model.Meshes/Trapezoid ~(-23.0, 301.9, 49.4).CFrame = -22.9556179, 301.887177, 49.3811111, 0.25880307, -0.965930343, 1.0832965e-05, -6.18673721e-06, 9.49356127e-06, 1.00000012, -0.965930223, -0.258803099, -3.74928936e-06   [was -22.9556179, 301.887177, 49.3811111, 0.25880307, -0.965930343, 1.078275e-05, -5.93903223e-06, 9.5079422e-06, 1.00000012, -0.965930223, -0.258803099, -3.50630171e-06, 60 change(s)]
Chamber   MovingParts.CoreAntenna.SpecialCoreAntenna3.FrontPiece.StructureDetail.Front.Model.Meshes/Trapezoid ~(-21.6, 309.2, 49.7).CFrame = -21.6032372, 309.237122, 49.7433891, 0.25880307, -0.965930343, 1.0832965e-05, -6.18673721e-06, 9.49356127e-06, 1.00000012, -0.965930223, -0.258803099, -3.74928936e-06   [was -21.6032372, 309.237122, 49.7433929, 0.25880307, -0.965930343, 1.078275e-05, -5.93903223e-06, 9.5079422e-06, 1.00000012, -0.965930223, -0.258803099, -3.50630171e-06, 60 change(s)]
Chamber   MovingParts.CoreAntenna.SpecialCoreAntenna3.FrontPiece.StructureDetail.Front.Model.Meshes/Trapezoid ~(-27.0, 306.8, 48.3).CFrame = -27.0125427, 306.787231, 48.2941017, 0.25880307, -0.965930343, 1.0832965e-05, -6.18673721e-06, 9.49356127e-06, 1.00000012, -0.965930223, -0.258803099, -3.74928936e-06   [was -27.0125427, 306.787231, 48.2941055, 0.25880307, -0.965930343, 1.078275e-05, -5.93903223e-06, 9.5079422e-06, 1.00000012, -0.965930223, -0.258803099, -3.50630171e-06, 60 change(s)]
Chamber   MovingParts.CoreAntenna.SpecialCoreAntenna3.FrontPiece.StructureDetail.Front.Model.Part ~(-27.0, 305.0, 48.3).CFrame = -27.0245533, 304.974426, 48.2908707, 0.258808106, -8.77451675e-05, -0.965928733, -1.06078687e-06, -1, 9.05558409e-05, -0.965928733, -2.24115392e-05, -0.258808106   [was -27.0245533, 304.974426, 48.2908745, 0.258808106, -8.76949489e-05, -0.965928733, -8.13081897e-07, -1, 9.05702254e-05, -0.965928733, -2.26545271e-05, -0.258808106, 60 change(s)]
Chamber   MovingParts.CoreAntenna.SpecialCoreAntenna3.FrontPiece.StructureDetail.Front.Model.Meshes/Trapezoid ~(-25.7, 309.2, 48.7).CFrame = -25.6601601, 309.237213, 48.6564293, 0.25880307, -0.965930343, 1.0832965e-05, -6.18673721e-06, 9.49356127e-06, 1.00000012, -0.965930223, -0.258803099, -3.74928936e-06   [was -25.6601601, 309.237213, 48.6564293, 0.25880307, -0.965930343, 1.078275e-05, -5.93903223e-06, 9.5079422e-06, 1.00000012, -0.965930223, -0.258803099, -3.50630171e-06, 60 change(s)]
Chamber   MovingParts.CoreAntenna.SpecialCoreAntenna3.FrontPiece.StructureDetail.Front.Model.Meshes/Trapezoid ~(-23.7, 299.4, 49.2).CFrame = -23.6559525, 299.437164, 49.1934967, 0.25880307, 0.965930104, -1.07712613e-05, -6.18673721e-06, -9.49355945e-06, -1.00000012, -0.965930223, 0.25880304, 3.51899348e-06   [was -23.6559525, 299.437164, 49.1934967, 0.25880307, 0.965930104, -1.07210462e-05, -5.93903223e-06, -9.50794038e-06, -1.00000012, -0.965930223, 0.25880304, 3.27600583e-06, 60 change(s)]
Chamber   MovingParts.CoreAntenna.SpecialCoreAntenna3.FrontPiece.StructureDetail.Front.Model.Meshes/Trapezoid ~(-25.0, 299.4, 48.8).CFrame = -25.0082455, 299.437195, 48.8311615, 0.25880307, 0.965930104, -1.07712613e-05, -6.18673721e-06, -9.49355945e-06, -1.00000012, -0.965930223, 0.25880304, 3.51899348e-06   [was -25.0082455, 299.437195, 48.8311615, 0.25880307, 0.965930104, -1.07210462e-05, -5.93903223e-06, -9.50794038e-06, -1.00000012, -0.965930223, 0.25880304, 3.27600583e-06, 60 change(s)]
Chamber   MovingParts.CoreAntenna.SpecialCoreAntenna3.FrontPiece.StructureDetail.Front.Model.Part ~(-27.0, 303.1, 48.3).CFrame = -27.0245438, 303.111969, 48.2908859, -0.258808106, -1.79585186e-05, -0.965928733, -8.52467347e-05, 1, 4.24831751e-06, 0.965928733, 8.34419261e-05, -0.258808106   [was -27.0245438, 303.111969, 48.2908859, -0.258808106, -1.80087336e-05, -0.965928733, -8.54944446e-05, 1, 4.2626998e-06, 0.965928733, 8.3684914e-05, -0.258808106, 60 change(s)]
Chamber   MovingParts.CoreAntenna.SpecialCoreAntenna3.FrontPiece.StructureDetail.Front.Model.Meshes/Trapezoid ~(-20.3, 298.2, 50.1).CFrame = -20.2751789, 298.212128, 50.0993118, 0.25880307, 0.965930104, -1.07712613e-05, -6.18673721e-06, -9.49355945e-06, -1.00000012, -0.965930223, 0.25880304, 3.51899348e-06   [was -20.275177, 298.212128, 50.099308, 0.25880307, 0.965930104, -1.07210462e-05, -5.93903223e-06, -9.50794038e-06, -1.00000012, -0.965930223, 0.25880304, 3.27600583e-06, 60 change(s)]
Chamber   MovingParts.CoreAntenna.SpecialCoreAntenna3.FrontPiece.StructureDetail.Front.Model.Meshes/Trapezoid ~(-23.7, 304.3, 49.2).CFrame = -23.655899, 304.337219, 49.1934814, 0.25880307, 0.965930104, -1.07712613e-05, -6.18673721e-06, -9.49355945e-06, -1.00000012, -0.965930223, 0.25880304, 3.51899348e-06   [was -23.655899, 304.337219, 49.1934814, 0.25880307, 0.965930104, -1.07210462e-05, -5.93903223e-06, -9.50794038e-06, -1.00000012, -0.965930223, 0.25880304, 3.27600583e-06, 60 change(s)]
Chamber   MovingParts.CoreAntenna.SpecialCoreAntenna3.FrontPiece.StructureDetail.Front.Model.Meshes/Trapezoid ~(-26.4, 301.9, 48.5).CFrame = -26.3605461, 301.887207, 48.4688263, 0.25880307, 0.965930104, -1.07712613e-05, -6.18673721e-06, -9.49355945e-06, -1.00000012, -0.965930223, 0.25880304, 3.51899348e-06   [was -26.3605461, 301.887207, 48.4688263, 0.25880307, 0.965930104, -1.07210462e-05, -5.93903223e-06, -9.50794038e-06, -1.00000012, -0.965930223, 0.25880304, 3.27600583e-06, 60 change(s)]
Chamber   MovingParts.CoreAntenna.SpecialCoreAntenna3.FrontPiece.StructureDetail.Front.Model.Meshes/Trapezoid ~(-25.0, 308.0, 48.8).CFrame = -24.9840412, 308.012238, 48.8375969, 0.25880307, -0.965930343, 1.0832965e-05, -6.18673721e-06, 9.49356127e-06, 1.00000012, -0.965930223, -0.258803099, -3.74928936e-06   [was -24.9840412, 308.012238, 48.8376007, 0.25880307, -0.965930343, 1.078275e-05, -5.93903223e-06, 9.5079422e-06, 1.00000012, -0.965930223, -0.258803099, -3.50630171e-06, 60 change(s)]
Chamber   MovingParts.CoreAntenna.SpecialCoreAntenna3.FrontPiece.StructureDetail.Front.Model.Part ~(-27.0, 302.5, 48.3).CFrame = -27.02458, 302.524414, 48.2908859, 0.258808106, -8.77451675e-05, -0.965928733, -1.06078687e-06, -1, 9.05558409e-05, -0.965928733, -2.24115392e-05, -0.258808106   [was -27.02458, 302.524414, 48.2908859, 0.258808106, -8.76949489e-05, -0.965928733, -8.13081897e-07, -1, 9.05702254e-05, -0.965928733, -2.26545271e-05, -0.258808106, 60 change(s)]
Chamber   MovingParts.CoreAntenna.SpecialCoreAntenna3.FrontPiece.StructureDetail.Front.Model.Meshes/Trapezoid ~(-23.7, 297.0, 49.2).CFrame = -23.6559734, 296.987152, 49.1934891, 0.25880307, 0.965930104, -1.07712613e-05, -6.18673721e-06, -9.49355945e-06, -1.00000012, -0.965930223, 0.25880304, 3.51899348e-06   [was -23.6559734, 296.987152, 49.1934891, 0.25880307, 0.965930104, -1.07210462e-05, -5.93903223e-06, -9.50794038e-06, -1.00000012, -0.965930223, 0.25880304, 3.27600583e-06, 60 change(s)]
Chamber   MovingParts.CoreAntenna.SpecialCoreAntenna3.FrontPiece.StructureDetail.Front.Model.Meshes/Trapezoid ~(-25.0, 301.9, 48.8).CFrame = -25.0082493, 301.887177, 48.8311462, 0.25880307, 0.965930104, -1.07712613e-05, -6.18673721e-06, -9.49355945e-06, -1.00000012, -0.965930223, 0.25880304, 3.51899348e-06   [was -25.0082493, 301.887177, 48.8311462, 0.25880307, 0.965930104, -1.07210462e-05, -5.93903223e-06, -9.50794038e-06, -1.00000012, -0.965930223, 0.25880304, 3.27600583e-06, 60 change(s)]
Chamber   MovingParts.CoreAntenna.SpecialCoreAntenna3.FrontPiece.StructureDetail.Front.Model.Meshes/Trapezoid ~(-23.6, 308.0, 49.2).CFrame = -23.6317444, 308.012207, 49.1999207, 0.25880307, -0.965930343, 1.0832965e-05, -6.18673721e-06, 9.49356127e-06, 1.00000012, -0.965930223, -0.258803099, -3.74928936e-06   [was -23.6317463, 308.012207, 49.1999207, 0.25880307, -0.965930343, 1.078275e-05, -5.93903223e-06, 9.5079422e-06, 1.00000012, -0.965930223, -0.258803099, -3.50630171e-06, 60 change(s)]
Chamber   MovingParts.CoreAntenna.SpecialCoreAntenna3.FrontPiece.StructureDetail.Front.Model.Part ~(-19.6, 301.2, 50.3).CFrame = -19.5868416, 301.24939, 50.2837372, 0.258808106, 8.77451675e-05, 0.965928733, -1.06078687e-06, 1, -9.05558409e-05, -0.965928733, 2.24115392e-05, 0.258808106   [was -19.5868416, 301.24939, 50.2837372, 0.258808106, 8.76949489e-05, 0.965928733, -8.13081897e-07, 1, -9.05702254e-05, -0.965928733, 2.26545271e-05, 0.258808106, 60 change(s)]
Chamber   MovingParts.CoreAntenna.SpecialCoreAntenna3.FrontPiece.StructureDetail.Front.Model.Meshes/Trapezoid ~(-22.3, 303.1, 49.6).CFrame = -22.2794724, 303.112152, 49.5622635, 0.25880307, -0.965930343, 1.0832965e-05, -6.18673721e-06, 9.49356127e-06, 1.00000012, -0.965930223, -0.258803099, -3.74928936e-06   [was -22.2794724, 303.112152, 49.5622635, 0.25880307, -0.965930343, 1.078275e-05, -5.93903223e-06, 9.5079422e-06, 1.00000012, -0.965930223, -0.258803099, -3.50630171e-06, 60 change(s)]
Chamber   MovingParts.CoreAntenna.SpecialCoreAntenna3.FrontPiece.StructureDetail.Front.Model.Meshes/Trapezoid ~(-25.0, 304.3, 48.8).CFrame = -25.008194, 304.337219, 48.8311539, 0.25880307, 0.965930104, -1.07712613e-05, -6.18673721e-06, -9.49355945e-06, -1.00000012, -0.965930223, 0.25880304, 3.51899348e-06   [was -25.008194, 304.337219, 48.8311539, 0.25880307, 0.965930104, -1.07210462e-05, -5.93903223e-06, -9.50794038e-06, -1.00000012, -0.965930223, 0.25880304, 3.27600583e-06, 60 change(s)]
Chamber   MovingParts.CoreAntenna.SpecialCoreAntenna3.FrontPiece.StructureDetail.Front.Model.Meshes/Trapezoid ~(-22.3, 297.0, 49.6).CFrame = -22.3036518, 296.987122, 49.5558319, 0.25880307, 0.965930104, -1.07712613e-05, -6.18673721e-06, -9.49355945e-06, -1.00000012, -0.965930223, 0.25880304, 3.51899348e-06   [was -22.3036518, 296.987122, 49.5558281, 0.25880307, 0.965930104, -1.07210462e-05, -5.93903223e-06, -9.50794038e-06, -1.00000012, -0.965930223, 0.25880304, 3.27600583e-06, 60 change(s)]
Chamber   MovingParts.CoreAntenna.SpecialCoreAntenna3.FrontPiece.StructureDetail.Front.Model.Meshes/Trapezoid ~(-23.0, 309.2, 49.4).CFrame = -22.9555359, 309.237183, 49.381073, 0.25880307, -0.965930343, 1.0832965e-05, -6.18673721e-06, 9.49356127e-06, 1.00000012, -0.965930223, -0.258803099, -3.74928936e-06   [was -22.9555359, 309.237183, 49.3810768, 0.25880307, -0.965930343, 1.078275e-05, -5.93903223e-06, 9.5079422e-06, 1.00000012, -0.965930223, -0.258803099, -3.50630171e-06, 60 change(s)]
Chamber   MovingParts.CoreAntenna.SpecialCoreAntenna3.FrontPiece.StructureDetail.Front.Model.Part ~(-27.0, 303.7, 48.3).CFrame = -27.0245399, 303.699493, 48.2908974, -0.258808106, 8.77451675e-05, -0.965928733, 1.06078687e-06, 1, 9.05558409e-05, 0.965928733, 2.24115392e-05, -0.258808106   [was -27.0245399, 303.699493, 48.2908974, -0.258808106, 8.76949489e-05, -0.965928733, 8.13081897e-07, 1, 9.05702254e-05, 0.965928733, 2.26545271e-05, -0.258808106, 60 change(s)]
Chamber   MovingParts.CoreAntenna.SpecialCoreAntenna3.FrontPiece.StructureDetail.Front.Model.Meshes/Trapezoid ~(-21.0, 297.0, 49.9).CFrame = -20.9513283, 296.987152, 49.9181709, 0.25880307, 0.965930104, -1.07712613e-05, -6.18673721e-06, -9.49355945e-06, -1.00000012, -0.965930223, 0.25880304, 3.51899348e-06   [was -20.9513283, 296.987152, 49.9181709, 0.25880307, 0.965930104, -1.07210462e-05, -5.93903223e-06, -9.50794038e-06, -1.00000012, -0.965930223, 0.25880304, 3.27600583e-06, 60 change(s)]
Chamber   MovingParts.CoreAntenna.SpecialCoreAntenna3.FrontPiece.StructureDetail.Front.Model.Meshes/Trapezoid ~(-21.6, 305.6, 49.7).CFrame = -21.6274281, 305.562195, 49.736969, 0.25880307, 0.965930104, -1.07712613e-05, -6.18673721e-06, -9.49355945e-06, -1.00000012, -0.965930223, 0.25880304, 3.51899348e-06   [was -21.6274281, 305.562195, 49.736969, 0.25880307, 0.965930104, -1.07210462e-05, -5.93903223e-06, -9.50794038e-06, -1.00000012, -0.965930223, 0.25880304, 3.27600583e-06, 60 change(s)]
Chamber   MovingParts.CoreAntenna.SpecialCoreAntenna3.FrontPiece.StructureDetail.Front.Model.Meshes/Trapezoid ~(-24.3, 306.8, 49.0).CFrame = -24.3078918, 306.787231, 49.0187721, 0.25880307, -0.965930343, 1.0832965e-05, -6.18673721e-06, 9.49356127e-06, 1.00000012, -0.965930223, -0.258803099, -3.74928936e-06   [was -24.3078938, 306.787231, 49.0187721, 0.25880307, -0.965930343, 1.078275e-05, -5.93903223e-06, 9.5079422e-06, 1.00000012, -0.965930223, -0.258803099, -3.50630171e-06, 60 change(s)]
Chamber   MovingParts.CoreAntenna.SpecialCoreAntenna3.FrontPiece.StructureDetail.Front.Model.Meshes/Trapezoid ~(-26.4, 304.3, 48.5).CFrame = -26.3604908, 304.337219, 48.4688263, 0.25880307, 0.965930104, -1.07712613e-05, -6.18673721e-06, -9.49355945e-06, -1.00000012, -0.965930223, 0.25880304, 3.51899348e-06   [was -26.3604908, 304.337219, 48.4688263, 0.25880307, 0.965930104, -1.07210462e-05, -5.93903223e-06, -9.50794038e-06, -1.00000012, -0.965930223, 0.25880304, 3.27600583e-06, 60 change(s)]
Chamber   MovingParts.CoreAntenna.SpecialCoreAntenna3.FrontPiece.StructureDetail.Front.Model.Meshes/Trapezoid ~(-24.3, 305.6, 49.0).CFrame = -24.3320484, 305.562225, 49.0123062, 0.25880307, 0.965930104, -1.07712613e-05, -6.18673721e-06, -9.49355945e-06, -1.00000012, -0.965930223, 0.25880304, 3.51899348e-06   [was -24.3320484, 305.562225, 49.0123062, 0.25880307, 0.965930104, -1.07210462e-05, -5.93903223e-06, -9.50794038e-06, -1.00000012, -0.965930223, 0.25880304, 3.27600583e-06, 60 change(s)]
Chamber   MovingParts.CoreAntenna.SpecialCoreAntenna3.FrontPiece.StructureDetail.Front.Model.Meshes/Trapezoid ~(-20.3, 306.8, 50.1).CFrame = -20.2509403, 306.78717, 50.1057358, 0.25880307, -0.965930343, 1.0832965e-05, -6.18673721e-06, 9.49356127e-06, 1.00000012, -0.965930223, -0.258803099, -3.74928936e-06   [was -20.2509403, 306.78717, 50.1057358, 0.25880307, -0.965930343, 1.078275e-05, -5.93903223e-06, 9.5079422e-06, 1.00000012, -0.965930223, -0.258803099, -3.50630171e-06, 60 change(s)]
Chamber   MovingParts.CoreAntenna.SpecialCoreAntenna3.FrontPiece.StructureDetail.Front.Model.Meshes/Trapezoid ~(-23.7, 301.9, 49.2).CFrame = -23.6559238, 301.887177, 49.1934776, 0.25880307, 0.965930104, -1.07712613e-05, -6.18673721e-06, -9.49355945e-06, -1.00000012, -0.965930223, 0.25880304, 3.51899348e-06   [was -23.6559238, 301.887177, 49.1934776, 0.25880307, 0.965930104, -1.07210462e-05, -5.93903223e-06, -9.50794038e-06, -1.00000012, -0.965930223, 0.25880304, 3.27600583e-06, 60 change(s)]
Chamber   MovingParts.CoreAntenna.SpecialCoreAntenna3.FrontPiece.StructureDetail.Front.Model.Meshes/Trapezoid ~(-25.7, 305.6, 48.6).CFrame = -25.6843452, 305.562225, 48.6499863, 0.25880307, 0.965930104, -1.07712613e-05, -6.18673721e-06, -9.49355945e-06, -1.00000012, -0.965930223, 0.25880304, 3.51899348e-06   [was -25.6843452, 305.562225, 48.6499863, 0.25880307, 0.965930104, -1.07210462e-05, -5.93903223e-06, -9.50794038e-06, -1.00000012, -0.965930223, 0.25880304, 3.27600583e-06, 60 change(s)]
Chamber   MovingParts.CoreAntenna.SpecialCoreAntenna3.FrontPiece.StructureDetail.Front.Model.Meshes/Trapezoid ~(-27.0, 309.2, 48.3).CFrame = -27.0125141, 309.237213, 48.2940903, 0.25880307, -0.965930343, 1.0832965e-05, -6.18673721e-06, 9.49356127e-06, 1.00000012, -0.965930223, -0.258803099, -3.74928936e-06   [was -27.012516, 309.237213, 48.2940903, 0.25880307, -0.965930343, 1.078275e-05, -5.93903223e-06, 9.5079422e-06, 1.00000012, -0.965930223, -0.258803099, -3.50630171e-06, 60 change(s)]
Chamber   MovingParts.CoreAntenna.SpecialCoreAntenna3.FrontPiece.StructureDetail.Front.Model.Meshes/Trapezoid ~(-20.3, 305.6, 50.1).CFrame = -20.2751026, 305.562164, 50.0992966, 0.25880307, 0.965930104, -1.07712613e-05, -6.18673721e-06, -9.49355945e-06, -1.00000012, -0.965930223, 0.25880304, 3.51899348e-06   [was -20.2751026, 305.562164, 50.0993004, 0.25880307, 0.965930104, -1.07210462e-05, -5.93903223e-06, -9.50794038e-06, -1.00000012, -0.965930223, 0.25880304, 3.27600583e-06, 60 change(s)]
Chamber   MovingParts.CoreAntenna.SpecialCoreAntenna3.FrontPiece.StructureDetail.Front.Model.Part ~(-19.6, 298.2, 50.3).CFrame = -19.5868759, 298.211823, 50.2837524, -0.258808106, -8.77451675e-05, 0.965928733, 1.06078687e-06, -1, -9.05558409e-05, 0.965928733, -2.24115392e-05, 0.258808106   [was -19.5868759, 298.211823, 50.2837524, -0.258808106, -8.76949489e-05, 0.965928733, 8.13081897e-07, -1, -9.05702254e-05, 0.965928733, -2.26545271e-05, 0.258808106, 60 change(s)]
Chamber   MovingParts.CoreAntenna.SpecialCoreAntenna3.FrontPiece.StructureDetail.Front.Model.Meshes/Trapezoid ~(-26.3, 298.2, 48.5).CFrame = -26.3364391, 298.212158, 48.475296, 0.25880307, -0.965930343, 1.0832965e-05, -6.18673721e-06, 9.49356127e-06, 1.00000012, -0.965930223, -0.258803099, -3.74928936e-06   [was -26.3364391, 298.212158, 48.475296, 0.25880307, -0.965930343, 1.078275e-05, -5.93903223e-06, 9.5079422e-06, 1.00000012, -0.965930223, -0.258803099, -3.50630171e-06, 60 change(s)]
Chamber   MovingParts.CoreAntenna.SpecialCoreAntenna3.FrontPiece.StructureDetail.Front.Model.Meshes/Trapezoid ~(-22.3, 308.0, 49.6).CFrame = -22.2794189, 308.012207, 49.562252, 0.25880307, -0.965930343, 1.0832965e-05, -6.18673721e-06, 9.49356127e-06, 1.00000012, -0.965930223, -0.258803099, -3.74928936e-06   [was -22.2794189, 308.012207, 49.562252, 0.25880307, -0.965930343, 1.078275e-05, -5.93903223e-06, 9.5079422e-06, 1.00000012, -0.965930223, -0.258803099, -3.50630171e-06, 60 change(s)]
Chamber   MovingParts.CoreAntenna.SpecialCoreAntenna3.FrontPiece.StructureDetail.Front.Model.Meshes/Trapezoid ~(-23.0, 305.6, 49.4).CFrame = -22.979723, 305.562195, 49.3746414, 0.25880307, 0.965930104, -1.07712613e-05, -6.18673721e-06, -9.49355945e-06, -1.00000012, -0.965930223, 0.25880304, 3.51899348e-06   [was -22.979723, 305.562195, 49.3746414, 0.25880307, 0.965930104, -1.07210462e-05, -5.93903223e-06, -9.50794038e-06, -1.00000012, -0.965930223, 0.25880304, 3.27600583e-06, 60 change(s)]
Chamber   MovingParts.CoreAntenna.SpecialCoreAntenna3.FrontPiece.StructureDetail.Front.Model.Meshes/Trapezoid ~(-24.3, 309.2, 49.0).CFrame = -24.3078613, 309.237152, 49.0187454, 0.25880307, -0.965930343, 1.0832965e-05, -6.18673721e-06, 9.49356127e-06, 1.00000012, -0.965930223, -0.258803099, -3.74928936e-06   [was -24.3078613, 309.237152, 49.0187454, 0.25880307, -0.965930343, 1.078275e-05, -5.93903223e-06, 9.5079422e-06, 1.00000012, -0.965930223, -0.258803099, -3.50630171e-06, 60 change(s)]
Chamber   MovingParts.CoreAntenna.SpecialCoreAntenna3.FrontPiece.StructureDetail.Front.Model.Part ~(-19.6, 297.6, 50.3).CFrame = -19.5868797, 297.624298, 50.2837448, -0.258808106, -8.77451675e-05, 0.965928733, 1.06078687e-06, -1, -9.05558409e-05, 0.965928733, -2.24115392e-05, 0.258808106   [was -19.5868797, 297.624298, 50.2837448, -0.258808106, -8.76949489e-05, 0.965928733, 8.13081897e-07, -1, -9.05702254e-05, 0.965928733, -2.26545271e-05, 0.258808106, 60 change(s)]
Chamber   MovingParts.CoreAntenna.SpecialCoreAntenna3.FrontPiece.StructureDetail.Front.Model.Meshes/Trapezoid ~(-27.0, 297.0, 48.3).CFrame = -27.0126534, 296.987152, 48.2941551, 0.25880307, -0.965930343, 1.0832965e-05, -6.18673721e-06, 9.49356127e-06, 1.00000012, -0.965930223, -0.258803099, -3.74928936e-06   [was -27.0126534, 296.987152, 48.2941551, 0.25880307, -0.965930343, 1.078275e-05, -5.93903223e-06, 9.5079422e-06, 1.00000012, -0.965930223, -0.258803099, -3.50630171e-06, 60 change(s)]
Chamber   MovingParts.CoreAntenna.SpecialCoreAntenna3.FrontPiece.StructureDetail.Front.Model.Meshes/Trapezoid ~(-21.6, 297.0, 49.7).CFrame = -21.6033707, 296.987122, 49.7434349, 0.25880307, -0.965930343, 1.0832965e-05, -6.18673721e-06, 9.49356127e-06, 1.00000012, -0.965930223, -0.258803099, -3.74928936e-06   [was -21.6033688, 296.987122, 49.7434311, 0.25880307, -0.965930343, 1.078275e-05, -5.93903223e-06, 9.5079422e-06, 1.00000012, -0.965930223, -0.258803099, -3.50630171e-06, 60 change(s)]
Chamber   MovingParts.CoreAntenna.SpecialCoreAntenna3.FrontPiece.StructureDetail.Front.Model.Part ~(-27.0, 297.6, 48.3).CFrame = -27.0246048, 297.62442, 48.2909126, 0.258808106, -8.77451675e-05, -0.965928733, -1.06078687e-06, -1, 9.05558409e-05, -0.965928733, -2.24115392e-05, -0.258808106   [was -27.0246048, 297.62442, 48.2909088, 0.258808106, -8.76949489e-05, -0.965928733, -8.13081897e-07, -1, 9.05702254e-05, -0.965928733, -2.26545271e-05, -0.258808106, 60 change(s)]
Chamber   MovingParts.CoreAntenna.SpecialCoreAntenna3.FrontPiece.StructureDetail.Front.Model.Meshes/Trapezoid ~(-20.9, 300.7, 49.9).CFrame = -20.9271717, 300.66214, 49.9246025, 0.25880307, -0.965930343, 1.0832965e-05, -6.18673721e-06, 9.49356127e-06, 1.00000012, -0.965930223, -0.258803099, -3.74928936e-06   [was -20.9271717, 300.66214, 49.9245987, 0.25880307, -0.965930343, 1.078275e-05, -5.93903223e-06, 9.5079422e-06, 1.00000012, -0.965930223, -0.258803099, -3.50630171e-06, 60 change(s)]
Chamber   MovingParts.CoreAntenna.SpecialCoreAntenna3.FrontPiece.StructureDetail.Front.Model.Meshes/Trapezoid ~(-24.3, 300.7, 49.0).CFrame = -24.3320694, 300.66217, 49.0123253, 0.25880307, 0.965930104, -1.07712613e-05, -6.18673721e-06, -9.49355945e-06, -1.00000012, -0.965930223, 0.25880304, 3.51899348e-06   [was -24.3320694, 300.66217, 49.0123253, 0.25880307, 0.965930104, -1.07210462e-05, -5.93903223e-06, -9.50794038e-06, -1.00000012, -0.965930223, 0.25880304, 3.27600583e-06, 60 change(s)]
Chamber   MovingParts.CoreAntenna.SpecialCoreAntenna3.FrontPiece.StructureDetail.Front.Model.Meshes/Trapezoid ~(-19.6, 299.4, 50.3).CFrame = -19.5990047, 299.437134, 50.2804832, 0.25880307, 0.965930104, -1.07712613e-05, -6.18673721e-06, -9.49355945e-06, -1.00000012, -0.965930223, 0.25880304, 3.51899348e-06   [was -19.5990047, 299.437134, 50.2804794, 0.25880307, 0.965930104, -1.07210462e-05, -5.93903223e-06, -9.50794038e-06, -1.00000012, -0.965930223, 0.25880304, 3.27600583e-06, 60 change(s)]
Chamber   MovingParts.CoreAntenna.SpecialCoreAntenna3.FrontPiece.StructureDetail.Front.Model.Meshes/Trapezoid ~(-21.0, 301.9, 49.9).CFrame = -20.9512768, 301.887146, 49.9181595, 0.25880307, 0.965930104, -1.07712613e-05, -6.18673721e-06, -9.49355945e-06, -1.00000012, -0.965930223, 0.25880304, 3.51899348e-06   [was -20.9512768, 301.887146, 49.9181595, 0.25880307, 0.965930104, -1.07210462e-05, -5.93903223e-06, -9.50794038e-06, -1.00000012, -0.965930223, 0.25880304, 3.27600583e-06, 60 change(s)]
Chamber   MovingParts.CoreAntenna.SpecialCoreAntenna3.FrontPiece.StructureDetail.Front.Model.Part ~(-27.0, 298.2, 48.3).CFrame = -27.0246315, 298.211945, 48.2909203, -0.258808106, -1.79585186e-05, -0.965928733, -8.52467347e-05, 1, 4.24831751e-06, 0.965928733, 8.34419261e-05, -0.258808106   [was -27.0246315, 298.211945, 48.2909164, -0.258808106, -1.80087336e-05, -0.965928733, -8.54944446e-05, 1, 4.2626998e-06, 0.965928733, 8.3684914e-05, -0.258808106, 60 change(s)]
Chamber   MovingParts.CoreAntenna.SpecialCoreAntenna3.FrontPiece.StructureDetail.Front.Model.Meshes/Trapezoid ~(-26.4, 306.8, 48.5).CFrame = -26.3604927, 306.787231, 48.468811, 0.25880307, 0.965930104, -1.07712613e-05, -6.18673721e-06, -9.49355945e-06, -1.00000012, -0.965930223, 0.25880304, 3.51899348e-06   [was -26.3604927, 306.787231, 48.468811, 0.25880307, 0.965930104, -1.07210462e-05, -5.93903223e-06, -9.50794038e-06, -1.00000012, -0.965930223, 0.25880304, 3.27600583e-06, 60 change(s)]
Chamber   MovingParts.CoreAntenna.SpecialCoreAntenna3.FrontPiece.StructureDetail.Front.Model.Meshes/Trapezoid ~(-23.6, 303.1, 49.2).CFrame = -23.6317673, 303.112183, 49.1999435, 0.25880307, -0.965930343, 1.0832965e-05, -6.18673721e-06, 9.49356127e-06, 1.00000012, -0.965930223, -0.258803099, -3.74928936e-06   [was -23.6317673, 303.112183, 49.1999435, 0.25880307, -0.965930343, 1.078275e-05, -5.93903223e-06, 9.5079422e-06, 1.00000012, -0.965930223, -0.258803099, -3.50630171e-06, 60 change(s)]
Chamber   MovingParts.CoreAntenna.SpecialCoreAntenna3.FrontPiece.StructureDetail.Front.Model.Meshes/Trapezoid ~(-22.3, 301.9, 49.6).CFrame = -22.3035984, 301.887146, 49.5558128, 0.25880307, 0.965930104, -1.07712613e-05, -6.18673721e-06, -9.49355945e-06, -1.00000012, -0.965930223, 0.25880304, 3.51899348e-06   [was -22.3035984, 301.887177, 49.5558128, 0.25880307, 0.965930104, -1.07210462e-05, -5.93903223e-06, -9.50794038e-06, -1.00000012, -0.965930223, 0.25880304, 3.27600583e-06, 60 change(s)]
Chamber   MovingParts.CoreAntenna.SpecialCoreAntenna3.FrontPiece.StructureDetail.Front.Model.Part ~(-27.0, 306.1, 48.3).CFrame = -27.0245075, 306.149506, 48.2908669, -0.258808106, 8.77451675e-05, -0.965928733, 1.06078687e-06, 1, 9.05558409e-05, 0.965928733, 2.24115392e-05, -0.258808106   [was -27.0245094, 306.149506, 48.2908669, -0.258808106, 8.76949489e-05, -0.965928733, 8.13081897e-07, 1, 9.05702254e-05, 0.965928733, 2.26545271e-05, -0.258808106, 60 change(s)]
Chamber   MovingParts.CoreAntenna.SpecialCoreAntenna3.FrontPiece.StructureDetail.Front.Model.Meshes/Trapezoid ~(-21.0, 299.4, 49.9).CFrame = -20.9513054, 299.437134, 49.9181786, 0.25880307, 0.965930104, -1.07712613e-05, -6.18673721e-06, -9.49355945e-06, -1.00000012, -0.965930223, 0.25880304, 3.51899348e-06   [was -20.9513054, 299.437134, 49.9181786, 0.25880307, 0.965930104, -1.07210462e-05, -5.93903223e-06, -9.50794038e-06, -1.00000012, -0.965930223, 0.25880304, 3.27600583e-06, 60 change(s)]
Chamber   MovingParts.CoreAntenna.SpecialCoreAntenna3.FrontPiece.StructureDetail.Front.Model.Meshes/Trapezoid ~(-23.0, 304.3, 49.4).CFrame = -22.9555893, 304.337219, 49.3810959, 0.25880307, -0.965930343, 1.0832965e-05, -6.18673721e-06, 9.49356127e-06, 1.00000012, -0.965930223, -0.258803099, -3.74928936e-06   [was -22.9555893, 304.337219, 49.3810959, 0.25880307, -0.965930343, 1.078275e-05, -5.93903223e-06, 9.5079422e-06, 1.00000012, -0.965930223, -0.258803099, -3.50630171e-06, 60 change(s)]
Chamber   MovingParts.CoreAntenna.SpecialCoreAntenna3.FrontPiece.StructureDetail.Front.Model.Meshes/Trapezoid ~(-27.0, 304.3, 48.3).CFrame = -27.0125694, 304.33725, 48.2941132, 0.25880307, -0.965930343, 1.0832965e-05, -6.18673721e-06, 9.49356127e-06, 1.00000012, -0.965930223, -0.258803099, -3.74928936e-06   [was -27.0125694, 304.33725, 48.2941132, 0.25880307, -0.965930343, 1.078275e-05, -5.93903223e-06, 9.5079422e-06, 1.00000012, -0.965930223, -0.258803099, -3.50630171e-06, 60 change(s)]
Chamber   MovingParts.CoreAntenna.SpecialCoreAntenna3.FrontPiece.StructureDetail.Front.Model.Meshes/Trapezoid ~(-20.9, 303.1, 49.9).CFrame = -20.927145, 303.112152, 49.9245949, 0.25880307, -0.965930343, 1.0832965e-05, -6.18673721e-06, 9.49356127e-06, 1.00000012, -0.965930223, -0.258803099, -3.74928936e-06   [was -20.927145, 303.112152, 49.9245949, 0.25880307, -0.965930343, 1.078275e-05, -5.93903223e-06, 9.5079422e-06, 1.00000012, -0.965930223, -0.258803099, -3.50630171e-06, 60 change(s)]
Chamber   MovingParts.CoreAntenna.SpecialCoreAntenna3.FrontPiece.StructureDetail.Front.Model.Part ~(-19.6, 298.8, 50.3).CFrame = -19.5868378, 298.799377, 50.2837448, 0.258808106, 8.77451675e-05, 0.965928733, -1.06078687e-06, 1, -9.05558409e-05, -0.965928733, 2.24115392e-05, 0.258808106   [was -19.5868378, 298.799377, 50.2837448, 0.258808106, 8.76949489e-05, 0.965928733, -8.13081897e-07, 1, -9.05702254e-05, -0.965928733, 2.26545271e-05, 0.258808106, 60 change(s)]
Chamber   MovingParts.CoreAntenna.SpecialCoreAntenna3.FrontPiece.StructureDetail.MainFrame.CFrame = -23.9988651, 303.109009, 51.922699, -1.08021122e-05, 0.965930104, -0.25880304, -1, -9.49355945e-06, 6.30594559e-06, 3.63414097e-06, 0.25880304, 0.965930104   [was -23.9988651, 303.109009, 51.922699, -1.07518972e-05, 0.965930104, -0.25880304, -1, -9.50794038e-06, 6.05824061e-06, 3.39115331e-06, 0.25880304, 0.965930104, 60 change(s)]
Chamber   MovingParts.CoreAntenna.SpecialCoreAntenna3.FrontPiece.StructureDetail.CautionPart.CFrame = -23.7844734, 302.821533, 51.0742836, 1.08021122e-05, -0.965930104, -0.25880304, 1, 9.49355945e-06, 6.30594559e-06, -3.63414097e-06, -0.25880304, 0.965930104   [was -23.7844734, 302.821533, 51.0742836, 1.07518972e-05, -0.965930104, -0.25880304, 1, 9.50794038e-06, 6.05824061e-06, -3.39115331e-06, -0.25880304, 0.965930104, 60 change(s)]
Chamber   MovingParts.CoreAntenna.SpecialCoreAntenna3.FrontPiece.StructureDetail.TextPart.CFrame = -23.5581207, 295.946503, 50.2290993, 0.965928733, 0.258808106, -7.82551069e-06, -1.47387354e-05, 8.52467347e-05, 1, 0.258808106, -0.965928733, 8.61568842e-05   [was -23.5581207, 295.946503, 50.2290955, 0.965928733, 0.258808106, -7.87572571e-06, -1.47531173e-05, 8.54944446e-05, 1, 0.258808106, -0.965928733, 8.63998721e-05, 60 change(s)]
Chamber   MovingParts.CoreAntenna.SpecialCoreAntenna3.FrontPiece.StructureDetail.Vent.CFrame = -23.5580158, 302.921478, 50.229084, 1.0802115e-05, 0.25880295, -0.965930164, 1.00000024, -6.30594559e-06, 9.49355945e-06, -3.63414188e-06, -0.965930283, -0.258803189   [was -23.5580158, 302.921478, 50.229084, 1.07518999e-05, 0.25880295, -0.965930164, 1.00000024, -6.05824061e-06, 9.50794038e-06, -3.39115422e-06, -0.965930283, -0.258803189, 60 change(s)]
Chamber   MovingParts.CoreAntenna.SpecialCoreAntenna.FrontPiece.StructureDetail.Front.Model.Part ~(-49.1, 306.1, 33.2).CFrame = -49.0883942, 306.149506, 33.2437592, -0.707081676, 6.25473112e-05, -0.707131863, -1.7423813e-06, 1, 9.01939275e-05, 0.707131863, 6.50062866e-05, -0.707081676   [was -49.0883942, 306.149506, 33.2437592, -0.707081676, 6.25316825e-05, -0.707131863, -1.76513436e-06, 1, 9.0194575e-05, 0.707131863, 6.50228321e-05, -0.707081676, 60 change(s)]
Chamber   MovingParts.CoreAntenna.SpecialCoreAntenna.FrontPiece.StructureDetail.Front.Model.Meshes/Trapezoid ~(-47.6, 305.6, 34.7).CFrame = -47.5946617, 305.562225, 34.737442, 0.70707804, -0.707135737, 9.01832937e-06, -3.38357086e-06, 9.13163149e-06, 1.00000012, -0.707135618, -0.707078159, 3.8955377e-06   [was -47.5946617, 305.562225, 34.737442, 0.70707804, -0.707135737, 9.00270061e-06, -3.3608178e-06, 9.13228087e-06, 1.00000012, -0.707135618, -0.707078159, 3.91208687e-06, 60 change(s)]
Chamber   MovingParts.CoreAntenna.SpecialCoreAntenna.FrontPiece.StructureDetail.Front.Model.Meshes/Trapezoid ~(-46.1, 309.2, 36.2).CFrame = -46.1096001, 309.237183, 36.2223282, 0.70707804, -0.707135737, 9.01832937e-06, -3.38357086e-06, 9.13163149e-06, 1.00000012, -0.707135618, -0.707078159, 3.8955377e-06   [was -46.1096001, 309.237183, 36.2223282, 0.70707804, -0.707135737, 9.00270061e-06, -3.3608178e-06, 9.13228087e-06, 1.00000012, -0.707135618, -0.707078159, 3.91208687e-06, 60 change(s)]
Chamber   MovingParts.CoreAntenna.SpecialCoreAntenna.FrontPiece.StructureDetail.Front.Model.Meshes/Trapezoid ~(-44.6, 301.9, 37.7).CFrame = -44.6423531, 301.887146, 37.689537, 0.70707804, 0.707135558, -8.84974907e-06, -3.38357086e-06, -9.13162967e-06, -1.00000012, -0.707135618, 0.70707798, -4.06413164e-06   [was -44.6423531, 301.887146, 37.689537, 0.70707804, 0.707135558, -8.83412031e-06, -3.3608178e-06, -9.13227905e-06, -1.00000012, -0.707135618, 0.70707798, -4.08068081e-06, 60 change(s)]
Chamber   MovingParts.CoreAntenna.SpecialCoreAntenna.FrontPiece.StructureDetail.Front.Model.Meshes/Trapezoid ~(-47.1, 297.0, 35.2).CFrame = -47.0997429, 296.987152, 35.2323341, 0.70707804, -0.707135737, 9.01832937e-06, -3.38357086e-06, 9.13163149e-06, 1.00000012, -0.707135618, -0.707078159, 3.8955377e-06   [was -47.0997429, 296.987152, 35.2323341, 0.70707804, -0.707135737, 9.00270061e-06, -3.3608178e-06, 9.13228087e-06, 1.00000012, -0.707135618, -0.707078159, 3.91208687e-06, 60 change(s)]
Chamber   MovingParts.CoreAntenna.SpecialCoreAntenna.FrontPiece.StructureDetail.Front.Model.Meshes/Trapezoid ~(-48.6, 304.3, 33.7).CFrame = -48.6023026, 304.33725, 33.7298737, 0.70707804, 0.707135558, -8.84974907e-06, -3.38357086e-06, -9.13162967e-06, -1.00000012, -0.707135618, 0.70707798, -4.06413164e-06   [was -48.6023026, 304.33725, 33.7298737, 0.70707804, 0.707135558, -8.83412031e-06, -3.3608178e-06, -9.13227905e-06, -1.00000012, -0.707135618, 0.70707798, -4.08068081e-06, 60 change(s)]
Chamber   MovingParts.CoreAntenna.SpecialCoreAntenna.FrontPiece.StructureDetail.Front.Model.Meshes/Trapezoid ~(-46.6, 300.7, 35.7).CFrame = -46.6047096, 300.66217, 35.7273178, 0.70707804, -0.707135737, 9.01832937e-06, -3.38357086e-06, 9.13163149e-06, 1.00000012, -0.707135618, -0.707078159, 3.8955377e-06   [was -46.6047096, 300.66217, 35.7273178, 0.70707804, -0.707135737, 9.00270061e-06, -3.3608178e-06, 9.13228087e-06, 1.00000012, -0.707135618, -0.707078159, 3.91208687e-06, 60 change(s)]
Chamber   MovingParts.CoreAntenna.SpecialCoreAntenna.FrontPiece.StructureDetail.Front.Model.Meshes/Trapezoid ~(-49.1, 306.8, 33.3).CFrame = -49.0796509, 306.787262, 33.2525482, 0.70707804, -0.707135737, 9.01832937e-06, -3.38357086e-06, 9.13163149e-06, 1.00000012, -0.707135618, -0.707078159, 3.8955377e-06   [was -49.0796509, 306.787262, 33.2525482, 0.70707804, -0.707135737, 9.00270061e-06, -3.3608178e-06, 9.13228087e-06, 1.00000012, -0.707135618, -0.707078159, 3.91208687e-06, 60 change(s)]
Chamber   MovingParts.CoreAntenna.SpecialCoreAntenna.FrontPiece.StructureDetail.Front.Model.Meshes/Trapezoid ~(-47.6, 306.8, 34.7).CFrame = -47.6123199, 306.787231, 34.7197685, 0.70707804, 0.707135558, -8.84974907e-06, -3.38357086e-06, -9.13162967e-06, -1.00000012, -0.707135618, 0.70707798, -4.06413164e-06   [was -47.6123199, 306.787231, 34.7197685, 0.70707804, 0.707135558, -8.83412031e-06, -3.3608178e-06, -9.13227905e-06, -1.00000012, -0.707135618, 0.70707798, -4.08068081e-06, 60 change(s)]
Chamber   MovingParts.CoreAntenna.SpecialCoreAntenna.FrontPiece.StructureDetail.Front.Model.Meshes/Trapezoid ~(-45.6, 305.6, 36.7).CFrame = -45.6146507, 305.562195, 36.7172966, 0.70707804, -0.707135737, 9.01832937e-06, -3.38357086e-06, 9.13163149e-06, 1.00000012, -0.707135618, -0.707078159, 3.8955377e-06   [was -45.6146507, 305.562195, 36.7172966, 0.70707804, -0.707135737, 9.00270061e-06, -3.3608178e-06, 9.13228087e-06, 1.00000012, -0.707135618, -0.707078159, 3.91208687e-06, 60 change(s)]
Chamber   MovingParts.CoreAntenna.SpecialCoreAntenna.FrontPiece.StructureDetail.Front.Model.Meshes/Trapezoid ~(-47.6, 299.4, 34.7).CFrame = -47.6123581, 299.437195, 34.7197533, 0.70707804, 0.707135558, -8.84974907e-06, -3.38357086e-06, -9.13162967e-06, -1.00000012, -0.707135618, 0.70707798, -4.06413164e-06   [was -47.6123581, 299.437195, 34.7197533, 0.70707804, 0.707135558, -8.83412031e-06, -3.3608178e-06, -9.13227905e-06, -1.00000012, -0.707135618, 0.70707798, -4.08068081e-06, 60 change(s)]
Chamber   MovingParts.CoreAntenna.SpecialCoreAntenna.FrontPiece.StructureDetail.Front.Model.Meshes/Trapezoid ~(-47.6, 300.7, 34.7).CFrame = -47.5946922, 300.662201, 34.7374115, 0.70707804, -0.707135737, 9.01832937e-06, -3.38357086e-06, 9.13163149e-06, 1.00000012, -0.707135618, -0.707078159, 3.8955377e-06   [was -47.5946922, 300.662201, 34.7374115, 0.70707804, -0.707135737, 9.00270061e-06, -3.3608178e-06, 9.13228087e-06, 1.00000012, -0.707135618, -0.707078159, 3.91208687e-06, 60 change(s)]
Chamber   MovingParts.CoreAntenna.SpecialCoreAntenna.FrontPiece.StructureDetail.Front.Model.Meshes/Trapezoid ~(-44.1, 303.1, 38.2).CFrame = -44.1473312, 303.112183, 38.1845016, 0.70707804, 0.707135558, -8.84974907e-06, -3.38357086e-06, -9.13162967e-06, -1.00000012, -0.707135618, 0.70707798, -4.06413164e-06   [was -44.1473312, 303.112183, 38.1845016, 0.70707804, 0.707135558, -8.83412031e-06, -3.3608178e-06, -9.13227905e-06, -1.00000012, -0.707135618, 0.70707798, -4.08068081e-06, 60 change(s)]
Chamber   MovingParts.CoreAntenna.SpecialCoreAntenna.FrontPiece.StructureDetail.Front.Model.Meshes/Trapezoid ~(-49.1, 301.9, 33.3).CFrame = -49.0796928, 301.887207, 33.2525253, 0.70707804, -0.707135737, 9.01832937e-06, -3.38357086e-06, 9.13163149e-06, 1.00000012, -0.707135618, -0.707078159, 3.8955377e-06   [was -49.0796928, 301.887207, 33.2525253, 0.70707804, -0.707135737, 9.00270061e-06, -3.3608178e-06, 9.13228087e-06, 1.00000012, -0.707135618, -0.707078159, 3.91208687e-06, 60 change(s)]
Chamber   MovingParts.CoreAntenna.SpecialCoreAntenna.FrontPiece.StructureDetail.Front.Model.Meshes/Trapezoid ~(-43.7, 297.0, 38.7).CFrame = -43.6523933, 296.987122, 38.679409, 0.70707804, 0.707135558, -8.84974907e-06, -3.38357086e-06, -9.13162967e-06, -1.00000012, -0.707135618, 0.70707798, -4.06413164e-06   [was -43.6523933, 296.987122, 38.6794052, 0.70707804, 0.707135558, -8.83412031e-06, -3.3608178e-06, -9.13227905e-06, -1.00000012, -0.707135618, 0.70707798, -4.08068081e-06, 60 change(s)]
Chamber   MovingParts.CoreAntenna.SpecialCoreAntenna.FrontPiece.StructureDetail.Front.Model.Meshes/Trapezoid ~(-48.1, 298.2, 34.2).CFrame = -48.1073761, 298.212189, 34.2247925, 0.70707804, 0.707135558, -8.84974907e-06, -3.38357086e-06, -9.13162967e-06, -1.00000012, -0.707135618, 0.70707798, -4.06413164e-06   [was -48.1073761, 298.212189, 34.2247925, 0.70707804, 0.707135558, -8.83412031e-06, -3.3608178e-06, -9.13227905e-06, -1.00000012, -0.707135618, 0.70707798, -4.08068081e-06, 60 change(s)]
Chamber   MovingParts.CoreAntenna.SpecialCoreAntenna.FrontPiece.StructureDetail.Front.Model.Meshes/Trapezoid ~(-45.1, 308.0, 37.2).CFrame = -45.1373177, 308.012207, 37.1945724, 0.70707804, 0.707135558, -8.84974907e-06, -3.38357086e-06, -9.13162967e-06, -1.00000012, -0.707135618, 0.70707798, -4.06413164e-06   [was -45.1373177, 308.012207, 37.1945724, 0.70707804, 0.707135558, -8.83412031e-06, -3.3608178e-06, -9.13227905e-06, -1.00000012, -0.707135618, 0.70707798, -4.08068081e-06, 60 change(s)]
Chamber   MovingParts.CoreAntenna.SpecialCoreAntenna.FrontPiece.StructureDetail.Front.Model.Meshes/Trapezoid ~(-44.1, 304.3, 38.2).CFrame = -44.1296654, 304.337189, 38.2021523, 0.70707804, -0.707135737, 9.01832937e-06, -3.38357086e-06, 9.13163149e-06, 1.00000012, -0.707135618, -0.707078159, 3.8955377e-06   [was -44.1296654, 304.337189, 38.2021523, 0.70707804, -0.707135737, 9.00270061e-06, -3.3608178e-06, 9.13228087e-06, 1.00000012, -0.707135618, -0.707078159, 3.91208687e-06, 60 change(s)]
Chamber   MovingParts.CoreAntenna.SpecialCoreAntenna.FrontPiece.StructureDetail.Front.Model.Part ~(-43.6, 300.1, 38.7).CFrame = -43.6434631, 300.074341, 38.688343, -0.707081676, -6.25473112e-05, 0.707131863, -1.7423813e-06, -1, -9.01939275e-05, 0.707131863, -6.50062866e-05, 0.707081676   [was -43.6434631, 300.074341, 38.688343, -0.707081676, -6.25316825e-05, 0.707131863, -1.76513436e-06, -1, -9.0194575e-05, 0.707131863, -6.50228321e-05, 0.707081676, 60 change(s)]
Chamber   MovingParts.CoreAntenna.SpecialCoreAntenna.FrontPiece.StructureDetail.Front.Model.Meshes/Trapezoid ~(-44.6, 303.1, 37.7).CFrame = -44.6246758, 303.112152, 37.70718, 0.70707804, -0.707135737, 9.01832937e-06, -3.38357086e-06, 9.13163149e-06, 1.00000012, -0.707135618, -0.707078159, 3.8955377e-06   [was -44.6246758, 303.112152, 37.70718, 0.70707804, -0.707135737, 9.00270061e-06, -3.3608178e-06, 9.13228087e-06, 1.00000012, -0.707135618, -0.707078159, 3.91208687e-06, 60 change(s)]
Chamber   MovingParts.CoreAntenna.SpecialCoreAntenna.FrontPiece.StructureDetail.Front.Model.Meshes/Trapezoid ~(-44.1, 308.0, 38.2).CFrame = -44.1472893, 308.012177, 38.1845245, 0.70707804, 0.707135558, -8.84974907e-06, -3.38357086e-06, -9.13162967e-06, -1.00000012, -0.707135618, 0.70707798, -4.06413164e-06   [was -44.1472931, 308.012177, 38.1845245, 0.70707804, 0.707135558, -8.83412031e-06, -3.3608178e-06, -9.13227905e-06, -1.00000012, -0.707135618, 0.70707798, -4.08068081e-06, 60 change(s)]
Chamber   MovingParts.CoreAntenna.SpecialCoreAntenna.FrontPiece.StructureDetail.Front.Model.Meshes/Trapezoid ~(-47.1, 303.1, 35.2).CFrame = -47.1173439, 303.112183, 35.2147141, 0.70707804, 0.707135558, -8.84974907e-06, -3.38357086e-06, -9.13162967e-06, -1.00000012, -0.707135618, 0.70707798, -4.06413164e-06   [was -47.1173439, 303.112183, 35.2147141, 0.70707804, 0.707135558, -8.83412031e-06, -3.3608178e-06, -9.13227905e-06, -1.00000012, -0.707135618, 0.70707798, -4.08068081e-06, 60 change(s)]
Chamber   MovingParts.CoreAntenna.SpecialCoreAntenna.FrontPiece.StructureDetail.Front.Model.Meshes/Trapezoid ~(-44.6, 308.0, 37.7).CFrame = -44.6246033, 308.012207, 37.7072144, 0.70707804, -0.707135737, 9.01832937e-06, -3.38357086e-06, 9.13163149e-06, 1.00000012, -0.707135618, -0.707078159, 3.8955377e-06   [was -44.6246033, 308.012207, 37.7072144, 0.70707804, -0.707135737, 9.00270061e-06, -3.3608178e-06, 9.13228087e-06, 1.00000012, -0.707135618, -0.707078159, 3.91208687e-06, 60 change(s)]
Chamber   MovingParts.CoreAntenna.SpecialCoreAntenna.FrontPiece.StructureDetail.Front.Model.Part ~(-43.6, 300.7, 38.7).CFrame = -43.6434937, 300.661865, 38.6883354, -0.707081676, -6.25473112e-05, 0.707131863, -1.7423813e-06, -1, -9.01939275e-05, 0.707131863, -6.50062866e-05, 0.707081676   [was -43.6434937, 300.661865, 38.6883354, -0.707081676, -6.25316825e-05, 0.707131863, -1.76513436e-06, -1, -9.0194575e-05, 0.707131863, -6.50228321e-05, 0.707081676, 60 change(s)]
Chamber   MovingParts.CoreAntenna.SpecialCoreAntenna.FrontPiece.StructureDetail.Front.Model.Meshes/Trapezoid ~(-47.1, 301.9, 35.2).CFrame = -47.0996857, 301.887177, 35.2323837, 0.70707804, -0.707135737, 9.01832937e-06, -3.38357086e-06, 9.13163149e-06, 1.00000012, -0.707135618, -0.707078159, 3.8955377e-06   [was -47.0996857, 301.887177, 35.2323837, 0.70707804, -0.707135737, 9.00270061e-06, -3.3608178e-06, 9.13228087e-06, 1.00000012, -0.707135618, -0.707078159, 3.91208687e-06, 60 change(s)]
Chamber   MovingParts.CoreAntenna.SpecialCoreAntenna.FrontPiece.StructureDetail.Front.Model.Meshes/Trapezoid ~(-44.1, 301.9, 38.2).CFrame = -44.1296844, 301.887146, 38.2021408, 0.70707804, -0.707135737, 9.01832937e-06, -3.38357086e-06, 9.13163149e-06, 1.00000012, -0.707135618, -0.707078159, 3.8955377e-06   [was -44.1296844, 301.887146, 38.2021408, 0.70707804, -0.707135737, 9.00270061e-06, -3.3608178e-06, 9.13228087e-06, 1.00000012, -0.707135618, -0.707078159, 3.91208687e-06, 60 change(s)]
Chamber   MovingParts.CoreAntenna.SpecialCoreAntenna.FrontPiece.StructureDetail.Front.Model.Meshes/Trapezoid ~(-48.6, 306.8, 33.7).CFrame = -48.6023026, 306.787231, 33.7298622, 0.70707804, 0.707135558, -8.84974907e-06, -3.38357086e-06, -9.13162967e-06, -1.00000012, -0.707135618, 0.70707798, -4.06413164e-06   [was -48.6023026, 306.787231, 33.7298622, 0.70707804, 0.707135558, -8.83412031e-06, -3.3608178e-06, -9.13227905e-06, -1.00000012, -0.707135618, 0.70707798, -4.08068081e-06, 60 change(s)]
Chamber   MovingParts.CoreAntenna.SpecialCoreAntenna.FrontPiece.StructureDetail.Front.Model.Meshes/Trapezoid ~(-47.6, 309.2, 34.7).CFrame = -47.6122894, 309.237183, 34.7198143, 0.70707804, 0.707135558, -8.84974907e-06, -3.38357086e-06, -9.13162967e-06, -1.00000012, -0.707135618, 0.70707798, -4.06413164e-06   [was -47.6122894, 309.237183, 34.7198143, 0.70707804, 0.707135558, -8.83412031e-06, -3.3608178e-06, -9.13227905e-06, -1.00000012, -0.707135618, 0.70707798, -4.08068081e-06, 60 change(s)]
Chamber   MovingParts.CoreAntenna.SpecialCoreAntenna.FrontPiece.StructureDetail.Front.Model.Part ~(-49.1, 305.6, 33.2).CFrame = -49.0884285, 305.561951, 33.2437439, -0.707081676, -5.95099591e-05, -0.707131863, -8.80499065e-05, 1, 3.88640274e-06, 0.707131863, 6.50112561e-05, -0.707081676   [was -49.0884285, 305.561951, 33.2437439, -0.707081676, -5.95255879e-05, -0.707131863, -8.80726584e-05, 1, 3.88705212e-06, 0.707131863, 6.50278016e-05, -0.707081676, 60 change(s)]
Chamber   MovingParts.CoreAntenna.SpecialCoreAntenna.FrontPiece.StructureDetail.Front.Model.Meshes/Trapezoid ~(-48.1, 300.7, 34.2).CFrame = -48.1073494, 300.662201, 34.2247963, 0.70707804, 0.707135558, -8.84974907e-06, -3.38357086e-06, -9.13162967e-06, -1.00000012, -0.707135618, 0.70707798, -4.06413164e-06   [was -48.1073494, 300.662201, 34.2247963, 0.70707804, 0.707135558, -8.83412031e-06, -3.3608178e-06, -9.13227905e-06, -1.00000012, -0.707135618, 0.70707798, -4.08068081e-06, 60 change(s)]
Chamber   MovingParts.CoreAntenna.SpecialCoreAntenna.FrontPiece.StructureDetail.Front.Model.Meshes/Trapezoid ~(-45.1, 297.0, 37.2).CFrame = -45.1197205, 296.987122, 37.2121811, 0.70707804, -0.707135737, 9.01832937e-06, -3.38357086e-06, 9.13163149e-06, 1.00000012, -0.707135618, -0.707078159, 3.8955377e-06   [was -45.1197205, 296.987122, 37.2121811, 0.70707804, -0.707135737, 9.00270061e-06, -3.3608178e-06, 9.13228087e-06, 1.00000012, -0.707135618, -0.707078159, 3.91208687e-06, 60 change(s)]
Chamber   MovingParts.CoreAntenna.SpecialCoreAntenna.FrontPiece.StructureDetail.Front.Model.Meshes/Trapezoid ~(-49.1, 299.4, 33.3).CFrame = -49.0797157, 299.437225, 33.2525177, 0.70707804, -0.707135737, 9.01832937e-06, -3.38357086e-06, 9.13163149e-06, 1.00000012, -0.707135618, -0.707078159, 3.8955377e-06   [was -49.0797157, 299.437225, 33.2525177, 0.70707804, -0.707135737, 9.00270061e-06, -3.3608178e-06, 9.13228087e-06, 1.00000012, -0.707135618, -0.707078159, 3.91208687e-06, 60 change(s)]
Chamber   MovingParts.CoreAntenna.SpecialCoreAntenna.FrontPiece.StructureDetail.Front.Model.Meshes/Trapezoid ~(-44.6, 309.2, 37.7).CFrame = -44.642292, 309.237152, 37.6895714, 0.70707804, 0.707135558, -8.84974907e-06, -3.38357086e-06, -9.13162967e-06, -1.00000012, -0.707135618, 0.70707798, -4.06413164e-06   [was -44.642292, 309.237152, 37.6895714, 0.70707804, 0.707135558, -8.83412031e-06, -3.3608178e-06, -9.13227905e-06, -1.00000012, -0.707135618, 0.70707798, -4.08068081e-06, 60 change(s)]
Chamber   MovingParts.CoreAntenna.SpecialCoreAntenna.FrontPiece.StructureDetail.Front.Model.Part ~(-49.1, 305.0, 33.2).CFrame = -49.0884361, 304.974426, 33.2437439, 0.707081676, -6.25473112e-05, -0.707131863, 1.7423813e-06, -1, 9.01939275e-05, -0.707131863, -6.50062866e-05, -0.707081676   [was -49.0884361, 304.974426, 33.2437439, 0.707081676, -6.25316825e-05, -0.707131863, 1.76513436e-06, -1, 9.0194575e-05, -0.707131863, -6.50228321e-05, -0.707081676, 60 change(s)]
Chamber   MovingParts.CoreAntenna.SpecialCoreAntenna.FrontPiece.StructureDetail.Front.Model.Meshes/Trapezoid ~(-44.1, 300.7, 38.2).CFrame = -44.1473465, 300.66214, 38.1844826, 0.70707804, 0.707135558, -8.84974907e-06, -3.38357086e-06, -9.13162967e-06, -1.00000012, -0.707135618, 0.70707798, -4.06413164e-06   [was -44.1473465, 300.66214, 38.1844826, 0.70707804, 0.707135558, -8.83412031e-06, -3.3608178e-06, -9.13227905e-06, -1.00000012, -0.707135618, 0.70707798, -4.08068081e-06, 60 change(s)]
Chamber   MovingParts.CoreAntenna.SpecialCoreAntenna.FrontPiece.StructureDetail.Front.Model.Meshes/Trapezoid ~(-48.6, 309.2, 33.7).CFrame = -48.6022682, 309.237213, 33.7299042, 0.70707804, 0.707135558, -8.84974907e-06, -3.38357086e-06, -9.13162967e-06, -1.00000012, -0.707135618, 0.70707798, -4.06413164e-06   [was -48.6022682, 309.237213, 33.7299042, 0.70707804, 0.707135558, -8.83412031e-06, -3.3608178e-06, -9.13227905e-06, -1.00000012, -0.707135618, 0.70707798, -4.08068081e-06, 60 change(s)]
Chamber   MovingParts.CoreAntenna.SpecialCoreAntenna.FrontPiece.StructureDetail.Front.Model.Meshes/Trapezoid ~(-47.6, 301.9, 34.7).CFrame = -47.6123581, 301.887207, 34.7197456, 0.70707804, 0.707135558, -8.84974907e-06, -3.38357086e-06, -9.13162967e-06, -1.00000012, -0.707135618, 0.70707798, -4.06413164e-06   [was -47.6123581, 301.887207, 34.7197456, 0.70707804, 0.707135558, -8.83412031e-06, -3.3608178e-06, -9.13227905e-06, -1.00000012, -0.707135618, 0.70707798, -4.08068081e-06, 60 change(s)]
Chamber   MovingParts.CoreAntenna.SpecialCoreAntenna.FrontPiece.StructureDetail.Front.Model.Meshes/Trapezoid ~(-46.1, 306.8, 36.2).CFrame = -46.1096573, 306.787201, 36.2223091, 0.70707804, -0.707135737, 9.01832937e-06, -3.38357086e-06, 9.13163149e-06, 1.00000012, -0.707135618, -0.707078159, 3.8955377e-06   [was -46.1096573, 306.787201, 36.2223091, 0.70707804, -0.707135737, 9.00270061e-06, -3.3608178e-06, 9.13228087e-06, 1.00000012, -0.707135618, -0.707078159, 3.91208687e-06, 60 change(s)]
Chamber   MovingParts.CoreAntenna.SpecialCoreAntenna.FrontPiece.StructureDetail.Front.Model.Part ~(-49.1, 297.6, 33.2).CFrame = -49.0884819, 297.62442, 33.2437363, 0.707081676, -6.25473112e-05, -0.707131863, 1.7423813e-06, -1, 9.01939275e-05, -0.707131863, -6.50062866e-05, -0.707081676   [was -49.0884819, 297.62442, 33.2437363, 0.707081676, -6.25316825e-05, -0.707131863, 1.76513436e-06, -1, 9.0194575e-05, -0.707131863, -6.50228321e-05, -0.707081676, 60 change(s)]
Chamber   MovingParts.CoreAntenna.SpecialCoreAntenna.FrontPiece.StructureDetail.Front.Model.Meshes/Trapezoid ~(-44.1, 305.6, 38.2).CFrame = -44.1473351, 305.562195, 38.1844902, 0.70707804, 0.707135558, -8.84974907e-06, -3.38357086e-06, -9.13162967e-06, -1.00000012, -0.707135618, 0.70707798, -4.06413164e-06   [was -44.1473351, 305.562195, 38.1844902, 0.70707804, 0.707135558, -8.83412031e-06, -3.3608178e-06, -9.13227905e-06, -1.00000012, -0.707135618, 0.70707798, -4.08068081e-06, 60 change(s)]
Chamber   MovingParts.CoreAntenna.SpecialCoreAntenna.FrontPiece.StructureDetail.Front.Model.Meshes/Trapezoid ~(-43.7, 306.8, 38.7).CFrame = -43.652317, 306.78717, 38.6794586, 0.70707804, 0.707135558, -8.84974907e-06, -3.38357086e-06, -9.13162967e-06, -1.00000012, -0.707135618, 0.70707798, -4.06413164e-06   [was -43.652317, 306.78717, 38.6794586, 0.70707804, 0.707135558, -8.83412031e-06, -3.3608178e-06, -9.13227905e-06, -1.00000012, -0.707135618, 0.70707798, -4.08068081e-06, 60 change(s)]
Chamber   MovingParts.CoreAntenna.SpecialCoreAntenna.FrontPiece.StructureDetail.Front.Model.Part ~(-49.1, 298.2, 33.2).CFrame = -49.0885124, 298.211945, 33.2437325, -0.707081676, -5.95099591e-05, -0.707131863, -8.80499065e-05, 1, 3.88640274e-06, 0.707131863, 6.50112561e-05, -0.707081676   [was -49.0885124, 298.211945, 33.2437325, -0.707081676, -5.95255879e-05, -0.707131863, -8.80726584e-05, 1, 3.88705212e-06, 0.707131863, 6.50278016e-05, -0.707081676, 60 change(s)]
Chamber   MovingParts.CoreAntenna.SpecialCoreAntenna.FrontPiece.StructureDetail.Front.Model.Meshes/Trapezoid ~(-47.6, 304.3, 34.7).CFrame = -47.6123199, 304.337219, 34.71978, 0.70707804, 0.707135558, -8.84974907e-06, -3.38357086e-06, -9.13162967e-06, -1.00000012, -0.707135618, 0.70707798, -4.06413164e-06   [was -47.6123199, 304.337219, 34.71978, 0.70707804, 0.707135558, -8.83412031e-06, -3.3608178e-06, -9.13227905e-06, -1.00000012, -0.707135618, 0.70707798, -4.08068081e-06, 60 change(s)]
Chamber   MovingParts.CoreAntenna.SpecialCoreAntenna.FrontPiece.StructureDetail.Front.Model.Meshes/Trapezoid ~(-48.1, 309.2, 34.2).CFrame = -48.0895996, 309.237213, 34.2425041, 0.70707804, -0.707135737, 9.01832937e-06, -3.38357086e-06, 9.13163149e-06, 1.00000012, -0.707135618, -0.707078159, 3.8955377e-06   [was -48.0895996, 309.237213, 34.2425041, 0.70707804, -0.707135737, 9.00270061e-06, -3.3608178e-06, 9.13228087e-06, 1.00000012, -0.707135618, -0.707078159, 3.91208687e-06, 60 change(s)]
Chamber   MovingParts.CoreAntenna.SpecialCoreAntenna.FrontPiece.StructureDetail.Front.Model.Meshes/Trapezoid ~(-45.6, 297.0, 36.7).CFrame = -45.6323929, 296.987122, 36.6995811, 0.70707804, 0.707135558, -8.84974907e-06, -3.38357086e-06, -9.13162967e-06, -1.00000012, -0.707135618, 0.70707798, -4.06413164e-06   [was -45.6323929, 296.987122, 36.6995811, 0.70707804, 0.707135558, -8.83412031e-06, -3.3608178e-06, -9.13227905e-06, -1.00000012, -0.707135618, 0.70707798, -4.08068081e-06, 60 change(s)]
Chamber   MovingParts.CoreAntenna.SpecialCoreAntenna.FrontPiece.StructureDetail.Front.Model.Meshes/Trapezoid ~(-44.6, 304.3, 37.7).CFrame = -44.6423264, 304.337189, 37.6895447, 0.70707804, 0.707135558, -8.84974907e-06, -3.38357086e-06, -9.13162967e-06, -1.00000012, -0.707135618, 0.70707798, -4.06413164e-06   [was -44.6423264, 304.337189, 37.6895447, 0.70707804, 0.707135558, -8.83412031e-06, -3.3608178e-06, -9.13227905e-06, -1.00000012, -0.707135618, 0.70707798, -4.08068081e-06, 60 change(s)]
Chamber   MovingParts.CoreAntenna.SpecialCoreAntenna.FrontPiece.StructureDetail.Front.Model.Part ~(-43.6, 301.2, 38.7).CFrame = -43.6434822, 301.24939, 38.6883316, 0.707081676, 6.25473112e-05, 0.707131863, 1.7423813e-06, 1, -9.01939275e-05, -0.707131863, 6.50062866e-05, 0.707081676   [was -43.6434822, 301.24939, 38.6883316, 0.707081676, 6.25316825e-05, 0.707131863, 1.76513436e-06, 1, -9.0194575e-05, -0.707131863, 6.50228321e-05, 0.707081676, 60 change(s)]
Chamber   MovingParts.CoreAntenna.SpecialCoreAntenna.FrontPiece.StructureDetail.Front.Model.Meshes/Trapezoid ~(-46.1, 301.9, 36.2).CFrame = -46.1096764, 301.887177, 36.2223091, 0.70707804, -0.707135737, 9.01832937e-06, -3.38357086e-06, 9.13163149e-06, 1.00000012, -0.707135618, -0.707078159, 3.8955377e-06   [was -46.1096764, 301.887177, 36.2223091, 0.70707804, -0.707135737, 9.00270061e-06, -3.3608178e-06, 9.13228087e-06, 1.00000012, -0.707135618, -0.707078159, 3.91208687e-06, 60 change(s)]
Chamber   MovingParts.CoreAntenna.SpecialCoreAntenna.FrontPiece.StructureDetail.Front.Model.Meshes/Trapezoid ~(-47.6, 308.0, 34.7).CFrame = -47.594635, 308.012238, 34.7374458, 0.70707804, -0.707135737, 9.01832937e-06, -3.38357086e-06, 9.13163149e-06, 1.00000012, -0.707135618, -0.707078159, 3.8955377e-06   [was -47.594635, 308.012238, 34.7374458, 0.70707804, -0.707135737, 9.00270061e-06, -3.3608178e-06, 9.13228087e-06, 1.00000012, -0.707135618, -0.707078159, 3.91208687e-06, 60 change(s)]
Chamber   MovingParts.CoreAntenna.SpecialCoreAntenna.FrontPiece.StructureDetail.Front.Model.Meshes/Trapezoid ~(-46.1, 304.3, 36.2).CFrame = -46.1096458, 304.337219, 36.2223129, 0.70707804, -0.707135737, 9.01832937e-06, -3.38357086e-06, 9.13163149e-06, 1.00000012, -0.707135618, -0.707078159, 3.8955377e-06   [was -46.1096458, 304.337219, 36.2223129, 0.70707804, -0.707135737, 9.00270061e-06, -3.3608178e-06, 9.13228087e-06, 1.00000012, -0.707135618, -0.707078159, 3.91208687e-06, 60 change(s)]
Chamber   MovingParts.CoreAntenna.SpecialCoreAntenna.FrontPiece.StructureDetail.Front.Model.Part ~(-49.1, 303.7, 33.2).CFrame = -49.0884323, 303.699493, 33.2437668, -0.707081676, 6.25473112e-05, -0.707131863, -1.7423813e-06, 1, 9.01939275e-05, 0.707131863, 6.50062866e-05, -0.707081676   [was -49.0884323, 303.699493, 33.2437668, -0.707081676, 6.25316825e-05, -0.707131863, -1.76513436e-06, 1, 9.0194575e-05, 0.707131863, 6.50228321e-05, -0.707081676, 60 change(s)]
Chamber   MovingParts.CoreAntenna.SpecialCoreAntenna.FrontPiece.StructureDetail.Front.Model.Meshes/Trapezoid ~(-48.6, 300.7, 33.7).CFrame = -48.5847054, 300.662201, 33.7474899, 0.70707804, -0.707135737, 9.01832937e-06, -3.38357086e-06, 9.13163149e-06, 1.00000012, -0.707135618, -0.707078159, 3.8955377e-06   [was -48.5847054, 300.662201, 33.7474899, 0.70707804, -0.707135737, 9.00270061e-06, -3.3608178e-06, 9.13228087e-06, 1.00000012, -0.707135618, -0.707078159, 3.91208687e-06, 60 change(s)]
Chamber   MovingParts.CoreAntenna.SpecialCoreAntenna.FrontPiece.StructureDetail.Front.Model.Meshes/Trapezoid ~(-44.1, 298.2, 38.2).CFrame = -44.1473885, 298.212158, 38.1844521, 0.70707804, 0.707135558, -8.84974907e-06, -3.38357086e-06, -9.13162967e-06, -1.00000012, -0.707135618, 0.70707798, -4.06413164e-06   [was -44.1473885, 298.212158, 38.1844521, 0.70707804, 0.707135558, -8.83412031e-06, -3.3608178e-06, -9.13227905e-06, -1.00000012, -0.707135618, 0.70707798, -4.08068081e-06, 60 change(s)]
Chamber   MovingParts.CoreAntenna.SpecialCoreAntenna.FrontPiece.StructureDetail.Front.Model.Meshes/Trapezoid ~(-48.6, 301.9, 33.7).CFrame = -48.6023445, 301.887207, 33.7298393, 0.70707804, 0.707135558, -8.84974907e-06, -3.38357086e-06, -9.13162967e-06, -1.00000012, -0.707135618, 0.70707798, -4.06413164e-06   [was -48.6023445, 301.887207, 33.7298393, 0.70707804, 0.707135558, -8.83412031e-06, -3.3608178e-06, -9.13227905e-06, -1.00000012, -0.707135618, 0.70707798, -4.08068081e-06, 60 change(s)]
Chamber   MovingParts.CoreAntenna.SpecialCoreAntenna.FrontPiece.StructureDetail.Front.Model.Meshes/Trapezoid ~(-46.6, 304.3, 35.7).CFrame = -46.6223373, 304.337219, 35.7096901, 0.70707804, 0.707135558, -8.84974907e-06, -3.38357086e-06, -9.13162967e-06, -1.00000012, -0.707135618, 0.70707798, -4.06413164e-06   [was -46.6223373, 304.337219, 35.7096901, 0.70707804, 0.707135558, -8.83412031e-06, -3.3608178e-06, -9.13227905e-06, -1.00000012, -0.707135618, 0.70707798, -4.08068081e-06, 60 change(s)]
Chamber   MovingParts.CoreAntenna.SpecialCoreAntenna.FrontPiece.StructureDetail.Front.Model.Meshes/Trapezoid ~(-45.6, 303.1, 36.7).CFrame = -45.6146812, 303.112183, 36.7172546, 0.70707804, -0.707135737, 9.01832937e-06, -3.38357086e-06, 9.13163149e-06, 1.00000012, -0.707135618, -0.707078159, 3.8955377e-06   [was -45.6146812, 303.112183, 36.7172546, 0.70707804, -0.707135737, 9.00270061e-06, -3.3608178e-06, 9.13228087e-06, 1.00000012, -0.707135618, -0.707078159, 3.91208687e-06, 60 change(s)]
Chamber   MovingParts.CoreAntenna.SpecialCoreAntenna.FrontPiece.StructureDetail.Front.Model.Meshes/Trapezoid ~(-46.1, 300.7, 36.2).CFrame = -46.1273575, 300.66217, 36.204628, 0.70707804, 0.707135558, -8.84974907e-06, -3.38357086e-06, -9.13162967e-06, -1.00000012, -0.707135618, 0.70707798, -4.06413164e-06   [was -46.1273575, 300.66217, 36.204628, 0.70707804, 0.707135558, -8.83412031e-06, -3.3608178e-06, -9.13227905e-06, -1.00000012, -0.707135618, 0.70707798, -4.08068081e-06, 60 change(s)]
Chamber   MovingParts.CoreAntenna.SpecialCoreAntenna.FrontPiece.StructureDetail.Front.Model.Part ~(-43.6, 297.6, 38.7).CFrame = -43.6435089, 297.624329, 38.6883125, -0.707081676, -6.25473112e-05, 0.707131863, -1.7423813e-06, -1, -9.01939275e-05, 0.707131863, -6.50062866e-05, 0.707081676   [was -43.6435089, 297.624329, 38.6883125, -0.707081676, -6.25316825e-05, 0.707131863, -1.76513436e-06, -1, -9.0194575e-05, 0.707131863, -6.50228321e-05, 0.707081676, 60 change(s)]
Chamber   MovingParts.CoreAntenna.SpecialCoreAntenna.FrontPiece.StructureDetail.Front.Model.Meshes/Trapezoid ~(-45.1, 305.6, 37.2).CFrame = -45.1373405, 305.562195, 37.1945648, 0.70707804, 0.707135558, -8.84974907e-06, -3.38357086e-06, -9.13162967e-06, -1.00000012, -0.707135618, 0.70707798, -4.06413164e-06   [was -45.1373405, 305.562195, 37.1945648, 0.70707804, 0.707135558, -8.83412031e-06, -3.3608178e-06, -9.13227905e-06, -1.00000012, -0.707135618, 0.70707798, -4.08068081e-06, 60 change(s)]
Chamber   MovingParts.CoreAntenna.SpecialCoreAntenna.FrontPiece.StructureDetail.Front.Model.Meshes/Trapezoid ~(-44.6, 305.6, 37.7).CFrame = -44.62463, 305.562195, 37.7072105, 0.70707804, -0.707135737, 9.01832937e-06, -3.38357086e-06, 9.13163149e-06, 1.00000012, -0.707135618, -0.707078159, 3.8955377e-06   [was -44.62463, 305.562195, 37.7072105, 0.70707804, -0.707135737, 9.00270061e-06, -3.3608178e-06, 9.13228087e-06, 1.00000012, -0.707135618, -0.707078159, 3.91208687e-06, 60 change(s)]
Chamber   MovingParts.CoreAntenna.SpecialCoreAntenna.FrontPiece.StructureDetail.Front.Model.Meshes/Trapezoid ~(-44.6, 299.4, 37.7).CFrame = -44.6423798, 299.437134, 37.689537, 0.70707804, 0.707135558, -8.84974907e-06, -3.38357086e-06, -9.13162967e-06, -1.00000012, -0.707135618, 0.70707798, -4.06413164e-06   [was -44.6423798, 299.437134, 37.689537, 0.70707804, 0.707135558, -8.83412031e-06, -3.3608178e-06, -9.13227905e-06, -1.00000012, -0.707135618, 0.70707798, -4.08068081e-06, 60 change(s)]
Chamber   MovingParts.CoreAntenna.SpecialCoreAntenna.FrontPiece.StructureDetail.Front.Model.Part ~(-43.6, 298.8, 38.7).CFrame = -43.6434746, 298.799377, 38.6883354, 0.707081676, 6.25473112e-05, 0.707131863, 1.7423813e-06, 1, -9.01939275e-05, -0.707131863, 6.50062866e-05, 0.707081676   [was -43.6434746, 298.799377, 38.6883354, 0.707081676, 6.25316825e-05, 0.707131863, 1.76513436e-06, 1, -9.0194575e-05, -0.707131863, 6.50228321e-05, 0.707081676, 60 change(s)]
Chamber   MovingParts.CoreAntenna.SpecialCoreAntenna.FrontPiece.StructureDetail.Front.Model.Meshes/Trapezoid ~(-43.7, 309.2, 38.7).CFrame = -43.6523056, 309.237152, 38.6794777, 0.70707804, 0.707135558, -8.84974907e-06, -3.38357086e-06, -9.13162967e-06, -1.00000012, -0.707135618, 0.70707798, -4.06413164e-06   [was -43.6523056, 309.237152, 38.6794777, 0.70707804, 0.707135558, -8.83412031e-06, -3.3608178e-06, -9.13227905e-06, -1.00000012, -0.707135618, 0.70707798, -4.08068081e-06, 60 change(s)]
Chamber   MovingParts.CoreAntenna.SpecialCoreAntenna.FrontPiece.StructureDetail.Front.Model.Meshes/Trapezoid ~(-44.1, 299.4, 38.2).CFrame = -44.1296997, 299.437134, 38.2021255, 0.70707804, -0.707135737, 9.01832937e-06, -3.38357086e-06, 9.13163149e-06, 1.00000012, -0.707135618, -0.707078159, 3.8955377e-06   [was -44.1296997, 299.437134, 38.2021217, 0.70707804, -0.707135737, 9.00270061e-06, -3.3608178e-06, 9.13228087e-06, 1.00000012, -0.707135618, -0.707078159, 3.91208687e-06, 60 change(s)]
Chamber   MovingParts.CoreAntenna.SpecialCoreAntenna.FrontPiece.StructureDetail.Front.Model.Meshes/Trapezoid ~(-46.6, 305.6, 35.7).CFrame = -46.6046524, 305.562225, 35.7273674, 0.70707804, -0.707135737, 9.01832937e-06, -3.38357086e-06, 9.13163149e-06, 1.00000012, -0.707135618, -0.707078159, 3.8955377e-06   [was -46.6046524, 305.562225, 35.7273674, 0.70707804, -0.707135737, 9.00270061e-06, -3.3608178e-06, 9.13228087e-06, 1.00000012, -0.707135618, -0.707078159, 3.91208687e-06, 60 change(s)]
Chamber   MovingParts.CoreAntenna.SpecialCoreAntenna.FrontPiece.StructureDetail.Front.Model.Meshes/Trapezoid ~(-45.1, 298.2, 37.2).CFrame = -45.1374168, 298.212158, 37.1945457, 0.70707804, 0.707135558, -8.84974907e-06, -3.38357086e-06, -9.13162967e-06, -1.00000012, -0.707135618, 0.70707798, -4.06413164e-06   [was -45.1374168, 298.212158, 37.1945457, 0.70707804, 0.707135558, -8.83412031e-06, -3.3608178e-06, -9.13227905e-06, -1.00000012, -0.707135618, 0.70707798, -4.08068081e-06, 60 change(s)]
Chamber   MovingParts.CoreAntenna.SpecialCoreAntenna.FrontPiece.StructureDetail.Front.Model.Meshes/Trapezoid ~(-48.1, 306.8, 34.2).CFrame = -48.0896187, 306.787231, 34.2424889, 0.70707804, -0.707135737, 9.01832937e-06, -3.38357086e-06, 9.13163149e-06, 1.00000012, -0.707135618, -0.707078159, 3.8955377e-06   [was -48.0896187, 306.787231, 34.2424889, 0.70707804, -0.707135737, 9.00270061e-06, -3.3608178e-06, 9.13228087e-06, 1.00000012, -0.707135618, -0.707078159, 3.91208687e-06, 60 change(s)]
Chamber   MovingParts.CoreAntenna.SpecialCoreAntenna.FrontPiece.StructureDetail.Front.Model.Part ~(-49.1, 298.8, 33.2).CFrame = -49.0884781, 298.799469, 33.2437515, -0.707081676, 6.25473112e-05, -0.707131863, -1.7423813e-06, 1, 9.01939275e-05, 0.707131863, 6.50062866e-05, -0.707081676   [was -49.0884781, 298.799469, 33.2437515, -0.707081676, 6.25316825e-05, -0.707131863, -1.76513436e-06, 1, 9.0194575e-05, 0.707131863, 6.50228321e-05, -0.707081676, 60 change(s)]
Chamber   MovingParts.CoreAntenna.SpecialCoreAntenna.FrontPiece.StructureDetail.Front.Model.Meshes/Trapezoid ~(-44.6, 300.7, 37.7).CFrame = -44.6246948, 300.66214, 37.7071686, 0.70707804, -0.707135737, 9.01832937e-06, -3.38357086e-06, 9.13163149e-06, 1.00000012, -0.707135618, -0.707078159, 3.8955377e-06   [was -44.6246948, 300.66214, 37.7071686, 0.70707804, -0.707135737, 9.00270061e-06, -3.3608178e-06, 9.13228087e-06, 1.00000012, -0.707135618, -0.707078159, 3.91208687e-06, 60 change(s)]
Chamber   MovingParts.CoreAntenna.SpecialCoreAntenna.FrontPiece.StructureDetail.Front.Model.Meshes/Trapezoid ~(-46.6, 299.4, 35.7).CFrame = -46.6223831, 299.437164, 35.709671, 0.70707804, 0.707135558, -8.84974907e-06, -3.38357086e-06, -9.13162967e-06, -1.00000012, -0.707135618, 0.70707798, -4.06413164e-06   [was -46.6223831, 299.437164, 35.709671, 0.70707804, 0.707135558, -8.83412031e-06, -3.3608178e-06, -9.13227905e-06, -1.00000012, -0.707135618, 0.70707798, -4.08068081e-06, 60 change(s)]
Chamber   MovingParts.CoreAntenna.SpecialCoreAntenna.FrontPiece.StructureDetail.Front.Model.Part ~(-49.1, 300.1, 33.2).CFrame = -49.0884628, 300.074432, 33.2437477, 0.707081676, -6.25473112e-05, -0.707131863, 1.7423813e-06, -1, 9.01939275e-05, -0.707131863, -6.50062866e-05, -0.707081676   [was -49.0884628, 300.074432, 33.2437477, 0.707081676, -6.25316825e-05, -0.707131863, 1.76513436e-06, -1, 9.0194575e-05, -0.707131863, -6.50228321e-05, -0.707081676, 60 change(s)]
Chamber   MovingParts.CoreAntenna.SpecialCoreAntenna.FrontPiece.StructureDetail.Front.Model.Meshes/Trapezoid ~(-49.1, 297.0, 33.3).CFrame = -49.0797539, 296.987152, 33.2525215, 0.70707804, -0.707135737, 9.01832937e-06, -3.38357086e-06, 9.13163149e-06, 1.00000012, -0.707135618, -0.707078159, 3.8955377e-06   [was -49.0797539, 296.987152, 33.2525215, 0.70707804, -0.707135737, 9.00270061e-06, -3.3608178e-06, 9.13228087e-06, 1.00000012, -0.707135618, -0.707078159, 3.91208687e-06, 60 change(s)]
Chamber   MovingParts.CoreAntenna.SpecialCoreAntenna.FrontPiece.StructureDetail.Front.Model.Meshes/Trapezoid ~(-47.1, 306.8, 35.2).CFrame = -47.0996437, 306.787231, 35.2324066, 0.70707804, -0.707135737, 9.01832937e-06, -3.38357086e-06, 9.13163149e-06, 1.00000012, -0.707135618, -0.707078159, 3.8955377e-06   [was -47.0996437, 306.787231, 35.2324066, 0.70707804, -0.707135737, 9.00270061e-06, -3.3608178e-06, 9.13228087e-06, 1.00000012, -0.707135618, -0.707078159, 3.91208687e-06, 60 change(s)]
Chamber   MovingParts.CoreAntenna.SpecialCoreAntenna.FrontPiece.StructureDetail.Front.Model.Meshes/Trapezoid ~(-45.1, 306.8, 37.2).CFrame = -45.1196518, 306.787201, 37.2122383, 0.70707804, -0.707135737, 9.01832937e-06, -3.38357086e-06, 9.13163149e-06, 1.00000012, -0.707135618, -0.707078159, 3.8955377e-06   [was -45.1196518, 306.787201, 37.2122383, 0.70707804, -0.707135737, 9.00270061e-06, -3.3608178e-06, 9.13228087e-06, 1.00000012, -0.707135618, -0.707078159, 3.91208687e-06, 60 change(s)]
Chamber   MovingParts.CoreAntenna.SpecialCoreAntenna.FrontPiece.StructureDetail.Front.Model.Meshes/Trapezoid ~(-49.1, 309.2, 33.3).CFrame = -49.079628, 309.237213, 33.2525558, 0.70707804, -0.707135737, 9.01832937e-06, -3.38357086e-06, 9.13163149e-06, 1.00000012, -0.707135618, -0.707078159, 3.8955377e-06   [was -49.079628, 309.237213, 33.2525558, 0.70707804, -0.707135737, 9.00270061e-06, -3.3608178e-06, 9.13228087e-06, 1.00000012, -0.707135618, -0.707078159, 3.91208687e-06, 60 change(s)]
Chamber   MovingParts.CoreAntenna.SpecialCoreAntenna.FrontPiece.StructureDetail.Front.Model.Meshes/Trapezoid ~(-45.1, 301.9, 37.2).CFrame = -45.1196938, 301.887177, 37.2122154, 0.70707804, -0.707135737, 9.01832937e-06, -3.38357086e-06, 9.13163149e-06, 1.00000012, -0.707135618, -0.707078159, 3.8955377e-06   [was -45.1196899, 301.887177, 37.2122154, 0.70707804, -0.707135737, 9.00270061e-06, -3.3608178e-06, 9.13228087e-06, 1.00000012, -0.707135618, -0.707078159, 3.91208687e-06, 60 change(s)]
Chamber   MovingParts.CoreAntenna.SpecialCoreAntenna.FrontPiece.StructureDetail.Front.Model.Meshes/Trapezoid ~(-44.1, 306.8, 38.2).CFrame = -44.129631, 306.787201, 38.2021484, 0.70707804, -0.707135737, 9.01832937e-06, -3.38357086e-06, 9.13163149e-06, 1.00000012, -0.707135618, -0.707078159, 3.8955377e-06   [was -44.129631, 306.787201, 38.2021484, 0.70707804, -0.707135737, 9.00270061e-06, -3.3608178e-06, 9.13228087e-06, 1.00000012, -0.707135618, -0.707078159, 3.91208687e-06, 60 change(s)]
Chamber   MovingParts.CoreAntenna.SpecialCoreAntenna.FrontPiece.StructureDetail.Front.Model.Meshes/Trapezoid ~(-46.6, 297.0, 35.7).CFrame = -46.6223907, 296.987152, 35.7096481, 0.70707804, 0.707135558, -8.84974907e-06, -3.38357086e-06, -9.13162967e-06, -1.00000012, -0.707135618, 0.70707798, -4.06413164e-06   [was -46.6223907, 296.987152, 35.7096481, 0.70707804, 0.707135558, -8.83412031e-06, -3.3608178e-06, -9.13227905e-06, -1.00000012, -0.707135618, 0.70707798, -4.08068081e-06, 60 change(s)]
Chamber   MovingParts.CoreAntenna.SpecialCoreAntenna.FrontPiece.StructureDetail.Front.Model.Part ~(-49.1, 308.6, 33.2).CFrame = -49.0883904, 308.599518, 33.2437897, -0.707081676, 6.25473112e-05, -0.707131863, -1.7423813e-06, 1, 9.01939275e-05, 0.707131863, 6.50062866e-05, -0.707081676   [was -49.0883904, 308.599518, 33.2437897, -0.707081676, 6.25316825e-05, -0.707131863, -1.76513436e-06, 1, 9.0194575e-05, 0.707131863, 6.50228321e-05, -0.707081676, 60 change(s)]
Chamber   MovingParts.CoreAntenna.SpecialCoreAntenna.FrontPiece.StructureDetail.Front.Model.Meshes/Trapezoid ~(-45.6, 309.2, 36.7).CFrame = -45.6322746, 309.237183, 36.6996231, 0.70707804, 0.707135558, -8.84974907e-06, -3.38357086e-06, -9.13162967e-06, -1.00000012, -0.707135618, 0.70707798, -4.06413164e-06   [was -45.6322746, 309.237183, 36.6996231, 0.70707804, 0.707135558, -8.83412031e-06, -3.3608178e-06, -9.13227905e-06, -1.00000012, -0.707135618, 0.70707798, -4.08068081e-06, 60 change(s)]
Chamber   MovingParts.CoreAntenna.SpecialCoreAntenna.FrontPiece.StructureDetail.Front.Model.Meshes/Trapezoid ~(-47.1, 300.7, 35.2).CFrame = -47.1173439, 300.662201, 35.2147255, 0.70707804, 0.707135558, -8.84974907e-06, -3.38357086e-06, -9.13162967e-06, -1.00000012, -0.707135618, 0.70707798, -4.06413164e-06   [was -47.1173439, 300.662201, 35.2147255, 0.70707804, 0.707135558, -8.83412031e-06, -3.3608178e-06, -9.13227905e-06, -1.00000012, -0.707135618, 0.70707798, -4.08068081e-06, 60 change(s)]
Chamber   MovingParts.CoreAntenna.SpecialCoreAntenna.FrontPiece.StructureDetail.Front.Model.Meshes/Trapezoid ~(-48.1, 303.1, 34.2).CFrame = -48.1073341, 303.112213, 34.2248116, 0.70707804, 0.707135558, -8.84974907e-06, -3.38357086e-06, -9.13162967e-06, -1.00000012, -0.707135618, 0.70707798, -4.06413164e-06   [was -48.1073341, 303.112213, 34.2248116, 0.70707804, 0.707135558, -8.83412031e-06, -3.3608178e-06, -9.13227905e-06, -1.00000012, -0.707135618, 0.70707798, -4.08068081e-06, 60 change(s)]
Chamber   MovingParts.CoreAntenna.SpecialCoreAntenna.FrontPiece.StructureDetail.Front.Model.Meshes/Trapezoid ~(-46.6, 303.1, 35.7).CFrame = -46.6046677, 303.112183, 35.7273483, 0.70707804, -0.707135737, 9.01832937e-06, -3.38357086e-06, 9.13163149e-06, 1.00000012, -0.707135618, -0.707078159, 3.8955377e-06   [was -46.6046677, 303.112183, 35.7273483, 0.70707804, -0.707135737, 9.00270061e-06, -3.3608178e-06, 9.13228087e-06, 1.00000012, -0.707135618, -0.707078159, 3.91208687e-06, 60 change(s)]
Chamber   MovingParts.CoreAntenna.SpecialCoreAntenna.FrontPiece.StructureDetail.Front.Model.Meshes/Trapezoid ~(-49.1, 304.3, 33.3).CFrame = -49.0796738, 304.33725, 33.2525368, 0.70707804, -0.707135737, 9.01832937e-06, -3.38357086e-06, 9.13163149e-06, 1.00000012, -0.707135618, -0.707078159, 3.8955377e-06   [was -49.0796738, 304.33725, 33.2525368, 0.70707804, -0.707135737, 9.00270061e-06, -3.3608178e-06, 9.13228087e-06, 1.00000012, -0.707135618, -0.707078159, 3.91208687e-06, 60 change(s)]
Chamber   MovingParts.CoreAntenna.SpecialCoreAntenna.FrontPiece.StructureDetail.Front.Model.Part ~(-43.6, 307.4, 38.7).CFrame = -43.6433983, 307.424377, 38.6883698, -0.707081676, -6.25473112e-05, 0.707131863, -1.7423813e-06, -1, -9.01939275e-05, 0.707131863, -6.50062866e-05, 0.707081676   [was -43.6433983, 307.424377, 38.6883698, -0.707081676, -6.25316825e-05, 0.707131863, -1.76513436e-06, -1, -9.0194575e-05, 0.707131863, -6.50228321e-05, 0.707081676, 60 change(s)]
Chamber   MovingParts.CoreAntenna.SpecialCoreAntenna.FrontPiece.StructureDetail.Front.Model.Meshes/Trapezoid ~(-44.6, 297.0, 37.7).CFrame = -44.6423912, 296.987152, 37.6895142, 0.70707804, 0.707135558, -8.84974907e-06, -3.38357086e-06, -9.13162967e-06, -1.00000012, -0.707135618, 0.70707798, -4.06413164e-06   [was -44.6423912, 296.987152, 37.6895142, 0.70707804, 0.707135558, -8.83412031e-06, -3.3608178e-06, -9.13227905e-06, -1.00000012, -0.707135618, 0.70707798, -4.08068081e-06, 60 change(s)]
Chamber   MovingParts.CoreAntenna.SpecialCoreAntenna.FrontPiece.StructureDetail.Front.Model.Meshes/Trapezoid ~(-45.6, 299.4, 36.7).CFrame = -45.6324005, 299.437164, 36.6995773, 0.70707804, 0.707135558, -8.84974907e-06, -3.38357086e-06, -9.13162967e-06, -1.00000012, -0.707135618, 0.70707798, -4.06413164e-06   [was -45.6324005, 299.437164, 36.6995773, 0.70707804, 0.707135558, -8.83412031e-06, -3.3608178e-06, -9.13227905e-06, -1.00000012, -0.707135618, 0.70707798, -4.08068081e-06, 60 change(s)]
Chamber   MovingParts.CoreAntenna.SpecialCoreAntenna.FrontPiece.StructureDetail.Front.Model.Part ~(-43.6, 308.0, 38.7).CFrame = -43.6434097, 308.011871, 38.6883888, -0.707081676, -6.25473112e-05, 0.707131863, -1.7423813e-06, -1, -9.01939275e-05, 0.707131863, -6.50062866e-05, 0.707081676   [was -43.6434097, 308.011871, 38.6883888, -0.707081676, -6.25316825e-05, 0.707131863, -1.76513436e-06, -1, -9.0194575e-05, 0.707131863, -6.50228321e-05, 0.707081676, 60 change(s)]
Chamber   MovingParts.CoreAntenna.SpecialCoreAntenna.FrontPiece.StructureDetail.Front.Model.Meshes/Trapezoid ~(-45.6, 308.0, 36.7).CFrame = -45.6146393, 308.012207, 36.7172775, 0.70707804, -0.707135737, 9.01832937e-06, -3.38357086e-06, 9.13163149e-06, 1.00000012, -0.707135618, -0.707078159, 3.8955377e-06   [was -45.6146393, 308.012207, 36.7172775, 0.70707804, -0.707135737, 9.00270061e-06, -3.3608178e-06, 9.13228087e-06, 1.00000012, -0.707135618, -0.707078159, 3.91208687e-06, 60 change(s)]
Chamber   MovingParts.CoreAntenna.SpecialCoreAntenna.FrontPiece.StructureDetail.Front.Model.Meshes/Trapezoid ~(-48.1, 299.4, 34.2).CFrame = -48.0897102, 299.437195, 34.2424469, 0.70707804, -0.707135737, 9.01832937e-06, -3.38357086e-06, 9.13163149e-06, 1.00000012, -0.707135618, -0.707078159, 3.8955377e-06   [was -48.0897102, 299.437195, 34.2424469, 0.70707804, -0.707135737, 9.00270061e-06, -3.3608178e-06, 9.13228087e-06, 1.00000012, -0.707135618, -0.707078159, 3.91208687e-06, 60 change(s)]
Chamber   MovingParts.CoreAntenna.SpecialCoreAntenna.FrontPiece.StructureDetail.Front.Model.Meshes/Trapezoid ~(-44.1, 297.0, 38.2).CFrame = -44.1297226, 296.987122, 38.2021141, 0.70707804, -0.707135737, 9.01832937e-06, -3.38357086e-06, 9.13163149e-06, 1.00000012, -0.707135618, -0.707078159, 3.8955377e-06   [was -44.1297226, 296.987122, 38.2021141, 0.70707804, -0.707135737, 9.00270061e-06, -3.3608178e-06, 9.13228087e-06, 1.00000012, -0.707135618, -0.707078159, 3.91208687e-06, 60 change(s)]
Chamber   MovingParts.CoreAntenna.SpecialCoreAntenna.FrontPiece.StructureDetail.Front.Model.Meshes/Trapezoid ~(-47.6, 298.2, 34.7).CFrame = -47.594696, 298.212189, 34.7374268, 0.70707804, -0.707135737, 9.01832937e-06, -3.38357086e-06, 9.13163149e-06, 1.00000012, -0.707135618, -0.707078159, 3.8955377e-06   [was -47.594696, 298.212189, 34.7374268, 0.70707804, -0.707135737, 9.00270061e-06, -3.3608178e-06, 9.13228087e-06, 1.00000012, -0.707135618, -0.707078159, 3.91208687e-06, 60 change(s)]
Chamber   MovingParts.CoreAntenna.SpecialCoreAntenna.FrontPiece.StructureDetail.Front.Model.Part ~(-43.6, 298.2, 38.7).CFrame = -43.6435089, 298.211853, 38.6883202, -0.707081676, -6.25473112e-05, 0.707131863, -1.7423813e-06, -1, -9.01939275e-05, 0.707131863, -6.50062866e-05, 0.707081676   [was -43.6435089, 298.211853, 38.6883202, -0.707081676, -6.25316825e-05, 0.707131863, -1.76513436e-06, -1, -9.0194575e-05, 0.707131863, -6.50228321e-05, 0.707081676, 60 change(s)]
Chamber   MovingParts.CoreAntenna.SpecialCoreAntenna.FrontPiece.StructureDetail.Front.Model.Meshes/Trapezoid ~(-46.1, 298.2, 36.2).CFrame = -46.127388, 298.212158, 36.204628, 0.70707804, 0.707135558, -8.84974907e-06, -3.38357086e-06, -9.13162967e-06, -1.00000012, -0.707135618, 0.70707798, -4.06413164e-06   [was -46.127388, 298.212158, 36.204628, 0.70707804, 0.707135558, -8.83412031e-06, -3.3608178e-06, -9.13227905e-06, -1.00000012, -0.707135618, 0.70707798, -4.08068081e-06, 60 change(s)]
Chamber   MovingParts.CoreAntenna.SpecialCoreAntenna.FrontPiece.StructureDetail.Front.Model.Meshes/Trapezoid ~(-48.6, 299.4, 33.7).CFrame = -48.6023788, 299.437195, 33.7298431, 0.70707804, 0.707135558, -8.84974907e-06, -3.38357086e-06, -9.13162967e-06, -1.00000012, -0.707135618, 0.70707798, -4.06413164e-06   [was -48.6023788, 299.437195, 33.7298431, 0.70707804, 0.707135558, -8.83412031e-06, -3.3608178e-06, -9.13227905e-06, -1.00000012, -0.707135618, 0.70707798, -4.08068081e-06, 60 change(s)]
Chamber   MovingParts.CoreAntenna.SpecialCoreAntenna.FrontPiece.StructureDetail.Front.Model.Meshes/Trapezoid ~(-47.1, 309.2, 35.2).CFrame = -47.0996094, 309.237183, 35.2324028, 0.70707804, -0.707135737, 9.01832937e-06, -3.38357086e-06, 9.13163149e-06, 1.00000012, -0.707135618, -0.707078159, 3.8955377e-06   [was -47.0996094, 309.237183, 35.2324028, 0.70707804, -0.707135737, 9.00270061e-06, -3.3608178e-06, 9.13228087e-06, 1.00000012, -0.707135618, -0.707078159, 3.91208687e-06, 60 change(s)]
Chamber   MovingParts.CoreAntenna.SpecialCoreAntenna.FrontPiece.StructureDetail.Front.Model.Meshes/Trapezoid ~(-47.6, 297.0, 34.7).CFrame = -47.6123734, 296.987152, 34.719738, 0.70707804, 0.707135558, -8.84974907e-06, -3.38357086e-06, -9.13162967e-06, -1.00000012, -0.707135618, 0.70707798, -4.06413164e-06   [was -47.6123734, 296.987152, 34.719738, 0.70707804, 0.707135558, -8.83412031e-06, -3.3608178e-06, -9.13227905e-06, -1.00000012, -0.707135618, 0.70707798, -4.08068081e-06, 60 change(s)]
Chamber   MovingParts.CoreAntenna.SpecialCoreAntenna.FrontPiece.StructureDetail.Front.Model.Meshes/Trapezoid ~(-43.7, 304.3, 38.7).CFrame = -43.6523323, 304.337189, 38.6794434, 0.70707804, 0.707135558, -8.84974907e-06, -3.38357086e-06, -9.13162967e-06, -1.00000012, -0.707135618, 0.70707798, -4.06413164e-06   [was -43.6523323, 304.337189, 38.6794434, 0.70707804, 0.707135558, -8.83412031e-06, -3.3608178e-06, -9.13227905e-06, -1.00000012, -0.707135618, 0.70707798, -4.08068081e-06, 60 change(s)]
Chamber   MovingParts.CoreAntenna.SpecialCoreAntenna.FrontPiece.StructureDetail.Front.Model.Part ~(-49.1, 300.7, 33.2).CFrame = -49.0884552, 300.661957, 33.2437477, -0.707081676, -5.95099591e-05, -0.707131863, -8.80499065e-05, 1, 3.88640274e-06, 0.707131863, 6.50112561e-05, -0.707081676   [was -49.0884552, 300.661957, 33.2437477, -0.707081676, -5.95255879e-05, -0.707131863, -8.80726584e-05, 1, 3.88705212e-06, 0.707131863, 6.50278016e-05, -0.707081676, 60 change(s)]
Chamber   MovingParts.CoreAntenna.SpecialCoreAntenna.FrontPiece.StructureDetail.Front.Model.Part ~(-43.6, 303.1, 38.7).CFrame = -43.6434441, 303.111877, 38.6883621, -0.707081676, -6.25473112e-05, 0.707131863, -1.7423813e-06, -1, -9.01939275e-05, 0.707131863, -6.50062866e-05, 0.707081676   [was -43.6434441, 303.111877, 38.6883621, -0.707081676, -6.25316825e-05, 0.707131863, -1.76513436e-06, -1, -9.0194575e-05, 0.707131863, -6.50228321e-05, 0.707081676, 60 change(s)]
Chamber   MovingParts.CoreAntenna.SpecialCoreAntenna.FrontPiece.StructureDetail.Front.Model.Meshes/Trapezoid ~(-43.7, 301.9, 38.7).CFrame = -43.6523552, 301.887146, 38.6794319, 0.70707804, 0.707135558, -8.84974907e-06, -3.38357086e-06, -9.13162967e-06, -1.00000012, -0.707135618, 0.70707798, -4.06413164e-06   [was -43.6523552, 301.887146, 38.6794319, 0.70707804, 0.707135558, -8.83412031e-06, -3.3608178e-06, -9.13227905e-06, -1.00000012, -0.707135618, 0.70707798, -4.08068081e-06, 60 change(s)]
Chamber   MovingParts.CoreAntenna.SpecialCoreAntenna.FrontPiece.StructureDetail.Front.Model.Meshes/Trapezoid ~(-46.6, 308.0, 35.7).CFrame = -46.6046486, 308.012207, 35.7273483, 0.70707804, -0.707135737, 9.01832937e-06, -3.38357086e-06, 9.13163149e-06, 1.00000012, -0.707135618, -0.707078159, 3.8955377e-06   [was -46.6046486, 308.012207, 35.7273483, 0.70707804, -0.707135737, 9.00270061e-06, -3.3608178e-06, 9.13228087e-06, 1.00000012, -0.707135618, -0.707078159, 3.91208687e-06, 60 change(s)]
Chamber   MovingParts.CoreAntenna.SpecialCoreAntenna.FrontPiece.StructureDetail.Front.Model.Part ~(-49.1, 308.0, 33.2).CFrame = -49.088398, 308.011993, 33.2437859, -0.707081676, -5.95099591e-05, -0.707131863, -8.80499065e-05, 1, 3.88640274e-06, 0.707131863, 6.50112561e-05, -0.707081676   [was -49.088398, 308.011993, 33.2437859, -0.707081676, -5.95255879e-05, -0.707131863, -8.80726584e-05, 1, 3.88705212e-06, 0.707131863, 6.50278016e-05, -0.707081676, 60 change(s)]
Chamber   MovingParts.CoreAntenna.SpecialCoreAntenna.FrontPiece.StructureDetail.Front.Model.Meshes/Trapezoid ~(-45.1, 303.1, 37.2).CFrame = -45.1373596, 303.112183, 37.1945496, 0.70707804, 0.707135558, -8.84974907e-06, -3.38357086e-06, -9.13162967e-06, -1.00000012, -0.707135618, 0.70707798, -4.06413164e-06   [was -45.1373596, 303.112183, 37.1945496, 0.70707804, 0.707135558, -8.83412031e-06, -3.3608178e-06, -9.13227905e-06, -1.00000012, -0.707135618, 0.70707798, -4.08068081e-06, 60 change(s)]
Chamber   MovingParts.CoreAntenna.SpecialCoreAntenna.FrontPiece.StructureDetail.Front.Model.Meshes/Trapezoid ~(-47.1, 305.6, 35.2).CFrame = -47.1173286, 305.562225, 35.2147293, 0.70707804, 0.707135558, -8.84974907e-06, -3.38357086e-06, -9.13162967e-06, -1.00000012, -0.707135618, 0.70707798, -4.06413164e-06   [was -47.1173286, 305.562225, 35.2147293, 0.70707804, 0.707135558, -8.83412031e-06, -3.3608178e-06, -9.13227905e-06, -1.00000012, -0.707135618, 0.70707798, -4.08068081e-06, 60 change(s)]
Chamber   MovingParts.CoreAntenna.SpecialCoreAntenna.FrontPiece.StructureDetail.Front.Model.Meshes/Trapezoid ~(-48.6, 298.2, 33.7).CFrame = -48.5846939, 298.212158, 33.7474899, 0.70707804, -0.707135737, 9.01832937e-06, -3.38357086e-06, 9.13163149e-06, 1.00000012, -0.707135618, -0.707078159, 3.8955377e-06   [was -48.5846939, 298.212158, 33.7474899, 0.70707804, -0.707135737, 9.00270061e-06, -3.3608178e-06, 9.13228087e-06, 1.00000012, -0.707135618, -0.707078159, 3.91208687e-06, 60 change(s)]
Chamber   MovingParts.CoreAntenna.SpecialCoreAntenna.FrontPiece.StructureDetail.Front.Model.Meshes/Trapezoid ~(-44.6, 306.8, 37.7).CFrame = -44.6423035, 306.787201, 37.6895523, 0.70707804, 0.707135558, -8.84974907e-06, -3.38357086e-06, -9.13162967e-06, -1.00000012, -0.707135618, 0.70707798, -4.06413164e-06   [was -44.6423035, 306.787201, 37.6895523, 0.70707804, 0.707135558, -8.83412031e-06, -3.3608178e-06, -9.13227905e-06, -1.00000012, -0.707135618, 0.70707798, -4.08068081e-06, 60 change(s)]
Chamber   MovingParts.CoreAntenna.SpecialCoreAntenna.FrontPiece.StructureDetail.Front.Model.Meshes/Trapezoid ~(-45.1, 309.2, 37.2).CFrame = -45.1196098, 309.237152, 37.2122269, 0.70707804, -0.707135737, 9.01832937e-06, -3.38357086e-06, 9.13163149e-06, 1.00000012, -0.707135618, -0.707078159, 3.8955377e-06   [was -45.1196098, 309.237152, 37.2122269, 0.70707804, -0.707135737, 9.00270061e-06, -3.3608178e-06, 9.13228087e-06, 1.00000012, -0.707135618, -0.707078159, 3.91208687e-06, 60 change(s)]
Chamber   MovingParts.CoreAntenna.SpecialCoreAntenna.FrontPiece.StructureDetail.Front.Model.Part ~(-49.1, 307.4, 33.2).CFrame = -49.0884018, 307.424469, 33.243782, 0.707081676, -6.25473112e-05, -0.707131863, 1.7423813e-06, -1, 9.01939275e-05, -0.707131863, -6.50062866e-05, -0.707081676   [was -49.0884018, 307.424469, 33.243782, 0.707081676, -6.25316825e-05, -0.707131863, 1.76513436e-06, -1, 9.0194575e-05, -0.707131863, -6.50228321e-05, -0.707081676, 60 change(s)]
Chamber   MovingParts.CoreAntenna.SpecialCoreAntenna.FrontPiece.StructureDetail.Front.Model.Meshes/Trapezoid ~(-46.6, 301.9, 35.7).CFrame = -46.6223526, 301.887177, 35.709671, 0.70707804, 0.707135558, -8.84974907e-06, -3.38357086e-06, -9.13162967e-06, -1.00000012, -0.707135618, 0.70707798, -4.06413164e-06   [was -46.6223526, 301.887177, 35.709671, 0.70707804, 0.707135558, -8.83412031e-06, -3.3608178e-06, -9.13227905e-06, -1.00000012, -0.707135618, 0.70707798, -4.08068081e-06, 60 change(s)]
Chamber   MovingParts.CoreAntenna.SpecialCoreAntenna.FrontPiece.StructureDetail.Front.Model.Meshes/Trapezoid ~(-47.6, 303.1, 34.7).CFrame = -47.5946732, 303.112183, 34.7374229, 0.70707804, -0.707135737, 9.01832937e-06, -3.38357086e-06, 9.13163149e-06, 1.00000012, -0.707135618, -0.707078159, 3.8955377e-06   [was -47.5946732, 303.112183, 34.7374229, 0.70707804, -0.707135737, 9.00270061e-06, -3.3608178e-06, 9.13228087e-06, 1.00000012, -0.707135618, -0.707078159, 3.91208687e-06, 60 change(s)]
Chamber   MovingParts.CoreAntenna.SpecialCoreAntenna.FrontPiece.StructureDetail.Front.Model.Meshes/Trapezoid ~(-45.6, 300.7, 36.7).CFrame = -45.6147041, 300.66217, 36.7172432, 0.70707804, -0.707135737, 9.01832937e-06, -3.38357086e-06, 9.13163149e-06, 1.00000012, -0.707135618, -0.707078159, 3.8955377e-06   [was -45.6147041, 300.66217, 36.7172432, 0.70707804, -0.707135737, 9.00270061e-06, -3.3608178e-06, 9.13228087e-06, 1.00000012, -0.707135618, -0.707078159, 3.91208687e-06, 60 change(s)]
Chamber   MovingParts.CoreAntenna.SpecialCoreAntenna.FrontPiece.StructureDetail.Front.Model.Part ~(-43.6, 308.6, 38.7).CFrame = -43.643425, 308.599396, 38.6883698, 0.707081676, 6.25473112e-05, 0.707131863, 1.7423813e-06, 1, -9.01939275e-05, -0.707131863, 6.50062866e-05, 0.707081676   [was -43.643425, 308.599396, 38.6883698, 0.707081676, 6.25316825e-05, 0.707131863, 1.76513436e-06, 1, -9.0194575e-05, -0.707131863, 6.50228321e-05, 0.707081676, 60 change(s)]
Chamber   MovingParts.CoreAntenna.SpecialCoreAntenna.FrontPiece.StructureDetail.Front.Model.Meshes/Trapezoid ~(-48.6, 308.0, 33.7).CFrame = -48.5846443, 308.012238, 33.7475204, 0.70707804, -0.707135737, 9.01832937e-06, -3.38357086e-06, 9.13163149e-06, 1.00000012, -0.707135618, -0.707078159, 3.8955377e-06   [was -48.5846443, 308.012238, 33.7475204, 0.70707804, -0.707135737, 9.00270061e-06, -3.3608178e-06, 9.13228087e-06, 1.00000012, -0.707135618, -0.707078159, 3.91208687e-06, 60 change(s)]
Chamber   MovingParts.CoreAntenna.SpecialCoreAntenna.FrontPiece.StructureDetail.Front.Model.Meshes/Trapezoid ~(-47.1, 308.0, 35.2).CFrame = -47.1172752, 308.012238, 35.2147522, 0.70707804, 0.707135558, -8.84974907e-06, -3.38357086e-06, -9.13162967e-06, -1.00000012, -0.707135618, 0.70707798, -4.06413164e-06   [was -47.1172752, 308.012238, 35.2147522, 0.70707804, 0.707135558, -8.83412031e-06, -3.3608178e-06, -9.13227905e-06, -1.00000012, -0.707135618, 0.70707798, -4.08068081e-06, 60 change(s)]
Chamber   MovingParts.CoreAntenna.SpecialCoreAntenna.FrontPiece.StructureDetail.Front.Model.Meshes/Trapezoid ~(-45.6, 304.3, 36.7).CFrame = -45.6323357, 304.337189, 36.6996193, 0.70707804, 0.707135558, -8.84974907e-06, -3.38357086e-06, -9.13162967e-06, -1.00000012, -0.707135618, 0.70707798, -4.06413164e-06   [was -45.6323357, 304.337189, 36.6996193, 0.70707804, 0.707135558, -8.83412031e-06, -3.3608178e-06, -9.13227905e-06, -1.00000012, -0.707135618, 0.70707798, -4.08068081e-06, 60 change(s)]
Chamber   MovingParts.CoreAntenna.SpecialCoreAntenna.FrontPiece.StructureDetail.Front.Model.Meshes/Trapezoid ~(-45.6, 301.9, 36.7).CFrame = -45.6323471, 301.887177, 36.6996002, 0.70707804, 0.707135558, -8.84974907e-06, -3.38357086e-06, -9.13162967e-06, -1.00000012, -0.707135618, 0.70707798, -4.06413164e-06   [was -45.6323471, 301.887177, 36.6996002, 0.70707804, 0.707135558, -8.83412031e-06, -3.3608178e-06, -9.13227905e-06, -1.00000012, -0.707135618, 0.70707798, -4.08068081e-06, 60 change(s)]
Chamber   MovingParts.CoreAntenna.SpecialCoreAntenna.FrontPiece.StructureDetail.Front.Model.Meshes/Trapezoid ~(-46.6, 298.2, 35.7).CFrame = -46.6047096, 298.212189, 35.7273293, 0.70707804, -0.707135737, 9.01832937e-06, -3.38357086e-06, 9.13163149e-06, 1.00000012, -0.707135618, -0.707078159, 3.8955377e-06   [was -46.6047096, 298.212189, 35.7273293, 0.70707804, -0.707135737, 9.00270061e-06, -3.3608178e-06, 9.13228087e-06, 1.00000012, -0.707135618, -0.707078159, 3.91208687e-06, 60 change(s)]
Chamber   MovingParts.CoreAntenna.SpecialCoreAntenna.FrontPiece.StructureDetail.Front.Model.Part ~(-43.6, 305.6, 38.7).CFrame = -43.6434479, 305.56189, 38.6883545, -0.707081676, -6.25473112e-05, 0.707131863, -1.7423813e-06, -1, -9.01939275e-05, 0.707131863, -6.50062866e-05, 0.707081676   [was -43.6434479, 305.56189, 38.6883545, -0.707081676, -6.25316825e-05, 0.707131863, -1.76513436e-06, -1, -9.0194575e-05, 0.707131863, -6.50228321e-05, 0.707081676, 60 change(s)]
Chamber   MovingParts.CoreAntenna.SpecialCoreAntenna.FrontPiece.StructureDetail.Front.Model.Meshes/Trapezoid ~(-46.6, 306.8, 35.7).CFrame = -46.6223145, 306.787231, 35.7096977, 0.70707804, 0.707135558, -8.84974907e-06, -3.38357086e-06, -9.13162967e-06, -1.00000012, -0.707135618, 0.70707798, -4.06413164e-06   [was -46.6223145, 306.787231, 35.7096977, 0.70707804, 0.707135558, -8.83412031e-06, -3.3608178e-06, -9.13227905e-06, -1.00000012, -0.707135618, 0.70707798, -4.08068081e-06, 60 change(s)]
Chamber   MovingParts.CoreAntenna.SpecialCoreAntenna.FrontPiece.StructureDetail.Front.Model.Meshes/Trapezoid ~(-48.6, 297.0, 33.7).CFrame = -48.6023598, 296.987183, 33.7298355, 0.70707804, 0.707135558, -8.84974907e-06, -3.38357086e-06, -9.13162967e-06, -1.00000012, -0.707135618, 0.70707798, -4.06413164e-06   [was -48.6023598, 296.987183, 33.7298355, 0.70707804, 0.707135558, -8.83412031e-06, -3.3608178e-06, -9.13227905e-06, -1.00000012, -0.707135618, 0.70707798, -4.08068081e-06, 60 change(s)]
Chamber   MovingParts.CoreAntenna.SpecialCoreAntenna.FrontPiece.StructureDetail.Front.Model.Part ~(-49.1, 303.1, 33.2).CFrame = -49.0884285, 303.111969, 33.2437553, -0.707081676, -5.95099591e-05, -0.707131863, -8.80499065e-05, 1, 3.88640274e-06, 0.707131863, 6.50112561e-05, -0.707081676   [was -49.0884285, 303.111969, 33.2437553, -0.707081676, -5.95255879e-05, -0.707131863, -8.80726584e-05, 1, 3.88705212e-06, 0.707131863, 6.50278016e-05, -0.707081676, 60 change(s)]
Chamber   MovingParts.CoreAntenna.SpecialCoreAntenna.FrontPiece.StructureDetail.Front.Model.Meshes/Trapezoid ~(-44.1, 309.2, 38.2).CFrame = -44.1295853, 309.237122, 38.202179, 0.70707804, -0.707135737, 9.01832937e-06, -3.38357086e-06, 9.13163149e-06, 1.00000012, -0.707135618, -0.707078159, 3.8955377e-06   [was -44.1295853, 309.237122, 38.202179, 0.70707804, -0.707135737, 9.00270061e-06, -3.3608178e-06, 9.13228087e-06, 1.00000012, -0.707135618, -0.707078159, 3.91208687e-06, 60 change(s)]
Chamber   MovingParts.CoreAntenna.SpecialCoreAntenna.FrontPiece.StructureDetail.Front.Model.Meshes/Trapezoid ~(-48.1, 297.0, 34.2).CFrame = -48.0897255, 296.987152, 34.2424278, 0.70707804, -0.707135737, 9.01832937e-06, -3.38357086e-06, 9.13163149e-06, 1.00000012, -0.707135618, -0.707078159, 3.8955377e-06   [was -48.0897255, 296.987152, 34.2424278, 0.70707804, -0.707135737, 9.00270061e-06, -3.3608178e-06, 9.13228087e-06, 1.00000012, -0.707135618, -0.707078159, 3.91208687e-06, 60 change(s)]
Chamber   MovingParts.CoreAntenna.SpecialCoreAntenna.FrontPiece.StructureDetail.Front.Model.Meshes/Trapezoid ~(-45.1, 304.3, 37.2).CFrame = -45.1196747, 304.337189, 37.2122307, 0.70707804, -0.707135737, 9.01832937e-06, -3.38357086e-06, 9.13163149e-06, 1.00000012, -0.707135618, -0.707078159, 3.8955377e-06   [was -45.1196747, 304.337189, 37.2122307, 0.70707804, -0.707135737, 9.00270061e-06, -3.3608178e-06, 9.13228087e-06, 1.00000012, -0.707135618, -0.707078159, 3.91208687e-06, 60 change(s)]
Chamber   MovingParts.CoreAntenna.SpecialCoreAntenna.FrontPiece.StructureDetail.Front.Model.Part ~(-49.1, 302.5, 33.2).CFrame = -49.088459, 302.524445, 33.2437363, 0.707081676, -6.25473112e-05, -0.707131863, 1.7423813e-06, -1, 9.01939275e-05, -0.707131863, -6.50062866e-05, -0.707081676   [was -49.088459, 302.524445, 33.2437363, 0.707081676, -6.25316825e-05, -0.707131863, 1.76513436e-06, -1, 9.0194575e-05, -0.707131863, -6.50228321e-05, -0.707081676, 60 change(s)]
Chamber   MovingParts.CoreAntenna.SpecialCoreAntenna.FrontPiece.StructureDetail.Front.Model.Meshes/Trapezoid ~(-48.1, 301.9, 34.2).CFrame = -48.0896683, 301.887207, 34.2424774, 0.70707804, -0.707135737, 9.01832937e-06, -3.38357086e-06, 9.13163149e-06, 1.00000012, -0.707135618, -0.707078159, 3.8955377e-06   [was -48.0896683, 301.887207, 34.2424774, 0.70707804, -0.707135737, 9.00270061e-06, -3.3608178e-06, 9.13228087e-06, 1.00000012, -0.707135618, -0.707078159, 3.91208687e-06, 60 change(s)]
Chamber   MovingParts.CoreAntenna.SpecialCoreAntenna.FrontPiece.StructureDetail.Front.Model.Meshes/Trapezoid ~(-48.6, 305.6, 33.7).CFrame = -48.5846481, 305.562256, 33.7475395, 0.70707804, -0.707135737, 9.01832937e-06, -3.38357086e-06, 9.13163149e-06, 1.00000012, -0.707135618, -0.707078159, 3.8955377e-06   [was -48.5846481, 305.562256, 33.7475395, 0.70707804, -0.707135737, 9.00270061e-06, -3.3608178e-06, 9.13228087e-06, 1.00000012, -0.707135618, -0.707078159, 3.91208687e-06, 60 change(s)]
Chamber   MovingParts.CoreAntenna.SpecialCoreAntenna.FrontPiece.StructureDetail.Front.Model.Meshes/Trapezoid ~(-48.1, 304.3, 34.2).CFrame = -48.0896721, 304.337219, 34.2424698, 0.70707804, -0.707135737, 9.01832937e-06, -3.38357086e-06, 9.13163149e-06, 1.00000012, -0.707135618, -0.707078159, 3.8955377e-06   [was -48.0896721, 304.337219, 34.2424698, 0.70707804, -0.707135737, 9.00270061e-06, -3.3608178e-06, 9.13228087e-06, 1.00000012, -0.707135618, -0.707078159, 3.91208687e-06, 60 change(s)]
Chamber   MovingParts.CoreAntenna.SpecialCoreAntenna.FrontPiece.StructureDetail.Front.Model.Part ~(-49.1, 301.2, 33.2).CFrame = -49.0884514, 301.249481, 33.2437553, -0.707081676, 6.25473112e-05, -0.707131863, -1.7423813e-06, 1, 9.01939275e-05, 0.707131863, 6.50062866e-05, -0.707081676   [was -49.0884514, 301.249481, 33.2437553, -0.707081676, 6.25316825e-05, -0.707131863, -1.76513436e-06, 1, 9.0194575e-05, 0.707131863, 6.50228321e-05, -0.707081676, 60 change(s)]
Chamber   MovingParts.CoreAntenna.SpecialCoreAntenna.FrontPiece.StructureDetail.Front.Model.Meshes/Trapezoid ~(-45.1, 299.4, 37.2).CFrame = -45.119709, 299.437164, 37.2122002, 0.70707804, -0.707135737, 9.01832937e-06, -3.38357086e-06, 9.13163149e-06, 1.00000012, -0.707135618, -0.707078159, 3.8955377e-06   [was -45.119709, 299.437164, 37.2122002, 0.70707804, -0.707135737, 9.00270061e-06, -3.3608178e-06, 9.13228087e-06, 1.00000012, -0.707135618, -0.707078159, 3.91208687e-06, 60 change(s)]
Chamber   MovingParts.CoreAntenna.SpecialCoreAntenna.FrontPiece.StructureDetail.Front.Model.Meshes/Trapezoid ~(-46.1, 297.0, 36.2).CFrame = -46.1097412, 296.987152, 36.2222672, 0.70707804, -0.707135737, 9.01832937e-06, -3.38357086e-06, 9.13163149e-06, 1.00000012, -0.707135618, -0.707078159, 3.8955377e-06   [was -46.1097412, 296.987152, 36.2222672, 0.70707804, -0.707135737, 9.00270061e-06, -3.3608178e-06, 9.13228087e-06, 1.00000012, -0.707135618, -0.707078159, 3.91208687e-06, 60 change(s)]
Chamber   MovingParts.CoreAntenna.SpecialCoreAntenna.FrontPiece.StructureDetail.Front.Model.Meshes/Trapezoid ~(-45.1, 300.7, 37.2).CFrame = -45.1373978, 300.66214, 37.1945572, 0.70707804, 0.707135558, -8.84974907e-06, -3.38357086e-06, -9.13162967e-06, -1.00000012, -0.707135618, 0.70707798, -4.06413164e-06   [was -45.1373978, 300.66214, 37.1945572, 0.70707804, 0.707135558, -8.83412031e-06, -3.3608178e-06, -9.13227905e-06, -1.00000012, -0.707135618, 0.70707798, -4.08068081e-06, 60 change(s)]
Chamber   MovingParts.CoreAntenna.SpecialCoreAntenna.FrontPiece.StructureDetail.Front.Model.Meshes/Trapezoid ~(-44.6, 298.2, 37.7).CFrame = -44.6246986, 298.212158, 37.7071838, 0.70707804, -0.707135737, 9.01832937e-06, -3.38357086e-06, 9.13163149e-06, 1.00000012, -0.707135618, -0.707078159, 3.8955377e-06   [was -44.6246986, 298.212158, 37.7071838, 0.70707804, -0.707135737, 9.00270061e-06, -3.3608178e-06, 9.13228087e-06, 1.00000012, -0.707135618, -0.707078159, 3.91208687e-06, 60 change(s)]
Chamber   MovingParts.CoreAntenna.SpecialCoreAntenna.FrontPiece.StructureDetail.Front.Model.Meshes/Trapezoid ~(-48.6, 303.1, 33.7).CFrame = -48.5846443, 303.111572, 33.7475433, 0.706901789, -0.707308173, -0.00223329267, 0.00316794356, 8.74531634e-06, 0.999994934, -0.707304597, -0.706905305, 0.00224693655   [was -48.5846443, 303.111572, 33.7475433, 0.706901789, -0.707308173, -0.00223330827, 0.00316796615, 8.74596026e-06, 0.999994934, -0.707304597, -0.706905305, 0.00224695308, 60 change(s)]
Chamber   MovingParts.CoreAntenna.SpecialCoreAntenna.FrontPiece.StructureDetail.Front.Model.Meshes/Trapezoid ~(-46.1, 299.4, 36.2).CFrame = -46.1097145, 299.437164, 36.222271, 0.70707804, -0.707135737, 9.01832937e-06, -3.38357086e-06, 9.13163149e-06, 1.00000012, -0.707135618, -0.707078159, 3.8955377e-06   [was -46.1097145, 299.437164, 36.222271, 0.70707804, -0.707135737, 9.00270061e-06, -3.3608178e-06, 9.13228087e-06, 1.00000012, -0.707135618, -0.707078159, 3.91208687e-06, 60 change(s)]
Chamber   MovingParts.CoreAntenna.SpecialCoreAntenna.FrontPiece.StructureDetail.Front.Model.Part ~(-43.6, 303.7, 38.7).CFrame = -43.6434593, 303.699402, 38.6883392, 0.707081676, 6.25473112e-05, 0.707131863, 1.7423813e-06, 1, -9.01939275e-05, -0.707131863, 6.50062866e-05, 0.707081676   [was -43.6434593, 303.699402, 38.6883392, 0.707081676, 6.25316825e-05, 0.707131863, 1.76513436e-06, 1, -9.0194575e-05, -0.707131863, 6.50228321e-05, 0.707081676, 60 change(s)]
Chamber   MovingParts.CoreAntenna.SpecialCoreAntenna.FrontPiece.StructureDetail.Front.Model.Meshes/Trapezoid ~(-43.7, 299.4, 38.7).CFrame = -43.6523819, 299.437134, 38.6794281, 0.70707804, 0.707135558, -8.84974907e-06, -3.38357086e-06, -9.13162967e-06, -1.00000012, -0.707135618, 0.70707798, -4.06413164e-06   [was -43.6523819, 299.437134, 38.6794281, 0.70707804, 0.707135558, -8.83412031e-06, -3.3608178e-06, -9.13227905e-06, -1.00000012, -0.707135618, 0.70707798, -4.08068081e-06, 60 change(s)]
Chamber   MovingParts.CoreAntenna.SpecialCoreAntenna.FrontPiece.StructureDetail.Front.Model.Meshes/Trapezoid ~(-46.1, 305.6, 36.2).CFrame = -46.1273232, 305.562195, 36.2046585, 0.70707804, 0.707135558, -8.84974907e-06, -3.38357086e-06, -9.13162967e-06, -1.00000012, -0.707135618, 0.70707798, -4.06413164e-06   [was -46.1273232, 305.562195, 36.2046585, 0.70707804, 0.707135558, -8.83412031e-06, -3.3608178e-06, -9.13227905e-06, -1.00000012, -0.707135618, 0.70707798, -4.08068081e-06, 60 change(s)]
Chamber   MovingParts.CoreAntenna.SpecialCoreAntenna.FrontPiece.StructureDetail.Front.Model.Meshes/Trapezoid ~(-45.6, 306.8, 36.7).CFrame = -45.6323318, 306.787201, 36.699604, 0.70707804, 0.707135558, -8.84974907e-06, -3.38357086e-06, -9.13162967e-06, -1.00000012, -0.707135618, 0.70707798, -4.06413164e-06   [was -45.6323318, 306.787201, 36.699604, 0.70707804, 0.707135558, -8.83412031e-06, -3.3608178e-06, -9.13227905e-06, -1.00000012, -0.707135618, 0.70707798, -4.08068081e-06, 60 change(s)]
Chamber   MovingParts.CoreAntenna.SpecialCoreAntenna.FrontPiece.StructureDetail.Front.Model.Meshes/Trapezoid ~(-48.1, 305.6, 34.2).CFrame = -48.1073151, 305.562225, 34.224823, 0.70707804, 0.707135558, -8.84974907e-06, -3.38357086e-06, -9.13162967e-06, -1.00000012, -0.707135618, 0.70707798, -4.06413164e-06   [was -48.1073151, 305.562225, 34.224823, 0.70707804, 0.707135558, -8.83412031e-06, -3.3608178e-06, -9.13227905e-06, -1.00000012, -0.707135618, 0.70707798, -4.08068081e-06, 60 change(s)]
Chamber   MovingParts.CoreAntenna.SpecialCoreAntenna.FrontPiece.StructureDetail.Front.Model.Part ~(-43.6, 306.1, 38.7).CFrame = -43.6434479, 306.149414, 38.6883621, 0.707081676, 6.25473112e-05, 0.707131863, 1.7423813e-06, 1, -9.01939275e-05, -0.707131863, 6.50062866e-05, 0.707081676   [was -43.6434479, 306.149414, 38.6883621, 0.707081676, 6.25316825e-05, 0.707131863, 1.76513436e-06, 1, -9.0194575e-05, -0.707131863, 6.50228321e-05, 0.707081676, 60 change(s)]
Chamber   MovingParts.CoreAntenna.SpecialCoreAntenna.FrontPiece.StructureDetail.Front.Model.Meshes/Trapezoid ~(-47.1, 299.4, 35.2).CFrame = -47.0997009, 299.437195, 35.2323685, 0.70707804, -0.707135737, 9.01832937e-06, -3.38357086e-06, 9.13163149e-06, 1.00000012, -0.707135618, -0.707078159, 3.8955377e-06   [was -47.0997009, 299.437195, 35.2323685, 0.70707804, -0.707135737, 9.00270061e-06, -3.3608178e-06, 9.13228087e-06, 1.00000012, -0.707135618, -0.707078159, 3.91208687e-06, 60 change(s)]
Chamber   MovingParts.CoreAntenna.SpecialCoreAntenna.FrontPiece.StructureDetail.Front.Model.Meshes/Trapezoid ~(-46.1, 303.1, 36.2).CFrame = -46.1273346, 303.112183, 36.2046356, 0.70707804, 0.707135558, -8.84974907e-06, -3.38357086e-06, -9.13162967e-06, -1.00000012, -0.707135618, 0.70707798, -4.06413164e-06   [was -46.1273346, 303.112183, 36.2046356, 0.70707804, 0.707135558, -8.83412031e-06, -3.3608178e-06, -9.13227905e-06, -1.00000012, -0.707135618, 0.70707798, -4.08068081e-06, 60 change(s)]
Chamber   MovingParts.CoreAntenna.SpecialCoreAntenna.FrontPiece.StructureDetail.Front.Model.Meshes/Trapezoid ~(-46.1, 308.0, 36.2).CFrame = -46.1272926, 308.012207, 36.2046585, 0.70707804, 0.707135558, -8.84974907e-06, -3.38357086e-06, -9.13162967e-06, -1.00000012, -0.707135618, 0.70707798, -4.06413164e-06   [was -46.1272926, 308.012207, 36.2046585, 0.70707804, 0.707135558, -8.83412031e-06, -3.3608178e-06, -9.13227905e-06, -1.00000012, -0.707135618, 0.70707798, -4.08068081e-06, 60 change(s)]
Chamber   MovingParts.CoreAntenna.SpecialCoreAntenna.FrontPiece.StructureDetail.Front.Model.Meshes/Trapezoid ~(-47.1, 298.2, 35.2).CFrame = -47.1173897, 298.212189, 35.214695, 0.70707804, 0.707135558, -8.84974907e-06, -3.38357086e-06, -9.13162967e-06, -1.00000012, -0.707135618, 0.70707798, -4.06413164e-06   [was -47.1173897, 298.212189, 35.214695, 0.70707804, 0.707135558, -8.83412031e-06, -3.3608178e-06, -9.13227905e-06, -1.00000012, -0.707135618, 0.70707798, -4.08068081e-06, 60 change(s)]
Chamber   MovingParts.CoreAntenna.SpecialCoreAntenna.FrontPiece.StructureDetail.Front.Model.Part ~(-43.6, 302.5, 38.7).CFrame = -43.6434441, 302.524353, 38.6883545, -0.707081676, -6.25473112e-05, 0.707131863, -1.7423813e-06, -1, -9.01939275e-05, 0.707131863, -6.50062866e-05, 0.707081676   [was -43.6434441, 302.524353, 38.6883545, -0.707081676, -6.25316825e-05, 0.707131863, -1.76513436e-06, -1, -9.0194575e-05, 0.707131863, -6.50228321e-05, 0.707081676, 60 change(s)]
Chamber   MovingParts.CoreAntenna.SpecialCoreAntenna.FrontPiece.StructureDetail.Front.Model.Meshes/Trapezoid ~(-46.6, 309.2, 35.7).CFrame = -46.6222839, 309.237183, 35.7096977, 0.70707804, 0.707135558, -8.84974907e-06, -3.38357086e-06, -9.13162967e-06, -1.00000012, -0.707135618, 0.70707798, -4.06413164e-06   [was -46.6222839, 309.237183, 35.7096977, 0.70707804, 0.707135558, -8.83412031e-06, -3.3608178e-06, -9.13227905e-06, -1.00000012, -0.707135618, 0.70707798, -4.08068081e-06, 60 change(s)]
Chamber   MovingParts.CoreAntenna.SpecialCoreAntenna.FrontPiece.StructureDetail.Front.Model.Meshes/Trapezoid ~(-47.1, 304.3, 35.2).CFrame = -47.0996895, 304.337219, 35.2323761, 0.70707804, -0.707135737, 9.01832937e-06, -3.38357086e-06, 9.13163149e-06, 1.00000012, -0.707135618, -0.707078159, 3.8955377e-06   [was -47.0996895, 304.337219, 35.2323761, 0.70707804, -0.707135737, 9.00270061e-06, -3.3608178e-06, 9.13228087e-06, 1.00000012, -0.707135618, -0.707078159, 3.91208687e-06, 60 change(s)]
Chamber   MovingParts.CoreAntenna.SpecialCoreAntenna.FrontPiece.StructureDetail.Front.Model.Part ~(-43.6, 305.0, 38.7).CFrame = -43.6434631, 304.974365, 38.6883583, -0.707081676, -6.25473112e-05, 0.707131863, -1.7423813e-06, -1, -9.01939275e-05, 0.707131863, -6.50062866e-05, 0.707081676   [was -43.6434631, 304.974365, 38.6883583, -0.707081676, -6.25316825e-05, 0.707131863, -1.76513436e-06, -1, -9.0194575e-05, 0.707131863, -6.50228321e-05, 0.707081676, 60 change(s)]
Chamber   MovingParts.CoreAntenna.SpecialCoreAntenna.FrontPiece.StructureDetail.Front.Model.Meshes/Trapezoid ~(-48.1, 308.0, 34.2).CFrame = -48.1072769, 308.012238, 34.2248192, 0.70707804, 0.707135558, -8.84974907e-06, -3.38357086e-06, -9.13162967e-06, -1.00000012, -0.707135618, 0.70707798, -4.06413164e-06   [was -48.1072769, 308.012238, 34.2248192, 0.70707804, 0.707135558, -8.83412031e-06, -3.3608178e-06, -9.13227905e-06, -1.00000012, -0.707135618, 0.70707798, -4.08068081e-06, 60 change(s)]
Chamber   MovingParts.CoreAntenna.SpecialCoreAntenna.FrontPiece.StructureDetail.Front.Model.Meshes/Trapezoid ~(-45.6, 298.2, 36.7).CFrame = -45.6147041, 298.212158, 36.7172546, 0.70707804, -0.707135737, 9.01832937e-06, -3.38357086e-06, 9.13163149e-06, 1.00000012, -0.707135618, -0.707078159, 3.8955377e-06   [was -45.6147041, 298.212158, 36.7172546, 0.70707804, -0.707135737, 9.00270061e-06, -3.3608178e-06, 9.13228087e-06, 1.00000012, -0.707135618, -0.707078159, 3.91208687e-06, 60 change(s)]
Chamber   MovingParts.CoreAntenna.SpecialCoreAntenna.FrontPiece.StructureDetail.Front.Plates.Plating ~(-46.6, 299.4, 35.7).CFrame = -46.6223602, 299.437164, 35.6743011, 0.70707804, 0.707135558, -8.84974907e-06, -3.38357086e-06, -9.13162967e-06, -1.00000012, -0.707135618, 0.70707798, -4.06413164e-06   [was -46.6223602, 299.437164, 35.6743011, 0.70707804, 0.707135558, -8.83412031e-06, -3.3608178e-06, -9.13227905e-06, -1.00000012, -0.707135618, 0.70707798, -4.08068081e-06, 60 change(s)]
Chamber   MovingParts.CoreAntenna.SpecialCoreAntenna.FrontPiece.StructureDetail.Front.Plates.Plating ~(-46.1, 300.7, 36.2).CFrame = -46.1273537, 300.66217, 36.1692734, 0.70707804, 0.707135558, -8.84974907e-06, -3.38357086e-06, -9.13162967e-06, -1.00000012, -0.707135618, 0.70707798, -4.06413164e-06   [was -46.1273537, 300.66217, 36.1692734, 0.70707804, 0.707135558, -8.83412031e-06, -3.3608178e-06, -9.13227905e-06, -1.00000012, -0.707135618, 0.70707798, -4.08068081e-06, 60 change(s)]
Chamber   MovingParts.CoreAntenna.SpecialCoreAntenna.FrontPiece.StructureDetail.Front.Plates.Part ~(-49.1, 301.2, 33.2).CFrame = -49.0708046, 301.186981, 33.226059, -0.707074285, -5.20967769e-05, -0.707139254, -1.7424768e-06, 1, -7.19306627e-05, 0.707139254, -4.96284702e-05, -0.707074285   [was -49.0708046, 301.186981, 33.226059, -0.707074285, -5.21124057e-05, -0.707139254, -1.76522985e-06, 1, -7.19300151e-05, 0.707139254, -4.96119246e-05, -0.707074285, 60 change(s)]
Chamber   MovingParts.CoreAntenna.SpecialCoreAntenna.FrontPiece.StructureDetail.Front.Plates.Plating ~(-48.1, 301.9, 34.2).CFrame = -48.0542679, 301.887207, 34.2425079, 0.70707804, -0.707135737, 9.01832937e-06, -3.38357086e-06, 9.13163149e-06, 1.00000012, -0.707135618, -0.707078159, 3.8955377e-06   [was -48.0542679, 301.887207, 34.2425079, 0.70707804, -0.707135737, 9.00270061e-06, -3.3608178e-06, 9.13228087e-06, 1.00000012, -0.707135618, -0.707078159, 3.91208687e-06, 60 change(s)]
Chamber   MovingParts.CoreAntenna.SpecialCoreAntenna.FrontPiece.StructureDetail.Front.Plates.Plating ~(-48.1, 297.0, 34.2).CFrame = -48.0543251, 296.987152, 34.2425041, 0.70707804, -0.707135737, 9.01832937e-06, -3.38357086e-06, 9.13163149e-06, 1.00000012, -0.707135618, -0.707078159, 3.8955377e-06   [was -48.0543251, 296.987152, 34.2425041, 0.70707804, -0.707135737, 9.00270061e-06, -3.3608178e-06, 9.13228087e-06, 1.00000012, -0.707135618, -0.707078159, 3.91208687e-06, 60 change(s)]
Chamber   MovingParts.CoreAntenna.SpecialCoreAntenna.FrontPiece.StructureDetail.Front.Plates.Plating ~(-48.1, 308.0, 34.2).CFrame = -48.107254, 308.012146, 34.1894493, 0.70707804, 0.707135558, -8.84974907e-06, -3.38357086e-06, -9.13162967e-06, -1.00000012, -0.707135618, 0.70707798, -4.06413164e-06   [was -48.107254, 308.012146, 34.1894493, 0.70707804, 0.707135558, -8.83412031e-06, -3.3608178e-06, -9.13227905e-06, -1.00000012, -0.707135618, 0.70707798, -4.08068081e-06, 60 change(s)]
Chamber   MovingParts.CoreAntenna.SpecialCoreAntenna.FrontPiece.StructureDetail.Front.Plates.Plating ~(-47.6, 298.2, 34.7).CFrame = -47.5593224, 298.212158, 34.7374382, 0.70707804, -0.707135737, 9.01832937e-06, -3.38357086e-06, 9.13163149e-06, 1.00000012, -0.707135618, -0.707078159, 3.8955377e-06   [was -47.5593224, 298.212158, 34.7374382, 0.70707804, -0.707135737, 9.00270061e-06, -3.3608178e-06, 9.13228087e-06, 1.00000012, -0.707135618, -0.707078159, 3.91208687e-06, 60 change(s)]
Chamber   MovingParts.CoreAntenna.SpecialCoreAntenna.FrontPiece.StructureDetail.Front.Plates.Plating ~(-48.6, 297.0, 33.7).CFrame = -48.6023865, 296.987183, 33.6944733, 0.70707804, 0.707135558, -8.84974907e-06, -3.38357086e-06, -9.13162967e-06, -1.00000012, -0.707135618, 0.70707798, -4.06413164e-06   [was -48.6023865, 296.987183, 33.6944733, 0.70707804, 0.707135558, -8.83412031e-06, -3.3608178e-06, -9.13227905e-06, -1.00000012, -0.707135618, 0.70707798, -4.08068081e-06, 60 change(s)]
Chamber   MovingParts.CoreAntenna.SpecialCoreAntenna.FrontPiece.StructureDetail.Front.Plates.Part ~(-49.1, 300.1, 33.2).CFrame = -49.0708122, 300.136993, 33.2260551, 0.707074285, 5.20967769e-05, -0.707139254, 1.7424768e-06, -1, -7.19306627e-05, -0.707139254, 4.96284702e-05, -0.707074285   [was -49.0708122, 300.136993, 33.2260551, 0.707074285, 5.21124057e-05, -0.707139254, 1.76522985e-06, -1, -7.19300151e-05, -0.707139254, 4.96119246e-05, -0.707074285, 60 change(s)]
Chamber   MovingParts.CoreAntenna.SpecialCoreAntenna.FrontPiece.StructureDetail.Front.Plates.Plating ~(-48.6, 299.4, 33.7).CFrame = -48.6023827, 299.437225, 33.6944542, 0.70707804, 0.707135558, -8.84974907e-06, -3.38357086e-06, -9.13162967e-06, -1.00000012, -0.707135618, 0.70707798, -4.06413164e-06   [was -48.6023827, 299.437225, 33.6944542, 0.70707804, 0.707135558, -8.83412031e-06, -3.3608178e-06, -9.13227905e-06, -1.00000012, -0.707135618, 0.70707798, -4.08068081e-06, 60 change(s)]
Chamber   MovingParts.CoreAntenna.SpecialCoreAntenna.FrontPiece.StructureDetail.Front.Plates.Plating ~(-48.5, 303.1, 33.7).CFrame = -48.5492363, 303.112183, 33.7475243, 0.70707804, -0.707135737, 9.01832937e-06, -3.38357086e-06, 9.13163149e-06, 1.00000012, -0.707135618, -0.707078159, 3.8955377e-06   [was -48.5492363, 303.112183, 33.7475243, 0.70707804, -0.707135737, 9.00270061e-06, -3.3608178e-06, 9.13228087e-06, 1.00000012, -0.707135618, -0.707078159, 3.91208687e-06, 60 change(s)]
Chamber   MovingParts.CoreAntenna.SpecialCoreAntenna.FrontPiece.StructureDetail.Front.Plates.Part ~(-49.1, 303.1, 33.2).CFrame = -49.0707588, 303.111969, 33.2260818, -0.707081676, -5.95099591e-05, -0.707131863, -8.80499065e-05, 1, 3.88640274e-06, 0.707131863, 6.50112561e-05, -0.707081676   [was -49.0707588, 303.111969, 33.2260818, -0.707081676, -5.95255879e-05, -0.707131863, -8.80726584e-05, 1, 3.88705212e-06, 0.707131863, 6.50278016e-05, -0.707081676, 60 change(s)]
Chamber   MovingParts.CoreAntenna.SpecialCoreAntenna.FrontPiece.StructureDetail.Front.Plates.Plating ~(-45.6, 306.8, 36.7).CFrame = -45.6322823, 306.78714, 36.6642075, 0.70707804, 0.707135558, -8.84974907e-06, -3.38357086e-06, -9.13162967e-06, -1.00000012, -0.707135618, 0.70707798, -4.06413164e-06   [was -45.6322823, 306.78714, 36.6642075, 0.70707804, 0.707135558, -8.83412031e-06, -3.3608178e-06, -9.13227905e-06, -1.00000012, -0.707135618, 0.70707798, -4.08068081e-06, 60 change(s)]
Chamber   MovingParts.CoreAntenna.SpecialCoreAntenna.FrontPiece.StructureDetail.Front.Plates.Plating ~(-47.1, 301.9, 35.2).CFrame = -47.0642853, 301.887207, 35.2324142, 0.70707804, -0.707135737, 9.01832937e-06, -3.38357086e-06, 9.13163149e-06, 1.00000012, -0.707135618, -0.707078159, 3.8955377e-06   [was -47.0642853, 301.887207, 35.2324142, 0.70707804, -0.707135737, 9.00270061e-06, -3.3608178e-06, 9.13228087e-06, 1.00000012, -0.707135618, -0.707078159, 3.91208687e-06, 60 change(s)]
Chamber   MovingParts.CoreAntenna.SpecialCoreAntenna.FrontPiece.StructureDetail.Front.Plates.Plating ~(-48.1, 309.2, 34.2).CFrame = -48.0542183, 309.237183, 34.2425537, 0.70707804, -0.707135737, 9.01832937e-06, -3.38357086e-06, 9.13163149e-06, 1.00000012, -0.707135618, -0.707078159, 3.8955377e-06   [was -48.0542183, 309.237183, 34.2425537, 0.70707804, -0.707135737, 9.00270061e-06, -3.3608178e-06, 9.13228087e-06, 1.00000012, -0.707135618, -0.707078159, 3.91208687e-06, 60 change(s)]
Chamber   MovingParts.CoreAntenna.SpecialCoreAntenna.FrontPiece.StructureDetail.Front.Plates.Plating ~(-48.6, 304.3, 33.7).CFrame = -48.6023102, 304.337189, 33.6944466, 0.70707804, 0.707135558, -8.84974907e-06, -3.38357086e-06, -9.13162967e-06, -1.00000012, -0.707135618, 0.70707798, -4.06413164e-06   [was -48.6023102, 304.337189, 33.6944466, 0.70707804, 0.707135558, -8.83412031e-06, -3.3608178e-06, -9.13227905e-06, -1.00000012, -0.707135618, 0.70707798, -4.08068081e-06, 60 change(s)]
Chamber   MovingParts.CoreAntenna.SpecialCoreAntenna.FrontPiece.StructureDetail.Front.Plates.Plating ~(-44.6, 308.0, 37.7).CFrame = -44.5892029, 308.012115, 37.7072029, 0.70707804, -0.707135737, 9.01832937e-06, -3.38357086e-06, 9.13163149e-06, 1.00000012, -0.707135618, -0.707078159, 3.8955377e-06   [was -44.5892029, 308.012115, 37.7072029, 0.70707804, -0.707135737, 9.00270061e-06, -3.3608178e-06, 9.13228087e-06, 1.00000012, -0.707135618, -0.707078159, 3.91208687e-06, 60 change(s)]
Chamber   MovingParts.CoreAntenna.SpecialCoreAntenna.FrontPiece.StructureDetail.Front.Plates.Plating ~(-44.6, 306.8, 37.7).CFrame = -44.6422729, 306.787109, 37.6541328, 0.70707804, 0.707135558, -8.84974907e-06, -3.38357086e-06, -9.13162967e-06, -1.00000012, -0.707135618, 0.70707798, -4.06413164e-06   [was -44.6422729, 306.787109, 37.6541328, 0.70707804, 0.707135558, -8.83412031e-06, -3.3608178e-06, -9.13227905e-06, -1.00000012, -0.707135618, 0.70707798, -4.08068081e-06, 60 change(s)]
Chamber   MovingParts.CoreAntenna.SpecialCoreAntenna.FrontPiece.StructureDetail.Front.Plates.Part ~(-49.1, 302.6, 33.2).CFrame = -49.0707626, 302.586945, 33.2260818, 0.707074285, 5.20967769e-05, -0.707139254, 1.7424768e-06, -1, -7.19306627e-05, -0.707139254, 4.96284702e-05, -0.707074285   [was -49.0707626, 302.586945, 33.2260818, 0.707074285, 5.21124057e-05, -0.707139254, 1.76522985e-06, -1, -7.19300151e-05, -0.707139254, 4.96119246e-05, -0.707074285, 60 change(s)]
Chamber   MovingParts.CoreAntenna.SpecialCoreAntenna.FrontPiece.StructureDetail.Front.Plates.Plating ~(-46.1, 301.9, 36.2).CFrame = -46.0743065, 301.887177, 36.2223282, 0.70707804, -0.707135737, 9.01832937e-06, -3.38357086e-06, 9.13163149e-06, 1.00000012, -0.707135618, -0.707078159, 3.8955377e-06   [was -46.0743065, 301.887177, 36.2223282, 0.70707804, -0.707135737, 9.00270061e-06, -3.3608178e-06, 9.13228087e-06, 1.00000012, -0.707135618, -0.707078159, 3.91208687e-06, 60 change(s)]
Chamber   MovingParts.CoreAntenna.SpecialCoreAntenna.FrontPiece.StructureDetail.Front.Plates.Plating ~(-48.5, 308.0, 33.7).CFrame = -48.5491791, 308.012177, 33.7475319, 0.70707804, -0.707135737, 9.01832937e-06, -3.38357086e-06, 9.13163149e-06, 1.00000012, -0.707135618, -0.707078159, 3.8955377e-06   [was -48.5491791, 308.012177, 33.7475319, 0.70707804, -0.707135737, 9.00270061e-06, -3.3608178e-06, 9.13228087e-06, 1.00000012, -0.707135618, -0.707078159, 3.91208687e-06, 60 change(s)]
Chamber   MovingParts.CoreAntenna.SpecialCoreAntenna.FrontPiece.StructureDetail.Front.Plates.Part ~(-49.1, 305.0, 33.2).CFrame = -49.0707283, 305.036957, 33.2260742, 0.707074285, 5.20967769e-05, -0.707139254, 1.7424768e-06, -1, -7.19306627e-05, -0.707139254, 4.96284702e-05, -0.707074285   [was -49.0707283, 305.036957, 33.2260742, 0.707074285, 5.21124057e-05, -0.707139254, 1.76522985e-06, -1, -7.19300151e-05, -0.707139254, 4.96119246e-05, -0.707074285, 60 change(s)]
Chamber   MovingParts.CoreAntenna.SpecialCoreAntenna.FrontPiece.StructureDetail.Front.Plates.Plating ~(-43.7, 299.4, 38.6).CFrame = -43.652359, 299.437134, 38.6440125, 0.70707804, 0.707135558, -8.84974907e-06, -3.38357086e-06, -9.13162967e-06, -1.00000012, -0.707135618, 0.70707798, -4.06413164e-06   [was -43.652359, 299.437134, 38.6440125, 0.70707804, 0.707135558, -8.83412031e-06, -3.3608178e-06, -9.13227905e-06, -1.00000012, -0.707135618, 0.70707798, -4.08068081e-06, 60 change(s)]
Chamber   MovingParts.CoreAntenna.SpecialCoreAntenna.FrontPiece.StructureDetail.Front.Plates.Plating ~(-43.7, 301.9, 38.6).CFrame = -43.6523552, 301.887115, 38.6439972, 0.70707804, 0.707135558, -8.84974907e-06, -3.38357086e-06, -9.13162967e-06, -1.00000012, -0.707135618, 0.70707798, -4.06413164e-06   [was -43.6523552, 301.887115, 38.6439972, 0.70707804, 0.707135558, -8.83412031e-06, -3.3608178e-06, -9.13227905e-06, -1.00000012, -0.707135618, 0.70707798, -4.08068081e-06, 60 change(s)]
Chamber   MovingParts.CoreAntenna.SpecialCoreAntenna.FrontPiece.StructureDetail.Front.Plates.Plating ~(-44.6, 300.7, 37.7).CFrame = -44.5892944, 300.66214, 37.7071571, 0.70707804, -0.707135737, 9.01832937e-06, -3.38357086e-06, 9.13163149e-06, 1.00000012, -0.707135618, -0.707078159, 3.8955377e-06   [was -44.5892944, 300.66214, 37.7071571, 0.70707804, -0.707135737, 9.00270061e-06, -3.3608178e-06, 9.13228087e-06, 1.00000012, -0.707135618, -0.707078159, 3.91208687e-06, 60 change(s)]
Chamber   MovingParts.CoreAntenna.SpecialCoreAntenna.FrontPiece.StructureDetail.Front.Plates.Part ~(-49.1, 303.6, 33.2).CFrame = -49.0707512, 303.636932, 33.2260857, -0.707074285, -5.20967769e-05, -0.707139254, -1.7424768e-06, 1, -7.19306627e-05, 0.707139254, -4.96284702e-05, -0.707074285   [was -49.0707512, 303.636932, 33.2260857, -0.707074285, -5.21124057e-05, -0.707139254, -1.76522985e-06, 1, -7.19300151e-05, 0.707139254, -4.96119246e-05, -0.707074285, 60 change(s)]
Chamber   MovingParts.CoreAntenna.SpecialCoreAntenna.FrontPiece.StructureDetail.Front.Plates.Plating ~(-45.1, 305.6, 37.2).CFrame = -45.1372871, 305.562134, 37.1591606, 0.70707804, 0.707135558, -8.84974907e-06, -3.38357086e-06, -9.13162967e-06, -1.00000012, -0.707135618, 0.70707798, -4.06413164e-06   [was -45.1372871, 305.562134, 37.1591606, 0.70707804, 0.707135558, -8.83412031e-06, -3.3608178e-06, -9.13227905e-06, -1.00000012, -0.707135618, 0.70707798, -4.08068081e-06, 60 change(s)]
Chamber   MovingParts.CoreAntenna.SpecialCoreAntenna.FrontPiece.StructureDetail.Front.Plates.Plating ~(-44.1, 298.2, 38.1).CFrame = -44.1473656, 298.212189, 38.1490364, 0.70707804, 0.707135558, -8.84974907e-06, -3.38357086e-06, -9.13162967e-06, -1.00000012, -0.707135618, 0.70707798, -4.06413164e-06   [was -44.1473656, 298.212189, 38.1490364, 0.70707804, 0.707135558, -8.83412031e-06, -3.3608178e-06, -9.13227905e-06, -1.00000012, -0.707135618, 0.70707798, -4.08068081e-06, 60 change(s)]
Chamber   MovingParts.CoreAntenna.SpecialCoreAntenna.FrontPiece.StructureDetail.Front.Plates.Plating ~(-47.6, 303.1, 34.7).CFrame = -47.5592461, 303.112183, 34.7374268, 0.70707804, -0.707135737, 9.01832937e-06, -3.38357086e-06, 9.13163149e-06, 1.00000012, -0.707135618, -0.707078159, 3.8955377e-06   [was -47.5592461, 303.112183, 34.7374268, 0.70707804, -0.707135737, 9.00270061e-06, -3.3608178e-06, 9.13228087e-06, 1.00000012, -0.707135618, -0.707078159, 3.91208687e-06, 60 change(s)]
Chamber   MovingParts.CoreAntenna.SpecialCoreAntenna.FrontPiece.StructureDetail.Front.Plates.Plating ~(-45.1, 298.2, 37.2).CFrame = -45.1373825, 298.212189, 37.1591225, 0.70707804, 0.707135558, -8.84974907e-06, -3.38357086e-06, -9.13162967e-06, -1.00000012, -0.707135618, 0.70707798, -4.06413164e-06   [was -45.1373825, 298.212189, 37.1591225, 0.70707804, 0.707135558, -8.83412031e-06, -3.3608178e-06, -9.13227905e-06, -1.00000012, -0.707135618, 0.70707798, -4.08068081e-06, 60 change(s)]
Chamber   MovingParts.CoreAntenna.SpecialCoreAntenna.FrontPiece.StructureDetail.Front.Plates.Plating ~(-45.6, 309.2, 36.7).CFrame = -45.6322746, 309.237152, 36.6642761, 0.70707804, 0.707135558, -8.84974907e-06, -3.38357086e-06, -9.13162967e-06, -1.00000012, -0.707135618, 0.70707798, -4.06413164e-06   [was -45.6322746, 309.237152, 36.6642761, 0.70707804, 0.707135558, -8.83412031e-06, -3.3608178e-06, -9.13227905e-06, -1.00000012, -0.707135618, 0.70707798, -4.08068081e-06, 60 change(s)]
Chamber   MovingParts.CoreAntenna.SpecialCoreAntenna.FrontPiece.StructureDetail.Front.Plates.Part ~(-49.1, 306.1, 33.2).CFrame = -49.0707359, 306.086975, 33.2260971, -0.707074285, -5.20967769e-05, -0.707139254, -1.7424768e-06, 1, -7.19306627e-05, 0.707139254, -4.96284702e-05, -0.707074285   [was -49.0707359, 306.086975, 33.2260971, -0.707074285, -5.21124057e-05, -0.707139254, -1.76522985e-06, 1, -7.19300151e-05, 0.707139254, -4.96119246e-05, -0.707074285, 60 change(s)]
Chamber   MovingParts.CoreAntenna.SpecialCoreAntenna.FrontPiece.StructureDetail.Front.Plates.Plating ~(-46.6, 306.8, 35.7).CFrame = -46.6222878, 306.78714, 35.6742783, 0.70707804, 0.707135558, -8.84974907e-06, -3.38357086e-06, -9.13162967e-06, -1.00000012, -0.707135618, 0.70707798, -4.06413164e-06   [was -46.6222878, 306.78714, 35.6742783, 0.70707804, 0.707135558, -8.83412031e-06, -3.3608178e-06, -9.13227905e-06, -1.00000012, -0.707135618, 0.70707798, -4.08068081e-06, 60 change(s)]
Chamber   MovingParts.CoreAntenna.SpecialCoreAntenna.FrontPiece.StructureDetail.Front.Plates.Plating ~(-44.6, 309.2, 37.7).CFrame = -44.6422424, 309.237183, 37.6541328, 0.70707804, 0.707135558, -8.84974907e-06, -3.38357086e-06, -9.13162967e-06, -1.00000012, -0.707135618, 0.70707798, -4.06413164e-06   [was -44.6422424, 309.237183, 37.6541328, 0.70707804, 0.707135558, -8.83412031e-06, -3.3608178e-06, -9.13227905e-06, -1.00000012, -0.707135618, 0.70707798, -4.08068081e-06, 60 change(s)]
Chamber   MovingParts.CoreAntenna.SpecialCoreAntenna.FrontPiece.StructureDetail.Front.Plates.Plating ~(-45.1, 304.3, 37.2).CFrame = -45.0842628, 304.337158, 37.212204, 0.70707804, -0.707135737, 9.01832937e-06, -3.38357086e-06, 9.13163149e-06, 1.00000012, -0.707135618, -0.707078159, 3.8955377e-06   [was -45.0842628, 304.337158, 37.212204, 0.70707804, -0.707135737, 9.00270061e-06, -3.3608178e-06, 9.13228087e-06, 1.00000012, -0.707135618, -0.707078159, 3.91208687e-06, 60 change(s)]
Chamber   MovingParts.CoreAntenna.SpecialCoreAntenna.FrontPiece.StructureDetail.Front.Plates.Plating ~(-48.6, 309.2, 33.7).CFrame = -48.6023064, 309.237183, 33.6945076, 0.70707804, 0.707135558, -8.84974907e-06, -3.38357086e-06, -9.13162967e-06, -1.00000012, -0.707135618, 0.70707798, -4.06413164e-06   [was -48.6023064, 309.237183, 33.6945076, 0.70707804, 0.707135558, -8.83412031e-06, -3.3608178e-06, -9.13227905e-06, -1.00000012, -0.707135618, 0.70707798, -4.08068081e-06, 60 change(s)]
Chamber   MovingParts.CoreAntenna.SpecialCoreAntenna.FrontPiece.StructureDetail.Front.Plates.Plating ~(-46.6, 309.2, 35.7).CFrame = -46.6222763, 309.237183, 35.6743393, 0.70707804, 0.707135558, -8.84974907e-06, -3.38357086e-06, -9.13162967e-06, -1.00000012, -0.707135618, 0.70707798, -4.06413164e-06   [was -46.6222763, 309.237183, 35.6743393, 0.70707804, 0.707135558, -8.83412031e-06, -3.3608178e-06, -9.13227905e-06, -1.00000012, -0.707135618, 0.70707798, -4.08068081e-06, 60 change(s)]
Chamber   MovingParts.CoreAntenna.SpecialCoreAntenna.FrontPiece.StructureDetail.Front.Plates.Part ~(-49.1, 305.6, 33.2).CFrame = -49.0707207, 305.561981, 33.226078, -0.707081676, -5.95099591e-05, -0.707131863, -8.80499065e-05, 1, 3.88640274e-06, 0.707131863, 6.50112561e-05, -0.707081676   [was -49.0707207, 305.561981, 33.226078, -0.707081676, -5.95255879e-05, -0.707131863, -8.80726584e-05, 1, 3.88705212e-06, 0.707131863, 6.50278016e-05, -0.707081676, 60 change(s)]
Chamber   MovingParts.CoreAntenna.SpecialCoreAntenna.FrontPiece.StructureDetail.Front.Plates.Plating ~(-47.6, 300.7, 34.7).CFrame = -47.5592766, 300.662201, 34.7374687, 0.70707804, -0.707135737, 9.01832937e-06, -3.38357086e-06, 9.13163149e-06, 1.00000012, -0.707135618, -0.707078159, 3.8955377e-06   [was -47.5592766, 300.662201, 34.7374687, 0.70707804, -0.707135737, 9.00270061e-06, -3.3608178e-06, 9.13228087e-06, 1.00000012, -0.707135618, -0.707078159, 3.91208687e-06, 60 change(s)]
Chamber   MovingParts.CoreAntenna.SpecialCoreAntenna.FrontPiece.StructureDetail.Front.Plates.Plating ~(-46.6, 297.0, 35.7).CFrame = -46.6223831, 296.987152, 35.6742935, 0.70707804, 0.707135558, -8.84974907e-06, -3.38357086e-06, -9.13162967e-06, -1.00000012, -0.707135618, 0.70707798, -4.06413164e-06   [was -46.6223831, 296.987152, 35.6742935, 0.70707804, 0.707135558, -8.83412031e-06, -3.3608178e-06, -9.13227905e-06, -1.00000012, -0.707135618, 0.70707798, -4.08068081e-06, 60 change(s)]
Chamber   MovingParts.CoreAntenna.SpecialCoreAntenna.FrontPiece.StructureDetail.Front.Plates.Plating ~(-49.0, 306.8, 33.3).CFrame = -49.0441933, 306.78717, 33.2525635, 0.70707804, -0.707135737, 9.01832937e-06, -3.38357086e-06, 9.13163149e-06, 1.00000012, -0.707135618, -0.707078159, 3.8955377e-06   [was -49.0441933, 306.78717, 33.2525635, 0.70707804, -0.707135737, 9.00270061e-06, -3.3608178e-06, 9.13228087e-06, 1.00000012, -0.707135618, -0.707078159, 3.91208687e-06, 60 change(s)]
Chamber   MovingParts.CoreAntenna.SpecialCoreAntenna.FrontPiece.StructureDetail.Front.Plates.Part ~(-49.1, 308.0, 33.2).CFrame = -49.0707474, 308.011963, 33.2260895, -0.707081676, -5.95099591e-05, -0.707131863, -8.80499065e-05, 1, 3.88640274e-06, 0.707131863, 6.50112561e-05, -0.707081676   [was -49.0707474, 308.011963, 33.2260895, -0.707081676, -5.95255879e-05, -0.707131863, -8.80726584e-05, 1, 3.88705212e-06, 0.707131863, 6.50278016e-05, -0.707081676, 60 change(s)]
Chamber   MovingParts.CoreAntenna.SpecialCoreAntenna.FrontPiece.StructureDetail.Front.Plates.Plating ~(-44.6, 299.4, 37.7).CFrame = -44.6423416, 299.437134, 37.6541023, 0.70707804, 0.707135558, -8.84974907e-06, -3.38357086e-06, -9.13162967e-06, -1.00000012, -0.707135618, 0.70707798, -4.06413164e-06   [was -44.6423416, 299.437134, 37.6541023, 0.70707804, 0.707135558, -8.83412031e-06, -3.3608178e-06, -9.13227905e-06, -1.00000012, -0.707135618, 0.70707798, -4.08068081e-06, 60 change(s)]
Chamber   MovingParts.CoreAntenna.SpecialCoreAntenna.FrontPiece.StructureDetail.Front.Plates.Plating ~(-47.1, 306.8, 35.2).CFrame = -47.0642281, 306.78714, 35.2323761, 0.70707804, -0.707135737, 9.01832937e-06, -3.38357086e-06, 9.13163149e-06, 1.00000012, -0.707135618, -0.707078159, 3.8955377e-06   [was -47.0642281, 306.78714, 35.2323761, 0.70707804, -0.707135737, 9.00270061e-06, -3.3608178e-06, 9.13228087e-06, 1.00000012, -0.707135618, -0.707078159, 3.91208687e-06, 60 change(s)]
Chamber   MovingParts.CoreAntenna.SpecialCoreAntenna.FrontPiece.StructureDetail.Front.Plates.Plating ~(-46.1, 297.0, 36.2).CFrame = -46.0743217, 296.987152, 36.2223244, 0.70707804, -0.707135737, 9.01832937e-06, -3.38357086e-06, 9.13163149e-06, 1.00000012, -0.707135618, -0.707078159, 3.8955377e-06   [was -46.0743217, 296.987152, 36.2223244, 0.70707804, -0.707135737, 9.00270061e-06, -3.3608178e-06, 9.13228087e-06, 1.00000012, -0.707135618, -0.707078159, 3.91208687e-06, 60 change(s)]
Chamber   MovingParts.CoreAntenna.SpecialCoreAntenna.FrontPiece.StructureDetail.Front.Plates.Part ~(-49.1, 307.5, 33.2).CFrame = -49.0707474, 307.487, 33.2260818, 0.707074285, 5.20967769e-05, -0.707139254, 1.7424768e-06, -1, -7.19306627e-05, -0.707139254, 4.96284702e-05, -0.707074285   [was -49.0707474, 307.487, 33.2260818, 0.707074285, 5.21124057e-05, -0.707139254, 1.76522985e-06, -1, -7.19300151e-05, -0.707139254, 4.96119246e-05, -0.707074285, 60 change(s)]
Chamber   MovingParts.CoreAntenna.SpecialCoreAntenna.FrontPiece.StructureDetail.Front.Plates.Plating ~(-45.6, 299.4, 36.7).CFrame = -45.6323662, 299.437164, 36.664238, 0.70707804, 0.707135558, -8.84974907e-06, -3.38357086e-06, -9.13162967e-06, -1.00000012, -0.707135618, 0.70707798, -4.06413164e-06   [was -45.6323662, 299.437164, 36.664238, 0.70707804, 0.707135558, -8.83412031e-06, -3.3608178e-06, -9.13227905e-06, -1.00000012, -0.707135618, 0.70707798, -4.08068081e-06, 60 change(s)]
Chamber   MovingParts.CoreAntenna.SpecialCoreAntenna.FrontPiece.StructureDetail.Front.Plates.Plating ~(-45.6, 298.2, 36.7).CFrame = -45.5793037, 298.212189, 36.7172432, 0.70707804, -0.707135737, 9.01832937e-06, -3.38357086e-06, 9.13163149e-06, 1.00000012, -0.707135618, -0.707078159, 3.8955377e-06   [was -45.5793037, 298.212189, 36.7172432, 0.70707804, -0.707135737, 9.00270061e-06, -3.3608178e-06, 9.13228087e-06, 1.00000012, -0.707135618, -0.707078159, 3.91208687e-06, 60 change(s)]
Chamber   MovingParts.CoreAntenna.SpecialCoreAntenna.FrontPiece.StructureDetail.Front.Plates.Plating ~(-46.1, 298.2, 36.2).CFrame = -46.1273651, 298.212158, 36.1692543, 0.70707804, 0.707135558, -8.84974907e-06, -3.38357086e-06, -9.13162967e-06, -1.00000012, -0.707135618, 0.70707798, -4.06413164e-06   [was -46.1273651, 298.212158, 36.1692543, 0.70707804, 0.707135558, -8.83412031e-06, -3.3608178e-06, -9.13227905e-06, -1.00000012, -0.707135618, 0.70707798, -4.08068081e-06, 60 change(s)]
Chamber   MovingParts.CoreAntenna.SpecialCoreAntenna.FrontPiece.StructureDetail.Front.Plates.Plating ~(-48.5, 305.6, 33.7).CFrame = -48.549202, 305.562164, 33.7475243, 0.70707804, -0.707135737, 9.01832937e-06, -3.38357086e-06, 9.13163149e-06, 1.00000012, -0.707135618, -0.707078159, 3.8955377e-06   [was -48.549202, 305.562164, 33.7475243, 0.70707804, -0.707135737, 9.00270061e-06, -3.3608178e-06, 9.13228087e-06, 1.00000012, -0.707135618, -0.707078159, 3.91208687e-06, 60 change(s)]
Chamber   MovingParts.CoreAntenna.SpecialCoreAntenna.FrontPiece.StructureDetail.Front.Plates.Plating ~(-48.5, 300.7, 33.7).CFrame = -48.5492859, 300.662201, 33.7475433, 0.70707804, -0.707135737, 9.01832937e-06, -3.38357086e-06, 9.13163149e-06, 1.00000012, -0.707135618, -0.707078159, 3.8955377e-06   [was -48.5492859, 300.662201, 33.7475433, 0.70707804, -0.707135737, 9.00270061e-06, -3.3608178e-06, 9.13228087e-06, 1.00000012, -0.707135618, -0.707078159, 3.91208687e-06, 60 change(s)]
Chamber   MovingParts.CoreAntenna.SpecialCoreAntenna.FrontPiece.StructureDetail.Front.Plates.Plating ~(-44.6, 303.1, 37.7).CFrame = -44.5892487, 303.112152, 37.7071877, 0.70707804, -0.707135737, 9.01832937e-06, -3.38357086e-06, 9.13163149e-06, 1.00000012, -0.707135618, -0.707078159, 3.8955377e-06   [was -44.5892487, 303.112152, 37.7071877, 0.70707804, -0.707135737, 9.00270061e-06, -3.3608178e-06, 9.13228087e-06, 1.00000012, -0.707135618, -0.707078159, 3.91208687e-06, 60 change(s)]
Chamber   MovingParts.CoreAntenna.SpecialCoreAntenna.FrontPiece.StructureDetail.Front.Plates.Part ~(-43.6, 308.5, 38.7).CFrame = -43.6257172, 308.536865, 38.6707039, 0.707142711, 1.51619315e-06, 0.707070827, 1.74159322e-06, 1, -3.88610033e-06, -0.707070827, 3.98013617e-06, 0.707142711   [was -43.6257172, 308.536865, 38.6707039, 0.707142711, 1.50056439e-06, 0.707070827, 1.76434582e-06, 1, -3.88675153e-06, -0.707070827, 3.99668534e-06, 0.707142711, 60 change(s)]
Chamber   MovingParts.CoreAntenna.SpecialCoreAntenna.FrontPiece.StructureDetail.Front.Plates.Plating ~(-47.6, 305.6, 34.7).CFrame = -47.5592194, 305.562164, 34.7374306, 0.70707804, -0.707135737, 9.01832937e-06, -3.38357086e-06, 9.13163149e-06, 1.00000012, -0.707135618, -0.707078159, 3.8955377e-06   [was -47.5592194, 305.562164, 34.7374306, 0.70707804, -0.707135737, 9.00270061e-06, -3.3608178e-06, 9.13228087e-06, 1.00000012, -0.707135618, -0.707078159, 3.91208687e-06, 60 change(s)]
Chamber   MovingParts.CoreAntenna.SpecialCoreAntenna.FrontPiece.StructureDetail.Front.Plates.Plating ~(-47.6, 306.8, 34.7).CFrame = -47.6122513, 306.78717, 34.6843948, 0.70707804, 0.707135558, -8.84974907e-06, -3.38357086e-06, -9.13162967e-06, -1.00000012, -0.707135618, 0.70707798, -4.06413164e-06   [was -47.6122513, 306.78717, 34.6843948, 0.70707804, 0.707135558, -8.83412031e-06, -3.3608178e-06, -9.13227905e-06, -1.00000012, -0.707135618, 0.70707798, -4.08068081e-06, 60 change(s)]
Chamber   MovingParts.CoreAntenna.SpecialCoreAntenna.FrontPiece.StructureDetail.Front.Plates.Part ~(-49.1, 308.5, 33.2).CFrame = -49.070713, 308.536987, 33.2261047, -0.707074285, -5.20967769e-05, -0.707139254, -1.7424768e-06, 1, -7.19306627e-05, 0.707139254, -4.96284702e-05, -0.707074285   [was -49.070713, 308.536987, 33.2261047, -0.707074285, -5.21124057e-05, -0.707139254, -1.76522985e-06, 1, -7.19300151e-05, 0.707139254, -4.96119246e-05, -0.707074285, 60 change(s)]
Chamber   MovingParts.CoreAntenna.SpecialCoreAntenna.FrontPiece.StructureDetail.Front.Plates.Plating ~(-45.6, 308.0, 36.7).CFrame = -45.5792427, 308.012115, 36.7172661, 0.70707804, -0.707135737, 9.01832937e-06, -3.38357086e-06, 9.13163149e-06, 1.00000012, -0.707135618, -0.707078159, 3.8955377e-06   [was -45.5792427, 308.012115, 36.7172661, 0.70707804, -0.707135737, 9.00270061e-06, -3.3608178e-06, 9.13228087e-06, 1.00000012, -0.707135618, -0.707078159, 3.91208687e-06, 60 change(s)]
Chamber   MovingParts.CoreAntenna.SpecialCoreAntenna.FrontPiece.StructureDetail.Front.Plates.Part ~(-43.6, 307.5, 38.7).CFrame = -43.6257515, 307.486877, 38.670681, -0.707142711, -1.51619315e-06, 0.707070827, -1.74159322e-06, -1, -3.88610033e-06, 0.707070827, -3.98013617e-06, 0.707142711   [was -43.6257515, 307.486877, 38.670681, -0.707142711, -1.50056439e-06, 0.707070827, -1.76434582e-06, -1, -3.88675153e-06, 0.707070827, -3.99668534e-06, 0.707142711, 60 change(s)]
Chamber   MovingParts.CoreAntenna.SpecialCoreAntenna.FrontPiece.StructureDetail.Front.Plates.Plating ~(-45.1, 297.0, 37.2).CFrame = -45.0843391, 296.987183, 37.2121887, 0.70707804, -0.707135737, 9.01832937e-06, -3.38357086e-06, 9.13163149e-06, 1.00000012, -0.707135618, -0.707078159, 3.8955377e-06   [was -45.0843391, 296.987183, 37.2121887, 0.70707804, -0.707135737, 9.00270061e-06, -3.3608178e-06, 9.13228087e-06, 1.00000012, -0.707135618, -0.707078159, 3.91208687e-06, 60 change(s)]
Chamber   MovingParts.CoreAntenna.SpecialCoreAntenna.FrontPiece.StructureDetail.Front.Plates.Plating ~(-46.1, 304.3, 36.2).CFrame = -46.0742455, 304.337158, 36.2222977, 0.70707804, -0.707135737, 9.01832937e-06, -3.38357086e-06, 9.13163149e-06, 1.00000012, -0.707135618, -0.707078159, 3.8955377e-06   [was -46.0742455, 304.337158, 36.2222977, 0.70707804, -0.707135737, 9.00270061e-06, -3.3608178e-06, 9.13228087e-06, 1.00000012, -0.707135618, -0.707078159, 3.91208687e-06, 60 change(s)]
Chamber   MovingParts.CoreAntenna.SpecialCoreAntenna.FrontPiece.StructureDetail.Front.Plates.Plating ~(-44.1, 308.0, 38.1).CFrame = -44.1472816, 308.012115, 38.1490784, 0.70707804, 0.707135558, -8.84974907e-06, -3.38357086e-06, -9.13162967e-06, -1.00000012, -0.707135618, 0.70707798, -4.06413164e-06   [was -44.1472816, 308.012115, 38.1490784, 0.70707804, 0.707135558, -8.83412031e-06, -3.3608178e-06, -9.13227905e-06, -1.00000012, -0.707135618, 0.70707798, -4.08068081e-06, 60 change(s)]
Chamber   MovingParts.CoreAntenna.SpecialCoreAntenna.FrontPiece.StructureDetail.Front.Plates.Plating ~(-45.1, 301.9, 37.2).CFrame = -45.0842972, 301.887146, 37.2122078, 0.70707804, -0.707135737, 9.01832937e-06, -3.38357086e-06, 9.13163149e-06, 1.00000012, -0.707135618, -0.707078159, 3.8955377e-06   [was -45.0842972, 301.887146, 37.2122078, 0.70707804, -0.707135737, 9.00270061e-06, -3.3608178e-06, 9.13228087e-06, 1.00000012, -0.707135618, -0.707078159, 3.91208687e-06, 60 change(s)]
Chamber   MovingParts.CoreAntenna.SpecialCoreAntenna.FrontPiece.StructureDetail.Front.Plates.Plating ~(-45.6, 303.1, 36.7).CFrame = -45.5792732, 303.112152, 36.7172356, 0.70707804, -0.707135737, 9.01832937e-06, -3.38357086e-06, 9.13163149e-06, 1.00000012, -0.707135618, -0.707078159, 3.8955377e-06   [was -45.5792732, 303.112152, 36.7172356, 0.70707804, -0.707135737, 9.00270061e-06, -3.3608178e-06, 9.13228087e-06, 1.00000012, -0.707135618, -0.707078159, 3.91208687e-06, 60 change(s)]
Chamber   MovingParts.CoreAntenna.SpecialCoreAntenna.FrontPiece.StructureDetail.Front.Plates.Part ~(-43.6, 308.0, 38.7).CFrame = -43.6257439, 308.011902, 38.670681, -0.707081676, -6.25473112e-05, 0.707131863, -1.7423813e-06, -1, -9.01939275e-05, 0.707131863, -6.50062866e-05, 0.707081676   [was -43.6257477, 308.011902, 38.670681, -0.707081676, -6.25316825e-05, 0.707131863, -1.76513436e-06, -1, -9.0194575e-05, 0.707131863, -6.50228321e-05, 0.707081676, 60 change(s)]
Chamber   MovingParts.CoreAntenna.SpecialCoreAntenna.FrontPiece.StructureDetail.Front.Plates.Plating ~(-43.7, 297.0, 38.6).CFrame = -43.6523857, 296.987152, 38.6440048, 0.70707804, 0.707135558, -8.84974907e-06, -3.38357086e-06, -9.13162967e-06, -1.00000012, -0.707135618, 0.70707798, -4.06413164e-06   [was -43.6523857, 296.987152, 38.6440048, 0.70707804, 0.707135558, -8.83412031e-06, -3.3608178e-06, -9.13227905e-06, -1.00000012, -0.707135618, 0.70707798, -4.08068081e-06, 60 change(s)]
Chamber   MovingParts.CoreAntenna.SpecialCoreAntenna.FrontPiece.StructureDetail.Front.Plates.Plating ~(-47.6, 308.0, 34.7).CFrame = -47.5591965, 308.012177, 34.737442, 0.70707804, -0.707135737, 9.01832937e-06, -3.38357086e-06, 9.13163149e-06, 1.00000012, -0.707135618, -0.707078159, 3.8955377e-06   [was -47.5591965, 308.012177, 34.737442, 0.70707804, -0.707135737, 9.00270061e-06, -3.3608178e-06, 9.13228087e-06, 1.00000012, -0.707135618, -0.707078159, 3.91208687e-06, 60 change(s)]
Chamber   MovingParts.CoreAntenna.SpecialCoreAntenna.FrontPiece.StructureDetail.Front.Plates.Plating ~(-46.1, 303.1, 36.2).CFrame = -46.127327, 303.112183, 36.169281, 0.70707804, 0.707135558, -8.84974907e-06, -3.38357086e-06, -9.13162967e-06, -1.00000012, -0.707135618, 0.70707798, -4.06413164e-06   [was -46.127327, 303.112183, 36.169281, 0.70707804, 0.707135558, -8.83412031e-06, -3.3608178e-06, -9.13227905e-06, -1.00000012, -0.707135618, 0.70707798, -4.08068081e-06, 60 change(s)]
Chamber   MovingParts.CoreAntenna.SpecialCoreAntenna.FrontPiece.StructureDetail.Front.Plates.Part ~(-43.6, 305.6, 38.7).CFrame = -43.6257401, 305.561859, 38.6706886, -0.707081676, -6.25473112e-05, 0.707131863, -1.7423813e-06, -1, -9.01939275e-05, 0.707131863, -6.50062866e-05, 0.707081676   [was -43.6257401, 305.561859, 38.6706886, -0.707081676, -6.25316825e-05, 0.707131863, -1.76513436e-06, -1, -9.0194575e-05, 0.707131863, -6.50228321e-05, 0.707081676, 60 change(s)]
Chamber   MovingParts.CoreAntenna.SpecialCoreAntenna.FrontPiece.StructureDetail.Front.Plates.Plating ~(-44.1, 306.8, 38.2).CFrame = -44.0942345, 306.787109, 38.2021446, 0.70707804, -0.707135737, 9.01832937e-06, -3.38357086e-06, 9.13163149e-06, 1.00000012, -0.707135618, -0.707078159, 3.8955377e-06   [was -44.0942345, 306.787109, 38.2021446, 0.70707804, -0.707135737, 9.00270061e-06, -3.3608178e-06, 9.13228087e-06, 1.00000012, -0.707135618, -0.707078159, 3.91208687e-06, 60 change(s)]
Chamber   MovingParts.CoreAntenna.SpecialCoreAntenna.FrontPiece.StructureDetail.Front.Plates.Plating ~(-44.6, 305.6, 37.7).CFrame = -44.5892372, 305.562103, 37.7072067, 0.70707804, -0.707135737, 9.01832937e-06, -3.38357086e-06, 9.13163149e-06, 1.00000012, -0.707135618, -0.707078159, 3.8955377e-06   [was -44.5892372, 305.562103, 37.7072067, 0.70707804, -0.707135737, 9.00270061e-06, -3.3608178e-06, 9.13228087e-06, 1.00000012, -0.707135618, -0.707078159, 3.91208687e-06, 60 change(s)]
Chamber   MovingParts.CoreAntenna.SpecialCoreAntenna.FrontPiece.StructureDetail.Front.Plates.Plating ~(-46.6, 300.7, 35.7).CFrame = -46.5692978, 300.66217, 35.7273827, 0.70707804, -0.707135737, 9.01832937e-06, -3.38357086e-06, 9.13163149e-06, 1.00000012, -0.707135618, -0.707078159, 3.8955377e-06   [was -46.5692978, 300.66217, 35.7273827, 0.70707804, -0.707135737, 9.00270061e-06, -3.3608178e-06, 9.13228087e-06, 1.00000012, -0.707135618, -0.707078159, 3.91208687e-06, 60 change(s)]
Chamber   MovingParts.CoreAntenna.SpecialCoreAntenna.FrontPiece.StructureDetail.Front.Plates.Plating ~(-47.1, 303.1, 35.2).CFrame = -47.1173172, 303.112183, 35.1793785, 0.70707804, 0.707135558, -8.84974907e-06, -3.38357086e-06, -9.13162967e-06, -1.00000012, -0.707135618, 0.70707798, -4.06413164e-06   [was -47.1173172, 303.112183, 35.1793785, 0.70707804, 0.707135558, -8.83412031e-06, -3.3608178e-06, -9.13227905e-06, -1.00000012, -0.707135618, 0.70707798, -4.08068081e-06, 60 change(s)]
Chamber   MovingParts.CoreAntenna.SpecialCoreAntenna.FrontPiece.StructureDetail.Front.Plates.Plating ~(-44.1, 305.6, 38.1).CFrame = -44.1473007, 305.562103, 38.1490669, 0.70707804, 0.707135558, -8.84974907e-06, -3.38357086e-06, -9.13162967e-06, -1.00000012, -0.707135618, 0.70707798, -4.06413164e-06   [was -44.1473007, 305.562103, 38.1490669, 0.70707804, 0.707135558, -8.83412031e-06, -3.3608178e-06, -9.13227905e-06, -1.00000012, -0.707135618, 0.70707798, -4.08068081e-06, 60 change(s)]
Chamber   MovingParts.CoreAntenna.SpecialCoreAntenna.FrontPiece.StructureDetail.Front.Plates.Part ~(-43.6, 306.1, 38.7).CFrame = -43.6257553, 306.086884, 38.6706696, 0.707142711, 1.51619315e-06, 0.707070827, 1.74159322e-06, 1, -3.88610033e-06, -0.707070827, 3.98013617e-06, 0.707142711   [was -43.6257553, 306.086884, 38.6706696, 0.707142711, 1.50056439e-06, 0.707070827, 1.76434582e-06, 1, -3.88675153e-06, -0.707070827, 3.99668534e-06, 0.707142711, 60 change(s)]
Chamber   MovingParts.CoreAntenna.SpecialCoreAntenna.FrontPiece.StructureDetail.Front.Plates.Part ~(-43.6, 298.7, 38.7).CFrame = -43.6258392, 298.736847, 38.6706543, 0.707142711, 1.51619315e-06, 0.707070827, 1.74159322e-06, 1, -3.88610033e-06, -0.707070827, 3.98013617e-06, 0.707142711   [was -43.6258392, 298.736847, 38.6706543, 0.707142711, 1.50056439e-06, 0.707070827, 1.76434582e-06, 1, -3.88675153e-06, -0.707070827, 3.99668534e-06, 0.707142711, 60 change(s)]
Chamber   MovingParts.CoreAntenna.SpecialCoreAntenna.FrontPiece.StructureDetail.Front.Plates.Plating ~(-47.6, 297.0, 34.7).CFrame = -47.612381, 296.987152, 34.6843987, 0.70707804, 0.707135558, -8.84974907e-06, -3.38357086e-06, -9.13162967e-06, -1.00000012, -0.707135618, 0.70707798, -4.06413164e-06   [was -47.612381, 296.987152, 34.6843987, 0.70707804, 0.707135558, -8.83412031e-06, -3.3608178e-06, -9.13227905e-06, -1.00000012, -0.707135618, 0.70707798, -4.08068081e-06, 60 change(s)]
Chamber   MovingParts.CoreAntenna.SpecialCoreAntenna.FrontPiece.StructureDetail.Front.Plates.Plating ~(-46.6, 305.6, 35.7).CFrame = -46.5692368, 305.562134, 35.7273407, 0.70707804, -0.707135737, 9.01832937e-06, -3.38357086e-06, 9.13163149e-06, 1.00000012, -0.707135618, -0.707078159, 3.8955377e-06   [was -46.5692368, 305.562134, 35.7273407, 0.70707804, -0.707135737, 9.00270061e-06, -3.3608178e-06, 9.13228087e-06, 1.00000012, -0.707135618, -0.707078159, 3.91208687e-06, 60 change(s)]
Chamber   MovingParts.CoreAntenna.SpecialCoreAntenna.FrontPiece.StructureDetail.Front.Plates.Plating ~(-48.1, 304.3, 34.2).CFrame = -48.0542183, 304.337189, 34.2424889, 0.70707804, -0.707135737, 9.01832937e-06, -3.38357086e-06, 9.13163149e-06, 1.00000012, -0.707135618, -0.707078159, 3.8955377e-06   [was -48.0542183, 304.337189, 34.2424889, 0.70707804, -0.707135737, 9.00270061e-06, -3.3608178e-06, 9.13228087e-06, 1.00000012, -0.707135618, -0.707078159, 3.91208687e-06, 60 change(s)]
Chamber   MovingParts.CoreAntenna.SpecialCoreAntenna.FrontPiece.StructureDetail.Front.Plates.Plating ~(-47.6, 301.9, 34.7).CFrame = -47.612339, 301.887207, 34.6844215, 0.70707804, 0.707135558, -8.84974907e-06, -3.38357086e-06, -9.13162967e-06, -1.00000012, -0.707135618, 0.70707798, -4.06413164e-06   [was -47.612339, 301.887207, 34.6844215, 0.70707804, 0.707135558, -8.83412031e-06, -3.3608178e-06, -9.13227905e-06, -1.00000012, -0.707135618, 0.70707798, -4.08068081e-06, 60 change(s)]
Chamber   MovingParts.CoreAntenna.SpecialCoreAntenna.FrontPiece.StructureDetail.Front.Plates.Plating ~(-49.0, 299.4, 33.3).CFrame = -49.044323, 299.437225, 33.2525558, 0.70707804, -0.707135737, 9.01832937e-06, -3.38357086e-06, 9.13163149e-06, 1.00000012, -0.707135618, -0.707078159, 3.8955377e-06   [was -49.044323, 299.437225, 33.2525558, 0.70707804, -0.707135737, 9.00270061e-06, -3.3608178e-06, 9.13228087e-06, 1.00000012, -0.707135618, -0.707078159, 3.91208687e-06, 60 change(s)]
Chamber   MovingParts.CoreAntenna.SpecialCoreAntenna.FrontPiece.StructureDetail.Front.Plates.Part ~(-43.6, 300.1, 38.7).CFrame = -43.6258163, 300.136871, 38.6706505, -0.707142711, -1.51619315e-06, 0.707070827, -1.74159322e-06, -1, -3.88610033e-06, 0.707070827, -3.98013617e-06, 0.707142711   [was -43.6258163, 300.136871, 38.6706505, -0.707142711, -1.50056439e-06, 0.707070827, -1.76434582e-06, -1, -3.88675153e-06, 0.707070827, -3.99668534e-06, 0.707142711, 60 change(s)]
Chamber   MovingParts.CoreAntenna.SpecialCoreAntenna.FrontPiece.StructureDetail.Front.Plates.Plating ~(-47.1, 300.7, 35.2).CFrame = -47.1173592, 300.662201, 35.179348, 0.70707804, 0.707135558, -8.84974907e-06, -3.38357086e-06, -9.13162967e-06, -1.00000012, -0.707135618, 0.70707798, -4.06413164e-06   [was -47.1173592, 300.662201, 35.179348, 0.70707804, 0.707135558, -8.83412031e-06, -3.3608178e-06, -9.13227905e-06, -1.00000012, -0.707135618, 0.70707798, -4.08068081e-06, 60 change(s)]
Chamber   MovingParts.CoreAntenna.SpecialCoreAntenna.FrontPiece.StructureDetail.Front.Plates.Plating ~(-46.6, 304.3, 35.7).CFrame = -46.6222954, 304.337158, 35.6742973, 0.70707804, 0.707135558, -8.84974907e-06, -3.38357086e-06, -9.13162967e-06, -1.00000012, -0.707135618, 0.70707798, -4.06413164e-06   [was -46.6222954, 304.337158, 35.6742973, 0.70707804, 0.707135558, -8.83412031e-06, -3.3608178e-06, -9.13227905e-06, -1.00000012, -0.707135618, 0.70707798, -4.08068081e-06, 60 change(s)]
Chamber   MovingParts.CoreAntenna.SpecialCoreAntenna.FrontPiece.StructureDetail.Front.Plates.Part ~(-43.6, 303.6, 38.7).CFrame = -43.625782, 303.636871, 38.6706619, 0.707142711, 1.51619315e-06, 0.707070827, 1.74159322e-06, 1, -3.88610033e-06, -0.707070827, 3.98013617e-06, 0.707142711   [was -43.625782, 303.636871, 38.6706619, 0.707142711, 1.50056439e-06, 0.707070827, 1.76434582e-06, 1, -3.88675153e-06, -0.707070827, 3.99668534e-06, 0.707142711, 60 change(s)]
Chamber   MovingParts.CoreAntenna.SpecialCoreAntenna.FrontPiece.StructureDetail.Front.Plates.Plating ~(-46.6, 301.9, 35.7).CFrame = -46.6223488, 301.887177, 35.6743202, 0.70707804, 0.707135558, -8.84974907e-06, -3.38357086e-06, -9.13162967e-06, -1.00000012, -0.707135618, 0.70707798, -4.06413164e-06   [was -46.6223488, 301.887177, 35.6743202, 0.70707804, 0.707135558, -8.83412031e-06, -3.3608178e-06, -9.13227905e-06, -1.00000012, -0.707135618, 0.70707798, -4.08068081e-06, 60 change(s)]
Chamber   MovingParts.CoreAntenna.SpecialCoreAntenna.FrontPiece.StructureDetail.Front.Plates.Plating ~(-47.6, 309.2, 34.7).CFrame = -47.612278, 309.237183, 34.6844559, 0.70707804, 0.707135558, -8.84974907e-06, -3.38357086e-06, -9.13162967e-06, -1.00000012, -0.707135618, 0.70707798, -4.06413164e-06   [was -47.612278, 309.237183, 34.6844559, 0.70707804, 0.707135558, -8.83412031e-06, -3.3608178e-06, -9.13227905e-06, -1.00000012, -0.707135618, 0.70707798, -4.08068081e-06, 60 change(s)]
Chamber   MovingParts.CoreAntenna.SpecialCoreAntenna.FrontPiece.StructureDetail.Front.Plates.Plating ~(-45.1, 300.7, 37.2).CFrame = -45.1373634, 300.66214, 37.1591301, 0.70707804, 0.707135558, -8.84974907e-06, -3.38357086e-06, -9.13162967e-06, -1.00000012, -0.707135618, 0.70707798, -4.06413164e-06   [was -45.1373634, 300.66214, 37.1591301, 0.70707804, 0.707135558, -8.83412031e-06, -3.3608178e-06, -9.13227905e-06, -1.00000012, -0.707135618, 0.70707798, -4.08068081e-06, 60 change(s)]
Chamber   MovingParts.CoreAntenna.SpecialCoreAntenna.FrontPiece.StructureDetail.Front.Plates.Plating ~(-47.1, 299.4, 35.2).CFrame = -47.0643349, 299.437195, 35.2323914, 0.70707804, -0.707135737, 9.01832937e-06, -3.38357086e-06, 9.13163149e-06, 1.00000012, -0.707135618, -0.707078159, 3.8955377e-06   [was -47.0643349, 299.437195, 35.2323914, 0.70707804, -0.707135737, 9.00270061e-06, -3.3608178e-06, 9.13228087e-06, 1.00000012, -0.707135618, -0.707078159, 3.91208687e-06, 60 change(s)]
Chamber   MovingParts.CoreAntenna.SpecialCoreAntenna.FrontPiece.StructureDetail.Front.Plates.Plating ~(-46.6, 308.0, 35.7).CFrame = -46.5692368, 308.012146, 35.7273254, 0.70707804, -0.707135737, 9.01832937e-06, -3.38357086e-06, 9.13163149e-06, 1.00000012, -0.707135618, -0.707078159, 3.8955377e-06   [was -46.5692368, 308.012146, 35.7273254, 0.70707804, -0.707135737, 9.00270061e-06, -3.3608178e-06, 9.13228087e-06, 1.00000012, -0.707135618, -0.707078159, 3.91208687e-06, 60 change(s)]
Chamber   MovingParts.CoreAntenna.SpecialCoreAntenna.FrontPiece.StructureDetail.Front.Plates.Plating ~(-45.1, 306.8, 37.2).CFrame = -45.0842323, 306.78714, 37.2122078, 0.70707804, -0.707135737, 9.01832937e-06, -3.38357086e-06, 9.13163149e-06, 1.00000012, -0.707135618, -0.707078159, 3.8955377e-06   [was -45.0842323, 306.78714, 37.2122078, 0.70707804, -0.707135737, 9.00270061e-06, -3.3608178e-06, 9.13228087e-06, 1.00000012, -0.707135618, -0.707078159, 3.91208687e-06, 60 change(s)]
Chamber   MovingParts.CoreAntenna.SpecialCoreAntenna.FrontPiece.StructureDetail.Front.Plates.Part ~(-43.6, 305.0, 38.7).CFrame = -43.6257782, 305.036865, 38.6706734, -0.707142711, -1.51619315e-06, 0.707070827, -1.74159322e-06, -1, -3.88610033e-06, 0.707070827, -3.98013617e-06, 0.707142711   [was -43.6257782, 305.036865, 38.6706734, -0.707142711, -1.50056439e-06, 0.707070827, -1.76434582e-06, -1, -3.88675153e-06, 0.707070827, -3.99668534e-06, 0.707142711, 60 change(s)]
Chamber   MovingParts.CoreAntenna.SpecialCoreAntenna.FrontPiece.StructureDetail.Front.Plates.Plating ~(-47.1, 298.2, 35.2).CFrame = -47.1173973, 298.212158, 35.1793518, 0.70707804, 0.707135558, -8.84974907e-06, -3.38357086e-06, -9.13162967e-06, -1.00000012, -0.707135618, 0.70707798, -4.06413164e-06   [was -47.1173973, 298.212158, 35.1793518, 0.70707804, 0.707135558, -8.83412031e-06, -3.3608178e-06, -9.13227905e-06, -1.00000012, -0.707135618, 0.70707798, -4.08068081e-06, 60 change(s)]
Chamber   MovingParts.CoreAntenna.SpecialCoreAntenna.FrontPiece.StructureDetail.Front.Plates.Plating ~(-45.1, 308.0, 37.2).CFrame = -45.1372948, 308.012115, 37.1591568, 0.70707804, 0.707135558, -8.84974907e-06, -3.38357086e-06, -9.13162967e-06, -1.00000012, -0.707135618, 0.70707798, -4.06413164e-06   [was -45.1372948, 308.012115, 37.1591568, 0.70707804, 0.707135558, -8.83412031e-06, -3.3608178e-06, -9.13227905e-06, -1.00000012, -0.707135618, 0.70707798, -4.08068081e-06, 60 change(s)]
Chamber   MovingParts.CoreAntenna.SpecialCoreAntenna.FrontPiece.StructureDetail.Front.Plates.Plating ~(-46.1, 309.2, 36.2).CFrame = -46.0742188, 309.237152, 36.2223778, 0.70707804, -0.707135737, 9.01832937e-06, -3.38357086e-06, 9.13163149e-06, 1.00000012, -0.707135618, -0.707078159, 3.8955377e-06   [was -46.0742188, 309.237152, 36.2223778, 0.70707804, -0.707135737, 9.00270061e-06, -3.3608178e-06, 9.13228087e-06, 1.00000012, -0.707135618, -0.707078159, 3.91208687e-06, 60 change(s)]
Chamber   MovingParts.CoreAntenna.SpecialCoreAntenna.FrontPiece.StructureDetail.Front.Plates.Plating ~(-45.6, 305.6, 36.7).CFrame = -45.5792198, 305.562134, 36.7172585, 0.70707804, -0.707135737, 9.01832937e-06, -3.38357086e-06, 9.13163149e-06, 1.00000012, -0.707135618, -0.707078159, 3.8955377e-06   [was -45.5792236, 305.562134, 36.7172585, 0.70707804, -0.707135737, 9.00270061e-06, -3.3608178e-06, 9.13228087e-06, 1.00000012, -0.707135618, -0.707078159, 3.91208687e-06, 60 change(s)]
Chamber   MovingParts.CoreAntenna.SpecialCoreAntenna.FrontPiece.StructureDetail.Front.Plates.Plating ~(-48.1, 298.2, 34.2).CFrame = -48.1073608, 298.212189, 34.1894302, 0.70707804, 0.707135558, -8.84974907e-06, -3.38357086e-06, -9.13162967e-06, -1.00000012, -0.707135618, 0.70707798, -4.06413164e-06   [was -48.1073608, 298.212189, 34.1894302, 0.70707804, 0.707135558, -8.83412031e-06, -3.3608178e-06, -9.13227905e-06, -1.00000012, -0.707135618, 0.70707798, -4.08068081e-06, 60 change(s)]
Chamber   MovingParts.CoreAntenna.SpecialCoreAntenna.FrontPiece.StructureDetail.Front.Plates.Plating ~(-44.1, 300.7, 38.1).CFrame = -44.1473541, 300.66214, 38.1490593, 0.70707804, 0.707135558, -8.84974907e-06, -3.38357086e-06, -9.13162967e-06, -1.00000012, -0.707135618, 0.70707798, -4.06413164e-06   [was -44.1473541, 300.66214, 38.1490593, 0.70707804, 0.707135558, -8.83412031e-06, -3.3608178e-06, -9.13227905e-06, -1.00000012, -0.707135618, 0.70707798, -4.08068081e-06, 60 change(s)]
Chamber   MovingParts.CoreAntenna.SpecialCoreAntenna.FrontPiece.StructureDetail.Front.Plates.Plating ~(-44.6, 298.2, 37.7).CFrame = -44.5892982, 298.212158, 37.7071724, 0.70707804, -0.707135737, 9.01832937e-06, -3.38357086e-06, 9.13163149e-06, 1.00000012, -0.707135618, -0.707078159, 3.8955377e-06   [was -44.5892982, 298.212158, 37.7071724, 0.70707804, -0.707135737, 9.00270061e-06, -3.3608178e-06, 9.13228087e-06, 1.00000012, -0.707135618, -0.707078159, 3.91208687e-06, 60 change(s)]
Chamber   MovingParts.CoreAntenna.SpecialCoreAntenna.FrontPiece.StructureDetail.Front.Plates.Plating ~(-46.1, 305.6, 36.2).CFrame = -46.1272736, 305.562134, 36.1692581, 0.70707804, 0.707135558, -8.84974907e-06, -3.38357086e-06, -9.13162967e-06, -1.00000012, -0.707135618, 0.70707798, -4.06413164e-06   [was -46.1272736, 305.562134, 36.1692581, 0.70707804, 0.707135558, -8.83412031e-06, -3.3608178e-06, -9.13227905e-06, -1.00000012, -0.707135618, 0.70707798, -4.08068081e-06, 60 change(s)]
Chamber   MovingParts.CoreAntenna.SpecialCoreAntenna.FrontPiece.StructureDetail.Front.Plates.Plating ~(-47.6, 299.4, 34.7).CFrame = -47.612381, 299.437195, 34.6843872, 0.70707804, 0.707135558, -8.84974907e-06, -3.38357086e-06, -9.13162967e-06, -1.00000012, -0.707135618, 0.70707798, -4.06413164e-06   [was -47.612381, 299.437195, 34.6843872, 0.70707804, 0.707135558, -8.83412031e-06, -3.3608178e-06, -9.13227905e-06, -1.00000012, -0.707135618, 0.70707798, -4.08068081e-06, 60 change(s)]
Chamber   MovingParts.CoreAntenna.SpecialCoreAntenna.FrontPiece.StructureDetail.Front.Plates.Plating ~(-44.1, 301.9, 38.2).CFrame = -44.0943031, 301.887115, 38.2021484, 0.70707804, -0.707135737, 9.01832937e-06, -3.38357086e-06, 9.13163149e-06, 1.00000012, -0.707135618, -0.707078159, 3.8955377e-06   [was -44.0943031, 301.887115, 38.2021484, 0.70707804, -0.707135737, 9.00270061e-06, -3.3608178e-06, 9.13228087e-06, 1.00000012, -0.707135618, -0.707078159, 3.91208687e-06, 60 change(s)]
Chamber   MovingParts.CoreAntenna.SpecialCoreAntenna.FrontPiece.StructureDetail.Front.Plates.Plating ~(-44.1, 299.4, 38.2).CFrame = -44.0942955, 299.437134, 38.2021103, 0.70707804, -0.707135737, 9.01832937e-06, -3.38357086e-06, 9.13163149e-06, 1.00000012, -0.707135618, -0.707078159, 3.8955377e-06   [was -44.0942955, 299.437134, 38.2021103, 0.70707804, -0.707135737, 9.00270061e-06, -3.3608178e-06, 9.13228087e-06, 1.00000012, -0.707135618, -0.707078159, 3.91208687e-06, 60 change(s)]
Chamber   MovingParts.CoreAntenna.SpecialCoreAntenna.FrontPiece.StructureDetail.Front.Plates.Part ~(-43.6, 300.7, 38.7).CFrame = -43.6258163, 300.661896, 38.6706581, -0.707081676, -6.25473112e-05, 0.707131863, -1.7423813e-06, -1, -9.01939275e-05, 0.707131863, -6.50062866e-05, 0.707081676   [was -43.6258163, 300.661896, 38.6706581, -0.707081676, -6.25316825e-05, 0.707131863, -1.76513436e-06, -1, -9.0194575e-05, 0.707131863, -6.50228321e-05, 0.707081676, 60 change(s)]
Chamber   MovingParts.CoreAntenna.SpecialCoreAntenna.FrontPiece.StructureDetail.Front.Plates.Plating ~(-46.1, 306.8, 36.2).CFrame = -46.0742188, 306.78714, 36.2223015, 0.70707804, -0.707135737, 9.01832937e-06, -3.38357086e-06, 9.13163149e-06, 1.00000012, -0.707135618, -0.707078159, 3.8955377e-06   [was -46.0742188, 306.78714, 36.2223015, 0.70707804, -0.707135737, 9.00270061e-06, -3.3608178e-06, 9.13228087e-06, 1.00000012, -0.707135618, -0.707078159, 3.91208687e-06, 60 change(s)]
Chamber   MovingParts.CoreAntenna.SpecialCoreAntenna.FrontPiece.StructureDetail.Front.Plates.Plating ~(-48.6, 301.9, 33.7).CFrame = -48.6023712, 301.887207, 33.6944733, 0.70707804, 0.707135558, -8.84974907e-06, -3.38357086e-06, -9.13162967e-06, -1.00000012, -0.707135618, 0.70707798, -4.06413164e-06   [was -48.6023712, 301.887207, 33.6944733, 0.70707804, 0.707135558, -8.83412031e-06, -3.3608178e-06, -9.13227905e-06, -1.00000012, -0.707135618, 0.70707798, -4.08068081e-06, 60 change(s)]
Chamber   MovingParts.CoreAntenna.SpecialCoreAntenna.FrontPiece.StructureDetail.Front.Plates.Plating ~(-45.1, 309.2, 37.2).CFrame = -45.0842209, 309.237183, 37.2122269, 0.70707804, -0.707135737, 9.01832937e-06, -3.38357086e-06, 9.13163149e-06, 1.00000012, -0.707135618, -0.707078159, 3.8955377e-06   [was -45.0842209, 309.237183, 37.2122269, 0.70707804, -0.707135737, 9.00270061e-06, -3.3608178e-06, 9.13228087e-06, 1.00000012, -0.707135618, -0.707078159, 3.91208687e-06, 60 change(s)]
Chamber   MovingParts.CoreAntenna.SpecialCoreAntenna.FrontPiece.StructureDetail.Front.Plates.Plating ~(-48.1, 303.1, 34.2).CFrame = -48.1072884, 303.112183, 34.1894188, 0.70707804, 0.707135558, -8.84974907e-06, -3.38357086e-06, -9.13162967e-06, -1.00000012, -0.707135618, 0.70707798, -4.06413164e-06   [was -48.1072884, 303.112183, 34.1894188, 0.70707804, 0.707135558, -8.83412031e-06, -3.3608178e-06, -9.13227905e-06, -1.00000012, -0.707135618, 0.70707798, -4.08068081e-06, 60 change(s)]
Chamber   MovingParts.CoreAntenna.SpecialCoreAntenna.FrontPiece.StructureDetail.Front.Plates.Plating ~(-49.0, 309.2, 33.3).CFrame = -49.0442314, 309.237183, 33.2525902, 0.70707804, -0.707135737, 9.01832937e-06, -3.38357086e-06, 9.13163149e-06, 1.00000012, -0.707135618, -0.707078159, 3.8955377e-06   [was -49.0442314, 309.237183, 33.2525902, 0.70707804, -0.707135737, 9.00270061e-06, -3.3608178e-06, 9.13228087e-06, 1.00000012, -0.707135618, -0.707078159, 3.91208687e-06, 60 change(s)]
Chamber   MovingParts.CoreAntenna.SpecialCoreAntenna.FrontPiece.StructureDetail.Front.Plates.Plating ~(-47.1, 309.2, 35.2).CFrame = -47.0642319, 309.237152, 35.2324562, 0.70707804, -0.707135737, 9.01832937e-06, -3.38357086e-06, 9.13163149e-06, 1.00000012, -0.707135618, -0.707078159, 3.8955377e-06   [was -47.0642319, 309.237152, 35.2324562, 0.70707804, -0.707135737, 9.00270061e-06, -3.3608178e-06, 9.13228087e-06, 1.00000012, -0.707135618, -0.707078159, 3.91208687e-06, 60 change(s)]
Chamber   MovingParts.CoreAntenna.SpecialCoreAntenna.FrontPiece.StructureDetail.Front.Plates.Part ~(-43.6, 301.2, 38.7).CFrame = -43.6258049, 301.186859, 38.6706505, 0.707142711, 1.51619315e-06, 0.707070827, 1.74159322e-06, 1, -3.88610033e-06, -0.707070827, 3.98013617e-06, 0.707142711   [was -43.6258049, 301.186859, 38.6706505, 0.707142711, 1.50056439e-06, 0.707070827, 1.76434582e-06, 1, -3.88675153e-06, -0.707070827, 3.99668534e-06, 0.707142711, 60 change(s)]
Chamber   MovingParts.CoreAntenna.SpecialCoreAntenna.FrontPiece.StructureDetail.Front.Plates.Plating ~(-44.1, 309.2, 38.2).CFrame = -44.0942192, 309.237183, 38.2021599, 0.70707804, -0.707135737, 9.01832937e-06, -3.38357086e-06, 9.13163149e-06, 1.00000012, -0.707135618, -0.707078159, 3.8955377e-06   [was -44.0942192, 309.237183, 38.2021599, 0.70707804, -0.707135737, 9.00270061e-06, -3.3608178e-06, 9.13228087e-06, 1.00000012, -0.707135618, -0.707078159, 3.91208687e-06, 60 change(s)]
Chamber   MovingParts.CoreAntenna.SpecialCoreAntenna.FrontPiece.StructureDetail.Front.Plates.Plating ~(-49.0, 304.3, 33.3).CFrame = -49.0442467, 304.337189, 33.2525406, 0.70707804, -0.707135737, 9.01832937e-06, -3.38357086e-06, 9.13163149e-06, 1.00000012, -0.707135618, -0.707078159, 3.8955377e-06   [was -49.0442467, 304.337189, 33.2525406, 0.70707804, -0.707135737, 9.00270061e-06, -3.3608178e-06, 9.13228087e-06, 1.00000012, -0.707135618, -0.707078159, 3.91208687e-06, 60 change(s)]
Chamber   MovingParts.CoreAntenna.SpecialCoreAntenna.FrontPiece.StructureDetail.Front.Plates.Plating ~(-46.6, 303.1, 35.7).CFrame = -46.5692711, 303.112183, 35.7273865, 0.70707804, -0.707135737, 9.01832937e-06, -3.38357086e-06, 9.13163149e-06, 1.00000012, -0.707135618, -0.707078159, 3.8955377e-06   [was -46.5692711, 303.112183, 35.7273865, 0.70707804, -0.707135737, 9.00270061e-06, -3.3608178e-06, 9.13228087e-06, 1.00000012, -0.707135618, -0.707078159, 3.91208687e-06, 60 change(s)]
Chamber   MovingParts.CoreAntenna.SpecialCoreAntenna.FrontPiece.StructureDetail.Front.Plates.Plating ~(-47.1, 297.0, 35.2).CFrame = -47.0643425, 296.987152, 35.2324104, 0.70707804, -0.707135737, 9.01832937e-06, -3.38357086e-06, 9.13163149e-06, 1.00000012, -0.707135618, -0.707078159, 3.8955377e-06   [was -47.0643425, 296.987152, 35.2324104, 0.70707804, -0.707135737, 9.00270061e-06, -3.3608178e-06, 9.13228087e-06, 1.00000012, -0.707135618, -0.707078159, 3.91208687e-06, 60 change(s)]
Chamber   MovingParts.CoreAntenna.SpecialCoreAntenna.FrontPiece.StructureDetail.Front.Plates.Plating ~(-46.6, 298.2, 35.7).CFrame = -46.5693359, 298.212189, 35.7273865, 0.70707804, -0.707135737, 9.01832937e-06, -3.38357086e-06, 9.13163149e-06, 1.00000012, -0.707135618, -0.707078159, 3.8955377e-06   [was -46.5693359, 298.212189, 35.7273865, 0.70707804, -0.707135737, 9.00270061e-06, -3.3608178e-06, 9.13228087e-06, 1.00000012, -0.707135618, -0.707078159, 3.91208687e-06, 60 change(s)]
Chamber   MovingParts.CoreAntenna.SpecialCoreAntenna.FrontPiece.StructureDetail.Front.Plates.Plating ~(-46.1, 308.0, 36.2).CFrame = -46.1272774, 308.012146, 36.1692505, 0.70707804, 0.707135558, -8.84974907e-06, -3.38357086e-06, -9.13162967e-06, -1.00000012, -0.707135618, 0.70707798, -4.06413164e-06   [was -46.1272774, 308.012146, 36.1692505, 0.70707804, 0.707135558, -8.83412031e-06, -3.3608178e-06, -9.13227905e-06, -1.00000012, -0.707135618, 0.70707798, -4.08068081e-06, 60 change(s)]
Chamber   MovingParts.CoreAntenna.SpecialCoreAntenna.FrontPiece.StructureDetail.Front.Plates.Part ~(-49.1, 298.7, 33.2).CFrame = -49.0708237, 298.736938, 33.2260475, -0.707074285, -5.20967769e-05, -0.707139254, -1.7424768e-06, 1, -7.19306627e-05, 0.707139254, -4.96284702e-05, -0.707074285   [was -49.0708237, 298.736938, 33.2260475, -0.707074285, -5.21124057e-05, -0.707139254, -1.76522985e-06, 1, -7.19300151e-05, 0.707139254, -4.96119246e-05, -0.707074285, 60 change(s)]
Chamber   MovingParts.CoreAntenna.SpecialCoreAntenna.FrontPiece.StructureDetail.Front.Plates.Plating ~(-47.1, 304.3, 35.2).CFrame = -47.0642319, 304.337189, 35.2323952, 0.70707804, -0.707135737, 9.01832937e-06, -3.38357086e-06, 9.13163149e-06, 1.00000012, -0.707135618, -0.707078159, 3.8955377e-06   [was -47.0642319, 304.337189, 35.2323952, 0.70707804, -0.707135737, 9.00270061e-06, -3.3608178e-06, 9.13228087e-06, 1.00000012, -0.707135618, -0.707078159, 3.91208687e-06, 60 change(s)]
Chamber   MovingParts.CoreAntenna.SpecialCoreAntenna.FrontPiece.StructureDetail.Front.Plates.Plating ~(-44.6, 297.0, 37.7).CFrame = -44.6423492, 296.987152, 37.6540833, 0.70707804, 0.707135558, -8.84974907e-06, -3.38357086e-06, -9.13162967e-06, -1.00000012, -0.707135618, 0.70707798, -4.06413164e-06   [was -44.6423492, 296.987152, 37.6540833, 0.70707804, 0.707135558, -8.83412031e-06, -3.3608178e-06, -9.13227905e-06, -1.00000012, -0.707135618, 0.70707798, -4.08068081e-06, 60 change(s)]
Chamber   MovingParts.CoreAntenna.SpecialCoreAntenna.FrontPiece.StructureDetail.Front.Plates.Plating ~(-45.1, 299.4, 37.2).CFrame = -45.0843048, 299.437164, 37.2121849, 0.70707804, -0.707135737, 9.01832937e-06, -3.38357086e-06, 9.13163149e-06, 1.00000012, -0.707135618, -0.707078159, 3.8955377e-06   [was -45.0843048, 299.437164, 37.2121849, 0.70707804, -0.707135737, 9.00270061e-06, -3.3608178e-06, 9.13228087e-06, 1.00000012, -0.707135618, -0.707078159, 3.91208687e-06, 60 change(s)]
Chamber   MovingParts.CoreAntenna.SpecialCoreAntenna.FrontPiece.StructureDetail.Front.Plates.Part ~(-49.1, 300.7, 33.2).CFrame = -49.070797, 300.661957, 33.2260475, -0.707081676, -5.95099591e-05, -0.707131863, -8.80499065e-05, 1, 3.88640274e-06, 0.707131863, 6.50112561e-05, -0.707081676   [was -49.070797, 300.661957, 33.2260475, -0.707081676, -5.95255879e-05, -0.707131863, -8.80726584e-05, 1, 3.88705212e-06, 0.707131863, 6.50278016e-05, -0.707081676, 60 change(s)]
Chamber   MovingParts.CoreAntenna.SpecialCoreAntenna.FrontPiece.StructureDetail.Front.Plates.Plating ~(-49.0, 301.9, 33.3).CFrame = -49.0443001, 301.887207, 33.2525635, 0.70707804, -0.707135737, 9.01832937e-06, -3.38357086e-06, 9.13163149e-06, 1.00000012, -0.707135618, -0.707078159, 3.8955377e-06   [was -49.0443001, 301.887207, 33.2525635, 0.70707804, -0.707135737, 9.00270061e-06, -3.3608178e-06, 9.13228087e-06, 1.00000012, -0.707135618, -0.707078159, 3.91208687e-06, 60 change(s)]
Chamber   MovingParts.CoreAntenna.SpecialCoreAntenna.FrontPiece.StructureDetail.Front.Plates.Plating ~(-48.5, 298.2, 33.7).CFrame = -48.5493011, 298.212189, 33.7475281, 0.70707804, -0.707135737, 9.01832937e-06, -3.38357086e-06, 9.13163149e-06, 1.00000012, -0.707135618, -0.707078159, 3.8955377e-06   [was -48.5493011, 298.212189, 33.7475281, 0.70707804, -0.707135737, 9.00270061e-06, -3.3608178e-06, 9.13228087e-06, 1.00000012, -0.707135618, -0.707078159, 3.91208687e-06, 60 change(s)]
Chamber   MovingParts.CoreAntenna.SpecialCoreAntenna.FrontPiece.StructureDetail.Front.Plates.Plating ~(-48.1, 305.6, 34.2).CFrame = -48.1072655, 305.562164, 34.1894302, 0.70707804, 0.707135558, -8.84974907e-06, -3.38357086e-06, -9.13162967e-06, -1.00000012, -0.707135618, 0.70707798, -4.06413164e-06   [was -48.1072655, 305.562164, 34.1894302, 0.70707804, 0.707135558, -8.83412031e-06, -3.3608178e-06, -9.13227905e-06, -1.00000012, -0.707135618, 0.70707798, -4.08068081e-06, 60 change(s)]
Chamber   MovingParts.CoreAntenna.SpecialCoreAntenna.FrontPiece.StructureDetail.Front.Plates.Part ~(-43.6, 298.2, 38.7).CFrame = -43.6258087, 298.211853, 38.6706619, -0.707081676, -6.25473112e-05, 0.707131863, -1.7423813e-06, -1, -9.01939275e-05, 0.707131863, -6.50062866e-05, 0.707081676   [was -43.6258087, 298.211853, 38.6706619, -0.707081676, -6.25316825e-05, 0.707131863, -1.76513436e-06, -1, -9.0194575e-05, 0.707131863, -6.50228321e-05, 0.707081676, 60 change(s)]
Chamber   MovingParts.CoreAntenna.SpecialCoreAntenna.FrontPiece.StructureDetail.Front.Plates.Plating ~(-43.7, 309.2, 38.6).CFrame = -43.652298, 309.237183, 38.6440353, 0.70707804, 0.707135558, -8.84974907e-06, -3.38357086e-06, -9.13162967e-06, -1.00000012, -0.707135618, 0.70707798, -4.06413164e-06   [was -43.652298, 309.237183, 38.6440353, 0.70707804, 0.707135558, -8.83412031e-06, -3.3608178e-06, -9.13227905e-06, -1.00000012, -0.707135618, 0.70707798, -4.08068081e-06, 60 change(s)]
Chamber   MovingParts.CoreAntenna.SpecialCoreAntenna.FrontPiece.StructureDetail.Front.Plates.Plating ~(-48.1, 300.7, 34.2).CFrame = -48.1073456, 300.662201, 34.1894455, 0.70707804, 0.707135558, -8.84974907e-06, -3.38357086e-06, -9.13162967e-06, -1.00000012, -0.707135618, 0.70707798, -4.06413164e-06   [was -48.1073456, 300.662201, 34.1894455, 0.70707804, 0.707135558, -8.83412031e-06, -3.3608178e-06, -9.13227905e-06, -1.00000012, -0.707135618, 0.70707798, -4.08068081e-06, 60 change(s)]
Chamber   MovingParts.CoreAntenna.SpecialCoreAntenna.FrontPiece.StructureDetail.Front.Plates.Plating ~(-46.1, 299.4, 36.2).CFrame = -46.0743027, 299.437164, 36.2223358, 0.70707804, -0.707135737, 9.01832937e-06, -3.38357086e-06, 9.13163149e-06, 1.00000012, -0.707135618, -0.707078159, 3.8955377e-06   [was -46.0743027, 299.437164, 36.2223358, 0.70707804, -0.707135737, 9.00270061e-06, -3.3608178e-06, 9.13228087e-06, 1.00000012, -0.707135618, -0.707078159, 3.91208687e-06, 60 change(s)]
Chamber   MovingParts.CoreAntenna.SpecialCoreAntenna.FrontPiece.StructureDetail.Front.Plates.Plating ~(-45.6, 297.0, 36.7).CFrame = -45.6323891, 296.987152, 36.6642303, 0.70707804, 0.707135558, -8.84974907e-06, -3.38357086e-06, -9.13162967e-06, -1.00000012, -0.707135618, 0.70707798, -4.06413164e-06   [was -45.6323891, 296.987152, 36.6642303, 0.70707804, 0.707135558, -8.83412031e-06, -3.3608178e-06, -9.13227905e-06, -1.00000012, -0.707135618, 0.70707798, -4.08068081e-06, 60 change(s)]
Chamber   MovingParts.CoreAntenna.SpecialCoreAntenna.FrontPiece.StructureDetail.Front.Plates.Part ~(-43.6, 297.7, 38.7).CFrame = -43.6258392, 297.686859, 38.6706429, -0.707142711, -1.51619315e-06, 0.707070827, -1.74159322e-06, -1, -3.88610033e-06, 0.707070827, -3.98013617e-06, 0.707142711   [was -43.6258392, 297.686859, 38.6706429, -0.707142711, -1.50056439e-06, 0.707070827, -1.76434582e-06, -1, -3.88675153e-06, 0.707070827, -3.99668534e-06, 0.707142711, 60 change(s)]
Chamber   MovingParts.CoreAntenna.SpecialCoreAntenna.FrontPiece.StructureDetail.Front.Plates.Plating ~(-47.1, 308.0, 35.2).CFrame = -47.1172638, 308.012146, 35.1793442, 0.70707804, 0.707135558, -8.84974907e-06, -3.38357086e-06, -9.13162967e-06, -1.00000012, -0.707135618, 0.70707798, -4.06413164e-06   [was -47.1172638, 308.012146, 35.1793442, 0.70707804, 0.707135558, -8.83412031e-06, -3.3608178e-06, -9.13227905e-06, -1.00000012, -0.707135618, 0.70707798, -4.08068081e-06, 60 change(s)]
Chamber   MovingParts.CoreAntenna.SpecialCoreAntenna.FrontPiece.StructureDetail.Front.Plates.Plating ~(-48.1, 299.4, 34.2).CFrame = -48.0543327, 299.437195, 34.2424965, 0.70707804, -0.707135737, 9.01832937e-06, -3.38357086e-06, 9.13163149e-06, 1.00000012, -0.707135618, -0.707078159, 3.8955377e-06   [was -48.0543327, 299.437195, 34.2424965, 0.70707804, -0.707135737, 9.00270061e-06, -3.3608178e-06, 9.13228087e-06, 1.00000012, -0.707135618, -0.707078159, 3.91208687e-06, 60 change(s)]
Chamber   MovingParts.CoreAntenna.SpecialCoreAntenna.FrontPiece.StructureDetail.Front.Plates.Plating ~(-43.7, 304.3, 38.6).CFrame = -43.652317, 304.337128, 38.6440315, 0.70707804, 0.707135558, -8.84974907e-06, -3.38357086e-06, -9.13162967e-06, -1.00000012, -0.707135618, 0.70707798, -4.06413164e-06   [was -43.652317, 304.337128, 38.6440315, 0.70707804, 0.707135558, -8.83412031e-06, -3.3608178e-06, -9.13227905e-06, -1.00000012, -0.707135618, 0.70707798, -4.08068081e-06, 60 change(s)]
Chamber   MovingParts.CoreAntenna.SpecialCoreAntenna.FrontPiece.StructureDetail.Front.Plates.Part ~(-43.6, 302.6, 38.7).CFrame = -43.6257896, 302.586884, 38.6706581, -0.707142711, -1.51619315e-06, 0.707070827, -1.74159322e-06, -1, -3.88610033e-06, 0.707070827, -3.98013617e-06, 0.707142711   [was -43.6257896, 302.586884, 38.6706581, -0.707142711, -1.50056439e-06, 0.707070827, -1.76434582e-06, -1, -3.88675153e-06, 0.707070827, -3.99668534e-06, 0.707142711, 60 change(s)]
Chamber   MovingParts.CoreAntenna.SpecialCoreAntenna.FrontPiece.StructureDetail.Front.Plates.Plating ~(-45.1, 303.1, 37.2).CFrame = -45.1373367, 303.112152, 37.1591377, 0.70707804, 0.707135558, -8.84974907e-06, -3.38357086e-06, -9.13162967e-06, -1.00000012, -0.707135618, 0.70707798, -4.06413164e-06   [was -45.1373367, 303.112152, 37.1591377, 0.70707804, 0.707135558, -8.83412031e-06, -3.3608178e-06, -9.13227905e-06, -1.00000012, -0.707135618, 0.70707798, -4.08068081e-06, 60 change(s)]
Chamber   MovingParts.CoreAntenna.SpecialCoreAntenna.FrontPiece.StructureDetail.Front.Plates.Plating ~(-44.1, 297.0, 38.2).CFrame = -44.0943336, 296.987152, 38.2021141, 0.70707804, -0.707135737, 9.01832937e-06, -3.38357086e-06, 9.13163149e-06, 1.00000012, -0.707135618, -0.707078159, 3.8955377e-06   [was -44.0943336, 296.987152, 38.2021141, 0.70707804, -0.707135737, 9.00270061e-06, -3.3608178e-06, 9.13228087e-06, 1.00000012, -0.707135618, -0.707078159, 3.91208687e-06, 60 change(s)]
Chamber   MovingParts.CoreAntenna.SpecialCoreAntenna.FrontPiece.StructureDetail.Front.Plates.Plating ~(-44.1, 304.3, 38.2).CFrame = -44.0942535, 304.337128, 38.2021294, 0.70707804, -0.707135737, 9.01832937e-06, -3.38357086e-06, 9.13163149e-06, 1.00000012, -0.707135618, -0.707078159, 3.8955377e-06   [was -44.0942535, 304.337128, 38.2021294, 0.70707804, -0.707135737, 9.00270061e-06, -3.3608178e-06, 9.13228087e-06, 1.00000012, -0.707135618, -0.707078159, 3.91208687e-06, 60 change(s)]
Chamber   MovingParts.CoreAntenna.SpecialCoreAntenna.FrontPiece.StructureDetail.Front.Plates.Plating ~(-45.6, 304.3, 36.7).CFrame = -45.6323318, 304.337158, 36.6641808, 0.70707804, 0.707135558, -8.84974907e-06, -3.38357086e-06, -9.13162967e-06, -1.00000012, -0.707135618, 0.70707798, -4.06413164e-06   [was -45.6323318, 304.337158, 36.6641808, 0.70707804, 0.707135558, -8.83412031e-06, -3.3608178e-06, -9.13227905e-06, -1.00000012, -0.707135618, 0.70707798, -4.08068081e-06, 60 change(s)]
Chamber   MovingParts.CoreAntenna.SpecialCoreAntenna.FrontPiece.StructureDetail.Front.Plates.Plating ~(-47.1, 305.6, 35.2).CFrame = -47.1172829, 305.562164, 35.1793327, 0.70707804, 0.707135558, -8.84974907e-06, -3.38357086e-06, -9.13162967e-06, -1.00000012, -0.707135618, 0.70707798, -4.06413164e-06   [was -47.1172829, 305.562164, 35.1793327, 0.70707804, 0.707135558, -8.83412031e-06, -3.3608178e-06, -9.13227905e-06, -1.00000012, -0.707135618, 0.70707798, -4.08068081e-06, 60 change(s)]
Chamber   MovingParts.CoreAntenna.SpecialCoreAntenna.FrontPiece.StructureDetail.Front.Plates.Plating ~(-44.1, 303.1, 38.1).CFrame = -44.1473122, 303.112152, 38.1490898, 0.70707804, 0.707135558, -8.84974907e-06, -3.38357086e-06, -9.13162967e-06, -1.00000012, -0.707135618, 0.70707798, -4.06413164e-06   [was -44.1473122, 303.112152, 38.1490898, 0.70707804, 0.707135558, -8.83412031e-06, -3.3608178e-06, -9.13227905e-06, -1.00000012, -0.707135618, 0.70707798, -4.08068081e-06, 60 change(s)]
Chamber   MovingParts.CoreAntenna.SpecialCoreAntenna.FrontPiece.StructureDetail.Front.Plates.Plating ~(-44.6, 304.3, 37.7).CFrame = -44.6423225, 304.337158, 37.6541061, 0.70707804, 0.707135558, -8.84974907e-06, -3.38357086e-06, -9.13162967e-06, -1.00000012, -0.707135618, 0.70707798, -4.06413164e-06   [was -44.6423225, 304.337158, 37.6541061, 0.70707804, 0.707135558, -8.83412031e-06, -3.3608178e-06, -9.13227905e-06, -1.00000012, -0.707135618, 0.70707798, -4.08068081e-06, 60 change(s)]
Chamber   MovingParts.CoreAntenna.SpecialCoreAntenna.FrontPiece.StructureDetail.Front.Plates.Plating ~(-43.7, 306.8, 38.6).CFrame = -43.6522865, 306.787109, 38.6440353, 0.70707804, 0.707135558, -8.84974907e-06, -3.38357086e-06, -9.13162967e-06, -1.00000012, -0.707135618, 0.70707798, -4.06413164e-06   [was -43.6522865, 306.787109, 38.6440353, 0.70707804, 0.707135558, -8.83412031e-06, -3.3608178e-06, -9.13227905e-06, -1.00000012, -0.707135618, 0.70707798, -4.08068081e-06, 60 change(s)]
Chamber   MovingParts.CoreAntenna.SpecialCoreAntenna.FrontPiece.StructureDetail.Front.Plates.Plating ~(-47.6, 304.3, 34.7).CFrame = -47.6123047, 304.337189, 34.6843719, 0.70707804, 0.707135558, -8.84974907e-06, -3.38357086e-06, -9.13162967e-06, -1.00000012, -0.707135618, 0.70707798, -4.06413164e-06   [was -47.6123047, 304.337189, 34.6843719, 0.70707804, 0.707135558, -8.83412031e-06, -3.3608178e-06, -9.13227905e-06, -1.00000012, -0.707135618, 0.70707798, -4.08068081e-06, 60 change(s)]
Chamber   MovingParts.CoreAntenna.SpecialCoreAntenna.FrontPiece.StructureDetail.Front.Plates.Part ~(-49.1, 297.7, 33.2).CFrame = -49.070797, 297.686951, 33.2260513, 0.707074285, 5.20967769e-05, -0.707139254, 1.7424768e-06, -1, -7.19306627e-05, -0.707139254, 4.96284702e-05, -0.707074285   [was -49.070797, 297.686951, 33.2260513, 0.707074285, 5.21124057e-05, -0.707139254, 1.76522985e-06, -1, -7.19300151e-05, -0.707139254, 4.96119246e-05, -0.707074285, 60 change(s)]
Chamber   MovingParts.CoreAntenna.SpecialCoreAntenna.FrontPiece.StructureDetail.Front.Plates.Part ~(-43.6, 303.1, 38.7).CFrame = -43.625782, 303.111877, 38.6706543, -0.707081676, -6.25473112e-05, 0.707131863, -1.7423813e-06, -1, -9.01939275e-05, 0.707131863, -6.50062866e-05, 0.707081676   [was -43.625782, 303.111877, 38.6706543, -0.707081676, -6.25316825e-05, 0.707131863, -1.76513436e-06, -1, -9.0194575e-05, 0.707131863, -6.50228321e-05, 0.707081676, 60 change(s)]
Chamber   MovingParts.CoreAntenna.SpecialCoreAntenna.FrontPiece.StructureDetail.Front.Plates.Plating ~(-48.6, 306.8, 33.7).CFrame = -48.6022568, 306.78717, 33.6944656, 0.70707804, 0.707135558, -8.84974907e-06, -3.38357086e-06, -9.13162967e-06, -1.00000012, -0.707135618, 0.70707798, -4.06413164e-06   [was -48.6022568, 306.78717, 33.6944656, 0.70707804, 0.707135558, -8.83412031e-06, -3.3608178e-06, -9.13227905e-06, -1.00000012, -0.707135618, 0.70707798, -4.08068081e-06, 60 change(s)]
Chamber   MovingParts.CoreAntenna.SpecialCoreAntenna.FrontPiece.StructureDetail.Front.Plates.Plating ~(-44.6, 301.9, 37.7).CFrame = -44.6423035, 301.887115, 37.6540985, 0.70707804, 0.707135558, -8.84974907e-06, -3.38357086e-06, -9.13162967e-06, -1.00000012, -0.707135618, 0.70707798, -4.06413164e-06   [was -44.6423035, 301.887115, 37.6540985, 0.70707804, 0.707135558, -8.83412031e-06, -3.3608178e-06, -9.13227905e-06, -1.00000012, -0.707135618, 0.70707798, -4.08068081e-06, 60 change(s)]
Chamber   MovingParts.CoreAntenna.SpecialCoreAntenna.FrontPiece.StructureDetail.Front.Plates.Plating ~(-45.6, 301.9, 36.7).CFrame = -45.6323624, 301.887177, 36.6642227, 0.70707804, 0.707135558, -8.84974907e-06, -3.38357086e-06, -9.13162967e-06, -1.00000012, -0.707135618, 0.70707798, -4.06413164e-06   [was -45.6323624, 301.887177, 36.6642227, 0.70707804, 0.707135558, -8.83412031e-06, -3.3608178e-06, -9.13227905e-06, -1.00000012, -0.707135618, 0.70707798, -4.08068081e-06, 60 change(s)]
Chamber   MovingParts.CoreAntenna.SpecialCoreAntenna.FrontPiece.StructureDetail.Front.Plates.Plating ~(-49.0, 297.0, 33.3).CFrame = -49.044323, 296.987183, 33.2525673, 0.70707804, -0.707135737, 9.01832937e-06, -3.38357086e-06, 9.13163149e-06, 1.00000012, -0.707135618, -0.707078159, 3.8955377e-06   [was -49.044323, 296.987183, 33.2525673, 0.70707804, -0.707135737, 9.00270061e-06, -3.3608178e-06, 9.13228087e-06, 1.00000012, -0.707135618, -0.707078159, 3.91208687e-06, 60 change(s)]
Chamber   MovingParts.CoreAntenna.SpecialCoreAntenna.FrontPiece.StructureDetail.Front.Plates.Part ~(-49.1, 298.2, 33.2).CFrame = -49.0707893, 298.211975, 33.2260513, -0.707081676, -5.95099591e-05, -0.707131863, -8.80499065e-05, 1, 3.88640274e-06, 0.707131863, 6.50112561e-05, -0.707081676   [was -49.0707893, 298.211975, 33.2260513, -0.707081676, -5.95255879e-05, -0.707131863, -8.80726584e-05, 1, 3.88705212e-06, 0.707131863, 6.50278016e-05, -0.707081676, 60 change(s)]
Chamber   MovingParts.CoreAntenna.SpecialCoreAntenna.FrontPiece.StructureDetail.Front.Plates.Plating ~(-45.6, 300.7, 36.7).CFrame = -45.5792961, 300.66217, 36.7172279, 0.70707804, -0.707135737, 9.01832937e-06, -3.38357086e-06, 9.13163149e-06, 1.00000012, -0.707135618, -0.707078159, 3.8955377e-06   [was -45.5792961, 300.66217, 36.7172279, 0.70707804, -0.707135737, 9.00270061e-06, -3.3608178e-06, 9.13228087e-06, 1.00000012, -0.707135618, -0.707078159, 3.91208687e-06, 60 change(s)]
Chamber   MovingParts.CoreAntenna.SpecialCoreAntenna.FrontPiece.StructureDetail.Front.Plates.Plating ~(-48.1, 306.8, 34.2).CFrame = -48.0541878, 306.78717, 34.2424927, 0.70707804, -0.707135737, 9.01832937e-06, -3.38357086e-06, 9.13163149e-06, 1.00000012, -0.707135618, -0.707078159, 3.8955377e-06   [was -48.0541878, 306.78717, 34.2424927, 0.70707804, -0.707135737, 9.00270061e-06, -3.3608178e-06, 9.13228087e-06, 1.00000012, -0.707135618, -0.707078159, 3.91208687e-06, 60 change(s)]
Chamber   MovingParts.CoreAntenna.SpecialCoreAntenna.FrontPiece.StructureDetail.Vent ~(-47.1, 302.9, 36.7).CFrame = -47.0553436, 302.921478, 36.6554985, 8.93404012e-06, 0.70707798, -0.707135558, 1.00000024, -3.50277901e-06, 9.13163058e-06, 3.97983513e-06, -0.707135677, -0.707078099   [was -47.0553436, 302.921478, 36.6554985, 8.91841137e-06, 0.70707798, -0.707135558, 1.00000024, -3.48002595e-06, 9.13227996e-06, 3.99638429e-06, -0.707135677, -0.707078099, 60 change(s)]
Chamber   MovingParts.CoreAntenna.SpecialCoreAntenna.FrontPiece.StructureDetail.CautionPart ~(-47.7, 302.8, 37.3).CFrame = -47.6740456, 302.821533, 37.27425, 8.93403831e-06, -0.707135558, -0.70707798, 1, 9.13162967e-06, 3.50277969e-06, 3.97983422e-06, -0.70707798, 0.707135558   [was -47.6740456, 302.821533, 37.27425, 8.91840955e-06, -0.707135558, -0.70707798, 1, 9.13227905e-06, 3.48002663e-06, 3.99638338e-06, -0.70707798, 0.707135558, 60 change(s)]
Chamber   MovingParts.CoreAntenna.SpecialCoreAntenna.FrontPiece.StructureDetail.TextPart ~(-47.1, 295.9, 36.7).CFrame = -47.0554276, 295.946503, 36.6554451, 0.707131863, 0.707081676, -5.20918111e-05, -1.43768202e-05, 8.80499065e-05, 1, 0.707081676, -0.707131863, 7.24287966e-05   [was -47.0554276, 295.946503, 36.6554451, 0.707131863, 0.707081676, -5.21074398e-05, -1.43774696e-05, 8.80726584e-05, 1, 0.707081676, -0.707131863, 7.24453421e-05, 60 change(s)]
Chamber   MovingParts.CoreAntenna.SpecialCoreAntenna.FrontPiece.StructureDetail.MainFrame ~(-48.3, 303.1, 37.9).CFrame = -48.2839088, 303.109009, 37.9018173, -8.93403831e-06, 0.707135558, -0.70707798, -1, -9.13162967e-06, 3.50277969e-06, -3.97983422e-06, 0.70707798, 0.707135558   [was -48.2839088, 303.109009, 37.9018173, -8.91840955e-06, 0.707135558, -0.70707798, -1, -9.13227905e-06, 3.48002663e-06, -3.99638338e-06, 0.70707798, 0.707135558, 60 change(s)]
